# Blender 5.1.1
# www.blender.org
mtllib crower.mtl
o CROW
v -0.053238 0.069311 -0.494229
v -0.045056 0.056736 -0.486128
v -0.045318 0.053603 -0.478977
v -0.056723 0.066365 -0.478188
v -0.045927 0.053581 -0.466470
v -0.058449 0.064501 -0.456372
v -0.057052 0.065965 -0.443075
v -0.047594 0.055342 -0.456118
v -0.050210 0.051660 -0.445003
v -0.053237 0.070805 -0.431345
v -0.044383 0.050737 -0.481770
v -0.050932 0.072373 -0.502731
v -0.045676 0.065475 -0.500769
v -0.045947 0.073965 -0.509139
v -0.043350 0.077396 -0.510226
v -0.044416 0.077618 -0.503319
v -0.039191 0.084246 -0.506035
v -0.042764 0.081302 -0.517696
v -0.031914 0.081516 -0.522260
v -0.040128 0.077059 -0.530812
v -0.028100 0.083244 -0.518896
v -0.031540 0.085012 -0.507352
v -0.023202 0.085375 -0.514776
v -0.025660 0.087899 -0.501882
v -0.017426 0.087882 -0.509869
v -0.017607 0.079064 -0.522677
v -0.049363 0.059873 -0.432524
v -0.051679 0.072564 -0.426181
v -0.047006 0.069277 -0.424096
v -0.047468 0.077121 -0.421359
v -0.043832 0.078182 -0.416357
v -0.043823 0.080907 -0.417292
v -0.038781 0.081968 -0.405746
v -0.037215 0.085470 -0.414342
v -0.025804 0.079942 -0.400302
v -0.029763 0.087949 -0.422232
v -0.016897 0.086290 -0.415078
v -0.015447 0.084121 -0.431605
v -0.023383 0.089552 -0.431610
v -0.013354 0.076739 -0.444644
v -0.018531 0.090660 -0.445465
v -0.011593 0.068619 -0.454790
v -0.011195 0.070020 -0.457734
v -0.016411 0.091516 -0.464884
v -0.012862 0.078895 -0.466865
v -0.014872 0.087798 -0.480193
v -0.020218 0.092168 -0.489203
v -0.017127 0.091645 -0.493965
v -0.046042 0.094084 -0.507742
v -0.040249 0.101287 -0.502870
v -0.037475 0.109824 -0.492990
v -0.036617 0.116056 -0.478386
v -0.037074 0.118575 -0.462676
v -0.037530 0.117057 -0.447949
v -0.037984 0.111219 -0.434318
v -0.040184 0.103727 -0.424249
v -0.045688 0.097946 -0.419766
v -0.052611 0.092670 -0.422123
v -0.057831 0.090605 -0.429002
v -0.061690 0.089234 -0.437225
v -0.064126 0.088082 -0.441923
v -0.065375 0.086921 -0.443408
v -0.067659 0.084695 -0.446621
v -0.069198 0.083349 -0.449741
v -0.070812 0.081438 -0.460229
v -0.062303 0.088786 -0.488465
v -0.064614 0.087998 -0.483291
v -0.058750 0.088766 -0.497408
v -0.053145 0.089963 -0.505990
v -0.066211 0.085836 -0.480438
v -0.068025 0.084000 -0.476859
v -0.069670 0.081922 -0.471205
v -0.031137 0.029041 -0.494388
v -0.024726 0.030646 -0.495283
v -0.036345 0.030234 -0.482897
v -0.021270 0.032497 -0.492099
v -0.019990 0.033721 -0.489987
v -0.017410 0.035187 -0.481642
v -0.035334 0.029264 -0.465056
v -0.016530 0.034505 -0.471547
v -0.018232 0.032833 -0.455134
v -0.034875 0.028532 -0.443387
v -0.019325 0.031724 -0.445591
v -0.034988 0.027998 -0.434771
v -0.021356 0.028077 -0.428728
v -0.028913 0.027299 -0.420917
v -0.018090 0.028825 -0.434229
v -0.033070 0.026349 -0.427897
v -0.037987 0.032797 -0.488413
v -0.035228 0.027983 -0.495231
v -0.016492 0.034964 -0.506750
v -0.034040 0.025424 -0.510823
v -0.038122 0.068703 -0.540125
v -0.018095 0.069563 -0.531853
v -0.035841 0.059604 -0.546944
v -0.033234 0.027464 -0.524845
v -0.017981 0.059733 -0.535572
v -0.033682 0.049868 -0.549120
v -0.032922 0.032906 -0.536335
v -0.016893 0.041061 -0.521632
v -0.032908 0.040553 -0.544923
v -0.017627 0.049538 -0.531672
v -0.042477 0.033696 -0.440220
v -0.042160 0.040629 -0.483017
v -0.047492 0.042724 -0.446464
v -0.013144 0.040815 -0.469663
v -0.013488 0.037779 -0.451057
v -0.017860 0.029775 -0.416186
v -0.011166 0.048518 -0.462585
v -0.027097 0.032334 -0.405176
v -0.018640 0.034653 -0.402352
v -0.018478 0.041868 -0.391841
v -0.033899 0.077990 -0.397739
v -0.017585 0.081161 -0.402021
v -0.030049 0.070044 -0.392580
v -0.018173 0.071903 -0.392807
v -0.018483 0.062322 -0.386742
v -0.010526 0.062758 -0.457148
v -0.049382 0.077562 -0.517587
v -0.049580 0.074320 -0.503055
v -0.049108 0.066875 -0.493027
v -0.048913 0.058456 -0.486147
v -0.047812 0.048355 -0.482323
v -0.045970 0.039178 -0.484646
v -0.044300 0.032206 -0.491199
v -0.042857 0.026778 -0.501397
v -0.041639 0.024593 -0.514404
v -0.041080 0.026305 -0.527354
v -0.041136 0.031035 -0.537679
v -0.041703 0.038136 -0.545174
v -0.042899 0.047203 -0.548497
v -0.044258 0.056651 -0.546656
v -0.045787 0.065245 -0.541350
v -0.047616 0.073005 -0.533034
v -0.044482 0.078788 -0.395913
v -0.048386 0.075788 -0.407651
v -0.050649 0.068576 -0.417421
v -0.052412 0.060130 -0.424254
v -0.052545 0.049676 -0.429842
v -0.050242 0.040297 -0.431022
v -0.046682 0.033003 -0.428221
v -0.042896 0.027961 -0.422345
v -0.038653 0.025657 -0.413032
v -0.034928 0.027079 -0.402742
v -0.032302 0.031511 -0.393255
v -0.031178 0.038120 -0.384762
v -0.031737 0.047762 -0.378473
v -0.018579 0.051821 -0.385492
v -0.033088 0.058154 -0.378244
v -0.035403 0.066641 -0.380915
v -0.039042 0.074546 -0.385899
v -0.008184 0.084067 -0.415827
v -0.007832 0.081740 -0.431411
v -0.007358 0.074870 -0.443504
v -0.006406 0.067064 -0.452299
v -0.005829 0.057004 -0.458116
v -0.006860 0.045935 -0.457025
v -0.008191 0.038364 -0.450963
v -0.008979 0.032356 -0.441224
v -0.009785 0.029354 -0.427907
v -0.010178 0.030288 -0.414028
v -0.010252 0.034489 -0.402185
v -0.010150 0.041456 -0.392786
v -0.009819 0.050907 -0.387620
v -0.009537 0.061003 -0.388182
v -0.009158 0.070255 -0.392749
v -0.008864 0.078785 -0.400688
v -0.006645 0.088941 -0.496735
v -0.006031 0.085518 -0.481502
v -0.005407 0.077780 -0.470554
v -0.004509 0.068855 -0.462707
v -0.004398 0.057675 -0.458874
v -0.005311 0.047804 -0.462741
v -0.006463 0.040434 -0.471573
v -0.007451 0.035509 -0.483075
v -0.008320 0.033656 -0.496756
v -0.008611 0.035302 -0.510378
v -0.008708 0.040381 -0.522353
v -0.008613 0.047957 -0.530683
v -0.008272 0.057889 -0.533968
v -0.008051 0.068079 -0.530821
v -0.007737 0.077009 -0.523645
v -0.007309 0.084973 -0.512981
v -0.143196 -0.013675 -0.552659
v -0.145738 -0.012603 -0.540829
v -0.140228 0.004146 -0.539968
v -0.138863 0.001151 -0.550166
v -0.143751 -0.013782 -0.529117
v -0.139485 0.001236 -0.530323
v -0.140657 -0.016408 -0.524957
v -0.136732 -0.002727 -0.524577
v -0.138304 -0.018422 -0.524044
v -0.134491 -0.006450 -0.523326
v -0.136435 -0.020244 -0.523809
v -0.132124 -0.009504 -0.522399
v -0.134490 -0.022141 -0.523698
v -0.130338 -0.013099 -0.522524
v -0.132252 -0.024519 -0.524347
v -0.128314 -0.017937 -0.524416
v -0.129301 -0.027586 -0.528562
v -0.124558 -0.021652 -0.529219
v -0.127665 -0.029673 -0.539924
v -0.122920 -0.022869 -0.539161
v -0.128796 -0.027137 -0.550903
v -0.124014 -0.020704 -0.550007
v -0.131522 -0.024257 -0.555470
v -0.127680 -0.017212 -0.554522
v -0.133705 -0.021593 -0.556682
v -0.129367 -0.012381 -0.556645
v -0.135612 -0.019542 -0.556962
v -0.131638 -0.009318 -0.556330
v -0.137549 -0.017749 -0.556953
v -0.133674 -0.005892 -0.556187
v -0.139861 -0.015981 -0.556312
v -0.136047 -0.002300 -0.554981
v -0.148200 -0.036879 -0.551965
v -0.150097 -0.036967 -0.541941
v -0.148285 -0.036999 -0.530855
v -0.145019 -0.037419 -0.526469
v -0.143073 -0.037905 -0.525674
v -0.141379 -0.038208 -0.525410
v -0.140031 -0.038769 -0.525316
v -0.137870 -0.039504 -0.525835
v -0.135164 -0.040270 -0.528759
v -0.132582 -0.040979 -0.540606
v -0.134421 -0.039836 -0.551735
v -0.136781 -0.039309 -0.555367
v -0.138956 -0.038046 -0.556727
v -0.140823 -0.037383 -0.557075
v -0.142600 -0.037063 -0.557062
v -0.144849 -0.036745 -0.556297
v -0.140225 -0.060489 -0.555524
v -0.143982 -0.063636 -0.542537
v -0.140692 -0.061164 -0.528171
v -0.137900 -0.059098 -0.526502
v -0.136170 -0.057445 -0.526796
v -0.133329 -0.056006 -0.529458
v -0.130856 -0.053736 -0.540732
v -0.132936 -0.055617 -0.552323
v -0.135215 -0.056580 -0.555336
v -0.137374 -0.058038 -0.556609
v -0.119601 -0.072550 -0.540690
v -0.139283 0.010855 -0.537585
v -0.138798 0.008603 -0.524558
v -0.136221 0.003776 -0.515279
v -0.133200 -0.002302 -0.512909
v -0.131431 -0.007377 -0.514069
v -0.128525 -0.011419 -0.512485
v -0.124172 -0.017479 -0.514402
v -0.121618 -0.021592 -0.524703
v -0.120390 -0.022378 -0.538146
v -0.121072 -0.021040 -0.551762
v -0.122981 -0.016907 -0.562235
v -0.127438 -0.010963 -0.565529
v -0.129978 -0.006210 -0.565768
v -0.132129 -0.001255 -0.566035
v -0.135399 0.004668 -0.562746
v -0.138421 0.009357 -0.552014
v -0.133175 0.019099 -0.523400
v -0.133199 0.020776 -0.538157
v -0.130743 0.014700 -0.512195
v -0.127481 0.008462 -0.508282
v -0.124500 0.002434 -0.508460
v -0.120783 -0.003925 -0.507677
v -0.116543 -0.010394 -0.511558
v -0.114097 -0.013742 -0.524097
v -0.113665 -0.014294 -0.537217
v -0.113634 -0.013226 -0.549481
v -0.115662 -0.010248 -0.562377
v -0.119449 -0.003955 -0.567906
v -0.123405 0.002895 -0.568507
v -0.126774 0.009342 -0.568142
v -0.130171 0.015322 -0.563352
v -0.132590 0.019333 -0.552565
v -0.125975 0.024586 -0.527439
v -0.126117 0.025433 -0.537165
v -0.124287 0.020769 -0.516549
v -0.121996 0.014863 -0.511078
v -0.119611 0.009118 -0.509742
v -0.116371 0.003424 -0.510600
v -0.112872 -0.001518 -0.516878
v -0.111476 -0.004513 -0.528435
v -0.111083 -0.004405 -0.537086
v -0.111497 -0.004774 -0.545416
v -0.112071 -0.001347 -0.556373
v -0.115039 0.003638 -0.563462
v -0.118181 0.009343 -0.565172
v -0.120941 0.015373 -0.563826
v -0.123568 0.021145 -0.558115
v -0.125621 0.024726 -0.547376
v -0.099947 0.053483 -0.532660
v -0.099870 0.051681 -0.520120
v -0.098643 0.046372 -0.510294
v -0.097170 0.039917 -0.505102
v -0.096181 0.033275 -0.503419
v -0.094705 0.026311 -0.504120
v -0.093139 0.019487 -0.508896
v -0.091721 0.014376 -0.518373
v -0.090654 0.012742 -0.529511
v -0.090684 0.013946 -0.540464
v -0.091433 0.018558 -0.550643
v -0.092532 0.025511 -0.556574
v -0.093781 0.032232 -0.558276
v -0.094693 0.038844 -0.557510
v -0.096458 0.045270 -0.553779
v -0.098505 0.050973 -0.545542
v -0.094738 0.059531 -0.531360
v -0.094522 0.057169 -0.516257
v -0.093396 0.051031 -0.505981
v -0.092288 0.043519 -0.499999
v -0.091050 0.035613 -0.497332
v -0.089997 0.027528 -0.498940
v -0.088626 0.020532 -0.504982
v -0.087222 0.015700 -0.514906
v -0.086218 0.013726 -0.527462
v -0.085784 0.015116 -0.540338
v -0.085829 0.019275 -0.550848
v -0.086696 0.026065 -0.558507
v -0.087758 0.033893 -0.561283
v -0.089154 0.041840 -0.559847
v -0.090826 0.049986 -0.554641
v -0.092722 0.056812 -0.545193
v -0.086681 0.063227 -0.529468
v -0.086737 0.060408 -0.513467
v -0.086340 0.053605 -0.502980
v -0.085097 0.046027 -0.497115
v -0.083781 0.038243 -0.494763
v -0.082759 0.030397 -0.496101
v -0.081682 0.023096 -0.502054
v -0.080768 0.018166 -0.512316
v -0.079948 0.016260 -0.525472
v -0.079331 0.017502 -0.538705
v -0.079135 0.021202 -0.548679
v -0.079402 0.027714 -0.556135
v -0.080233 0.036131 -0.559357
v -0.081729 0.044607 -0.558096
v -0.083399 0.052707 -0.552916
v -0.085272 0.059452 -0.544021
v -0.079912 0.062203 -0.525138
v -0.080350 0.059653 -0.512507
v -0.079602 0.054134 -0.503811
v -0.078844 0.046883 -0.498741
v -0.077842 0.039223 -0.496978
v -0.076875 0.031468 -0.498315
v -0.076044 0.024376 -0.503575
v -0.075343 0.019279 -0.513003
v -0.074735 0.017435 -0.523931
v -0.074141 0.018671 -0.535046
v -0.073638 0.023371 -0.545327
v -0.073884 0.030510 -0.551859
v -0.074805 0.037885 -0.554210
v -0.075787 0.045530 -0.553255
v -0.077144 0.052748 -0.549068
v -0.078619 0.059147 -0.540404
v -0.108710 -0.015949 -0.260032
v -0.109128 0.002934 -0.273147
v -0.113783 -0.014524 -0.265880
v -0.105355 -0.000580 -0.267065
v -0.115178 -0.015354 -0.278470
v -0.111043 0.000007 -0.282525
v -0.110168 -0.004008 -0.291886
v -0.113673 -0.017986 -0.286726
v -0.108493 -0.007840 -0.296780
v -0.111871 -0.020039 -0.291247
v -0.106625 -0.010922 -0.301546
v -0.110260 -0.021918 -0.294544
v -0.104954 -0.014666 -0.304642
v -0.108561 -0.023876 -0.297828
v -0.106463 -0.026378 -0.300840
v -0.102627 -0.019724 -0.306526
v -0.102993 -0.029692 -0.301800
v -0.098405 -0.023479 -0.308058
v -0.098874 -0.032213 -0.295067
v -0.094657 -0.024957 -0.302449
v -0.092750 -0.023133 -0.292025
v -0.096908 -0.029928 -0.284359
v -0.097946 -0.027041 -0.276308
v -0.094448 -0.019734 -0.282776
v -0.099490 -0.024274 -0.271723
v -0.095344 -0.014769 -0.277748
v -0.101105 -0.022149 -0.268329
v -0.097417 -0.011607 -0.274180
v -0.102838 -0.020284 -0.265155
v -0.099299 -0.008042 -0.270717
v -0.105022 -0.018435 -0.262044
v -0.101716 -0.004282 -0.267674
v -0.113227 -0.040473 -0.255858
v -0.117340 -0.040340 -0.261256
v -0.118739 -0.039881 -0.272920
v -0.117155 -0.040015 -0.281279
v -0.115690 -0.040431 -0.284880
v -0.114274 -0.040680 -0.287689
v -0.113098 -0.041241 -0.289900
v -0.111137 -0.041964 -0.292684
v -0.108187 -0.042763 -0.294203
v -0.103078 -0.043826 -0.288375
v -0.101691 -0.043030 -0.276499
v -0.102722 -0.042722 -0.270011
v -0.104212 -0.041485 -0.265554
v -0.105737 -0.040861 -0.262413
v -0.107289 -0.040579 -0.259735
v -0.109394 -0.040297 -0.257065
v -0.111562 -0.068239 -0.273995
v -0.105328 -0.065147 -0.268193
v -0.112647 -0.064879 -0.289783
v -0.110761 -0.062415 -0.294918
v -0.109229 -0.060568 -0.296918
v -0.106199 -0.058944 -0.298507
v -0.101400 -0.056780 -0.292507
v -0.100102 -0.059284 -0.280614
v -0.101211 -0.060600 -0.274896
v -0.102676 -0.062370 -0.270936
v -0.091180 -0.076015 -0.312502
v -0.108938 0.010022 -0.275820
v -0.112094 0.007927 -0.287980
v -0.112363 0.003040 -0.300339
v -0.110289 -0.003310 -0.307577
v -0.108301 -0.008632 -0.310036
v -0.106132 -0.012693 -0.316320
v -0.101917 -0.018870 -0.321487
v -0.097089 -0.023214 -0.316826
v -0.092562 -0.024355 -0.307367
v -0.089473 -0.023426 -0.294866
v -0.088216 -0.019563 -0.282762
v -0.090954 -0.013580 -0.272758
v -0.093165 -0.008639 -0.268022
v -0.095097 -0.003458 -0.263798
v -0.098835 0.002871 -0.260902
v -0.104289 0.008083 -0.264941
v -0.107296 0.018964 -0.296466
v -0.103377 0.020320 -0.283869
v -0.108294 0.014692 -0.309999
v -0.106563 0.008271 -0.318944
v -0.103832 0.002003 -0.324070
v -0.100752 -0.004547 -0.331166
v -0.096155 -0.011340 -0.334811
v -0.090824 -0.015158 -0.328020
v -0.086931 -0.016094 -0.317472
v -0.083520 -0.015312 -0.306883
v -0.081717 -0.012538 -0.292605
v -0.083489 -0.006067 -0.281581
v -0.086854 0.001107 -0.274295
v -0.089961 0.007893 -0.268777
v -0.094190 0.014236 -0.267296
v -0.099099 0.018573 -0.272641
v -0.099761 0.024335 -0.303548
v -0.097327 0.024965 -0.295078
v -0.101207 0.020811 -0.315500
v -0.100738 0.014852 -0.324349
v -0.098935 0.008895 -0.329960
v -0.095817 0.002996 -0.334734
v -0.091231 -0.002149 -0.334886
v -0.087116 -0.005405 -0.327513
v -0.084518 -0.005567 -0.320680
v -0.082555 -0.006099 -0.313094
v -0.080142 -0.003002 -0.302570
v -0.080785 0.001937 -0.291507
v -0.083163 0.007823 -0.284497
v -0.086020 0.014211 -0.280845
v -0.089822 0.020318 -0.281448
v -0.094286 0.024063 -0.287245
v -0.077134 0.054156 -0.330193
v -0.080281 0.052649 -0.340861
v -0.081970 0.047448 -0.351286
v -0.082243 0.040816 -0.358435
v -0.081935 0.033877 -0.361891
v -0.080519 0.026629 -0.363977
v -0.077911 0.019563 -0.362549
v -0.074299 0.014378 -0.356807
v -0.070590 0.012679 -0.349290
v -0.067843 0.013559 -0.339994
v -0.065754 0.017897 -0.329901
v -0.065001 0.024944 -0.322438
v -0.065512 0.031987 -0.318511
v -0.066467 0.038904 -0.317296
v -0.068900 0.045688 -0.317715
v -0.072674 0.051633 -0.321761
v -0.072538 0.060471 -0.339806
v -0.076362 0.058257 -0.352576
v -0.078330 0.052159 -0.363203
v -0.079167 0.044479 -0.370475
v -0.078968 0.036235 -0.375105
v -0.077712 0.027745 -0.375692
v -0.074973 0.020505 -0.372775
v -0.071228 0.015591 -0.366574
v -0.067174 0.013500 -0.357646
v -0.063441 0.014637 -0.347489
v -0.060615 0.018568 -0.338227
v -0.059126 0.025380 -0.329809
v -0.059107 0.033587 -0.325192
v -0.060559 0.042036 -0.323962
v -0.063328 0.050647 -0.325849
v -0.067384 0.057655 -0.331152
v -0.066044 0.063917 -0.353652
v -0.070230 0.061303 -0.366705
v -0.072819 0.054611 -0.376581
v -0.073510 0.046884 -0.383905
v -0.073151 0.038830 -0.388343
v -0.071986 0.030635 -0.389137
v -0.069517 0.023035 -0.385879
v -0.066049 0.018010 -0.378668
v -0.061977 0.016022 -0.368997
v -0.058029 0.016984 -0.358814
v -0.055143 0.020477 -0.350286
v -0.053226 0.026984 -0.342926
v -0.052874 0.035806 -0.338250
v -0.054379 0.044819 -0.336774
v -0.057184 0.053330 -0.338676
v -0.061154 0.060227 -0.343602
v -0.061325 0.062621 -0.366966
v -0.064903 0.060304 -0.377097
v -0.066549 0.054942 -0.386161
v -0.067335 0.047554 -0.392221
v -0.066961 0.039616 -0.395837
v -0.065744 0.031587 -0.396664
v -0.063621 0.024323 -0.393820
v -0.060603 0.019188 -0.387209
v -0.057325 0.017246 -0.379049
v -0.054022 0.018258 -0.370441
v -0.050982 0.022647 -0.361914
v -0.049375 0.029798 -0.355081
v -0.049506 0.037460 -0.350829
v -0.050551 0.045548 -0.349730
v -0.052883 0.053134 -0.351138
v -0.056493 0.059625 -0.356304
v 0.134773 -0.026000 -0.422460
v 0.137423 -0.023762 -0.433901
v 0.130550 -0.005731 -0.430918
v 0.129175 -0.009909 -0.421371
v 0.135476 -0.024002 -0.446180
v 0.129966 -0.008048 -0.441605
v 0.132309 -0.026522 -0.451223
v 0.127168 -0.011876 -0.448627
v 0.129816 -0.028666 -0.452745
v 0.124822 -0.015873 -0.450904
v 0.127778 -0.030668 -0.453509
v 0.122295 -0.019192 -0.452687
v 0.125675 -0.032755 -0.454154
v 0.120392 -0.023173 -0.453490
v 0.123345 -0.035428 -0.454117
v 0.118339 -0.028554 -0.452661
v 0.120436 -0.039115 -0.450692
v 0.114682 -0.032873 -0.448782
v 0.118844 -0.042364 -0.439994
v 0.113056 -0.035076 -0.439279
v 0.119787 -0.040679 -0.428227
v 0.113994 -0.033832 -0.427808
v 0.122490 -0.037900 -0.422668
v 0.117539 -0.030441 -0.422070
v 0.124742 -0.035073 -0.420649
v 0.119201 -0.025400 -0.418506
v 0.126793 -0.032835 -0.419777
v 0.121603 -0.021985 -0.417956
v 0.128903 -0.030846 -0.419282
v 0.123787 -0.018177 -0.417177
v 0.131375 -0.028836 -0.419454
v 0.126286 -0.014115 -0.417454
v 0.141067 -0.050734 -0.428693
v 0.143095 -0.049971 -0.438643
v 0.141296 -0.048971 -0.449956
v 0.137897 -0.048996 -0.454628
v 0.135809 -0.049454 -0.455628
v 0.133950 -0.049769 -0.456028
v 0.132458 -0.050392 -0.456310
v 0.130184 -0.051240 -0.456017
v 0.127416 -0.052312 -0.453364
v 0.124725 -0.054126 -0.441857
v 0.126515 -0.053887 -0.430199
v 0.128970 -0.053658 -0.426271
v 0.131245 -0.052393 -0.424493
v 0.133255 -0.051699 -0.423919
v 0.135194 -0.051339 -0.423807
v 0.137589 -0.050929 -0.424454
v 0.132787 -0.076181 -0.431400
v 0.136619 -0.078487 -0.444976
v 0.133377 -0.074497 -0.458827
v 0.130417 -0.072046 -0.460119
v 0.128564 -0.070274 -0.459426
v 0.125588 -0.068903 -0.456403
v 0.123030 -0.067422 -0.444729
v 0.125079 -0.070455 -0.433636
v 0.127487 -0.071820 -0.430672
v 0.129773 -0.073566 -0.429673
v 0.110597 -0.087203 -0.449760
v 0.129251 0.001753 -0.431741
v 0.128944 0.000567 -0.446292
v 0.126386 -0.003886 -0.457431
v 0.123294 -0.010365 -0.461463
v 0.121403 -0.016078 -0.461572
v 0.118314 -0.020435 -0.464314
v 0.113937 -0.027112 -0.463790
v 0.111371 -0.032376 -0.454140
v 0.110061 -0.034512 -0.440373
v 0.110588 -0.034413 -0.425752
v 0.112318 -0.030931 -0.413557
v 0.116719 -0.024772 -0.408296
v 0.119397 -0.019543 -0.406728
v 0.121685 -0.014087 -0.405167
v 0.125056 -0.007337 -0.406996
v 0.128235 -0.001294 -0.416870
v 0.122140 0.011856 -0.445112
v 0.121946 0.012175 -0.429073
v 0.119826 0.008096 -0.458191
v 0.116568 0.001566 -0.463980
v 0.113465 -0.005155 -0.465329
v 0.109607 -0.012137 -0.467880
v 0.105354 -0.019537 -0.465626
v 0.102873 -0.024337 -0.453498
v 0.102342 -0.026222 -0.439731
v 0.102128 -0.026283 -0.426310
v 0.103997 -0.024100 -0.411791
v 0.107778 -0.017617 -0.404276
v 0.111877 -0.010065 -0.401866
v 0.115344 -0.002921 -0.400572
v 0.118793 0.003982 -0.404060
v 0.121285 0.009234 -0.414315
v 0.113689 0.016910 -0.439982
v 0.113762 0.016843 -0.429261
v 0.112080 0.013849 -0.452310
v 0.109837 0.007954 -0.459586
v 0.107291 0.001748 -0.462485
v 0.104014 -0.004533 -0.462927
v 0.100578 -0.010404 -0.457569
v 0.099223 -0.014533 -0.446425
v 0.098812 -0.015319 -0.437523
v 0.099118 -0.016441 -0.428463
v 0.099603 -0.013938 -0.416172
v 0.102608 -0.009162 -0.407380
v 0.105951 -0.002995 -0.404091
v 0.108704 0.003698 -0.404072
v 0.111272 0.010371 -0.408708
v 0.113284 0.015098 -0.418964
v 0.070781 0.061946 -0.424343
v 0.070115 0.061151 -0.437936
v 0.068735 0.056159 -0.449163
v 0.067484 0.049425 -0.455676
v 0.066787 0.042167 -0.458667
v 0.065872 0.034527 -0.458919
v 0.064955 0.026755 -0.454876
v 0.064312 0.020562 -0.445766
v 0.063812 0.017975 -0.434568
v 0.064469 0.018220 -0.422797
v 0.065569 0.022411 -0.411242
v 0.066555 0.029592 -0.403662
v 0.067563 0.037014 -0.400726
v 0.067881 0.044247 -0.400421
v 0.069021 0.051574 -0.403594
v 0.070157 0.058310 -0.411550
v 0.063816 0.068032 -0.422973
v 0.062925 0.066703 -0.439118
v 0.061777 0.060793 -0.451083
v 0.060993 0.052973 -0.458865
v 0.060269 0.044434 -0.463034
v 0.059963 0.035472 -0.462625
v 0.059478 0.027449 -0.457191
v 0.059031 0.021487 -0.447388
v 0.058941 0.018330 -0.434487
v 0.059193 0.018750 -0.420637
v 0.059566 0.022444 -0.408662
v 0.060396 0.029315 -0.399282
v 0.061017 0.037721 -0.394938
v 0.061666 0.046568 -0.395239
v 0.062289 0.055833 -0.399623
v 0.062956 0.063840 -0.408696
v 0.054490 0.070553 -0.421533
v 0.053847 0.068894 -0.438590
v 0.053518 0.062505 -0.451181
v 0.052654 0.054669 -0.458803
v 0.051896 0.046306 -0.462615
v 0.051600 0.037651 -0.462499
v 0.051457 0.029344 -0.457314
v 0.051531 0.023347 -0.447278
v 0.051656 0.020291 -0.433820
v 0.051744 0.020513 -0.419619
v 0.051869 0.023712 -0.408149
v 0.052093 0.030203 -0.398829
v 0.052444 0.039175 -0.393816
v 0.053130 0.048547 -0.393911
v 0.053737 0.057694 -0.398341
v 0.054410 0.065524 -0.406958
v 0.046769 0.068398 -0.423667
v 0.046717 0.066889 -0.437423
v 0.046020 0.061699 -0.447671
v 0.045653 0.054292 -0.454517
v 0.045218 0.046088 -0.457765
v 0.044980 0.037603 -0.457646
v 0.045023 0.029671 -0.453278
v 0.045262 0.023652 -0.444350
v 0.045453 0.020857 -0.433297
v 0.045443 0.021275 -0.421336
v 0.045233 0.025414 -0.409428
v 0.045310 0.032601 -0.400959
v 0.045784 0.040481 -0.397135
v 0.046073 0.048854 -0.396883
v 0.046507 0.056916 -0.400346
v 0.046786 0.064180 -0.408601
v 0.160560 -0.046102 -0.551588
v 0.153543 -0.027606 -0.547862
v 0.154883 -0.024844 -0.537678
v 0.163367 -0.044712 -0.540050
v 0.161755 -0.046056 -0.527753
v 0.154610 -0.027885 -0.527294
v 0.152321 -0.032985 -0.521417
v 0.158565 -0.049116 -0.522650
v 0.149640 -0.037125 -0.519130
v 0.156051 -0.051329 -0.521320
v 0.146816 -0.040148 -0.517412
v 0.153901 -0.053158 -0.520730
v 0.151808 -0.055169 -0.520309
v 0.145369 -0.044712 -0.518166
v 0.149261 -0.057819 -0.520724
v 0.142867 -0.049576 -0.519479
v 0.146232 -0.061167 -0.524871
v 0.139065 -0.053358 -0.524245
v 0.144464 -0.063322 -0.535869
v 0.137279 -0.054611 -0.533913
v 0.138036 -0.053053 -0.544166
v 0.145248 -0.061046 -0.547182
v 0.140582 -0.048522 -0.551372
v 0.147502 -0.057738 -0.552413
v 0.149990 -0.054799 -0.554367
v 0.143833 -0.044706 -0.552581
v 0.145525 -0.040398 -0.553791
v 0.152155 -0.052473 -0.555042
v 0.147736 -0.036734 -0.554017
v 0.154490 -0.050543 -0.555359
v 0.150409 -0.032372 -0.553176
v 0.157073 -0.048689 -0.554977
v 0.168365 -0.071997 -0.552101
v 0.170482 -0.072923 -0.544363
v 0.169057 -0.072479 -0.530440
v 0.165887 -0.073099 -0.525555
v 0.163559 -0.073471 -0.524235
v 0.161580 -0.073796 -0.523661
v 0.159975 -0.074322 -0.523321
v 0.157602 -0.075141 -0.523559
v 0.154737 -0.076067 -0.526202
v 0.151836 -0.077006 -0.537724
v 0.153603 -0.075917 -0.550010
v 0.155995 -0.074811 -0.554012
v 0.158141 -0.073597 -0.555564
v 0.160159 -0.072982 -0.556201
v 0.162154 -0.072646 -0.556479
v 0.164555 -0.072491 -0.556103
v 0.161221 -0.098619 -0.553650
v 0.164569 -0.101975 -0.540471
v 0.161559 -0.098856 -0.526536
v 0.158609 -0.096568 -0.524447
v 0.156694 -0.094755 -0.524488
v 0.153624 -0.093215 -0.526674
v 0.150657 -0.090645 -0.537824
v 0.152606 -0.092840 -0.550069
v 0.155019 -0.093944 -0.553508
v 0.157444 -0.095580 -0.555166
v 0.137756 -0.110166 -0.535868
v 0.153666 -0.018619 -0.536407
v 0.153546 -0.020418 -0.520467
v 0.150932 -0.024924 -0.509138
v 0.147991 -0.032197 -0.506301
v 0.146012 -0.037731 -0.507134
v 0.142905 -0.042119 -0.505021
v 0.138336 -0.048610 -0.506808
v 0.135470 -0.052799 -0.517677
v 0.133808 -0.053665 -0.532171
v 0.134047 -0.052473 -0.547291
v 0.136220 -0.048357 -0.559484
v 0.139727 -0.041669 -0.564585
v 0.142727 -0.036738 -0.565004
v 0.145102 -0.031341 -0.565588
v 0.148515 -0.024247 -0.562512
v 0.152054 -0.020241 -0.552063
v 0.145714 -0.007189 -0.534246
v 0.145884 -0.008535 -0.517871
v 0.143994 -0.013073 -0.505423
v 0.140733 -0.019886 -0.500323
v 0.137526 -0.026521 -0.500042
v 0.133614 -0.033533 -0.498490
v 0.129218 -0.040609 -0.502100
v 0.126518 -0.044306 -0.515525
v 0.125573 -0.044763 -0.529990
v 0.125370 -0.044220 -0.544354
v 0.126716 -0.040881 -0.558483
v 0.130417 -0.034032 -0.565368
v 0.134607 -0.026448 -0.566683
v 0.138205 -0.019349 -0.566793
v 0.141843 -0.012853 -0.561824
v 0.144567 -0.008600 -0.550173
v 0.136824 -0.001768 -0.533038
v 0.136874 -0.002367 -0.521466
v 0.135448 -0.006077 -0.509313
v 0.133154 -0.012320 -0.502633
v 0.130419 -0.018582 -0.500615
v 0.126898 -0.024738 -0.501249
v 0.123286 -0.029999 -0.507968
v 0.121725 -0.032884 -0.520004
v 0.121354 -0.033284 -0.529075
v 0.120973 -0.032898 -0.538306
v 0.121454 -0.030168 -0.550607
v 0.124310 -0.024927 -0.559215
v 0.127822 -0.018644 -0.561813
v 0.130845 -0.012150 -0.560645
v 0.133708 -0.006010 -0.554480
v 0.135811 -0.002262 -0.543142
v 0.087704 0.063168 -0.519447
v 0.087404 0.061192 -0.505671
v 0.086412 0.055449 -0.495428
v 0.085214 0.048644 -0.490000
v 0.084594 0.040947 -0.488330
v 0.083352 0.032962 -0.489736
v 0.082053 0.025642 -0.495917
v 0.080967 0.020611 -0.506775
v 0.079919 0.019411 -0.518396
v 0.080199 0.020527 -0.530184
v 0.080630 0.025385 -0.541026
v 0.081658 0.032519 -0.547487
v 0.082936 0.040465 -0.549297
v 0.083472 0.048009 -0.547865
v 0.084896 0.055282 -0.542717
v 0.086690 0.061216 -0.532213
v 0.079324 0.070012 -0.517490
v 0.079079 0.067471 -0.501895
v 0.078843 0.060094 -0.490215
v 0.078049 0.051405 -0.483505
v 0.077380 0.042951 -0.481161
v 0.076876 0.034004 -0.483614
v 0.076140 0.026283 -0.491508
v 0.075207 0.021445 -0.503037
v 0.074492 0.019680 -0.516852
v 0.074076 0.021344 -0.530774
v 0.074093 0.026170 -0.542736
v 0.074502 0.033905 -0.550830
v 0.074763 0.042569 -0.553269
v 0.075672 0.051217 -0.550854
v 0.076474 0.060052 -0.544151
v 0.077928 0.067006 -0.533256
v 0.068995 0.072906 -0.514984
v 0.069407 0.069476 -0.498154
v 0.069376 0.062307 -0.487142
v 0.068785 0.053768 -0.480772
v 0.068262 0.044628 -0.478572
v 0.067470 0.035862 -0.481086
v 0.067285 0.028079 -0.488952
v 0.066636 0.023605 -0.500370
v 0.066059 0.022007 -0.514746
v 0.065519 0.023446 -0.529023
v 0.065032 0.027905 -0.540693
v 0.065011 0.035121 -0.548575
v 0.065439 0.044216 -0.551500
v 0.066149 0.053531 -0.549133
v 0.067212 0.062049 -0.542605
v 0.068108 0.069261 -0.531671
v 0.060493 0.070899 -0.513211
v 0.060630 0.068425 -0.498690
v 0.060606 0.062171 -0.488662
v 0.060475 0.054110 -0.483159
v 0.060105 0.045483 -0.481646
v 0.059861 0.037198 -0.483727
v 0.059378 0.029677 -0.490271
v 0.059215 0.024497 -0.501269
v 0.058829 0.022880 -0.513166
v 0.058280 0.024320 -0.525102
v 0.057731 0.029056 -0.535886
v 0.057465 0.036436 -0.542894
v 0.057610 0.045124 -0.545374
v 0.058121 0.053827 -0.543658
v 0.058716 0.061906 -0.537727
v 0.059499 0.068217 -0.527516
v -0.212394 0.410611 -0.454125
v -0.202463 0.427058 -0.474271
v -0.202803 0.391919 -0.461938
v -0.207131 0.386727 -0.451976
v -0.157770 0.372983 -0.418649
v -0.159259 0.367884 -0.401898
v -0.158311 0.367305 -0.419165
v -0.158665 0.373349 -0.399492
v -0.162946 0.367091 -0.387783
v -0.163163 0.373996 -0.385058
v -0.168603 0.365345 -0.379328
v -0.169235 0.373663 -0.376514
v -0.175481 0.361972 -0.376799
v -0.175647 0.372864 -0.371017
v -0.182296 0.358187 -0.381208
v -0.181950 0.371971 -0.371778
v -0.187690 0.372108 -0.376441
v -0.187725 0.357093 -0.387396
v -0.191839 0.373067 -0.380941
v -0.191082 0.357922 -0.391332
v -0.195377 0.374311 -0.383170
v -0.168034 0.377722 -0.466412
v -0.174045 0.366624 -0.468941
v -0.175628 0.376913 -0.474450
v -0.167263 0.370057 -0.463151
v -0.162435 0.369941 -0.450485
v -0.162828 0.376155 -0.453003
v -0.159605 0.368857 -0.435071
v -0.159526 0.373994 -0.436928
v -0.197619 0.359224 -0.396811
v -0.203554 0.352805 -0.407508
v -0.212769 0.363771 -0.415059
v -0.210123 0.366778 -0.399762
v -0.205740 0.371130 -0.391560
v -0.200555 0.373910 -0.385604
v -0.204337 0.351821 -0.432833
v -0.210781 0.365917 -0.432251
v -0.206453 0.369594 -0.441697
v -0.198025 0.357141 -0.445796
v -0.201724 0.371314 -0.449261
v -0.193867 0.357619 -0.448442
v -0.196564 0.370773 -0.454637
v -0.190423 0.357819 -0.451126
v -0.186298 0.358772 -0.456189
v -0.188280 0.372135 -0.465758
v -0.182463 0.374656 -0.472195
v -0.180961 0.361990 -0.464105
v -0.153078 0.411749 -0.398088
v -0.150671 0.409854 -0.431080
v -0.162994 0.420328 -0.355240
v -0.177725 0.435588 -0.345358
v -0.154619 0.405908 -0.404612
v -0.154137 0.404458 -0.430673
v -0.160986 0.409989 -0.374321
v -0.154806 0.391517 -0.405145
v -0.154158 0.390388 -0.428095
v -0.160363 0.394680 -0.377319
v -0.166726 0.415656 -0.357683
v -0.174935 0.421112 -0.346640
v -0.166725 0.396611 -0.363663
v -0.174615 0.398710 -0.353417
v -0.181919 0.400492 -0.351362
v -0.188533 0.401595 -0.355598
v -0.182373 0.424673 -0.344903
v -0.193345 0.401462 -0.360501
v -0.197752 0.397808 -0.365445
v -0.193927 0.425663 -0.354605
v -0.194696 0.437758 -0.349387
v -0.222848 0.417159 -0.385102
v -0.227431 0.413460 -0.407475
v -0.223937 0.414378 -0.431004
v -0.203986 0.438910 -0.464482
v -0.190308 0.439522 -0.474204
v -0.166816 0.425751 -0.475351
v -0.157538 0.414442 -0.448544
v -0.189239 0.428757 -0.478686
v -0.177776 0.425919 -0.475818
v -0.166370 0.415162 -0.464903
v -0.181589 0.401931 -0.481918
v -0.171375 0.399791 -0.476764
v -0.163032 0.395695 -0.462159
v -0.158980 0.408755 -0.444516
v -0.157725 0.392242 -0.442291
v -0.220085 0.375415 -0.410421
v -0.217369 0.379593 -0.392239
v -0.211542 0.384548 -0.381695
v -0.205115 0.391491 -0.372215
v -0.225719 0.394406 -0.408644
v -0.222250 0.398778 -0.388716
v -0.215778 0.406429 -0.376214
v -0.208556 0.416485 -0.366607
v -0.217993 0.377867 -0.429907
v -0.212188 0.381443 -0.441766
v -0.222920 0.396011 -0.429962
v -0.216767 0.400586 -0.443815
v -0.195529 0.399822 -0.476019
v -0.189258 0.400754 -0.480172
v -1.054876 0.616832 0.000000
v -1.262907 0.574912 -0.136970
v -1.026995 0.634955 -0.145665
v -1.018764 0.642372 -0.203867
v -1.276773 0.627574 -0.298350
v -1.013168 0.658995 -0.231635
v -1.276723 0.647821 -0.336846
v -1.002231 0.678163 -0.258558
v -1.273527 0.665341 -0.357275
v -0.997301 0.693394 -0.285946
v -1.271293 0.684805 -0.364530
v -0.899152 0.745200 -0.317067
v -1.007538 0.773397 -0.332851
v -1.016463 0.801942 -0.302396
v -1.024260 0.821101 -0.254530
v -1.271504 0.712428 -0.338154
v -1.030885 0.829526 -0.197602
v -1.271949 0.724911 -0.264738
v -1.040121 0.832089 -0.109932
v -1.273005 0.721919 -0.160607
v -1.465914 0.600330 -0.334775
v -1.468087 0.575930 -0.300080
v -1.513541 0.548490 0.000000
v -1.469487 0.572570 -0.282157
v -1.466753 0.621252 -0.325406
v -1.470082 0.632956 -0.282785
v -1.620355 0.571188 0.000000
v -0.896767 0.881455 -0.113812
v -0.903347 0.885017 0.000000
v -1.062857 0.809937 0.000000
v -0.902092 0.865120 -0.197165
v -0.825894 0.920788 0.000000
v -0.802614 0.927505 -0.132912
v -0.894945 0.833266 -0.264569
v -0.903764 0.810168 -0.276701
v -0.816252 0.904238 -0.232545
v -0.776700 0.881894 -0.317222
v -0.824354 0.801904 -0.308067
v -0.817658 0.766897 -0.294404
v -0.871298 0.727430 -0.254646
v -0.844789 0.704109 -0.219385
v -0.789587 0.741055 -0.273597
v -0.820281 0.679601 -0.175726
v -0.742655 0.707297 -0.240881
v -0.709060 0.689997 -0.204014
v -0.791932 0.669382 -0.108443
v -0.671131 0.680979 -0.145885
v -0.763428 0.663998 -0.029157
v -0.780918 0.652394 0.000000
v -0.616801 0.665436 -0.062928
v -1.592901 0.567140 -0.310788
v -1.537727 0.585711 -0.383891
v 0.123720 1.178146 -0.653136
v 0.140598 1.258497 -0.631012
v 0.140453 1.325606 -0.604605
v 0.085347 1.466642 -0.593288
v 0.075558 1.506868 -0.541941
v 0.127342 1.424062 -0.574608
v 0.029849 1.463641 -0.632971
v -0.010786 1.481969 -0.655201
v 0.020040 1.515993 -0.573557
v 0.017655 1.549286 -0.444842
v 0.056582 1.534921 -0.460909
v -0.051583 1.516747 -0.554754
v -0.018309 1.514901 -0.586374
v -0.231444 1.457371 -0.397206
v -0.110134 1.500805 -0.457727
v 0.019016 0.949641 -0.676573
v -0.025432 0.896813 -0.626861
v 0.092753 1.100941 -0.678153
v 0.207960 1.315458 -0.542483
v 0.137821 1.121839 -0.597394
v 0.075472 1.018736 -0.638013
v 0.146710 1.570130 -0.357960
v 0.057989 1.594613 -0.305826
v 0.017267 1.590574 -0.272834
v -0.053121 1.553603 -0.371085
v -0.193274 1.465296 -0.290742
v -0.253072 1.404873 -0.246757
v -0.421236 1.248025 -0.275982
v -0.468449 1.104004 -0.279462
v -0.557181 1.102126 -0.428763
v -0.487672 1.128818 -0.502992
v -0.422450 1.129364 -0.610078
v -0.544111 1.073942 -0.467705
v -0.568185 1.061962 -0.467872
v -0.431270 1.049798 -0.643626
v -0.498956 1.067141 -0.536219
v -0.395489 1.349974 -0.468418
v -0.359726 1.369302 -0.557531
v -0.400405 1.303593 -0.519642
v -0.518673 1.138505 -0.439485
v -0.548393 1.118631 -0.407323
v -0.566585 1.144268 -0.366033
v -0.517375 1.163180 -0.409941
v -0.573092 1.179569 -0.311398
v -0.545193 1.163327 -0.353092
v -0.518319 1.207753 -0.347362
v -0.443450 1.278756 -0.441606
v -0.517469 1.179785 -0.379449
v -0.417880 1.332369 -0.355700
v -0.470868 1.299223 -0.352702
v -0.507087 1.247802 -0.335259
v -0.466584 1.302924 -0.287692
v -0.502656 1.265768 -0.244809
v -0.490553 1.082752 -0.261169
v -0.516574 1.135142 -0.177230
v -0.479875 1.203098 -0.195598
v -0.349149 1.365363 -0.383645
v -0.318550 1.394993 -0.563449
v -0.214810 1.455901 -0.665295
v -0.265605 1.441928 -0.546820
v -0.265501 1.411620 -0.650124
v -0.421353 0.790917 -0.555261
v -0.460043 0.807505 -0.545386
v -0.326981 0.792194 -0.640313
v -0.420968 0.800111 -0.508141
v -0.241259 0.972555 -0.841621
v -0.366557 0.955381 -0.766462
v -0.383925 0.813822 -0.674193
v -0.464683 0.882294 -0.662096
v -0.502391 0.851863 -0.600751
v -0.436771 0.847423 -0.647517
v -0.306248 0.882817 -0.790231
v -0.251079 1.062239 -0.838801
v 0.071097 1.217256 -0.710764
v 0.010702 1.244332 -0.779978
v 0.047395 1.426263 -0.662762
v 0.062878 1.335447 -0.683402
v -0.146414 1.484762 -0.583357
v -0.208659 0.827949 -0.624478
v -0.275331 0.810875 -0.728475
v -0.262682 0.799480 -0.641184
v -0.182478 1.003847 -0.865007
v -0.299161 0.829357 -0.756509
v -0.232409 0.883848 -0.811004
v -0.160342 0.955589 -0.855509
v -0.166912 0.842176 -0.758509
v -0.183607 0.870429 -0.803319
v -0.221617 0.822055 -0.747095
v -0.121798 0.921757 -0.846492
v -0.041450 0.922519 -0.800911
v -0.076174 0.932537 -0.846621
v -0.106403 0.875692 -0.784799
v -0.047455 0.988251 -0.856510
v -0.075945 0.996661 -0.874676
v -0.098698 1.030131 -0.886018
v -0.053524 1.061085 -0.871136
v -0.156379 0.850101 -0.614776
v -0.088066 0.873291 -0.639722
v -0.091904 0.879008 -0.721792
v -0.032735 0.911586 -0.719452
v -0.154411 0.846169 -0.697683
v -0.204311 0.819801 -0.696766
v 0.017175 0.977795 -0.740919
v 0.055613 1.134758 -0.742922
v 0.003536 1.173768 -0.819703
v -0.004339 1.097356 -0.832802
v -0.042362 1.132365 -0.867188
v -0.007109 1.014920 -0.826622
v 0.044914 1.053445 -0.751947
v -0.076322 1.336024 -0.777145
v -0.016709 1.306786 -0.768527
v -0.078721 1.214393 -0.762144
v -0.164051 1.227543 -0.815994
v -0.127902 1.328415 -0.788259
v -0.106446 1.134981 -0.894564
v -0.082717 1.107620 -0.900000
v -0.058266 1.372257 -0.756044
v -0.172397 1.370125 -0.760315
v -0.127016 1.069595 -0.869809
v -0.144946 1.137074 -0.872330
v -0.195720 1.145622 -0.860615
v -0.197404 1.069087 -0.860732
v -0.153750 0.813899 -0.538767
v -0.073195 0.729893 -0.516381
v -0.118812 0.769896 -0.522564
v -0.165721 0.693229 -0.512077
v -0.223545 0.652194 -0.478561
v -0.210416 0.722189 -0.494097
v -0.308140 0.768719 -0.533932
v -0.274047 0.737077 -0.477835
v -0.232857 0.795541 -0.545440
v -0.317631 0.712460 -0.448087
v -0.277063 0.678101 -0.428226
v -0.333025 0.671141 -0.403867
v -0.282809 0.625734 -0.443808
v -0.335958 0.628132 -0.348209
v -0.078330 0.841475 -0.565180
v -0.005965 0.849847 -0.533309
v 0.048162 0.842214 -0.494194
v 0.093231 0.825441 -0.449129
v 0.144983 1.069857 -0.536994
v 0.179392 1.138066 -0.545857
v 0.185049 1.207684 -0.556917
v 0.183854 1.034186 -0.485529
v 0.095656 0.938177 -0.512397
v 0.267371 1.273647 -0.478607
v -0.435643 0.813368 -0.503085
v 0.035229 0.933245 -0.587805
v -0.378494 1.270331 -0.194817
v -0.313221 1.352044 -0.253165
v -0.430358 1.203390 -0.211965
v -0.535275 1.040126 -0.326205
v -0.477993 1.095979 -0.320076
v -0.509998 0.899021 -0.433743
v -0.464585 0.828472 -0.496744
v -0.438420 0.787493 -0.484720
v -0.428634 0.742656 -0.440939
v -0.375910 0.779452 -0.514505
v -0.418207 0.682989 -0.382223
v -0.361955 0.731252 -0.455773
v -0.522549 0.844884 -0.500648
v -0.876766 1.094217 -0.286903
v -0.718713 1.059039 -0.411434
v -0.560082 1.036302 -0.521527
v -0.613322 1.015420 -0.539572
v -0.655364 0.989252 -0.554219
v -0.461441 1.008857 -0.653085
v -0.514314 0.974440 -0.648685
v -0.324797 1.064771 -0.777578
v -0.328655 1.131526 -0.744796
v -0.325131 1.323567 -0.643518
v -0.298011 1.238707 -0.746765
v -0.703653 1.096902 -0.355997
v -0.715896 1.141775 -0.290620
v -0.909316 1.108266 -0.217424
v -0.938854 1.114137 -0.150192
v -0.747106 1.161264 -0.207499
v -0.568346 1.230828 -0.242377
v -0.559282 1.233098 -0.125903
v -0.765029 1.192065 -0.137366
v -0.954637 1.130980 -0.091196
v -0.760811 1.207230 -0.026868
v -0.830134 1.070341 -0.031741
v -0.986231 1.115430 -0.008951
v -1.038026 1.044681 -0.090273
v -0.886153 0.971009 -0.116681
v -0.696828 1.006302 -0.172728
v -0.631434 1.125709 -0.105493
v -0.566207 1.041503 -0.223922
v -0.613011 0.946048 -0.294668
v -0.732590 0.920911 -0.345322
v -1.004659 0.981350 -0.143005
v -0.966419 0.964214 -0.198878
v -0.859939 0.926643 -0.266482
v -0.829250 0.989105 -0.386497
v -0.960606 0.998415 -0.243921
v -0.951725 1.037795 -0.268176
v -0.709299 0.955120 -0.504548
v -0.634674 0.884594 -0.512221
v -0.596834 0.900675 -0.578445
v -0.557215 0.935961 -0.629064
v -0.771481 1.030577 -0.446935
v -0.953681 1.077489 -0.233865
v -0.998707 1.038195 -0.199224
v -0.246941 1.378081 -0.705623
v -0.215963 1.425970 -0.707562
v -0.198625 1.401148 -0.740117
v -0.255140 1.311987 -0.742744
v -0.215293 1.352498 -0.750763
v -0.196429 1.291128 -0.777655
v -0.254197 1.222503 -0.783808
v -0.251887 1.145045 -0.823157
v -0.210281 1.206799 -0.832681
v -0.109927 1.421885 -0.695493
v -0.003726 0.683191 -0.143606
v -0.145838 0.613089 -0.255634
v -0.216091 0.585258 -0.237371
v -0.023375 0.668505 -0.276369
v -0.257946 0.592829 -0.381288
v -0.313031 0.605109 -0.266118
v -0.251029 0.584143 -0.312004
v -0.019382 0.726110 -0.482815
v 0.021179 0.713718 -0.420624
v 0.131295 0.785592 -0.320260
v 0.007267 0.689248 -0.344244
v -0.193929 0.581109 -0.120481
v -0.303759 0.589500 -0.031716
v -0.298199 0.574278 0.000000
v 0.009086 0.662277 -0.000000
v 0.151733 0.789901 -0.160991
v 0.158548 0.775420 -0.000000
v -0.070631 0.647857 -0.393510
v -0.090235 0.640475 -0.321252
v -0.153504 0.612636 -0.322693
v -0.124742 0.617595 -0.317287
v -0.196509 0.591541 -0.338466
v -0.209685 0.585226 -0.384779
v -0.201799 0.620786 -0.459461
v -0.179013 0.663116 -0.500362
v -0.159799 0.669587 -0.508527
v -0.132794 0.675349 -0.519610
v -0.090251 0.667467 -0.473306
v -0.648790 1.049313 -0.210878
v -0.547020 1.098579 -0.226654
v -0.664829 1.003594 -0.311749
v -0.635919 0.943163 -0.390594
v -0.580545 0.889249 -0.437118
v -0.549222 0.838329 -0.459927
v -0.512352 0.795702 -0.460058
v -0.470769 0.708371 -0.384098
v -0.463054 0.663260 -0.326967
v -0.407256 0.632356 -0.308909
v -0.429267 0.620157 -0.219522
v -0.321257 0.604438 -0.159920
v -0.388809 0.601788 -0.144128
v -0.422882 0.606682 -0.087664
v -0.373936 0.598562 -0.048556
v -0.421299 0.607167 0.000000
v -0.372753 0.581561 0.000000
v -0.628589 1.042073 0.000000
v -0.550156 1.134565 -0.047921
v -0.647751 1.066748 -0.063515
v -0.692099 1.001924 0.000000
v -0.704225 1.016112 -0.061844
v -0.705776 0.997615 -0.198530
v -0.735702 0.975179 -0.054848
v -0.726288 0.962806 -0.192727
v -0.824315 0.908077 0.000000
v -0.766490 0.949418 -0.048194
v -0.716413 0.934661 -0.302505
v -0.705531 0.897721 -0.358337
v -0.698084 0.957267 -0.307197
v -0.656370 0.916356 -0.383673
v -0.712195 0.841814 -0.373587
v -0.626816 0.871145 -0.414356
v -0.598206 0.820832 -0.428713
v -0.673493 0.799326 -0.383996
v -0.750941 0.777005 -0.328737
v -0.572853 0.783161 -0.417323
v -0.635424 0.755503 -0.367346
v -0.710066 0.728337 -0.305206
v -0.508098 0.747109 -0.416357
v -0.605753 0.708017 -0.326496
v -0.685269 0.698943 -0.268944
v -0.517362 0.691453 -0.337123
v -0.644205 0.684585 -0.235878
v -0.566829 0.674131 -0.256144
v -0.497024 0.650582 -0.244844
v -0.603214 0.669730 -0.160555
v -0.549683 0.648968 -0.102263
v -0.598295 0.648480 0.000000
v -0.536163 0.625687 0.000000
v -0.479563 0.623677 -0.108495
v -0.476984 0.602616 0.000000
v 0.470223 1.517324 -0.259696
v 0.341748 1.527865 -0.410827
v 0.404006 1.468304 -0.324650
v 0.314989 1.403518 -0.390867
v 0.436479 1.445875 -0.255630
v 0.481401 1.435742 -0.177531
v 0.385359 1.392708 -0.343789
v 0.337930 1.332839 -0.408760
v 0.434503 1.378089 -0.247976
v 0.393509 1.328853 -0.327809
v 0.445050 1.556757 -0.301491
v 0.514786 1.611364 -0.254383
v 0.455418 1.650004 -0.274372
v 0.375943 1.628960 -0.330542
v 0.329193 1.257474 -0.419459
v 0.379737 1.249041 -0.345169
v 0.443024 1.275755 -0.211377
v 0.457724 1.315350 -0.000000
v 0.471556 1.363439 -0.144670
v 0.522037 1.406750 -0.000000
v 0.518245 1.423385 -0.082006
v 0.552632 1.473998 -0.063229
v 0.585535 1.508276 -0.000000
v 0.526976 1.490364 -0.135435
v 0.629067 1.551925 -0.000000
v 0.536026 1.556950 -0.177741
v 0.492329 1.488055 -0.201738
v 0.308899 1.614310 -0.326176
v 0.261460 1.631592 -0.298443
v 0.227619 1.482561 -0.410648
v 0.179406 1.525419 -0.402360
v 0.264473 1.434449 -0.427239
v 0.227589 1.661722 -0.271402
v 0.128658 1.608009 -0.292411
v 0.230387 1.150693 -0.489267
v 0.185761 0.956058 -0.440635
v 0.257890 1.059154 -0.440413
v 0.305955 1.162773 -0.420250
v 0.276810 1.012865 -0.344244
v 0.214783 0.909831 -0.336993
v 0.334820 1.132234 -0.345044
v 0.307170 1.005587 -0.188232
v 0.235677 0.905523 -0.183101
v 0.356682 1.133573 -0.204019
v 0.321137 0.999323 -0.000000
v 0.256236 0.893089 -0.000000
v 0.386410 1.159049 -0.000000
v 0.100901 1.639817 -0.239842
v 0.052034 1.661099 -0.000000
v 0.054184 1.649866 -0.117701
v -0.048295 1.584364 0.000000
v -0.068641 1.561412 -0.163235
v -0.230894 1.401033 0.000000
v -0.202249 1.458209 -0.133937
v -0.358459 1.284034 0.000000
v -0.255442 1.402703 -0.134504
v -0.353618 1.284350 -0.071886
v -0.536457 1.134504 0.000000
v -0.450498 1.204668 -0.059119
v -0.123005 1.234606 -0.849450
v 0.178456 1.721207 -0.246551
v 0.148084 1.758801 -0.000000
v 0.200772 1.697370 -0.246136
v 0.586269 1.817747 -0.000000
v 0.429973 1.836467 -0.192328
v 0.551894 1.806675 -0.147427
v 0.227481 1.846716 -0.000000
v 0.162523 1.753877 -0.150984
v 0.363464 1.751922 -0.251913
v 0.524379 1.729694 -0.271739
v 0.501734 1.781076 -0.222331
v 0.481594 1.746606 -0.246144
v 0.578122 1.815131 -0.047168
v 0.620792 1.707119 -0.106689
v 0.426516 1.870222 -0.096951
v 0.429929 1.885556 -0.040161
v 0.431472 1.889834 -0.000000
v 0.338420 1.868337 -0.112892
v 0.293059 1.813153 -0.157605
v 0.288680 1.885926 -0.000000
v 0.235589 1.842630 -0.067107
v 0.190551 1.806452 -0.000000
v 0.203507 1.800750 -0.139268
v 0.268690 1.747506 -0.203678
v 0.225369 1.768819 -0.206536
v 0.394404 1.688914 -0.313993
v 0.332844 1.676442 -0.289523
v 0.295220 1.692492 -0.267725
v 0.406614 1.793564 -0.239191
v 0.434239 1.732941 -0.289642
v 0.371845 1.833228 -0.191119
v 0.336879 1.779737 -0.231821
v 0.564601 1.621751 -0.146408
v 0.576082 1.592120 -0.137937
v 0.678567 1.721345 -0.000000
v 0.657476 1.700509 -0.075730
v 0.645567 1.665023 -0.104027
v 0.632607 1.632507 -0.102659
v 0.627333 1.595983 -0.065157
v 0.821370 1.624567 -0.000000
v 0.820264 1.612725 -0.038573
v 0.810516 1.590443 -0.054905
v 0.796189 1.562128 -0.054905
v 0.784163 1.539207 -0.038573
v 0.774860 1.534405 -0.000000
v 0.879645 1.538329 -0.000000
v 0.563806 1.762163 -0.186368
v 0.631895 1.758501 -0.000000
v 0.599868 1.745482 -0.150918
v 0.627677 1.761779 -0.042250
v 0.499754 1.844046 -0.101839
v 0.508400 1.854933 -0.067120
v 0.515372 1.864043 -0.000000
v 0.513919 1.861727 -0.028968
v 0.547949 1.720899 -0.224646
v 0.567457 1.720976 -0.209004
v 0.561600 1.721353 -0.220024
v 0.555674 1.718537 -0.229966
v 0.550269 1.712797 -0.237856
v 0.545913 1.704687 -0.242921
v 0.543032 1.695016 -0.244666
v 0.541910 1.684713 -0.242921
v 0.542657 1.674795 -0.237856
v 0.545197 1.666231 -0.229966
v 0.549282 1.659853 -0.220024
v 0.554511 1.656290 -0.209004
v 0.560371 1.655898 -0.197983
v 0.566290 1.658706 -0.188042
v 0.571686 1.664454 -0.180153
v 0.576032 1.672564 -0.175087
v 0.578911 1.682258 -0.173341
v 0.580034 1.692569 -0.175087
v 0.579294 1.702494 -0.180153
v 0.576760 1.711058 -0.188042
v 0.572687 1.717429 -0.197983
v 0.569658 1.710820 -0.220627
v 0.565401 1.711097 -0.228633
v 0.561099 1.709050 -0.235856
v 0.557176 1.704880 -0.241589
v 0.554010 1.698994 -0.245269
v 0.551919 1.691961 -0.246537
v 0.551104 1.684474 -0.245269
v 0.551647 1.677273 -0.241589
v 0.553492 1.671048 -0.235856
v 0.556459 1.666416 -0.228633
v 0.560260 1.663831 -0.220627
v 0.564517 1.663546 -0.212619
v 0.568813 1.665593 -0.205396
v 0.572737 1.669763 -0.199664
v 0.575899 1.675657 -0.195984
v 0.577988 1.682689 -0.194715
v 0.578800 1.690184 -0.195984
v 0.578261 1.697393 -0.199664
v 0.576421 1.703618 -0.205396
v 0.573454 1.708242 -0.212619
v 0.569980 1.698840 -0.228088
v 0.567741 1.698986 -0.232298
v 0.565479 1.697909 -0.236095
v 0.563417 1.695716 -0.239109
v 0.561755 1.692615 -0.241043
v 0.560655 1.688922 -0.241710
v 0.560227 1.684990 -0.241043
v 0.560510 1.681197 -0.239109
v 0.561483 1.677927 -0.236095
v 0.563045 1.675495 -0.232298
v 0.565040 1.674133 -0.228088
v 0.567279 1.673987 -0.223879
v 0.569541 1.675057 -0.220081
v 0.571603 1.677250 -0.217068
v 0.573259 1.680350 -0.215133
v 0.574359 1.684051 -0.214466
v 0.574787 1.687983 -0.215133
v 0.574504 1.691776 -0.217068
v 0.573537 1.695046 -0.220081
v 0.571975 1.697478 -0.223879
v 0.568391 1.686198 -0.230660
v 0.562222 1.727193 -0.198202
v 0.566451 1.664415 -0.162099
v 0.575988 1.685452 -0.144145
v 0.575893 1.709427 -0.154942
v 0.533923 1.674218 -0.226999
v 0.543913 1.657698 -0.207126
v 0.556704 1.654028 -0.175991
v 0.569035 1.724300 -0.175084
v 0.537893 1.703849 -0.232916
v -0.309838 1.275717 -0.701740
v 0.378171 1.495396 -0.381141
v 0.445050 1.556757 0.301491
v 0.341748 1.527865 0.410827
v 0.378171 1.495396 0.381141
v 0.404006 1.468304 0.324650
v 0.314989 1.403518 0.390867
v -0.422450 1.129364 0.610078
v -0.298011 1.238707 0.746765
v -0.309838 1.275717 0.701740
v -0.325131 1.323567 0.643518
v -0.255140 1.311987 0.742744
v 0.429973 1.836467 0.192328
v 0.501734 1.781076 0.222331
v 0.551894 1.806675 0.147427
v -0.053238 0.069311 0.494229
v -0.045318 0.053603 0.478977
v -0.045056 0.056736 0.486128
v -0.056723 0.066365 0.478188
v -0.045927 0.053581 0.466470
v -0.058448 0.064501 0.456372
v -0.057052 0.065965 0.443075
v -0.047594 0.055342 0.456118
v -0.050210 0.051660 0.445003
v -0.053237 0.070805 0.431345
v -0.044383 0.050737 0.481770
v -0.045676 0.065475 0.500769
v -0.050932 0.072373 0.502731
v -0.045947 0.073965 0.509139
v -0.043350 0.077396 0.510226
v -0.044416 0.077618 0.503319
v -0.039190 0.084246 0.506035
v -0.042764 0.081302 0.517696
v -0.031914 0.081516 0.522260
v -0.040128 0.077059 0.530812
v -0.028100 0.083244 0.518896
v -0.031540 0.085012 0.507352
v -0.023202 0.085375 0.514776
v -0.025660 0.087899 0.501882
v -0.017426 0.087882 0.509869
v -0.017607 0.079064 0.522677
v -0.049363 0.059873 0.432524
v -0.051679 0.072564 0.426181
v -0.047006 0.069277 0.424096
v -0.047468 0.077121 0.421359
v -0.043832 0.078182 0.416357
v -0.043823 0.080907 0.417292
v -0.038781 0.081968 0.405746
v -0.037215 0.085470 0.414342
v -0.025804 0.079942 0.400302
v -0.029763 0.087949 0.422232
v -0.016897 0.086290 0.415078
v -0.015447 0.084121 0.431605
v -0.023383 0.089552 0.431610
v -0.013354 0.076739 0.444644
v -0.018531 0.090660 0.445465
v -0.011593 0.068619 0.454790
v -0.011195 0.070020 0.457734
v -0.016411 0.091516 0.464884
v -0.012862 0.078895 0.466865
v -0.014872 0.087798 0.480193
v -0.020218 0.092168 0.489203
v -0.017127 0.091645 0.493965
v -0.046042 0.094084 0.507742
v -0.040249 0.101287 0.502870
v -0.037474 0.109824 0.492990
v -0.036617 0.116056 0.478386
v -0.037073 0.118575 0.462676
v -0.037530 0.117057 0.447949
v -0.037984 0.111219 0.434318
v -0.040184 0.103727 0.424249
v -0.045688 0.097946 0.419766
v -0.052611 0.092670 0.422123
v -0.057830 0.090605 0.429002
v -0.061690 0.089234 0.437225
v -0.064126 0.088082 0.441923
v -0.065375 0.086921 0.443408
v -0.067659 0.084695 0.446621
v -0.069198 0.083349 0.449741
v -0.070812 0.081438 0.460229
v -0.062303 0.088786 0.488465
v -0.064614 0.087998 0.483291
v -0.058750 0.088766 0.497408
v -0.053145 0.089963 0.505990
v -0.066211 0.085836 0.480438
v -0.068025 0.084000 0.476859
v -0.069669 0.081922 0.471205
v -0.031137 0.029041 0.494388
v -0.036345 0.030234 0.482897
v -0.024726 0.030646 0.495283
v -0.021270 0.032497 0.492099
v -0.019989 0.033721 0.489987
v -0.017410 0.035187 0.481642
v -0.035334 0.029264 0.465056
v -0.016530 0.034505 0.471547
v -0.018231 0.032833 0.455134
v -0.034875 0.028532 0.443387
v -0.019325 0.031724 0.445591
v -0.034988 0.027998 0.434771
v -0.021356 0.028077 0.428728
v -0.028913 0.027299 0.420917
v -0.018090 0.028825 0.434229
v -0.033070 0.026349 0.427897
v -0.037987 0.032797 0.488413
v -0.035228 0.027983 0.495231
v -0.016492 0.034964 0.506750
v -0.034040 0.025424 0.510823
v -0.038122 0.068703 0.540125
v -0.018095 0.069563 0.531853
v -0.035841 0.059604 0.546944
v -0.033234 0.027464 0.524845
v -0.017981 0.059733 0.535572
v -0.033682 0.049868 0.549120
v -0.016893 0.041061 0.521632
v -0.032922 0.032906 0.536335
v -0.032908 0.040553 0.544923
v -0.017627 0.049538 0.531672
v -0.042477 0.033696 0.440220
v -0.042160 0.040629 0.483017
v -0.047492 0.042724 0.446464
v -0.013144 0.040815 0.469663
v -0.013488 0.037779 0.451057
v -0.017860 0.029775 0.416186
v -0.011166 0.048518 0.462585
v -0.027097 0.032334 0.405176
v -0.018640 0.034653 0.402352
v -0.018478 0.041868 0.391841
v -0.033899 0.077990 0.397739
v -0.017585 0.081161 0.402021
v -0.030049 0.070044 0.392580
v -0.018173 0.071903 0.392807
v -0.018483 0.062322 0.386742
v -0.010526 0.062758 0.457148
v -0.049382 0.077562 0.517587
v -0.049580 0.074320 0.503055
v -0.049108 0.066875 0.493027
v -0.048913 0.058456 0.486147
v -0.047812 0.048355 0.482323
v -0.045970 0.039178 0.484646
v -0.044300 0.032206 0.491199
v -0.042857 0.026778 0.501397
v -0.041639 0.024593 0.514404
v -0.041080 0.026305 0.527354
v -0.041136 0.031035 0.537679
v -0.041703 0.038136 0.545174
v -0.042899 0.047203 0.548497
v -0.044258 0.056651 0.546656
v -0.045787 0.065245 0.541350
v -0.047616 0.073005 0.533034
v -0.044482 0.078788 0.395913
v -0.048386 0.075788 0.407651
v -0.050649 0.068576 0.417421
v -0.052412 0.060130 0.424254
v -0.052545 0.049676 0.429842
v -0.050242 0.040297 0.431022
v -0.046682 0.033003 0.428221
v -0.042896 0.027961 0.422345
v -0.038653 0.025657 0.413032
v -0.034928 0.027079 0.402742
v -0.032302 0.031511 0.393255
v -0.031178 0.038120 0.384762
v -0.031737 0.047762 0.378473
v -0.018579 0.051821 0.385492
v -0.033088 0.058154 0.378244
v -0.035403 0.066641 0.380915
v -0.039042 0.074546 0.385899
v -0.008184 0.084067 0.415827
v -0.007832 0.081740 0.431411
v -0.007358 0.074870 0.443504
v -0.006406 0.067064 0.452299
v -0.005829 0.057004 0.458116
v -0.006860 0.045935 0.457025
v -0.008191 0.038364 0.450963
v -0.008979 0.032356 0.441224
v -0.009785 0.029354 0.427907
v -0.010178 0.030288 0.414028
v -0.010252 0.034489 0.402185
v -0.010150 0.041456 0.392786
v -0.009819 0.050907 0.387620
v -0.009537 0.061003 0.388182
v -0.009158 0.070255 0.392749
v -0.008864 0.078785 0.400688
v -0.006645 0.088941 0.496735
v -0.006031 0.085518 0.481502
v -0.005407 0.077780 0.470554
v -0.004509 0.068855 0.462707
v -0.004398 0.057675 0.458874
v -0.005311 0.047804 0.462741
v -0.006463 0.040434 0.471573
v -0.007451 0.035509 0.483075
v -0.008320 0.033656 0.496756
v -0.008611 0.035302 0.510378
v -0.008708 0.040381 0.522353
v -0.008613 0.047957 0.530683
v -0.008272 0.057889 0.533968
v -0.008051 0.068079 0.530821
v -0.007736 0.077009 0.523645
v -0.007309 0.084973 0.512981
v -0.143196 -0.013675 0.552659
v -0.140228 0.004146 0.539968
v -0.145738 -0.012603 0.540829
v -0.138863 0.001151 0.550166
v -0.143751 -0.013782 0.529117
v -0.139485 0.001236 0.530323
v -0.136732 -0.002727 0.524577
v -0.140657 -0.016408 0.524957
v -0.134491 -0.006450 0.523326
v -0.138304 -0.018422 0.524044
v -0.132124 -0.009504 0.522399
v -0.136435 -0.020244 0.523809
v -0.130338 -0.013099 0.522524
v -0.134490 -0.022141 0.523698
v -0.132252 -0.024519 0.524347
v -0.128314 -0.017937 0.524416
v -0.129301 -0.027586 0.528562
v -0.124558 -0.021652 0.529219
v -0.127664 -0.029673 0.539924
v -0.122920 -0.022869 0.539161
v -0.124014 -0.020704 0.550007
v -0.128796 -0.027137 0.550903
v -0.131522 -0.024257 0.555470
v -0.127680 -0.017212 0.554522
v -0.133705 -0.021593 0.556682
v -0.129367 -0.012381 0.556645
v -0.135612 -0.019542 0.556962
v -0.131638 -0.009318 0.556330
v -0.137549 -0.017749 0.556953
v -0.133674 -0.005892 0.556187
v -0.139861 -0.015981 0.556312
v -0.136047 -0.002300 0.554981
v -0.148200 -0.036879 0.551965
v -0.150096 -0.036967 0.541941
v -0.148285 -0.036999 0.530855
v -0.145019 -0.037419 0.526469
v -0.143073 -0.037905 0.525674
v -0.141379 -0.038208 0.525410
v -0.140031 -0.038769 0.525316
v -0.137870 -0.039504 0.525835
v -0.135164 -0.040270 0.528759
v -0.132582 -0.040979 0.540606
v -0.134421 -0.039836 0.551735
v -0.136781 -0.039309 0.555367
v -0.138955 -0.038046 0.556727
v -0.140823 -0.037383 0.557075
v -0.142599 -0.037063 0.557062
v -0.144849 -0.036745 0.556297
v -0.143982 -0.063636 0.542537
v -0.140225 -0.060489 0.555524
v -0.140692 -0.061164 0.528171
v -0.137900 -0.059098 0.526502
v -0.136170 -0.057445 0.526796
v -0.133329 -0.056006 0.529458
v -0.130856 -0.053736 0.540732
v -0.132936 -0.055617 0.552323
v -0.135215 -0.056580 0.555336
v -0.137374 -0.058038 0.556609
v -0.119601 -0.072550 0.540690
v -0.139283 0.010855 0.537585
v -0.138798 0.008603 0.524558
v -0.136221 0.003776 0.515279
v -0.133200 -0.002302 0.512909
v -0.131431 -0.007377 0.514069
v -0.128525 -0.011419 0.512485
v -0.124172 -0.017479 0.514402
v -0.121618 -0.021592 0.524703
v -0.120390 -0.022378 0.538146
v -0.121072 -0.021040 0.551762
v -0.122981 -0.016907 0.562235
v -0.127438 -0.010963 0.565529
v -0.129977 -0.006210 0.565768
v -0.132129 -0.001255 0.566035
v -0.135399 0.004668 0.562746
v -0.138421 0.009357 0.552014
v -0.133175 0.019099 0.523400
v -0.133199 0.020776 0.538157
v -0.130743 0.014700 0.512195
v -0.127481 0.008462 0.508282
v -0.124500 0.002434 0.508460
v -0.120783 -0.003925 0.507677
v -0.116543 -0.010394 0.511558
v -0.114097 -0.013742 0.524097
v -0.113665 -0.014294 0.537217
v -0.113634 -0.013226 0.549481
v -0.115662 -0.010248 0.562377
v -0.119449 -0.003955 0.567906
v -0.123405 0.002895 0.568507
v -0.126774 0.009342 0.568142
v -0.130171 0.015322 0.563352
v -0.132589 0.019333 0.552565
v -0.125975 0.024586 0.527439
v -0.126117 0.025433 0.537165
v -0.124287 0.020769 0.516549
v -0.121996 0.014863 0.511078
v -0.119611 0.009118 0.509742
v -0.116371 0.003424 0.510600
v -0.112872 -0.001518 0.516878
v -0.111476 -0.004513 0.528435
v -0.111083 -0.004405 0.537086
v -0.111497 -0.004774 0.545416
v -0.112071 -0.001347 0.556373
v -0.115039 0.003638 0.563462
v -0.118181 0.009343 0.565172
v -0.120941 0.015373 0.563826
v -0.123568 0.021145 0.558115
v -0.125621 0.024726 0.547376
v -0.099947 0.053483 0.532660
v -0.099870 0.051681 0.520120
v -0.098643 0.046372 0.510294
v -0.097170 0.039917 0.505102
v -0.096181 0.033275 0.503419
v -0.094705 0.026311 0.504120
v -0.093139 0.019487 0.508896
v -0.091721 0.014376 0.518373
v -0.090654 0.012742 0.529511
v -0.090684 0.013946 0.540464
v -0.091433 0.018558 0.550643
v -0.092532 0.025511 0.556574
v -0.093781 0.032232 0.558276
v -0.094693 0.038844 0.557510
v -0.096458 0.045270 0.553779
v -0.098505 0.050973 0.545542
v -0.094738 0.059531 0.531360
v -0.094522 0.057169 0.516257
v -0.093396 0.051031 0.505981
v -0.092288 0.043519 0.499999
v -0.091050 0.035613 0.497332
v -0.089997 0.027528 0.498940
v -0.088626 0.020532 0.504982
v -0.087221 0.015700 0.514906
v -0.086218 0.013726 0.527462
v -0.085784 0.015116 0.540338
v -0.085829 0.019275 0.550848
v -0.086696 0.026065 0.558507
v -0.087758 0.033893 0.561283
v -0.089154 0.041840 0.559847
v -0.090826 0.049986 0.554641
v -0.092722 0.056812 0.545193
v -0.086681 0.063227 0.529468
v -0.086737 0.060408 0.513467
v -0.086340 0.053605 0.502980
v -0.085097 0.046027 0.497115
v -0.083781 0.038243 0.494763
v -0.082759 0.030397 0.496101
v -0.081682 0.023096 0.502054
v -0.080768 0.018166 0.512316
v -0.079948 0.016260 0.525472
v -0.079330 0.017502 0.538705
v -0.079135 0.021202 0.548679
v -0.079402 0.027714 0.556135
v -0.080233 0.036131 0.559357
v -0.081729 0.044607 0.558096
v -0.083399 0.052707 0.552916
v -0.085272 0.059452 0.544021
v -0.079912 0.062203 0.525138
v -0.080350 0.059653 0.512507
v -0.079602 0.054134 0.503811
v -0.078844 0.046883 0.498741
v -0.077842 0.039223 0.496978
v -0.076875 0.031468 0.498315
v -0.076044 0.024376 0.503575
v -0.075342 0.019279 0.513003
v -0.074735 0.017435 0.523931
v -0.074141 0.018671 0.535046
v -0.073637 0.023371 0.545327
v -0.073884 0.030510 0.551859
v -0.074805 0.037885 0.554210
v -0.075787 0.045530 0.553255
v -0.077144 0.052748 0.549068
v -0.078619 0.059147 0.540404
v -0.108710 -0.015949 0.260032
v -0.113783 -0.014524 0.265880
v -0.109128 0.002934 0.273147
v -0.105355 -0.000580 0.267065
v -0.115178 -0.015354 0.278470
v -0.111043 0.000007 0.282525
v -0.113673 -0.017986 0.286726
v -0.110168 -0.004008 0.291886
v -0.111871 -0.020039 0.291247
v -0.108493 -0.007840 0.296780
v -0.110260 -0.021918 0.294544
v -0.106625 -0.010922 0.301546
v -0.108561 -0.023876 0.297828
v -0.104954 -0.014666 0.304642
v -0.106463 -0.026378 0.300840
v -0.102627 -0.019724 0.306526
v -0.102993 -0.029692 0.301800
v -0.098405 -0.023479 0.308058
v -0.098874 -0.032213 0.295067
v -0.094657 -0.024957 0.302449
v -0.096908 -0.029928 0.284359
v -0.092750 -0.023133 0.292025
v -0.097946 -0.027041 0.276308
v -0.094448 -0.019734 0.282776
v -0.099490 -0.024274 0.271723
v -0.095344 -0.014769 0.277748
v -0.101105 -0.022149 0.268329
v -0.097417 -0.011607 0.274180
v -0.102838 -0.020284 0.265155
v -0.099299 -0.008042 0.270717
v -0.105022 -0.018435 0.262044
v -0.101716 -0.004282 0.267674
v -0.113227 -0.040473 0.255858
v -0.117340 -0.040340 0.261256
v -0.118739 -0.039881 0.272920
v -0.117155 -0.040015 0.281279
v -0.115690 -0.040431 0.284880
v -0.114274 -0.040680 0.287689
v -0.113098 -0.041241 0.289900
v -0.111137 -0.041964 0.292684
v -0.108187 -0.042763 0.294203
v -0.103078 -0.043826 0.288375
v -0.101691 -0.043030 0.276499
v -0.102722 -0.042722 0.270011
v -0.104212 -0.041485 0.265554
v -0.105737 -0.040861 0.262413
v -0.107289 -0.040579 0.259735
v -0.109394 -0.040297 0.257065
v -0.105328 -0.065147 0.268193
v -0.111562 -0.068239 0.273995
v -0.112647 -0.064879 0.289783
v -0.110760 -0.062415 0.294918
v -0.109229 -0.060568 0.296918
v -0.106199 -0.058944 0.298507
v -0.101400 -0.056780 0.292507
v -0.100102 -0.059284 0.280614
v -0.101211 -0.060600 0.274896
v -0.102676 -0.062370 0.270936
v -0.091180 -0.076015 0.312502
v -0.108938 0.010022 0.275820
v -0.112094 0.007927 0.287980
v -0.112363 0.003040 0.300339
v -0.110289 -0.003310 0.307577
v -0.108301 -0.008632 0.310036
v -0.106132 -0.012693 0.316320
v -0.101917 -0.018870 0.321487
v -0.097089 -0.023214 0.316826
v -0.092562 -0.024355 0.307367
v -0.089473 -0.023426 0.294866
v -0.088216 -0.019563 0.282762
v -0.090954 -0.013580 0.272758
v -0.093165 -0.008639 0.268022
v -0.095097 -0.003458 0.263798
v -0.098835 0.002871 0.260902
v -0.104289 0.008083 0.264941
v -0.107296 0.018964 0.296466
v -0.103377 0.020320 0.283869
v -0.108294 0.014692 0.309999
v -0.106563 0.008271 0.318944
v -0.103831 0.002003 0.324070
v -0.100752 -0.004547 0.331166
v -0.096154 -0.011340 0.334811
v -0.090824 -0.015158 0.328020
v -0.086931 -0.016094 0.317472
v -0.083520 -0.015312 0.306883
v -0.081717 -0.012538 0.292605
v -0.083489 -0.006067 0.281581
v -0.086854 0.001107 0.274295
v -0.089961 0.007893 0.268777
v -0.094190 0.014236 0.267296
v -0.099099 0.018573 0.272641
v -0.099761 0.024335 0.303548
v -0.097327 0.024965 0.295078
v -0.101207 0.020811 0.315500
v -0.100738 0.014852 0.324349
v -0.098935 0.008895 0.329960
v -0.095817 0.002996 0.334734
v -0.091231 -0.002149 0.334886
v -0.087116 -0.005405 0.327513
v -0.084518 -0.005567 0.320680
v -0.082555 -0.006099 0.313094
v -0.080142 -0.003002 0.302570
v -0.080785 0.001937 0.291507
v -0.083163 0.007823 0.284497
v -0.086020 0.014211 0.280845
v -0.089822 0.020318 0.281448
v -0.094286 0.024063 0.287245
v -0.077134 0.054156 0.330193
v -0.080281 0.052649 0.340861
v -0.081970 0.047448 0.351286
v -0.082243 0.040816 0.358435
v -0.081935 0.033877 0.361891
v -0.080519 0.026629 0.363977
v -0.077911 0.019563 0.362549
v -0.074299 0.014378 0.356807
v -0.070590 0.012679 0.349290
v -0.067843 0.013559 0.339994
v -0.065754 0.017897 0.329901
v -0.065001 0.024944 0.322438
v -0.065512 0.031987 0.318511
v -0.066467 0.038904 0.317296
v -0.068900 0.045688 0.317715
v -0.072674 0.051633 0.321761
v -0.072538 0.060471 0.339806
v -0.076362 0.058257 0.352576
v -0.078330 0.052159 0.363203
v -0.079167 0.044479 0.370475
v -0.078968 0.036235 0.375105
v -0.077712 0.027745 0.375692
v -0.074973 0.020505 0.372775
v -0.071228 0.015591 0.366574
v -0.067174 0.013500 0.357646
v -0.063441 0.014637 0.347489
v -0.060615 0.018568 0.338227
v -0.059126 0.025380 0.329809
v -0.059107 0.033587 0.325192
v -0.060559 0.042036 0.323962
v -0.063328 0.050647 0.325849
v -0.067384 0.057655 0.331152
v -0.066044 0.063917 0.353652
v -0.070230 0.061303 0.366705
v -0.072819 0.054611 0.376581
v -0.073510 0.046884 0.383905
v -0.073151 0.038830 0.388343
v -0.071986 0.030635 0.389137
v -0.069517 0.023035 0.385879
v -0.066049 0.018010 0.378668
v -0.061977 0.016022 0.368997
v -0.058029 0.016984 0.358814
v -0.055143 0.020477 0.350286
v -0.053226 0.026984 0.342926
v -0.052874 0.035806 0.338250
v -0.054379 0.044819 0.336774
v -0.057184 0.053330 0.338676
v -0.061154 0.060227 0.343602
v -0.061325 0.062621 0.366966
v -0.064903 0.060304 0.377097
v -0.066549 0.054942 0.386161
v -0.067335 0.047554 0.392221
v -0.066961 0.039616 0.395837
v -0.065744 0.031587 0.396664
v -0.063621 0.024323 0.393820
v -0.060603 0.019188 0.387209
v -0.057325 0.017246 0.379049
v -0.054022 0.018258 0.370441
v -0.050982 0.022647 0.361914
v -0.049375 0.029798 0.355081
v -0.049506 0.037460 0.350829
v -0.050551 0.045548 0.349730
v -0.052883 0.053134 0.351138
v -0.056493 0.059625 0.356304
v 0.134773 -0.026000 0.422460
v 0.130550 -0.005731 0.430918
v 0.137423 -0.023762 0.433901
v 0.129175 -0.009909 0.421371
v 0.135476 -0.024002 0.446180
v 0.129966 -0.008048 0.441605
v 0.127168 -0.011876 0.448627
v 0.132309 -0.026522 0.451223
v 0.124822 -0.015873 0.450904
v 0.129816 -0.028666 0.452745
v 0.122295 -0.019192 0.452687
v 0.127778 -0.030668 0.453509
v 0.120392 -0.023173 0.453490
v 0.125676 -0.032755 0.454154
v 0.123345 -0.035428 0.454117
v 0.118339 -0.028554 0.452661
v 0.120436 -0.039115 0.450692
v 0.114682 -0.032873 0.448782
v 0.118844 -0.042364 0.439994
v 0.113056 -0.035076 0.439279
v 0.113994 -0.033832 0.427808
v 0.119787 -0.040679 0.428227
v 0.122490 -0.037900 0.422668
v 0.117539 -0.030441 0.422070
v 0.124742 -0.035073 0.420649
v 0.119201 -0.025400 0.418506
v 0.126793 -0.032835 0.419777
v 0.121603 -0.021985 0.417956
v 0.128903 -0.030846 0.419282
v 0.123787 -0.018177 0.417177
v 0.131375 -0.028836 0.419454
v 0.126286 -0.014115 0.417454
v 0.141067 -0.050734 0.428693
v 0.143095 -0.049971 0.438643
v 0.141296 -0.048971 0.449956
v 0.137897 -0.048996 0.454628
v 0.135809 -0.049454 0.455628
v 0.133951 -0.049769 0.456028
v 0.132458 -0.050392 0.456310
v 0.130184 -0.051240 0.456017
v 0.127416 -0.052312 0.453364
v 0.124725 -0.054126 0.441857
v 0.126515 -0.053887 0.430199
v 0.128970 -0.053658 0.426271
v 0.131245 -0.052393 0.424493
v 0.133255 -0.051699 0.423919
v 0.135194 -0.051339 0.423807
v 0.137590 -0.050929 0.424454
v 0.136619 -0.078487 0.444976
v 0.132787 -0.076181 0.431400
v 0.133378 -0.074497 0.458827
v 0.130417 -0.072046 0.460119
v 0.128564 -0.070274 0.459426
v 0.125588 -0.068903 0.456403
v 0.123030 -0.067422 0.444729
v 0.125079 -0.070455 0.433636
v 0.127487 -0.071820 0.430672
v 0.129773 -0.073566 0.429673
v 0.110597 -0.087203 0.449760
v 0.129251 0.001753 0.431741
v 0.128944 0.000567 0.446292
v 0.126386 -0.003886 0.457431
v 0.123294 -0.010365 0.461463
v 0.121403 -0.016078 0.461572
v 0.118314 -0.020435 0.464314
v 0.113937 -0.027112 0.463790
v 0.111371 -0.032376 0.454140
v 0.110061 -0.034512 0.440373
v 0.110588 -0.034413 0.425752
v 0.112318 -0.030931 0.413557
v 0.116719 -0.024772 0.408296
v 0.119397 -0.019543 0.406728
v 0.121685 -0.014087 0.405167
v 0.125056 -0.007337 0.406996
v 0.128235 -0.001294 0.416870
v 0.122140 0.011856 0.445112
v 0.121946 0.012175 0.429073
v 0.119826 0.008096 0.458191
v 0.116568 0.001566 0.463980
v 0.113465 -0.005155 0.465329
v 0.109607 -0.012137 0.467880
v 0.105354 -0.019537 0.465626
v 0.102873 -0.024337 0.453498
v 0.102342 -0.026222 0.439731
v 0.102128 -0.026283 0.426310
v 0.103997 -0.024100 0.411791
v 0.107778 -0.017617 0.404276
v 0.111877 -0.010065 0.401866
v 0.115344 -0.002921 0.400572
v 0.118793 0.003982 0.404060
v 0.121285 0.009234 0.414315
v 0.113689 0.016910 0.439982
v 0.113762 0.016843 0.429261
v 0.112080 0.013849 0.452310
v 0.109837 0.007954 0.459586
v 0.107291 0.001748 0.462485
v 0.104014 -0.004533 0.462927
v 0.100578 -0.010404 0.457569
v 0.099223 -0.014533 0.446425
v 0.098812 -0.015319 0.437523
v 0.099118 -0.016441 0.428463
v 0.099603 -0.013938 0.416172
v 0.102608 -0.009162 0.407380
v 0.105951 -0.002995 0.404091
v 0.108704 0.003698 0.404072
v 0.111272 0.010371 0.408708
v 0.113284 0.015098 0.418964
v 0.070781 0.061946 0.424343
v 0.070115 0.061151 0.437936
v 0.068735 0.056159 0.449163
v 0.067484 0.049425 0.455676
v 0.066787 0.042167 0.458667
v 0.065872 0.034527 0.458919
v 0.064955 0.026755 0.454876
v 0.064312 0.020562 0.445766
v 0.063812 0.017975 0.434568
v 0.064469 0.018220 0.422797
v 0.065569 0.022411 0.411242
v 0.066555 0.029592 0.403662
v 0.067563 0.037014 0.400726
v 0.067881 0.044247 0.400421
v 0.069022 0.051574 0.403594
v 0.070157 0.058310 0.411550
v 0.063816 0.068032 0.422973
v 0.062925 0.066703 0.439118
v 0.061777 0.060793 0.451083
v 0.060993 0.052973 0.458865
v 0.060269 0.044434 0.463034
v 0.059963 0.035472 0.462625
v 0.059478 0.027449 0.457191
v 0.059031 0.021487 0.447388
v 0.058941 0.018330 0.434487
v 0.059193 0.018750 0.420637
v 0.059566 0.022444 0.408662
v 0.060396 0.029315 0.399282
v 0.061017 0.037721 0.394938
v 0.061666 0.046568 0.395239
v 0.062289 0.055833 0.399623
v 0.062956 0.063840 0.408696
v 0.054490 0.070553 0.421533
v 0.053847 0.068894 0.438590
v 0.053518 0.062505 0.451181
v 0.052654 0.054669 0.458803
v 0.051896 0.046306 0.462615
v 0.051600 0.037651 0.462499
v 0.051457 0.029344 0.457314
v 0.051532 0.023347 0.447278
v 0.051657 0.020291 0.433820
v 0.051744 0.020513 0.419619
v 0.051869 0.023712 0.408149
v 0.052093 0.030203 0.398829
v 0.052444 0.039175 0.393816
v 0.053130 0.048547 0.393911
v 0.053737 0.057694 0.398341
v 0.054410 0.065524 0.406958
v 0.046769 0.068398 0.423667
v 0.046717 0.066889 0.437423
v 0.046020 0.061699 0.447671
v 0.045653 0.054292 0.454517
v 0.045218 0.046088 0.457765
v 0.044980 0.037603 0.457646
v 0.045023 0.029671 0.453278
v 0.045262 0.023652 0.444350
v 0.045453 0.020857 0.433297
v 0.045443 0.021275 0.421336
v 0.045233 0.025414 0.409428
v 0.045310 0.032601 0.400959
v 0.045784 0.040481 0.397135
v 0.046073 0.048854 0.396883
v 0.046507 0.056916 0.400346
v 0.046786 0.064180 0.408601
v 0.160560 -0.046102 0.551588
v 0.154883 -0.024844 0.537678
v 0.153543 -0.027606 0.547862
v 0.163367 -0.044712 0.540050
v 0.161755 -0.046056 0.527753
v 0.154610 -0.027885 0.527294
v 0.152321 -0.032985 0.521417
v 0.158565 -0.049116 0.522650
v 0.149640 -0.037125 0.519130
v 0.156051 -0.051329 0.521320
v 0.146816 -0.040148 0.517412
v 0.153901 -0.053158 0.520730
v 0.151808 -0.055169 0.520309
v 0.145369 -0.044712 0.518166
v 0.149261 -0.057819 0.520724
v 0.142867 -0.049576 0.519479
v 0.146232 -0.061167 0.524871
v 0.139065 -0.053358 0.524245
v 0.144464 -0.063322 0.535869
v 0.137279 -0.054611 0.533913
v 0.138036 -0.053053 0.544166
v 0.145248 -0.061046 0.547182
v 0.140582 -0.048522 0.551372
v 0.147502 -0.057738 0.552413
v 0.149990 -0.054799 0.554367
v 0.143833 -0.044706 0.552581
v 0.145525 -0.040398 0.553791
v 0.152156 -0.052473 0.555042
v 0.147736 -0.036734 0.554017
v 0.154490 -0.050543 0.555359
v 0.150409 -0.032372 0.553176
v 0.157073 -0.048689 0.554977
v 0.168365 -0.071997 0.552101
v 0.170482 -0.072923 0.544363
v 0.169057 -0.072479 0.530440
v 0.165887 -0.073099 0.525555
v 0.163559 -0.073471 0.524235
v 0.161580 -0.073796 0.523661
v 0.159975 -0.074322 0.523321
v 0.157602 -0.075141 0.523559
v 0.154737 -0.076067 0.526202
v 0.151837 -0.077006 0.537724
v 0.153603 -0.075917 0.550010
v 0.155995 -0.074811 0.554012
v 0.158141 -0.073597 0.555564
v 0.160159 -0.072982 0.556201
v 0.162154 -0.072646 0.556479
v 0.164555 -0.072491 0.556103
v 0.161221 -0.098619 0.553650
v 0.164569 -0.101975 0.540471
v 0.161559 -0.098856 0.526536
v 0.158609 -0.096568 0.524447
v 0.156694 -0.094755 0.524488
v 0.153624 -0.093215 0.526674
v 0.150657 -0.090645 0.537824
v 0.152606 -0.092840 0.550069
v 0.155019 -0.093944 0.553508
v 0.157444 -0.095580 0.555166
v 0.137756 -0.110166 0.535868
v 0.153666 -0.018619 0.536407
v 0.153546 -0.020418 0.520467
v 0.150932 -0.024924 0.509138
v 0.147991 -0.032197 0.506301
v 0.146012 -0.037731 0.507134
v 0.142905 -0.042119 0.505021
v 0.138336 -0.048610 0.506808
v 0.135470 -0.052799 0.517677
v 0.133808 -0.053665 0.532171
v 0.134047 -0.052473 0.547291
v 0.136220 -0.048357 0.559484
v 0.139727 -0.041669 0.564585
v 0.142727 -0.036738 0.565004
v 0.145102 -0.031341 0.565588
v 0.148515 -0.024247 0.562512
v 0.152054 -0.020241 0.552063
v 0.145714 -0.007189 0.534246
v 0.145884 -0.008535 0.517871
v 0.143994 -0.013073 0.505423
v 0.140733 -0.019886 0.500323
v 0.137526 -0.026521 0.500042
v 0.133614 -0.033533 0.498490
v 0.129218 -0.040609 0.502100
v 0.126518 -0.044306 0.515525
v 0.125573 -0.044763 0.529990
v 0.125370 -0.044220 0.544354
v 0.126716 -0.040881 0.558483
v 0.130417 -0.034032 0.565368
v 0.134607 -0.026448 0.566683
v 0.138205 -0.019349 0.566793
v 0.141843 -0.012853 0.561824
v 0.144567 -0.008600 0.550173
v 0.136874 -0.002367 0.521466
v 0.136824 -0.001768 0.533038
v 0.135448 -0.006077 0.509313
v 0.133154 -0.012320 0.502633
v 0.130419 -0.018582 0.500615
v 0.126898 -0.024738 0.501249
v 0.123286 -0.029999 0.507968
v 0.121725 -0.032884 0.520004
v 0.121354 -0.033284 0.529075
v 0.120973 -0.032898 0.538306
v 0.121454 -0.030168 0.550607
v 0.124310 -0.024927 0.559215
v 0.127822 -0.018644 0.561813
v 0.130845 -0.012150 0.560645
v 0.133708 -0.006010 0.554480
v 0.135811 -0.002262 0.543142
v 0.087704 0.063168 0.519447
v 0.087404 0.061192 0.505671
v 0.086412 0.055449 0.495428
v 0.085214 0.048644 0.490000
v 0.084594 0.040947 0.488330
v 0.083352 0.032962 0.489736
v 0.082053 0.025642 0.495917
v 0.080967 0.020611 0.506775
v 0.079919 0.019411 0.518396
v 0.080199 0.020527 0.530184
v 0.080630 0.025385 0.541026
v 0.081659 0.032519 0.547487
v 0.082936 0.040465 0.549297
v 0.083472 0.048009 0.547865
v 0.084896 0.055282 0.542717
v 0.086690 0.061216 0.532213
v 0.079324 0.070012 0.517490
v 0.079079 0.067471 0.501895
v 0.078843 0.060094 0.490215
v 0.078049 0.051405 0.483505
v 0.077380 0.042951 0.481161
v 0.076876 0.034004 0.483614
v 0.076140 0.026283 0.491508
v 0.075207 0.021445 0.503037
v 0.074492 0.019680 0.516852
v 0.074076 0.021344 0.530774
v 0.074093 0.026170 0.542736
v 0.074502 0.033905 0.550830
v 0.074763 0.042569 0.553269
v 0.075672 0.051217 0.550854
v 0.076474 0.060052 0.544151
v 0.077928 0.067006 0.533256
v 0.068995 0.072906 0.514984
v 0.069407 0.069476 0.498154
v 0.069376 0.062307 0.487142
v 0.068785 0.053768 0.480772
v 0.068262 0.044628 0.478572
v 0.067470 0.035862 0.481086
v 0.067285 0.028079 0.488952
v 0.066636 0.023605 0.500370
v 0.066059 0.022007 0.514746
v 0.065519 0.023446 0.529023
v 0.065032 0.027905 0.540693
v 0.065011 0.035121 0.548575
v 0.065439 0.044216 0.551500
v 0.066149 0.053531 0.549133
v 0.067212 0.062049 0.542605
v 0.068108 0.069261 0.531671
v 0.060630 0.068425 0.498690
v 0.060493 0.070899 0.513211
v 0.060606 0.062171 0.488662
v 0.060475 0.054110 0.483159
v 0.060105 0.045483 0.481646
v 0.059861 0.037198 0.483727
v 0.059378 0.029677 0.490271
v 0.059215 0.024497 0.501269
v 0.058829 0.022880 0.513166
v 0.058280 0.024320 0.525102
v 0.057731 0.029056 0.535886
v 0.057465 0.036436 0.542894
v 0.057610 0.045124 0.545374
v 0.058121 0.053827 0.543658
v 0.058716 0.061906 0.537727
v 0.059499 0.068217 0.527516
v -0.212394 0.410611 0.454125
v -0.202803 0.391919 0.461938
v -0.202463 0.427058 0.474271
v -0.207131 0.386727 0.451976
v -0.157770 0.372983 0.418649
v -0.158311 0.367305 0.419165
v -0.159259 0.367884 0.401898
v -0.158665 0.373349 0.399492
v -0.162946 0.367091 0.387783
v -0.163163 0.373996 0.385058
v -0.168603 0.365345 0.379328
v -0.169235 0.373663 0.376514
v -0.175481 0.361972 0.376799
v -0.175647 0.372864 0.371017
v -0.182296 0.358187 0.381208
v -0.181950 0.371971 0.371778
v -0.187725 0.357093 0.387396
v -0.187690 0.372108 0.376441
v -0.191082 0.357922 0.391332
v -0.191839 0.373067 0.380941
v -0.195377 0.374311 0.383170
v -0.168034 0.377722 0.466412
v -0.175628 0.376913 0.474450
v -0.174044 0.366624 0.468941
v -0.167263 0.370057 0.463151
v -0.162435 0.369941 0.450485
v -0.162828 0.376155 0.453003
v -0.159605 0.368857 0.435071
v -0.159526 0.373994 0.436928
v -0.197618 0.359224 0.396811
v -0.203554 0.352805 0.407508
v -0.212769 0.363771 0.415059
v -0.210123 0.366778 0.399762
v -0.205740 0.371130 0.391560
v -0.200554 0.373910 0.385604
v -0.204337 0.351821 0.432833
v -0.210781 0.365917 0.432251
v -0.198025 0.357141 0.445796
v -0.206453 0.369594 0.441697
v -0.201724 0.371314 0.449261
v -0.193867 0.357619 0.448442
v -0.196564 0.370773 0.454637
v -0.190423 0.357819 0.451126
v -0.186297 0.358772 0.456189
v -0.188280 0.372135 0.465758
v -0.180961 0.361990 0.464105
v -0.182463 0.374656 0.472195
v -0.150671 0.409854 0.431080
v -0.154137 0.404458 0.430673
v -0.154619 0.405908 0.404612
v -0.153078 0.411749 0.398088
v -0.160986 0.409989 0.374321
v -0.162994 0.420328 0.355240
v -0.154158 0.390388 0.428095
v -0.154806 0.391517 0.405145
v -0.160363 0.394680 0.377319
v -0.166726 0.415656 0.357683
v -0.174935 0.421112 0.346640
v -0.177725 0.435588 0.345358
v -0.166725 0.396611 0.363663
v -0.174615 0.398710 0.353417
v -0.181919 0.400492 0.351362
v -0.188533 0.401595 0.355598
v -0.182373 0.424673 0.344903
v -0.193345 0.401462 0.360501
v -0.197752 0.397808 0.365445
v -0.193927 0.425663 0.354605
v -0.194696 0.437758 0.349387
v -0.189239 0.428757 0.478686
v -0.177776 0.425919 0.475818
v -0.190308 0.439522 0.474204
v -0.166816 0.425751 0.475351
v -0.166370 0.415162 0.464903
v -0.181589 0.401931 0.481918
v -0.171375 0.399791 0.476764
v -0.163032 0.395695 0.462159
v -0.158980 0.408755 0.444516
v -0.157538 0.414442 0.448544
v -0.157725 0.392242 0.442291
v -0.220085 0.375415 0.410421
v -0.217369 0.379593 0.392239
v -0.211542 0.384548 0.381695
v -0.205115 0.391491 0.372215
v -0.225718 0.394406 0.408644
v -0.222250 0.398778 0.388716
v -0.215778 0.406429 0.376214
v -0.227431 0.413460 0.407475
v -0.222848 0.417159 0.385102
v -0.208556 0.416485 0.366607
v -0.217993 0.377867 0.429907
v -0.212188 0.381443 0.441766
v -0.222920 0.396011 0.429962
v -0.223937 0.414378 0.431004
v -0.216767 0.400586 0.443815
v -0.203986 0.438910 0.464482
v -0.195529 0.399822 0.476019
v -0.189258 0.400754 0.480172
v -0.070631 0.647857 0.393510
v -0.090235 0.640475 0.321252
v -0.153504 0.612636 0.322693
v -0.124742 0.617595 0.317287
v -0.216091 0.585258 0.237371
v -0.145838 0.613089 0.255634
v -0.196509 0.591541 0.338466
v -0.251029 0.584143 0.312004
v -0.209685 0.585226 0.384779
v -0.257946 0.592829 0.381288
v -0.201799 0.620786 0.459461
v -0.223545 0.652194 0.478561
v -0.179013 0.663116 0.500362
v -0.165721 0.693229 0.512077
v -0.159799 0.669587 0.508527
v -0.132794 0.675349 0.519610
v -0.090251 0.667467 0.473306
v 0.543913 1.657698 0.207126
v 0.514786 1.611364 0.254383
v 0.564601 1.621751 0.146408
v 0.533923 1.674218 0.226999
v 0.524379 1.729694 0.271739
v 0.537893 1.703849 0.232916
v 0.599868 1.745482 0.150918
v 0.575988 1.685452 0.144145
v 0.620792 1.707119 0.106689
v 0.566451 1.664415 0.162099
v 0.657476 1.700509 0.075730
v 0.575893 1.709427 0.154941
v 0.543032 1.695016 0.244666
v 0.545913 1.704687 0.242921
v 0.541910 1.684713 0.242921
v 0.542657 1.674795 0.237856
v 0.545197 1.666231 0.229966
v 0.549282 1.659853 0.220024
v 0.554511 1.656290 0.209004
v 0.556704 1.654028 0.175991
v 0.560371 1.655898 0.197983
v 0.566290 1.658706 0.188041
v 0.571686 1.664454 0.180153
v 0.561600 1.721353 0.220024
v 0.567457 1.720976 0.209004
v 0.562222 1.727193 0.198202
v 0.555674 1.718537 0.229966
v 0.547949 1.720899 0.224646
v 0.550269 1.712797 0.237856
v 0.576032 1.672564 0.175086
v 0.578911 1.682258 0.173341
v 0.580034 1.692569 0.175086
v 0.579294 1.702494 0.180153
v 0.576760 1.711058 0.188041
v 0.569035 1.724300 0.175084
v 0.572687 1.717429 0.197983
v 0.565401 1.711097 0.228633
v 0.569658 1.710820 0.220627
v 0.561099 1.709050 0.235856
v 0.557176 1.704880 0.241589
v 0.554010 1.698994 0.245269
v 0.551919 1.691961 0.246537
v 0.551104 1.684474 0.245269
v 0.551647 1.677273 0.241589
v 0.553492 1.671048 0.235856
v 0.556459 1.666416 0.228633
v 0.560260 1.663831 0.220627
v 0.564517 1.663546 0.212619
v 0.568813 1.665593 0.205396
v 0.572737 1.669763 0.199664
v 0.575899 1.675657 0.195984
v 0.577988 1.682689 0.194715
v 0.578800 1.690184 0.195984
v 0.578261 1.697393 0.199664
v 0.576421 1.703618 0.205396
v 0.573454 1.708242 0.212619
v 0.567741 1.698986 0.232298
v 0.569980 1.698840 0.228088
v 0.565479 1.697909 0.236095
v 0.563417 1.695716 0.239109
v 0.561755 1.692615 0.241043
v 0.560655 1.688922 0.241710
v 0.560227 1.684990 0.241043
v 0.560510 1.681197 0.239109
v 0.561483 1.677927 0.236095
v 0.563045 1.675495 0.232298
v 0.565040 1.674133 0.228088
v 0.567279 1.673987 0.223879
v 0.569541 1.675057 0.220081
v 0.571603 1.677250 0.217068
v 0.573259 1.680350 0.215133
v 0.574359 1.684051 0.214466
v 0.574787 1.687983 0.215133
v 0.574504 1.691776 0.217068
v 0.573537 1.695046 0.220081
v 0.571975 1.697478 0.223879
v 0.568391 1.686198 0.230660
v 0.563806 1.762163 0.186368
v 0.499754 1.844046 0.101839
v 0.429929 1.885556 0.040161
v 0.426516 1.870222 0.096951
v 0.578122 1.815131 0.047168
v 0.508400 1.854933 0.067120
v 0.513919 1.861727 0.028968
v 0.536026 1.556950 0.177741
v 0.576082 1.592120 0.137937
v 0.627333 1.595983 0.065157
v 0.645567 1.665023 0.104027
v 0.632607 1.632507 0.102659
v 0.820264 1.612725 0.038572
v 0.810516 1.590443 0.054905
v 0.796189 1.562128 0.054905
v 0.784163 1.539207 0.038572
v 0.627677 1.761779 0.042250
v 0.162524 1.753877 0.150984
v 0.100901 1.639817 0.239842
v 0.178456 1.721207 0.246551
v 0.128658 1.608009 0.292411
v 0.455418 1.650004 0.274372
v 0.481594 1.746606 0.246144
v 0.338420 1.868337 0.112892
v 0.371845 1.833228 0.191119
v 0.235589 1.842630 0.067107
v 0.293059 1.813153 0.157605
v 0.203507 1.800750 0.139268
v 0.225369 1.768819 0.206536
v 0.200772 1.697370 0.246136
v 0.268690 1.747506 0.203678
v 0.308899 1.614310 0.326176
v 0.375943 1.628960 0.330542
v 0.332845 1.676442 0.289523
v 0.394404 1.688914 0.313993
v 0.363464 1.751922 0.251913
v 0.261460 1.631592 0.298443
v 0.295220 1.692492 0.267725
v 0.434239 1.732941 0.289642
v 0.406614 1.793564 0.239191
v 0.336879 1.779737 0.231821
v 0.227589 1.661722 0.271402
v -0.156379 0.850101 0.614776
v -0.232857 0.795541 0.545440
v -0.153750 0.813899 0.538767
v -0.088066 0.873291 0.639722
v -0.208659 0.827949 0.624478
v -0.262682 0.799480 0.641184
v -0.308140 0.768719 0.533932
v -0.326981 0.792194 0.640313
v -0.375910 0.779452 0.514505
v 0.019016 0.949641 0.676573
v -0.025432 0.896813 0.626861
v 0.035229 0.933245 0.587805
v 0.075472 1.018736 0.638013
v -0.460043 0.807505 0.545386
v -0.421353 0.790917 0.555261
v -0.383925 0.813822 0.674193
v -0.502391 0.851863 0.600751
v -0.436771 0.847423 0.647517
v -0.464682 0.882294 0.662096
v -0.366557 0.955381 0.766462
v -0.306248 0.882817 0.790231
v -0.251079 1.062239 0.838801
v -0.241259 0.972555 0.841621
v -0.232408 0.883848 0.811004
v -0.182478 1.003847 0.865007
v -0.197404 1.069087 0.860732
v -0.275331 0.810875 0.728475
v -0.299161 0.829357 0.756509
v -0.144946 1.137074 0.872330
v -0.461441 1.008857 0.653085
v -0.514314 0.974440 0.648685
v -0.324797 1.064771 0.777578
v -0.709299 0.955120 0.504548
v -0.634674 0.884594 0.512221
v -0.596834 0.900675 0.578445
v -0.522549 0.844884 0.500648
v -0.732590 0.920911 0.345322
v -0.557215 0.935961 0.629064
v -1.026995 0.634955 0.145665
v -1.262907 0.574912 0.136971
v -1.018764 0.642372 0.203867
v -1.276773 0.627574 0.298350
v -1.013168 0.658995 0.231636
v -1.276723 0.647821 0.336846
v -1.002231 0.678163 0.258559
v -1.273527 0.665341 0.357275
v -0.997301 0.693394 0.285946
v -1.271293 0.684805 0.364530
v -0.899152 0.745200 0.317067
v -1.007538 0.773397 0.332851
v -1.271504 0.712428 0.338154
v -1.016463 0.801942 0.302396
v -1.024260 0.821101 0.254530
v -1.030885 0.829526 0.197602
v -1.271949 0.724911 0.264738
v -1.040121 0.832089 0.109932
v -1.273005 0.721919 0.160608
v -1.465914 0.600330 0.334775
v -1.537727 0.585711 0.383891
v -1.468087 0.575930 0.300080
v -1.469487 0.572570 0.282157
v -1.466753 0.621252 0.325406
v -1.470082 0.632956 0.282785
v -0.896767 0.881455 0.113812
v -0.902092 0.865120 0.197165
v -0.894945 0.833266 0.264569
v -0.903764 0.810168 0.276701
v -0.776699 0.881894 0.317222
v -0.816252 0.904238 0.232546
v -0.824354 0.801904 0.308067
v -0.871298 0.727430 0.254646
v -0.817658 0.766897 0.294404
v -0.789587 0.741055 0.273597
v -0.844789 0.704109 0.219385
v -0.820281 0.679601 0.175726
v -0.742655 0.707297 0.240881
v -0.709060 0.689997 0.204014
v -0.791932 0.669382 0.108443
v -0.763428 0.663998 0.029157
v -0.671131 0.680979 0.145885
v -0.616801 0.665436 0.062928
v -1.592901 0.567140 0.310788
v 0.137821 1.121839 0.597394
v 0.185049 1.207684 0.556917
v 0.123720 1.178146 0.653136
v 0.092753 1.100941 0.678153
v 0.179392 1.138066 0.545857
v -0.420968 0.800111 0.508141
v -0.435643 0.813368 0.503085
v -0.160342 0.955589 0.855509
v -0.127016 1.069595 0.869809
v -0.121798 0.921757 0.846492
v -0.098698 1.030131 0.886018
v -0.166912 0.842176 0.758509
v -0.183607 0.870429 0.803319
v -0.221617 0.822055 0.747095
v -0.041450 0.922519 0.800911
v -0.076174 0.932537 0.846621
v -0.106403 0.875692 0.784799
v -0.047455 0.988251 0.856510
v -0.075945 0.996661 0.874676
v -0.053524 1.061085 0.871136
v -0.091904 0.879008 0.721792
v -0.032735 0.911586 0.719452
v -0.154411 0.846169 0.697683
v -0.204311 0.819801 0.696766
v 0.017175 0.977795 0.740919
v -0.042362 1.132365 0.867188
v -0.004339 1.097356 0.832802
v 0.003536 1.173768 0.819703
v 0.055613 1.134758 0.742922
v -0.007109 1.014920 0.826622
v 0.044914 1.053445 0.751947
v -0.082717 1.107620 0.900000
v -0.118811 0.769896 0.522564
v -0.210416 0.722189 0.494097
v -0.274047 0.737077 0.477835
v -0.317631 0.712460 0.448087
v -0.277063 0.678101 0.428226
v -0.333024 0.671141 0.403867
v -0.282809 0.625734 0.443808
v -0.335958 0.628132 0.348209
v -0.078330 0.841475 0.565180
v -0.005965 0.849847 0.533309
v -0.073195 0.729893 0.516381
v 0.093231 0.825441 0.449129
v 0.048162 0.842214 0.494194
v 0.144983 1.069857 0.536994
v 0.230387 1.150693 0.489267
v 0.095656 0.938177 0.512397
v 0.183854 1.034186 0.485529
v 0.267371 1.273647 0.478607
v -0.464585 0.828472 0.496744
v -0.509998 0.899021 0.433743
v -0.438420 0.787493 0.484720
v -0.428634 0.742656 0.440939
v -0.361955 0.731252 0.455773
v -0.418207 0.682989 0.382223
v -0.613011 0.946048 0.294668
v -0.566207 1.041503 0.223922
v -0.535275 1.040126 0.326205
v -0.003726 0.683191 0.143606
v -0.023375 0.668505 0.276369
v -0.313031 0.605109 0.266118
v -0.321257 0.604438 0.159920
v -0.019382 0.726110 0.482815
v 0.021179 0.713718 0.420624
v 0.131295 0.785592 0.320260
v 0.007267 0.689248 0.344244
v -0.193929 0.581109 0.120481
v -0.303759 0.589500 0.031716
v 0.151733 0.789901 0.160991
v -0.635919 0.943163 0.390594
v -0.580545 0.889249 0.437118
v -0.549222 0.838329 0.459927
v -0.512352 0.795702 0.460058
v -0.508098 0.747109 0.416358
v -0.470769 0.708371 0.384098
v -0.463054 0.663260 0.326967
v -0.407256 0.632356 0.308909
v -0.429267 0.620157 0.219522
v -0.388809 0.601788 0.144128
v -0.422882 0.606682 0.087664
v -0.373936 0.598562 0.048556
v -0.705531 0.897721 0.358337
v -0.712194 0.841814 0.373587
v -0.626816 0.871145 0.414356
v -0.656370 0.916356 0.383673
v -0.750941 0.777005 0.328737
v -0.673493 0.799326 0.383996
v -0.598206 0.820832 0.428713
v -0.572853 0.783161 0.417323
v -0.635424 0.755503 0.367346
v -0.710066 0.728337 0.305206
v -0.605753 0.708017 0.326496
v -0.685269 0.698943 0.268944
v -0.517362 0.691453 0.337123
v -0.644205 0.684585 0.235878
v -0.566829 0.674131 0.256144
v -0.497024 0.650582 0.244844
v -0.603213 0.669730 0.160555
v -0.549683 0.648968 0.102263
v -0.479563 0.623677 0.108496
v 0.185761 0.956058 0.440635
v 0.257890 1.059154 0.440413
v 0.305955 1.162773 0.420250
v 0.276810 1.012865 0.344244
v 0.214783 0.909831 0.336993
v 0.334820 1.132234 0.345044
v 0.329193 1.257474 0.419459
v 0.379737 1.249041 0.345169
v 0.307170 1.005587 0.188232
v 0.235677 0.905523 0.183101
v 0.356682 1.133573 0.204019
v 0.443024 1.275755 0.211377
v 0.054184 1.649866 0.117701
v -0.123005 1.234606 0.849450
v -0.164051 1.227543 0.815994
v -0.078721 1.214393 0.762144
v -0.127902 1.328415 0.788259
v -0.431270 1.049798 0.643626
v -0.328655 1.131526 0.744796
v -0.498956 1.067141 0.536219
v -0.195719 1.145622 0.860615
v -0.655364 0.989252 0.554219
v -0.613322 1.015420 0.539572
v -0.771481 1.030577 0.446935
v -0.560082 1.036302 0.521527
v -0.829250 0.989105 0.386497
v -0.859938 0.926643 0.266482
v -0.966419 0.964214 0.198878
v -0.960606 0.998415 0.243921
v -0.951725 1.037795 0.268176
v -0.953681 1.077489 0.233865
v -1.038026 1.044681 0.090274
v -0.986231 1.115430 0.008952
v -0.998707 1.038195 0.199224
v -1.004659 0.981350 0.143005
v -0.254197 1.222503 0.783808
v -0.251887 1.145045 0.823157
v -0.210281 1.206799 0.832681
v -0.802614 0.927505 0.132912
v 0.140598 1.258497 0.631012
v 0.207960 1.315458 0.542483
v 0.010702 1.244332 0.779978
v 0.071097 1.217256 0.710764
v 0.062878 1.335447 0.683402
v 0.140453 1.325606 0.604605
v -0.106446 1.134981 0.894564
v -0.886153 0.971009 0.116681
v -0.696828 1.006302 0.172728
v -0.830134 1.070341 0.031741
v -0.648790 1.049313 0.210878
v -0.664829 1.003594 0.311749
v -0.647751 1.066748 0.063515
v -0.704225 1.016112 0.061844
v -0.705776 0.997615 0.198530
v -0.735702 0.975179 0.054848
v -0.726288 0.962806 0.192727
v -0.766490 0.949418 0.048194
v -0.716413 0.934661 0.302505
v -0.698084 0.957267 0.307197
v 0.385359 1.392708 0.343789
v 0.393509 1.328853 0.327809
v 0.434503 1.378089 0.247976
v 0.337930 1.332839 0.408760
v 0.471556 1.363439 0.144670
v 0.518245 1.423385 0.082006
v 0.481401 1.435742 0.177531
v -0.477993 1.095979 0.320076
v -0.421236 1.248025 0.275982
v -0.430358 1.203390 0.211966
v 0.029849 1.463641 0.632971
v 0.085347 1.466642 0.593288
v 0.075558 1.506868 0.541941
v 0.227619 1.482561 0.410648
v 0.127342 1.424062 0.574608
v 0.179406 1.525419 0.402360
v -0.010786 1.481969 0.655201
v 0.020040 1.515993 0.573557
v 0.017655 1.549286 0.444842
v 0.056582 1.534921 0.460909
v -0.053121 1.553603 0.371085
v -0.018309 1.514901 0.586374
v -0.051583 1.516747 0.554754
v -0.231444 1.457371 0.397206
v -0.193274 1.465296 0.290742
v -0.253072 1.404873 0.246757
v -0.110134 1.500805 0.457727
v 0.264473 1.434449 0.427239
v 0.146710 1.570130 0.357960
v 0.017267 1.590574 0.272834
v 0.057989 1.594613 0.305826
v -0.468449 1.104004 0.279462
v -0.378494 1.270331 0.194817
v -0.487672 1.128818 0.502992
v -0.557181 1.102126 0.428763
v -0.544111 1.073942 0.467705
v -0.568185 1.061962 0.467873
v -0.395489 1.349974 0.468418
v -0.400405 1.303593 0.519642
v -0.359726 1.369302 0.557531
v -0.518673 1.138505 0.439485
v -0.548393 1.118631 0.407323
v -0.566585 1.144268 0.366033
v -0.517375 1.163180 0.409941
v -0.573092 1.179569 0.311398
v -0.545193 1.163327 0.353092
v -0.518319 1.207753 0.347362
v -0.443450 1.278756 0.441606
v -0.517469 1.179785 0.379449
v -0.417880 1.332369 0.355700
v -0.470868 1.299223 0.352702
v -0.507087 1.247802 0.335259
v -0.466584 1.302924 0.287692
v -0.502656 1.265768 0.244809
v -0.490553 1.082752 0.261169
v -0.516574 1.135142 0.177230
v -0.479875 1.203098 0.195598
v -0.313221 1.352044 0.253165
v -0.349149 1.365363 0.383645
v -0.318550 1.394993 0.563449
v -0.214810 1.455901 0.665295
v -0.265605 1.441928 0.546820
v -0.265501 1.411620 0.650124
v -0.146413 1.484762 0.583357
v 0.047395 1.426263 0.662762
v -0.016708 1.306786 0.768527
v -0.076322 1.336024 0.777145
v -0.058266 1.372257 0.756044
v -0.876766 1.094217 0.286903
v -0.718713 1.059039 0.411434
v -0.703653 1.096902 0.355997
v -0.715896 1.141775 0.290620
v -0.909316 1.108266 0.217424
v -0.938854 1.114137 0.150192
v -0.747106 1.161264 0.207499
v -0.568346 1.230828 0.242377
v -0.559282 1.233098 0.125903
v -0.765029 1.192065 0.137366
v -0.954637 1.130980 0.091196
v -0.760811 1.207230 0.026868
v -0.631434 1.125709 0.105493
v -0.246941 1.378081 0.705623
v -0.215963 1.425970 0.707562
v -0.198625 1.401148 0.740117
v -0.215293 1.352498 0.750763
v -0.196429 1.291128 0.777655
v -0.109927 1.421885 0.695493
v -0.172397 1.370125 0.760315
v -0.547020 1.098579 0.226654
v -0.550156 1.134565 0.047921
v 0.470223 1.517324 0.259696
v 0.436479 1.445875 0.255630
v 0.492329 1.488055 0.201738
v 0.526976 1.490364 0.135435
v 0.552632 1.473998 0.063229
v -0.068641 1.561412 0.163235
v -0.202249 1.458209 0.133937
v -0.255442 1.402703 0.134504
v -0.353618 1.284350 0.071886
v -0.450498 1.204668 0.059119
v 0.750485 1.669609 0.025313
v 0.751319 1.675826 -0.000000
v 0.821837 1.620520 0.021034
v 0.739365 1.657760 0.058669
v 0.670103 1.716044 0.043403
v 0.734185 1.641779 0.078488
v 0.651791 1.683190 0.092249
v 0.815846 1.602192 0.049790
v 0.728333 1.627806 0.083183
v 0.721642 1.612410 0.078486
v 0.639276 1.648696 0.106215
v 0.803514 1.576116 0.057037
v 0.714245 1.597560 0.076823
v 0.707810 1.583380 0.071267
v 0.790287 1.549663 0.049377
v 0.705264 1.569845 0.044907
v 0.630195 1.613387 0.086834
v 0.705881 1.551556 0.024098
v 0.779350 1.534844 0.020774
v 0.701458 1.549879 -0.000000
v 0.633246 1.570469 0.028846
v 0.852414 1.576855 0.029461
v 0.855354 1.586473 -0.000000
v 0.848990 1.568776 0.033066
v 0.838376 1.545354 0.032575
v 0.832935 1.536429 0.028836
v 0.827928 1.530066 -0.000000
v 0.821837 1.620520 -0.021034
v 0.750485 1.669609 -0.025313
v 0.670103 1.716044 -0.043403
v 0.739365 1.657760 -0.058669
v 0.651791 1.683190 -0.092249
v 0.734185 1.641779 -0.078488
v 0.728333 1.627806 -0.083183
v 0.815846 1.602192 -0.049790
v 0.639276 1.648696 -0.106215
v 0.721642 1.612410 -0.078486
v 0.714245 1.597560 -0.076823
v 0.803514 1.576116 -0.057037
v 0.790287 1.549663 -0.049377
v 0.707810 1.583380 -0.071267
v 0.630195 1.613387 -0.086834
v 0.705264 1.569845 -0.044907
v 0.779350 1.534844 -0.020774
v 0.705881 1.551556 -0.024098
v 0.633246 1.570469 -0.028846
v 0.852414 1.576855 -0.029461
v 0.848990 1.568776 -0.033066
v 0.838376 1.545354 -0.032575
v 0.832935 1.536429 -0.028836
v 0.609894 1.726000 0.127395
v 0.596083 1.701540 0.129095
v 0.589309 1.714390 0.146597
v 0.601063 1.691607 0.137946
v 0.638787 1.703410 0.089445
v 0.605992 1.679273 0.122363
v 0.571925 1.674210 0.152752
v 0.577155 1.696862 0.148740
v 0.585574 1.728655 0.154370
v 0.604247 1.660761 0.114180
v 0.564367 1.643718 0.151663
v 0.583224 1.734072 0.160084
v 0.566118 1.743059 0.181106
v 0.581812 1.753754 0.168624
v 0.573470 1.717706 0.161690
v 0.649668 1.722484 0.035314
v 0.603814 1.565837 0.073768
v 0.600991 1.595860 0.097822
v 0.604153 1.643864 0.120292
v 0.601391 1.629845 0.118129
v 0.603575 1.613226 0.115473
v 0.570742 1.606570 0.144051
v 0.652591 1.740689 0.009691
v 0.630350 1.760894 0.021534
v 0.654786 1.738973 -0.000000
v 0.616179 1.755269 0.101707
v 0.626421 1.736795 0.079528
v 0.592654 1.785046 0.109223
v 0.577833 1.778583 0.156782
v 0.565812 1.812769 0.099442
v 0.603792 1.790001 0.046074
v 0.559165 1.786162 0.171323
v 0.587069 1.544500 0.076037
v 0.605236 1.534498 -0.000000
v 0.589309 1.714390 -0.146597
v 0.596083 1.701540 -0.129095
v 0.609894 1.726000 -0.127395
v 0.605992 1.679273 -0.122364
v 0.638787 1.703410 -0.089445
v 0.601063 1.691607 -0.137946
v 0.571925 1.674210 -0.152752
v 0.585574 1.728655 -0.154370
v 0.577155 1.696862 -0.148740
v 0.564367 1.643718 -0.151663
v 0.604247 1.660761 -0.114180
v 0.581812 1.753754 -0.168624
v 0.566118 1.743059 -0.181106
v 0.583224 1.734072 -0.160084
v 0.573470 1.717706 -0.161690
v 0.649668 1.722484 -0.035314
v 0.600991 1.595860 -0.097822
v 0.603814 1.565837 -0.073768
v 0.604153 1.643864 -0.120292
v 0.601391 1.629845 -0.118129
v 0.570742 1.606570 -0.144051
v 0.603575 1.613226 -0.115473
v 0.630350 1.760894 -0.021534
v 0.652591 1.740689 -0.009691
v 0.626421 1.736795 -0.079528
v 0.616179 1.755269 -0.101707
v 0.565812 1.812769 -0.099442
v 0.577833 1.778583 -0.156782
v 0.592654 1.785046 -0.109223
v 0.603792 1.790001 -0.046074
v 0.559165 1.786162 -0.171323
v 0.587069 1.544500 -0.076037
vn -0.7933 -0.5050 -0.3400
vn -0.9507 -0.1818 0.2511
vn -0.9060 -0.4086 -0.1100
vn -0.7791 -0.5940 -0.2006
vn -0.9715 0.1300 -0.1980
vn -0.7533 -0.6564 0.0410
vn -0.8303 -0.4950 0.2560
vn -0.9565 -0.2529 -0.1451
vn -0.9711 -0.1889 -0.1457
vn -0.8614 -0.3304 0.3858
vn -0.9614 -0.1011 0.2559
vn -0.7661 -0.4051 -0.4989
vn 0.6606 -0.7481 -0.0627
vn -0.2049 -0.4951 -0.8443
vn 0.8286 -0.3430 -0.4425
vn 0.5608 0.6467 0.5170
vn -0.1172 0.6700 -0.7330
vn -0.4346 0.8905 -0.1345
vn -0.0432 0.9151 -0.4010
vn -0.1373 0.8517 -0.5057
vn -0.0610 0.9204 -0.3861
vn 0.0108 0.8706 -0.4919
vn -0.0727 0.9172 -0.3917
vn 0.1353 0.8921 -0.4310
vn 0.0131 0.9339 -0.3574
vn 0.1375 0.7587 -0.6368
vn -0.9926 0.1217 0.0048
vn -0.7772 -0.2957 0.5555
vn -0.9718 0.1975 0.1291
vn -0.7045 -0.1837 0.6856
vn -0.8604 0.4607 0.2179
vn -0.7640 0.1692 0.6227
vn -0.2962 0.9156 0.2720
vn -0.0791 0.8196 0.5675
vn -0.0207 0.8317 0.5549
vn 0.3520 0.8088 0.4711
vn 0.1447 0.9805 0.1333
vn 0.3698 0.9019 -0.2233
vn 0.6958 0.6170 0.3677
vn 0.7507 0.6094 -0.2551
vn 0.8752 0.4396 0.2020
vn 0.9205 0.3731 -0.1157
vn 0.8794 0.3016 0.3683
vn 0.8871 0.4605 0.0311
vn 0.8356 0.4818 0.2640
vn 0.6458 0.7512 0.1367
vn 0.5284 0.8310 -0.1741
vn 0.1412 0.9889 -0.0458
vn 0.0634 0.1823 -0.9812
vn 0.4878 0.4353 -0.7567
vn 0.7318 0.5260 -0.4332
vn 0.8319 0.5311 -0.1610
vn 0.8590 0.5118 0.0098
vn 0.8570 0.4923 0.1520
vn 0.8121 0.4640 0.3539
vn 0.6377 0.3691 0.6761
vn 0.1004 0.1315 0.9862
vn -0.5558 -0.2231 0.8008
vn -0.7766 -0.3252 0.5396
vn -0.8143 -0.3416 0.4693
vn -0.7199 -0.3440 0.6029
vn -0.6170 -0.3267 0.7160
vn -0.6882 -0.4287 0.5852
vn -0.7803 -0.5055 0.3681
vn -0.8566 -0.5143 0.0414
vn -0.8644 -0.3211 -0.3870
vn -0.8152 -0.2678 -0.5136
vn -0.8437 -0.2998 -0.4453
vn -0.6218 -0.1455 -0.7695
vn -0.7732 -0.3069 -0.5549
vn -0.7911 -0.3918 -0.4699
vn -0.8426 -0.4848 -0.2345
vn 0.1819 -0.9619 0.2042
vn 0.3759 -0.9191 0.1178
vn -0.5271 -0.8494 -0.0255
vn 0.4503 -0.8800 0.1510
vn 0.2901 -0.9514 0.1032
vn 0.2795 -0.9565 0.0832
vn -0.3370 -0.9392 -0.0653
vn 0.6700 -0.7379 -0.0815
vn 0.5124 -0.8581 -0.0335
vn -0.2062 -0.9774 -0.0475
vn 0.2488 -0.9508 -0.1847
vn -0.1847 -0.9710 -0.1518
vn 0.1422 -0.9887 -0.0475
vn 0.2218 -0.9729 0.0649
vn 0.0645 -0.9888 -0.1343
vn 0.3202 -0.9237 -0.2103
vn -0.5821 -0.7692 0.2635
vn 0.0506 -0.9311 0.3612
vn 0.2582 -0.9497 -0.1771
vn 0.2571 -0.9662 0.0159
vn 0.0239 0.6732 -0.7391
vn 0.2762 0.5440 -0.7924
vn 0.1409 0.4384 -0.8877
vn 0.4138 -0.8771 -0.2439
vn 0.4399 0.0665 -0.8956
vn 0.3884 -0.0675 -0.9190
vn 0.4944 -0.7298 -0.4722
vn 0.3593 -0.7952 -0.4884
vn 0.4990 -0.5072 -0.7027
vn 0.4614 -0.4904 -0.7393
vn -0.6899 -0.7056 -0.1618
vn -0.7973 -0.5254 0.2970
vn -0.9080 -0.3867 -0.1611
vn 0.7170 -0.6680 0.1994
vn 0.6145 -0.6965 -0.3706
vn 0.0866 -0.9771 0.1942
vn 0.7335 -0.6753 0.0768
vn 0.4037 -0.8629 0.3041
vn 0.0406 -0.8882 0.4578
vn 0.2520 -0.7033 0.6648
vn 0.2172 0.8271 0.5184
vn 0.0622 0.8554 0.5142
vn 0.3574 0.6458 0.6746
vn 0.0426 0.6114 0.7902
vn 0.2190 0.3877 0.8954
vn 0.8879 0.4596 0.0200
vn -0.4648 0.8843 -0.0447
vn -0.4883 0.7949 0.3600
vn 0.3273 0.6159 0.7166
vn -0.0167 0.6195 0.7848
vn -0.3348 0.0046 0.9423
vn -0.2337 -0.5094 0.8282
vn -0.1344 -0.7986 0.5867
vn 0.0103 -0.9525 0.3043
vn 0.1570 -0.9874 0.0217
vn 0.2488 -0.9337 -0.2574
vn 0.2859 -0.7969 -0.5322
vn 0.2408 -0.5400 -0.8065
vn 0.0980 -0.0787 -0.9921
vn -0.0351 0.3763 -0.9258
vn -0.1177 0.6227 -0.7735
vn -0.2927 0.8189 -0.4938
vn -0.3586 0.9165 0.1772
vn -0.7145 0.6908 -0.1108
vn -0.8184 0.5008 -0.2819
vn -0.8857 0.3572 -0.2966
vn -0.9626 -0.0247 -0.2700
vn -0.8662 -0.3702 -0.3358
vn -0.6423 -0.6708 -0.3709
vn -0.3157 -0.9018 -0.2950
vn 0.1095 -0.9908 -0.0799
vn 0.4978 -0.8598 0.1135
vn 0.7159 -0.6494 0.2566
vn 0.7257 -0.5216 0.4487
vn 0.7391 -0.1406 0.6587
vn 0.3731 -0.1948 0.9071
vn 0.6710 0.3143 0.6716
vn 0.6799 0.4983 0.5380
vn 0.3279 0.8123 0.4824
vn 0.2746 0.9570 0.0938
vn 0.2607 0.9199 -0.2931
vn 0.2498 0.8023 -0.5422
vn 0.2875 0.6314 -0.7202
vn 0.2454 0.2625 -0.9332
vn 0.2573 -0.4733 -0.8425
vn 0.0076 -0.7425 -0.6698
vn 0.0342 -0.9306 -0.3644
vn -0.0204 -0.9979 -0.0622
vn -0.0613 -0.9769 0.2046
vn -0.0521 -0.8840 0.4645
vn 0.0202 -0.6721 0.7402
vn 0.1396 -0.2316 0.9627
vn 0.1771 0.2654 0.9478
vn 0.1761 0.5632 0.8073
vn 0.2294 0.8212 0.5225
vn 0.2497 0.9682 -0.0166
vn 0.3014 0.8826 0.3608
vn 0.3572 0.7202 0.5947
vn 0.4384 0.4793 0.7603
vn 0.2490 -0.0737 0.9657
vn 0.0894 -0.5876 0.8042
vn 0.0619 -0.8563 0.5127
vn -0.0031 -0.9641 0.2656
vn -0.0811 -0.9967 0.0039
vn -0.1529 -0.9566 -0.2480
vn -0.1832 -0.8361 -0.5170
vn -0.1388 -0.5653 -0.8131
vn -0.0285 -0.0089 -0.9996
vn 0.0306 0.4914 -0.8704
vn 0.0560 0.7244 -0.6871
vn 0.1468 0.9013 -0.4076
vn -0.8691 0.2496 -0.4271
vn -0.9680 0.2505 -0.0159
vn -0.9843 0.1756 -0.0146
vn -0.9510 0.1028 -0.2915
vn -0.9033 0.2123 0.3728
vn -0.9712 0.0950 0.2183
vn -0.6004 0.0997 0.7935
vn -0.8787 -0.1523 0.4525
vn -0.2712 -0.0056 0.9625
vn -0.7629 -0.2980 0.5737
vn -0.1459 -0.0578 0.9876
vn -0.7598 -0.4022 0.5109
vn -0.0062 -0.1119 0.9937
vn -0.6981 -0.4330 0.5703
vn 0.4262 -0.2680 0.8640
vn -0.2233 -0.6909 0.6876
vn 0.7771 -0.4481 0.4419
vn 0.2320 -0.9095 0.3450
vn 0.8739 -0.4861 0.0053
vn 0.5523 -0.8333 -0.0253
vn 0.8115 -0.4278 -0.3980
vn 0.2566 -0.8806 -0.3983
vn 0.5669 -0.2178 -0.7945
vn -0.0936 -0.6498 -0.7544
vn 0.2552 -0.0804 -0.9635
vn -0.6667 -0.4496 -0.5945
vn 0.0526 0.0024 -0.9986
vn -0.6396 -0.3590 -0.6797
vn -0.0948 0.0616 -0.9936
vn -0.7052 -0.2905 -0.6468
vn -0.4753 0.1623 -0.8647
vn -0.8346 -0.1282 -0.5357
vn -0.9390 -0.0170 -0.3436
vn -0.9997 -0.0221 -0.0112
vn -0.9464 -0.0304 0.3215
vn -0.6793 -0.0457 0.7324
vn -0.3077 -0.0662 0.9492
vn -0.1330 -0.0669 0.9889
vn 0.0141 -0.0918 0.9957
vn 0.4580 -0.1215 0.8806
vn 0.8740 -0.1523 0.4614
vn 0.9904 -0.1367 0.0179
vn 0.9193 -0.1384 -0.3683
vn 0.6786 -0.0769 -0.7305
vn 0.3175 -0.0431 -0.9473
vn 0.0646 -0.0148 -0.9978
vn -0.2016 -0.0123 -0.9794
vn -0.6499 -0.0057 -0.7600
vn -0.5526 -0.5825 -0.5961
vn -0.8047 -0.5929 -0.0287
vn -0.6255 -0.5922 0.5080
vn 0.0147 -0.3726 0.9279
vn 0.4758 -0.0856 0.8754
vn 0.8365 0.1789 0.5179
vn 0.9501 0.3113 0.0203
vn 0.8734 0.2193 -0.4349
vn 0.6538 0.0076 -0.7566
vn 0.2099 -0.2669 -0.9406
vn 0.9093 -0.4162 0.0062
vn -0.9459 0.3245 0.0032
vn -0.9553 0.2120 0.2063
vn -0.9006 -0.0258 0.4339
vn -0.7676 -0.3114 0.5601
vn -0.7919 -0.4005 0.4610
vn -0.6963 -0.4519 0.5577
vn -0.1478 -0.8227 0.5489
vn 0.2854 -0.9254 0.2495
vn 0.5129 -0.8584 -0.0071
vn 0.3395 -0.9066 -0.2507
vn 0.0487 -0.8259 -0.5617
vn -0.5925 -0.5091 -0.6243
vn -0.6993 -0.3804 -0.6052
vn -0.7395 -0.2472 -0.6261
vn -0.8801 0.0490 -0.4723
vn -0.9369 0.2745 -0.2165
vn -0.7367 0.6352 0.2318
vn -0.7294 0.6840 -0.0127
vn -0.6107 0.5168 0.5999
vn -0.2428 0.1760 0.9540
vn -0.1141 -0.0228 0.9932
vn 0.2275 -0.1237 0.9659
vn 0.7400 -0.4120 0.5317
vn 0.8635 -0.4764 0.1656
vn 0.8835 -0.4685 0.0059
vn 0.8821 -0.4514 -0.1345
vn 0.8057 -0.3962 -0.4404
vn 0.4939 -0.1395 -0.8583
vn 0.1274 0.0455 -0.9908
vn -0.1591 0.3185 -0.9345
vn -0.5649 0.5889 -0.5780
vn -0.7130 0.6591 -0.2392
vn -0.6342 0.7477 0.1966
vn -0.6480 0.7616 -0.0043
vn -0.5351 0.6525 0.5365
vn -0.3140 0.3626 0.8774
vn -0.0520 0.0394 0.9979
vn 0.3973 -0.2553 0.8814
vn 0.7711 -0.4478 0.4527
vn 0.8701 -0.4776 0.1217
vn 0.8513 -0.5246 0.0084
vn 0.8973 -0.4298 -0.1006
vn 0.8389 -0.3871 -0.3827
vn 0.6450 -0.1768 -0.7435
vn 0.2955 0.1246 -0.9472
vn -0.0663 0.4755 -0.8772
vn -0.4129 0.7278 -0.5476
vn -0.5936 0.7764 -0.2116
vn -0.7330 0.6782 -0.0516
vn -0.7531 0.6165 0.2298
vn -0.7297 0.4713 0.4954
vn -0.6832 0.2435 0.6884
vn -0.5767 -0.0243 0.8166
vn -0.3457 -0.3927 0.8522
vn 0.0667 -0.7516 0.6562
vn 0.3577 -0.8781 0.3178
vn 0.4561 -0.8893 0.0317
vn 0.5006 -0.8330 -0.2354
vn 0.4150 -0.7202 -0.5560
vn 0.1460 -0.4267 -0.8925
vn -0.0828 -0.0513 -0.9952
vn -0.2949 0.2659 -0.9178
vn -0.4747 0.5430 -0.6927
vn -0.6372 0.6756 -0.3708
vn -0.5978 0.8003 -0.0471
vn -0.6334 0.7230 0.2758
vn -0.6456 0.5419 0.5382
vn -0.6396 0.2957 0.7096
vn -0.5806 -0.0346 0.8135
vn -0.4259 -0.4618 0.7781
vn -0.1414 -0.8034 0.5785
vn 0.1326 -0.9425 0.3069
vn 0.2836 -0.9582 0.0377
vn 0.3007 -0.9269 -0.2248
vn 0.2478 -0.8311 -0.4979
vn 0.1109 -0.5510 -0.8271
vn -0.0768 -0.0929 -0.9927
vn -0.2119 0.3198 -0.9235
vn -0.3285 0.6213 -0.7114
vn -0.4688 0.7898 -0.3955
vn -0.1437 0.9888 -0.0401
vn -0.2225 0.9146 0.3376
vn -0.2550 0.7108 0.6555
vn -0.1685 0.4388 0.8827
vn -0.0106 0.0606 0.9981
vn 0.1144 -0.4006 0.9091
vn 0.1953 -0.7624 0.6169
vn 0.2374 -0.9216 0.3069
vn 0.2892 -0.9564 0.0400
vn 0.3773 -0.9030 -0.2057
vn 0.4646 -0.7673 -0.4420
vn 0.5318 -0.4671 -0.7064
vn 0.5033 -0.0255 -0.8637
vn 0.3341 0.3960 -0.8553
vn 0.1649 0.7044 -0.6904
vn 0.0026 0.9110 -0.4123
vn -0.1535 0.9881 0.0008
vn -0.2193 0.9055 0.3633
vn -0.2439 0.7009 0.6702
vn -0.1647 0.4016 0.9009
vn -0.0487 0.0130 0.9987
vn 0.0624 -0.4187 0.9060
vn 0.1331 -0.7698 0.6243
vn 0.1616 -0.9380 0.3067
vn 0.2050 -0.9780 0.0380
vn 0.3065 -0.9261 -0.2199
vn 0.4434 -0.7489 -0.4925
vn 0.5226 -0.4117 -0.7466
vn 0.4927 -0.0217 -0.8699
vn 0.3513 0.3575 -0.8653
vn 0.1768 0.6867 -0.7051
vn -0.0037 0.9153 -0.4027
vn -0.1559 0.3228 0.9335
vn -0.9278 0.1889 0.3216
vn -0.9034 0.2833 0.3220
vn -0.5752 0.0954 0.8125
vn -0.9812 0.1857 -0.0535
vn -0.9942 0.0874 0.0620
vn -0.9875 -0.1091 -0.1135
vn -0.9508 0.0978 -0.2941
vn -0.9612 -0.1974 -0.1926
vn -0.9083 0.0442 -0.4160
vn -0.9419 -0.2902 -0.1689
vn -0.8897 0.0150 -0.4563
vn -0.9326 -0.2976 -0.2041
vn -0.8656 -0.0174 -0.5005
vn -0.7253 -0.1633 -0.6688
vn -0.8048 -0.4745 -0.3566
vn -0.0240 -0.5950 -0.8034
vn -0.3077 -0.8853 -0.3487
vn 0.7743 -0.5707 -0.2733
vn 0.4565 -0.8782 -0.1426
vn 0.6041 -0.7741 0.1893
vn 0.9261 -0.3675 0.0849
vn 0.9368 -0.1785 0.3009
vn 0.6883 -0.5655 0.4543
vn 0.9015 -0.1016 0.4207
vn 0.3340 -0.6165 0.7130
vn 0.8719 -0.0561 0.4865
vn 0.4561 -0.4888 0.7437
vn 0.8430 -0.0215 0.5374
vn 0.3955 -0.4492 0.8011
vn 0.7066 0.0645 0.7046
vn 0.1355 -0.3057 0.9425
vn -0.4672 -0.1383 0.8733
vn -0.9458 -0.0689 0.3173
vn -0.9996 -0.0257 -0.0154
vn -0.9657 0.0005 -0.2596
vn -0.9144 0.0073 -0.4046
vn -0.8873 0.0132 -0.4610
vn -0.8614 0.0004 -0.5079
vn -0.7213 -0.0230 -0.6922
vn 0.0792 -0.1444 -0.9863
vn 0.9344 -0.1337 -0.3301
vn 0.9912 -0.1228 0.0497
vn 0.9623 -0.0798 0.2599
vn 0.9130 -0.0738 0.4013
vn 0.8735 -0.0671 0.4822
vn 0.8151 -0.0786 0.5740
vn 0.5638 -0.1060 0.8191
vn -0.6726 -0.7054 0.2237
vn 0.3929 -0.6812 0.6177
vn -0.8875 -0.4130 -0.2041
vn -0.8442 -0.1752 -0.5067
vn -0.7081 0.0300 -0.7055
vn -0.0682 0.4105 -0.9093
vn 0.8606 0.4230 -0.2836
vn 0.9796 0.1713 0.1051
vn 0.9618 -0.0151 0.2732
vn 0.8838 -0.2047 0.4208
vn 0.8479 -0.4372 -0.2999
vn -0.8823 0.3732 0.2867
vn -0.9770 0.2002 0.0731
vn -0.9956 -0.0128 -0.0931
vn -0.9604 -0.2111 -0.1816
vn -0.9428 -0.3036 -0.1375
vn -0.9298 -0.3085 -0.2006
vn -0.7030 -0.6307 -0.3285
vn -0.1421 -0.9441 -0.2974
vn 0.4001 -0.9044 -0.1482
vn 0.5276 -0.8456 0.0809
vn 0.6175 -0.7138 0.3305
vn 0.4126 -0.6235 0.6641
vn 0.3357 -0.5524 0.7630
vn 0.3382 -0.4171 0.8436
vn -0.0687 -0.0228 0.9974
vn -0.6665 0.3762 0.6436
vn -0.7972 0.6037 0.0082
vn -0.5946 0.7724 0.2234
vn -0.8910 0.3982 -0.2181
vn -0.8946 0.1570 -0.4183
vn -0.8841 0.0371 -0.4658
vn -0.8117 -0.0260 -0.5835
vn -0.2193 -0.4927 -0.8421
vn 0.6013 -0.6328 -0.4878
vn 0.7896 -0.5480 -0.2760
vn 0.8759 -0.4658 -0.1258
vn 0.9398 -0.3239 0.1088
vn 0.9345 -0.1197 0.3353
vn 0.8874 -0.0154 0.4607
vn 0.8152 0.1789 0.5509
vn 0.3960 0.6159 0.6811
vn -0.2834 0.8287 0.4826
vn -0.7021 0.7119 0.0139
vn -0.5399 0.8195 0.1922
vn -0.8323 0.5140 -0.2075
vn -0.8815 0.2766 -0.3828
vn -0.8652 0.0843 -0.4943
vn -0.7140 -0.1403 -0.6859
vn 0.0422 -0.5583 -0.8286
vn 0.6963 -0.5760 -0.4281
vn 0.7765 -0.5675 -0.2740
vn 0.8809 -0.4425 -0.1677
vn 0.9457 -0.3192 0.0610
vn 0.9531 -0.1446 0.2659
vn 0.9102 0.0298 0.4131
vn 0.8048 0.2878 0.5192
vn 0.4234 0.7027 0.5718
vn -0.2146 0.8957 0.3894
vn -0.5704 0.7780 0.2635
vn -0.8105 0.5856 0.0147
vn -0.9107 0.3851 -0.1492
vn -0.9494 0.1982 -0.2435
vn -0.9490 0.0239 -0.3144
vn -0.8967 -0.2138 -0.3876
vn -0.6619 -0.5900 -0.4624
vn -0.1226 -0.9143 -0.3860
vn 0.3344 -0.9279 -0.1645
vn 0.6425 -0.7654 0.0365
vn 0.7914 -0.5640 0.2358
vn 0.8440 -0.3240 0.4275
vn 0.8368 -0.0840 0.5410
vn 0.7618 0.1628 0.6270
vn 0.5309 0.5116 0.6756
vn -0.0208 0.8229 0.5679
vn -0.3990 0.8959 0.1955
vn -0.7378 0.6727 -0.0552
vn -0.8799 0.4344 -0.1925
vn -0.9378 0.2293 -0.2605
vn -0.9518 0.0094 -0.3065
vn -0.9018 -0.2790 -0.3300
vn -0.7124 -0.6203 -0.3282
vn -0.3276 -0.9079 -0.2617
vn 0.1273 -0.9866 -0.1023
vn 0.4525 -0.8874 0.0882
vn 0.6572 -0.7085 0.2572
vn 0.8003 -0.4282 0.4196
vn 0.8427 -0.1089 0.5273
vn 0.7978 0.2041 0.5673
vn 0.6327 0.5382 0.5569
vn 0.2095 0.8658 0.4544
vn -0.0250 0.9980 0.0588
vn -0.5163 0.8360 -0.1858
vn -0.7624 0.5585 -0.3268
vn -0.8452 0.3282 -0.4218
vn -0.8636 0.0781 -0.4980
vn -0.8124 -0.2543 -0.5247
vn -0.6059 -0.6488 -0.4604
vn -0.2506 -0.9217 -0.2962
vn 0.1370 -0.9848 -0.1069
vn 0.4871 -0.8714 0.0573
vn 0.7330 -0.6552 0.1826
vn 0.8916 -0.3548 0.2814
vn 0.9403 -0.0504 0.3365
vn 0.8992 0.2309 0.3717
vn 0.7805 0.5110 0.3602
vn 0.5105 0.8141 0.2768
vn -0.1931 0.9787 0.0701
vn -0.5895 0.7877 -0.1790
vn -0.7848 0.5285 -0.3237
vn -0.8541 0.2930 -0.4297
vn -0.8625 0.0399 -0.5044
vn -0.7956 -0.2733 -0.5406
vn -0.5875 -0.6492 -0.4830
vn -0.2395 -0.9201 -0.3098
vn 0.1321 -0.9850 -0.1106
vn 0.4835 -0.8728 0.0666
vn 0.7525 -0.6260 0.2046
vn 0.8941 -0.3271 0.3058
vn 0.9287 -0.0639 0.3653
vn 0.8883 0.1953 0.4156
vn 0.7567 0.4999 0.4213
vn 0.4212 0.8428 0.3349
vn 0.8631 0.1841 0.4703
vn 0.9585 0.2811 0.0478
vn 0.9773 0.2082 0.0404
vn 0.9446 0.0688 0.3210
vn 0.8829 0.3240 -0.3398
vn 0.9627 0.1783 -0.2034
vn 0.5886 0.2912 -0.7542
vn 0.8870 -0.0273 -0.4610
vn 0.2806 0.2156 -0.9353
vn 0.7854 -0.1547 -0.5994
vn 0.1657 0.1673 -0.9719
vn 0.7885 -0.2749 -0.5502
vn 0.0363 0.1111 -0.9931
vn 0.7363 -0.2964 -0.6083
vn -0.3873 -0.0958 -0.9170
vn 0.2937 -0.5661 -0.7703
vn -0.7616 -0.4000 -0.5099
vn -0.1883 -0.8760 -0.4440
vn -0.8466 -0.5290 -0.0581
vn -0.5078 -0.8596 -0.0563
vn -0.7679 -0.5417 0.3420
vn -0.2215 -0.9288 0.2973
vn -0.5391 -0.4126 0.7342
vn 0.1045 -0.7662 0.6340
vn -0.2515 -0.3062 0.9182
vn 0.6325 -0.5525 0.5429
vn -0.0682 -0.2284 0.9712
vn 0.6063 -0.4840 0.6311
vn 0.0731 -0.1658 0.9834
vn 0.6707 -0.4137 0.6157
vn 0.4490 -0.0240 0.8932
vn 0.8113 -0.2284 0.5382
vn 0.9322 -0.0814 0.3527
vn 0.9998 -0.0091 0.0184
vn 0.9479 0.0627 -0.3125
vn 0.6831 0.1370 -0.7173
vn 0.3204 0.1572 -0.9341
vn 0.1514 0.1622 -0.9751
vn 0.0127 0.1369 -0.9905
vn -0.4277 0.0734 -0.9009
vn -0.8667 -0.0669 -0.4944
vn -0.9868 -0.1572 -0.0397
vn -0.9061 -0.2464 0.3439
vn -0.6663 -0.2561 0.7004
vn -0.3181 -0.2637 0.9106
vn -0.0802 -0.2429 0.9667
vn 0.1738 -0.2325 0.9570
vn 0.6233 -0.1691 0.7635
vn 0.5118 -0.6797 0.5255
vn 0.8000 -0.5997 -0.0174
vn 0.6624 -0.4787 -0.5763
vn 0.0128 -0.1413 -0.9899
vn -0.4474 0.1297 -0.8849
vn -0.8091 0.3027 -0.5038
vn -0.9497 0.3133 0.0017
vn -0.8831 0.1228 0.4528
vn -0.6540 -0.1587 0.7397
vn -0.2129 -0.4496 0.8675
vn -0.9159 -0.3988 -0.0447
vn 0.9315 0.3616 0.0383
vn 0.9402 0.2911 -0.1770
vn 0.8993 0.1005 -0.4256
vn 0.7947 -0.1669 -0.5836
vn 0.8199 -0.2802 -0.4993
vn 0.7339 -0.3144 -0.6021
vn 0.2176 -0.7298 -0.6481
vn -0.2383 -0.9086 -0.3431
vn -0.4662 -0.8814 -0.0756
vn -0.2917 -0.9430 0.1602
vn -0.0208 -0.8908 0.4539
vn 0.5546 -0.6098 0.5662
vn 0.6642 -0.4863 0.5678
vn 0.7105 -0.3627 0.6030
vn 0.8676 -0.0325 0.4962
vn 0.9295 0.2616 0.2599
vn 0.6883 0.7070 -0.1625
vn 0.6888 0.7201 0.0840
vn 0.5638 0.6432 -0.5181
vn 0.2395 0.3803 -0.8933
vn 0.1296 0.1995 -0.9713
vn -0.1896 0.0909 -0.9776
vn -0.7253 -0.3312 -0.6035
vn -0.8443 -0.4878 -0.2216
vn -0.8578 -0.5107 -0.0589
vn -0.8500 -0.5201 0.0833
vn -0.7670 -0.5118 0.3871
vn -0.4821 -0.3357 0.8092
vn -0.1513 -0.1736 0.9731
vn 0.1124 0.1196 0.9864
vn 0.5410 0.5094 0.6692
vn 0.6879 0.6547 0.3132
vn 0.5905 0.7973 -0.1248
vn 0.6219 0.7791 0.0788
vn 0.4731 0.7539 -0.4559
vn 0.2562 0.5428 -0.7998
vn 0.0071 0.2645 -0.9644
vn -0.4407 -0.0578 -0.8958
vn -0.7998 -0.3512 -0.4868
vn -0.8728 -0.4585 -0.1671
vn -0.8535 -0.5175 -0.0616
vn -0.8804 -0.4717 0.0483
vn -0.8116 -0.4867 0.3231
vn -0.6097 -0.3714 0.7002
vn -0.2654 -0.1124 0.9576
vn 0.0894 0.2756 0.9571
vn 0.4333 0.6364 0.6382
vn 0.5853 0.7583 0.2870
vn 0.6908 0.7195 0.0720
vn 0.6558 0.7236 -0.2152
vn 0.5882 0.6356 -0.4999
vn 0.5126 0.4464 -0.7334
vn 0.3904 0.1776 -0.9034
vn 0.1421 -0.2202 -0.9650
vn -0.2231 -0.6391 -0.7361
vn -0.4215 -0.8251 -0.3762
vn -0.4288 -0.8988 -0.0907
vn -0.4173 -0.8888 0.1894
vn -0.2478 -0.8221 0.5126
vn 0.1053 -0.5564 0.8242
vn 0.3290 -0.1934 0.9243
vn 0.5100 0.1313 0.8501
vn 0.6102 0.4422 0.6573
vn 0.6736 0.6401 0.3696
vn 0.4842 0.8711 0.0822
vn 0.4269 0.8678 -0.2544
vn 0.3829 0.7434 -0.5483
vn 0.3602 0.5252 -0.7710
vn 0.3164 0.1761 -0.9321
vn 0.2186 -0.3262 -0.9197
vn 0.0290 -0.7334 -0.6791
vn -0.1313 -0.9164 -0.3781
vn -0.1767 -0.9793 -0.0988
vn -0.1093 -0.9797 0.1678
vn 0.0242 -0.9020 0.4310
vn 0.2289 -0.6501 0.7245
vn 0.3955 -0.2348 0.8880
vn 0.4569 0.1744 0.8722
vn 0.4668 0.5243 0.7122
vn 0.4771 0.7695 0.4246
vn 0.0019 0.9942 0.1078
vn -0.0407 0.9647 -0.2603
vn -0.0822 0.8155 -0.5728
vn -0.1928 0.5759 -0.7944
vn -0.3205 0.2202 -0.9213
vn -0.3632 -0.2512 -0.8972
vn -0.3107 -0.6822 -0.6619
vn -0.2302 -0.9017 -0.3658
vn -0.1865 -0.9774 -0.0991
vn -0.1923 -0.9691 0.1547
vn -0.2106 -0.8879 0.4090
vn -0.2238 -0.6584 0.7187
vn -0.1998 -0.2353 0.9512
vn -0.0862 0.2437 0.9660
vn -0.0193 0.6177 0.7861
vn 0.0097 0.8731 0.4875
vn -0.0117 0.9974 0.0714
vn -0.0550 0.9589 -0.2784
vn -0.1047 0.8058 -0.5828
vn -0.2189 0.5411 -0.8120
vn -0.3177 0.1778 -0.9314
vn -0.3481 -0.2662 -0.8989
vn -0.2852 -0.6831 -0.6724
vn -0.1853 -0.9097 -0.3715
vn -0.1292 -0.9865 -0.1006
vn -0.1419 -0.9762 0.1643
vn -0.1993 -0.8690 0.4529
vn -0.2300 -0.6100 0.7583
vn -0.2050 -0.2342 0.9503
vn -0.1076 0.1975 0.9744
vn -0.0274 0.5998 0.7997
vn 0.0016 0.8822 0.4709
vn 0.8165 0.3313 -0.4729
vn 0.9190 0.2055 -0.3364
vn 0.9608 0.2724 -0.0513
vn 0.9425 0.3313 -0.0437
vn 0.8987 0.2775 0.3397
vn 0.9650 0.1605 0.2075
vn 0.8947 -0.0537 0.4435
vn 0.6545 0.1416 0.7427
vn 0.7942 -0.2690 0.5449
vn 0.3824 0.0065 0.9240
vn 0.8154 -0.3781 0.4383
vn 0.2832 -0.0594 0.9572
vn 0.1373 -0.1227 0.9829
vn 0.6690 -0.4308 0.6057
vn -0.2815 -0.3259 0.9025
vn 0.3273 -0.6968 0.6383
vn -0.6968 -0.5408 0.4711
vn -0.2122 -0.9151 0.3429
vn -0.8263 -0.5623 0.0312
vn -0.5357 -0.8444 0.0077
vn -0.4174 -0.8447 -0.3350
vn -0.8027 -0.4817 -0.3517
vn 0.1325 -0.7619 -0.6340
vn -0.6193 -0.3071 -0.7226
vn -0.3573 -0.1078 -0.9278
vn 0.3413 -0.4428 -0.8291
vn 0.5565 -0.4029 -0.7266
vn -0.1978 -0.0148 -0.9801
vn 0.6217 -0.3053 -0.7213
vn -0.0309 0.0623 -0.9976
vn 0.7990 -0.0481 -0.5993
vn 0.3619 0.2019 -0.9101
vn 0.9114 0.0474 -0.4088
vn 0.9971 0.0050 -0.0761
vn 0.9631 0.0256 0.2679
vn 0.7424 -0.0084 0.6699
vn 0.4217 -0.0435 0.9057
vn 0.2582 -0.0577 0.9644
vn 0.1223 -0.0898 0.9884
vn -0.3336 -0.1553 0.9298
vn -0.8297 -0.2194 0.5134
vn -0.9780 -0.2040 0.0427
vn -0.9182 -0.1741 -0.3559
vn -0.6979 -0.1122 -0.7073
vn -0.4068 -0.0574 -0.9117
vn -0.1990 -0.0214 -0.9798
vn 0.0417 -0.0031 -0.9991
vn 0.5463 0.0207 -0.8373
vn 0.5688 -0.5928 -0.5701
vn 0.7974 -0.6031 -0.0184
vn 0.6600 -0.5572 0.5038
vn 0.1144 -0.3552 0.9278
vn -0.3365 -0.0952 0.9369
vn -0.7817 0.1775 0.5979
vn -0.9528 0.3001 0.0451
vn -0.8860 0.2004 -0.4180
vn -0.6932 -0.0136 -0.7206
vn -0.2481 -0.3155 -0.9159
vn -0.9235 -0.3823 0.0311
vn 0.9257 0.3761 -0.0401
vn 0.9511 0.2575 0.1704
vn 0.9157 0.0489 0.3990
vn 0.8026 -0.2707 0.5316
vn 0.8135 -0.3666 0.4515
vn 0.7153 -0.4296 0.5511
vn 0.2102 -0.8193 0.5334
vn -0.2565 -0.9329 0.2527
vn -0.5097 -0.8602 0.0179
vn -0.3881 -0.8920 -0.2320
vn -0.0167 -0.8538 -0.5203
vn 0.4384 -0.5371 -0.7206
vn 0.6221 -0.3999 -0.6731
vn 0.6809 -0.2369 -0.6930
vn 0.8480 0.1136 -0.5176
vn 0.9178 0.2966 -0.2638
vn 0.7038 0.7098 -0.0299
vn 0.7203 0.6669 0.1905
vn 0.6385 0.5476 0.5407
vn 0.3512 0.2037 0.9139
vn 0.2360 -0.0031 0.9717
vn -0.0788 -0.1322 0.9881
vn -0.6581 -0.4840 0.5767
vn -0.8078 -0.5588 0.1875
vn -0.8437 -0.5358 0.0325
vn -0.8372 -0.5362 -0.1075
vn -0.8007 -0.4475 -0.3982
vn -0.5783 -0.1736 -0.7971
vn -0.2633 0.0457 -0.9636
vn 0.0180 0.3420 -0.9395
vn 0.4724 0.6503 -0.5949
vn 0.6609 0.7082 -0.2484
vn 0.6689 0.7425 -0.0349
vn 0.6746 0.7218 0.1547
vn 0.6105 0.6310 0.4788
vn 0.4196 0.3685 0.8295
vn 0.1325 0.0462 0.9901
vn -0.3920 -0.2807 0.8761
vn -0.7846 -0.4465 0.4303
vn -0.8698 -0.4748 0.1347
vn -0.8771 -0.4790 0.0365
vn -0.8850 -0.4620 -0.0573
vn -0.8665 -0.3987 -0.3003
vn -0.7114 -0.2291 -0.6644
vn -0.3688 0.0854 -0.9256
vn 0.0409 0.4614 -0.8862
vn 0.4346 0.7162 -0.5461
vn 0.6242 0.7502 -0.2181
vn 0.7156 0.6981 -0.0234
vn 0.7276 0.6434 0.2381
vn 0.7093 0.5043 0.4926
vn 0.6576 0.2895 0.6955
vn 0.5352 -0.0066 0.8447
vn 0.2505 -0.4290 0.8679
vn -0.1875 -0.7692 0.6109
vn -0.4450 -0.8524 0.2746
vn -0.4821 -0.8760 0.0181
vn -0.5471 -0.8055 -0.2277
vn -0.4514 -0.7048 -0.5473
vn -0.1800 -0.4214 -0.8888
vn 0.1259 0.0155 -0.9919
vn 0.3742 0.3524 -0.8578
vn 0.5376 0.5959 -0.5966
vn 0.6541 0.6962 -0.2957
vn 0.4568 0.8892 -0.0244
vn 0.4967 0.8162 0.2950
vn 0.5433 0.6153 0.5711
vn 0.5561 0.3380 0.7593
vn 0.5193 -0.0341 0.8539
vn 0.3762 -0.5047 0.7770
vn 0.1490 -0.8354 0.5290
vn -0.0613 -0.9635 0.2608
vn -0.1685 -0.9857 0.0106
vn -0.1874 -0.9523 -0.2407
vn -0.1104 -0.8411 -0.5296
vn 0.0190 -0.5281 -0.8490
vn 0.1328 -0.0111 -0.9911
vn 0.2151 0.4174 -0.8829
vn 0.2625 0.7039 -0.6600
vn 0.3582 0.8615 -0.3600
vn 0.0289 0.9996 -0.0068
vn 0.1009 0.9273 0.3604
vn 0.1311 0.7327 0.6678
vn 0.0696 0.4315 0.8994
vn -0.0360 -0.0192 0.9992
vn -0.1171 -0.5041 0.8557
vn -0.1327 -0.8350 0.5340
vn -0.1626 -0.9536 0.2534
vn -0.1924 -0.9812 0.0132
vn -0.2592 -0.9404 -0.2201
vn -0.3598 -0.8005 -0.4793
vn -0.4464 -0.4874 -0.7505
vn -0.4263 -0.0029 -0.9046
vn -0.2935 0.4520 -0.8423
vn -0.1613 0.7415 -0.6513
vn -0.0607 0.9291 -0.3649
vn -0.0016 1.0000 -0.0079
vn 0.0841 0.9354 0.3434
vn 0.1064 0.7317 0.6732
vn 0.0566 0.3905 0.9189
vn -0.0214 -0.0452 0.9987
vn -0.1045 -0.4792 0.8715
vn -0.1158 -0.8163 0.5659
vn -0.1098 -0.9580 0.2650
vn -0.1360 -0.9906 0.0124
vn -0.2171 -0.9483 -0.2316
vn -0.3347 -0.7964 -0.5036
vn -0.4301 -0.4767 -0.7667
vn -0.4295 -0.0295 -0.9026
vn -0.3263 0.4119 -0.8508
vn -0.1871 0.7392 -0.6469
vn -0.0739 0.9344 -0.3486
vn -0.8697 -0.0640 -0.4894
vn -0.7661 0.1452 -0.6261
vn -0.7850 -0.2963 -0.5441
vn -0.7981 -0.2962 -0.5247
vn 0.9899 -0.1393 -0.0250
vn 0.9822 0.1139 0.1492
vn 0.9807 0.1952 -0.0077
vn 0.9738 -0.1473 0.1730
vn 0.9044 0.0790 0.4193
vn 0.8970 -0.1788 0.4043
vn 0.6398 -0.0487 0.7670
vn 0.7130 -0.3080 0.6298
vn -0.0036 -0.3288 0.9444
vn 0.3298 -0.5024 0.7992
vn -0.5220 -0.4343 0.7340
vn -0.3166 -0.5378 0.7813
vn -0.6467 -0.4441 0.6202
vn -0.6958 -0.4320 0.5738
vn -0.6496 -0.4535 0.6102
vn -0.6597 -0.4484 0.6031
vn -0.4467 -0.5238 0.7253
vn 0.8590 -0.1182 -0.4981
vn 0.1180 -0.1842 -0.9758
vn 0.3373 -0.3457 -0.8756
vn 0.8269 0.1149 -0.5506
vn 0.9456 0.2078 -0.2504
vn 0.9531 -0.0823 -0.2914
vn 0.9739 0.1973 -0.1120
vn 0.9819 -0.1020 -0.1597
vn -0.5795 -0.5254 0.6230
vn -0.7846 -0.5440 0.2974
vn -0.8487 -0.5277 0.0355
vn -0.6918 -0.5958 0.4080
vn -0.4618 -0.6196 0.6347
vn -0.3940 -0.5891 0.7055
vn -0.8680 -0.4464 -0.2176
vn -0.8539 -0.4129 -0.3169
vn -0.7705 -0.3574 -0.5279
vn -0.6881 -0.3131 -0.6546
vn -0.7187 -0.3750 -0.5855
vn -0.5506 -0.2920 -0.7821
vn -0.6759 -0.4318 -0.5973
vn -0.6338 -0.3390 -0.6953
vn -0.6906 -0.3694 -0.6218
vn -0.6159 -0.4668 -0.6347
vn -0.3803 -0.4560 -0.8046
vn -0.5913 -0.3552 -0.7240
vn 0.9082 -0.3756 0.1844
vn 0.8997 -0.4104 -0.1486
vn 0.7314 -0.4323 0.5275
vn 0.0330 -0.1026 0.9942
vn 0.9691 -0.2127 0.1250
vn 0.9469 -0.2673 -0.1785
vn 0.9249 -0.2208 0.3095
vn 0.9883 -0.1014 0.1135
vn 0.9833 -0.1395 -0.1165
vn 0.9382 -0.1416 0.3159
vn 0.6974 -0.4444 0.5622
vn 0.4519 -0.1622 0.8772
vn 0.8204 -0.2516 0.5135
vn 0.4903 -0.3887 0.7801
vn -0.2376 -0.4233 0.8743
vn -0.6265 -0.3284 0.7069
vn -0.3678 -0.0082 0.9299
vn -0.6233 -0.3306 0.7087
vn -0.4441 -0.4255 0.7885
vn -0.5038 -0.2641 0.8224
vn -0.5317 -0.1758 0.8285
vn -0.9342 -0.0088 0.3568
vn -0.9998 0.0033 0.0220
vn -0.9621 0.0210 -0.2717
vn -0.8039 0.1306 -0.5803
vn -0.3151 0.1283 -0.9403
vn 0.5250 -0.4197 -0.7404
vn 0.8079 -0.3961 -0.4364
vn -0.0444 0.2498 -0.9673
vn 0.2848 0.1047 -0.9529
vn 0.8427 -0.1540 -0.5158
vn 0.1337 -0.0600 -0.9892
vn 0.7338 -0.0080 -0.6793
vn 0.9292 -0.0342 -0.3679
vn 0.8944 -0.2248 -0.3866
vn 0.9640 -0.0774 -0.2543
vn -0.9050 -0.4233 0.0420
vn -0.8082 -0.4474 0.3830
vn -0.5934 -0.4758 0.6492
vn -0.4798 -0.4455 0.7558
vn -0.9810 -0.1916 0.0303
vn -0.9155 -0.1965 0.3510
vn -0.7509 -0.1840 0.6343
vn -0.6923 -0.1258 0.7105
vn -0.8911 -0.3531 -0.2852
vn -0.7962 -0.3110 -0.5190
vn -0.9486 -0.1652 -0.2699
vn -0.8564 -0.1655 -0.4891
vn -0.6692 -0.2312 -0.7062
vn -0.4010 -0.1727 -0.8997
vn 0.2045 -0.9789 -0.0000
vn 0.1668 -0.9822 -0.0865
vn 0.2073 -0.9740 -0.0914
vn 0.2214 -0.9357 -0.2746
vn 0.2287 -0.8504 -0.4739
vn 0.2330 -0.8443 -0.4826
vn 0.2211 -0.8125 -0.5395
vn 0.2538 -0.8449 -0.4708
vn 0.1812 -0.5875 -0.7887
vn 0.2539 -0.8214 -0.5107
vn -0.0777 0.2303 -0.9700
vn 0.3351 -0.5239 -0.7831
vn 0.0520 0.4478 -0.8926
vn -0.1158 0.8335 -0.5402
vn -0.2499 0.9264 -0.2817
vn -0.3320 0.8476 -0.4138
vn -0.3144 0.9423 -0.1145
vn -0.4027 0.9126 -0.0710
vn -0.3542 0.9348 0.0250
vn -0.4122 0.9109 0.0171
vn 0.3306 -0.3788 -0.8644
vn 0.2162 -0.9230 -0.3184
vn -0.0212 -0.9998 -0.0000
vn 0.0987 -0.9865 -0.1307
vn -0.2219 0.8020 -0.5546
vn -0.3968 0.9090 -0.1275
vn -0.9987 -0.0501 -0.0000
vn -0.4168 0.9042 -0.0937
vn -0.4317 0.9020 -0.0000
vn -0.4077 0.9131 -0.0000
vn -0.3580 0.8938 -0.2702
vn -0.1865 0.9825 -0.0000
vn -0.4466 0.8895 -0.0970
vn -0.2878 0.7110 -0.6416
vn -0.0343 0.7232 -0.6898
vn -0.4701 0.8357 -0.2839
vn -0.4881 0.6301 -0.6039
vn -0.3028 -0.1048 -0.9473
vn -0.0760 -0.5813 -0.8101
vn 0.2567 -0.8050 -0.5348
vn 0.1087 -0.8117 -0.5738
vn -0.1769 -0.7543 -0.6323
vn 0.0887 -0.9385 -0.3337
vn -0.1778 -0.8873 -0.4255
vn -0.0908 -0.9750 -0.2027
vn 0.1038 -0.9841 -0.1441
vn -0.0766 -0.9899 -0.1195
vn 0.0213 -0.9689 -0.2464
vn 0.0854 -0.9963 -0.0000
vn -0.1600 -0.9740 -0.1604
vn -0.9457 -0.1396 -0.2934
vn -0.5846 -0.0175 -0.8112
vn 0.8313 -0.0995 -0.5469
vn 0.7689 0.0912 -0.6329
vn 0.6938 0.2961 -0.6565
vn 0.5709 0.5870 -0.5740
vn 0.3415 0.8384 -0.4247
vn 0.7109 0.3850 -0.5886
vn 0.4403 0.6607 -0.6080
vn 0.1807 0.7684 -0.6139
vn 0.2753 0.8835 -0.3791
vn 0.0003 0.9669 -0.2552
vn 0.1505 0.9392 -0.3086
vn -0.2901 0.9178 -0.2712
vn -0.1189 0.9331 -0.3394
vn -0.4991 0.8629 0.0792
vn -0.4434 0.8930 -0.0767
vn 0.7379 -0.6253 -0.2542
vn 0.5231 -0.7925 -0.3136
vn 0.8604 -0.2475 -0.4454
vn 0.7283 0.1536 -0.6679
vn 0.8362 -0.3082 -0.4537
vn 0.8296 -0.4243 -0.3629
vn 0.0353 0.8316 -0.5543
vn -0.1765 0.9158 -0.3608
vn -0.3807 0.9019 -0.2041
vn -0.4098 0.9021 -0.1354
vn -0.5495 0.8347 0.0356
vn -0.6950 0.7143 0.0826
vn -0.3918 0.7056 0.5905
vn 0.8917 -0.4369 0.1183
vn -0.4811 0.6893 -0.5417
vn -0.7839 0.3981 -0.4764
vn -0.7959 0.3202 -0.5139
vn -0.5481 0.6708 -0.4996
vn -0.3217 0.7957 -0.5132
vn -0.7107 0.4731 -0.5206
vn -0.6442 0.5917 -0.4847
vn -0.6928 0.7102 -0.1251
vn -0.7079 0.6430 -0.2921
vn -0.8427 0.3880 -0.3733
vn -0.7603 0.5159 -0.3947
vn -0.5790 0.6823 -0.4464
vn -0.4088 0.7404 -0.5335
vn -0.7759 0.5184 -0.3596
vn -0.4544 0.7240 -0.5189
vn -0.6087 0.6968 -0.3794
vn -0.7852 0.4366 -0.4393
vn -0.8340 0.4366 -0.3373
vn -0.7706 0.5309 -0.3525
vn -0.2930 0.9022 0.3166
vn -0.7447 0.6477 -0.1611
vn -0.7947 0.5326 -0.2913
vn -0.2741 0.8877 0.3700
vn -0.2159 0.9390 0.2678
vn 0.7117 -0.6536 0.2573
vn 0.6637 -0.3773 0.6459
vn 0.7754 0.0891 0.6252
vn -0.5476 0.8172 0.1796
vn -0.6519 0.7326 -0.1955
vn -0.3433 0.8841 -0.3171
vn -0.5618 0.8243 -0.0695
vn -0.7075 0.6049 -0.3654
vn -0.3579 -0.9313 -0.0678
vn -0.5299 -0.8457 -0.0633
vn -0.0973 -0.9644 -0.2459
vn -0.3113 -0.7947 0.5210
vn -0.3580 -0.1725 -0.9177
vn -0.6362 -0.0574 -0.7694
vn -0.4381 -0.7694 -0.4650
vn -0.4668 -0.5424 -0.6985
vn -0.3314 -0.8812 -0.3371
vn -0.5488 -0.6368 -0.5416
vn -0.4663 -0.3752 -0.8011
vn -0.5199 0.0651 -0.8517
vn 0.7668 0.1401 -0.6264
vn 0.4550 0.3282 -0.8278
vn 0.5662 0.4778 -0.6717
vn 0.6935 0.2712 -0.6675
vn -0.1987 0.9555 -0.2181
vn 0.4449 -0.8940 -0.0540
vn 0.0232 -0.9321 -0.3615
vn 0.2573 -0.9563 -0.1387
vn -0.1686 -0.1417 -0.9754
vn -0.2633 -0.7627 -0.5908
vn -0.1346 -0.5530 -0.8223
vn -0.1576 -0.3257 -0.9322
vn 0.3596 -0.8885 -0.2852
vn 0.0708 -0.7029 -0.7077
vn 0.1279 -0.9154 -0.3816
vn 0.0487 -0.5990 -0.7993
vn 0.6600 -0.6642 -0.3510
vn 0.3842 -0.6021 -0.6999
vn 0.3985 -0.8643 -0.3068
vn 0.6149 -0.3074 -0.7262
vn 0.2847 -0.2623 -0.9220
vn -0.0957 -0.1442 -0.9849
vn 0.5726 -0.1137 -0.8119
vn 0.3208 -0.9288 -0.1852
vn 0.3393 -0.9103 -0.2372
vn 0.4690 -0.8799 -0.0766
vn 0.6009 -0.7799 -0.1749
vn 0.4573 -0.8892 0.0140
vn 0.3762 -0.9265 -0.0094
vn 0.8126 -0.4827 -0.3266
vn 0.8330 -0.0139 -0.5531
vn 0.5537 0.3250 -0.7667
vn 0.7609 -0.0309 -0.6482
vn 0.3942 0.4359 -0.8091
vn 0.7840 -0.2603 -0.5636
vn 0.8667 -0.2290 -0.4431
vn 0.1852 0.2027 -0.9616
vn 0.3438 0.2668 -0.9003
vn 0.4048 0.4052 -0.8197
vn -0.3193 0.4426 -0.8379
vn 0.0655 0.4568 -0.8872
vn -0.0362 0.5540 -0.8317
vn 0.2328 0.2232 -0.9466
vn 0.1600 0.5748 -0.8025
vn -0.0535 0.5120 -0.8573
vn -0.3308 -0.0708 -0.9411
vn -0.1601 0.2844 -0.9452
vn -0.3011 0.2394 -0.9230
vn -0.3111 0.0022 -0.9504
vn 0.1010 -0.7308 -0.6751
vn 0.2983 -0.3845 -0.8736
vn -0.0384 -0.2963 -0.9543
vn -0.3042 -0.0680 -0.9502
vn -0.4752 -0.3944 -0.7865
vn -0.3284 -0.3346 -0.8833
vn 0.0036 -0.9258 -0.3780
vn -0.0819 -0.7311 -0.6774
vn 0.2627 -0.8493 -0.4579
vn -0.1570 -0.7378 -0.6566
vn -0.4602 -0.1813 -0.8691
vn -0.4246 -0.6155 -0.6640
vn -0.5071 -0.5659 -0.6501
vn -0.4122 -0.8459 -0.3385
vn 0.2854 -0.7756 -0.5631
vn 0.4950 -0.5690 -0.6566
vn 0.5303 -0.4178 -0.7378
vn 0.6754 -0.5032 -0.5391
vn 0.7588 -0.3737 -0.5335
vn 0.7606 -0.3020 -0.5747
vn 0.7946 -0.1296 -0.5932
vn 0.6088 -0.3419 -0.7159
vn 0.6667 -0.4583 -0.5878
vn 0.7130 0.0040 -0.7011
vn -0.5557 -0.8221 -0.1237
vn 0.6846 -0.6226 -0.3792
vn -0.7266 0.6773 0.1154
vn -0.6558 0.7332 0.1797
vn -0.8186 0.5742 -0.0158
vn 0.8740 0.2750 -0.4006
vn 0.6458 -0.2334 -0.7270
vn 0.8579 -0.4640 -0.2207
vn -0.0924 0.2444 -0.9653
vn -0.3593 -0.5965 -0.7177
vn -0.2895 -0.7118 -0.6399
vn -0.2499 -0.9051 -0.3439
vn -0.2968 -0.7516 -0.5890
vn -0.2555 -0.7462 -0.6148
vn -0.2300 -0.9563 0.1804
vn -0.3951 0.7935 -0.4629
vn -0.1921 0.8579 -0.4766
vn -0.3257 0.8460 -0.4220
vn -0.2472 0.8283 -0.5028
vn -0.5182 0.3927 -0.7598
vn -0.5476 0.5785 -0.6046
vn -0.5160 0.4549 -0.7258
vn -0.6966 0.2248 -0.6813
vn -0.7540 0.2504 -0.6072
vn -0.7620 0.4183 -0.4943
vn -0.7078 0.3062 -0.6365
vn -0.2514 0.7971 -0.5490
vn -0.2800 0.8534 -0.4396
vn -0.3686 0.8836 -0.2888
vn -0.3428 0.8859 -0.3124
vn -0.3213 0.8667 -0.3815
vn -0.4545 0.8596 -0.2336
vn 0.2101 0.7939 0.5706
vn -0.3457 0.8995 -0.2672
vn -0.5299 0.8359 -0.1432
vn -0.0954 0.8659 0.4911
vn 0.2217 -0.4867 0.8450
vn -0.7921 0.4559 0.4058
vn -0.9926 0.0085 0.1214
vn 0.0025 -0.8658 0.5005
vn 0.3031 -0.7656 0.5675
vn 0.4610 -0.4010 0.7916
vn 0.5952 -0.5996 0.5349
vn 0.2384 -0.8086 0.5378
vn -0.2285 -0.9717 0.0595
vn -0.7491 -0.6604 0.0534
vn -0.5520 -0.8068 -0.2104
vn -0.2434 -0.9646 -0.1015
vn -0.6631 -0.4034 -0.6305
vn -0.7467 -0.3894 -0.5393
vn -0.7220 0.1829 -0.6673
vn -0.7069 -0.4670 -0.5312
vn -0.5030 -0.8299 -0.2412
vn -0.5679 -0.5660 -0.5976
vn -0.5729 -0.1587 -0.8041
vn -0.5177 0.5196 -0.6797
vn -0.6298 0.6512 -0.4235
vn -0.8982 0.1482 -0.4139
vn -0.6920 0.4295 -0.5802
vn -0.4263 0.6790 -0.5976
vn -0.2331 0.6149 -0.7534
vn -0.5959 0.3984 -0.6973
vn -0.4926 0.3441 -0.7993
vn -0.3310 0.3827 -0.8625
vn -0.5829 0.3481 -0.7342
vn -0.6363 0.2396 -0.7333
vn -0.3381 0.4477 -0.8278
vn -0.0435 0.7931 -0.6075
vn 0.5176 -0.8524 -0.0741
vn 0.3682 -0.9290 0.0374
vn 0.1163 -0.9924 -0.0413
vn 0.4767 -0.8789 -0.0165
vn -0.2317 -0.9400 -0.2506
vn -0.2894 -0.9550 -0.0647
vn -0.1189 -0.9928 -0.0170
vn 0.5346 -0.5380 -0.6517
vn 0.6244 -0.7113 -0.3227
vn 0.7185 -0.6658 -0.2010
vn 0.5708 -0.8185 -0.0647
vn 0.2286 -0.9735 0.0080
vn -0.1710 -0.9517 -0.2551
vn -0.1693 -0.9856 -0.0000
vn 0.5251 -0.8510 -0.0000
vn 0.7005 -0.7085 -0.0855
vn 0.6795 -0.7337 -0.0000
vn 0.7458 -0.6570 -0.1098
vn 0.6456 -0.7512 0.1377
vn 0.1367 -0.8810 0.4530
vn 0.4002 -0.7502 0.5264
vn -0.2690 -0.7637 0.5869
vn -0.8963 -0.4430 0.0189
vn -0.7767 -0.3255 -0.5392
vn -0.4398 -0.1968 -0.8763
vn -0.3458 -0.1595 -0.9246
vn 0.1923 -0.1475 -0.9702
vn 0.6954 -0.5005 -0.5157
vn -0.5317 0.8220 -0.2037
vn -0.5581 0.7681 -0.3141
vn -0.5913 0.6874 -0.4217
vn -0.4520 0.4848 -0.7488
vn -0.2871 0.3919 -0.8740
vn -0.4261 -0.0942 -0.8998
vn -0.3676 -0.5185 -0.7720
vn -0.2911 -0.7499 -0.5941
vn -0.3434 -0.8484 -0.4029
vn -0.2674 -0.9131 -0.3077
vn -0.2555 -0.9528 -0.1637
vn -0.1422 -0.9874 -0.0697
vn -0.0920 -0.9895 -0.1118
vn -0.1724 -0.9835 -0.0542
vn -0.1569 -0.9759 -0.1515
vn -0.0918 -0.9958 -0.0000
vn -0.2532 -0.9674 -0.0000
vn -0.5948 0.8039 -0.0000
vn -0.6273 0.7781 0.0331
vn -0.5805 0.8036 0.1313
vn -0.6675 0.7446 -0.0000
vn -0.7270 0.6805 0.0911
vn -0.7869 0.5960 -0.1603
vn -0.6861 0.7275 -0.0042
vn -0.7371 0.6520 -0.1776
vn 0.7171 0.6970 -0.0000
vn -0.5751 0.8131 -0.0901
vn -0.6416 0.6538 -0.4010
vn -0.5359 0.5001 -0.6802
vn -0.7652 0.5021 -0.4029
vn -0.5994 0.3331 -0.7278
vn -0.5060 0.0195 -0.8623
vn -0.4843 0.1304 -0.8651
vn -0.4424 -0.2743 -0.8538
vn -0.4169 -0.4094 -0.8115
vn -0.3724 -0.5218 -0.7675
vn -0.3630 -0.5596 -0.7450
vn -0.3128 -0.6511 -0.6915
vn -0.3306 -0.7534 -0.5685
vn -0.2859 -0.7108 -0.6426
vn -0.2355 -0.8472 -0.4762
vn -0.2274 -0.9129 -0.3390
vn -0.2762 -0.8465 -0.4551
vn -0.1515 -0.9703 -0.1883
vn -0.2320 -0.9450 -0.2307
vn -0.3324 -0.9175 -0.2184
vn -0.2090 -0.9731 -0.0973
vn -0.3139 -0.9390 -0.1406
vn -0.2424 -0.9702 -0.0000
vn -0.3518 -0.9361 -0.0000
vn -0.3135 -0.9382 -0.1468
vn -0.2313 -0.9729 -0.0000
vn 0.7676 -0.3243 -0.5529
vn 0.2651 0.2866 -0.9206
vn 0.8066 -0.2333 -0.5431
vn 0.6067 0.0877 -0.7901
vn 0.8405 -0.2281 -0.4914
vn 0.8485 -0.3178 -0.4232
vn 0.7888 0.0271 -0.6141
vn 0.6976 0.1542 -0.6997
vn 0.9013 -0.0925 -0.4231
vn 0.8739 -0.0396 -0.4844
vn 0.7106 -0.0541 -0.7015
vn 0.7688 -0.1790 -0.6140
vn 0.4525 0.1102 -0.8849
vn 0.1146 0.4702 -0.8751
vn 0.7621 -0.0886 -0.6414
vn 0.8702 -0.1928 -0.4535
vn 0.9367 -0.2953 -0.1882
vn 0.9029 -0.4299 -0.0000
vn 0.9223 -0.3248 -0.2093
vn 0.8328 -0.5535 -0.0000
vn 0.8463 -0.4738 -0.2437
vn 0.8398 -0.4754 -0.2622
vn 0.8512 -0.5249 -0.0000
vn 0.8254 -0.3970 -0.4013
vn 0.3936 -0.9193 -0.0000
vn 0.8274 -0.3182 -0.4628
vn 0.8061 -0.3717 -0.4604
vn -0.2214 0.6019 -0.7673
vn -0.1192 0.6016 -0.7898
vn 0.3021 0.5648 -0.7679
vn 0.3830 0.6845 -0.6203
vn 0.4579 0.3022 -0.8360
vn -0.0178 0.6391 -0.7690
vn -0.3088 0.7457 -0.5904
vn 0.6932 -0.2096 -0.6896
vn 0.6983 -0.4573 -0.5506
vn 0.7446 -0.3770 -0.5508
vn 0.7811 -0.2439 -0.5748
vn 0.8384 -0.4689 -0.2778
vn 0.7965 -0.5411 -0.2699
vn 0.8706 -0.4014 -0.2846
vn 0.8752 -0.4663 -0.1290
vn 0.8087 -0.5759 -0.1193
vn 0.8858 -0.4509 -0.1095
vn 0.8858 -0.4641 -0.0000
vn 0.8244 -0.5660 -0.0000
vn 0.8986 -0.4388 -0.0000
vn -0.5022 0.7503 -0.4300
vn -0.6648 0.7471 -0.0000
vn -0.6113 0.7756 -0.1576
vn -0.6343 0.7731 -0.0000
vn -0.5978 0.8000 -0.0513
vn -0.6638 0.7479 -0.0000
vn -0.6350 0.7674 0.0884
vn -0.7000 0.7142 -0.0000
vn -0.7376 0.6749 0.0203
vn -0.7158 0.6983 0.0048
vn -0.6230 0.7822 -0.0000
vn -0.6368 0.7703 -0.0329
vn 0.4677 0.3233 -0.8227
vn -0.3418 0.6540 -0.6749
vn -0.7250 0.6887 -0.0000
vn 0.1648 0.4713 -0.8665
vn 0.6671 0.7450 -0.0000
vn 0.1606 0.8486 -0.5041
vn 0.4954 0.7851 -0.3718
vn -0.6427 0.7661 -0.0000
vn -0.6819 0.6939 -0.2315
vn -0.2985 0.5032 -0.8110
vn 0.5730 0.2629 -0.7762
vn 0.2500 0.7156 -0.6522
vn 0.0764 0.5078 -0.8581
vn 0.6212 0.7660 -0.1655
vn 0.7911 0.2811 -0.5433
vn 0.1510 0.9420 -0.2998
vn 0.1435 0.9724 -0.1842
vn 0.1403 0.9901 -0.0000
vn -0.1947 0.9155 -0.3522
vn -0.3575 0.7429 -0.5660
vn -0.3148 0.9491 -0.0000
vn -0.4973 0.8319 -0.2462
vn -0.7422 0.6702 -0.0000
vn -0.5798 0.7573 -0.3007
vn -0.1106 0.5853 -0.8033
vn -0.1348 0.7216 -0.6791
vn 0.0466 0.3621 -0.9310
vn -0.2821 0.5159 -0.8089
vn -0.2816 0.5882 -0.7581
vn -0.0044 0.6591 -0.7521
vn 0.3467 0.4233 -0.8370
vn -0.1660 0.8242 -0.5414
vn -0.4111 0.5171 -0.7508
vn 0.7948 -0.0653 -0.6033
vn 0.7605 -0.2673 -0.5918
vn 0.5083 0.8612 -0.0000
vn 0.4637 0.6216 -0.6313
vn 0.2253 0.3156 -0.9218
vn 0.3362 -0.4454 -0.8298
vn 0.3471 -0.7401 -0.5760
vn 0.6643 0.7475 -0.0000
vn 0.6346 0.5967 -0.4911
vn 0.4241 0.0575 -0.9038
vn 0.2038 -0.3703 -0.9063
vn -0.0659 -0.8840 -0.4627
vn -0.1625 -0.9867 -0.0000
vn 0.9526 -0.3042 -0.0000
vn 0.7936 0.2946 -0.5324
vn 0.7160 0.6981 -0.0000
vn 0.8432 0.1203 -0.5239
vn 0.8058 0.5636 -0.1815
vn 0.3036 0.8917 -0.3358
vn 0.3668 0.8905 -0.2691
vn 0.4332 0.9013 -0.0000
vn 0.4283 0.8905 -0.1533
vn 0.6095 0.4676 -0.6402
vn 0.7097 0.6667 -0.2277
vn 0.4047 0.8385 -0.3648
vn 0.2268 0.8400 -0.4928
vn -0.1812 0.7068 -0.6838
vn -0.4613 0.4937 -0.7372
vn -0.6838 0.1009 -0.7227
vn -0.6941 -0.1694 -0.6997
vn -0.4721 -0.5606 -0.6803
vn -0.3549 -0.7873 -0.5042
vn -0.1047 -0.9137 -0.3926
vn 0.1150 -0.9749 -0.1907
vn 0.3731 -0.9170 -0.1412
vn 0.6511 -0.7587 -0.0190
vn 0.7946 -0.6047 0.0536
vn 0.9039 -0.4233 0.0625
vn 0.9822 -0.1824 0.0454
vn 0.9968 -0.0218 0.0773
vn 0.9855 0.1694 -0.0016
vn 0.9354 0.3489 -0.0582
vn 0.8397 0.5268 -0.1316
vn 0.8414 0.4119 -0.3499
vn 0.7407 0.4781 -0.4719
vn 0.6078 0.4932 -0.6224
vn 0.4436 0.4260 -0.7885
vn 0.2672 0.2486 -0.9310
vn 0.1270 -0.0246 -0.9916
vn 0.0725 -0.3188 -0.9450
vn 0.1138 -0.5561 -0.8233
vn 0.2244 -0.7039 -0.6739
vn 0.3700 -0.7649 -0.5273
vn 0.5226 -0.7539 -0.3983
vn 0.6629 -0.6892 -0.2926
vn 0.7800 -0.5886 -0.2125
vn 0.8708 -0.4661 -0.1566
vn 0.9351 -0.3322 -0.1231
vn 0.9747 -0.1943 -0.1104
vn 0.9915 -0.0574 -0.1171
vn 0.9869 0.0751 -0.1429
vn 0.9613 0.2009 -0.1887
vn 0.9135 0.3155 -0.2569
vn 0.8941 0.1426 -0.4245
vn 0.8524 0.1594 -0.4980
vn 0.8027 0.1438 -0.5788
vn 0.7478 0.0892 -0.6579
vn 0.6931 -0.0054 -0.7208
vn 0.6475 -0.1292 -0.7511
vn 0.6211 -0.2598 -0.7394
vn 0.6198 -0.3730 -0.6905
vn 0.6436 -0.4516 -0.6179
vn 0.6863 -0.4903 -0.5373
vn 0.7389 -0.4924 -0.4599
vn 0.7940 -0.4642 -0.3925
vn 0.8453 -0.4136 -0.3383
vn 0.8895 -0.3461 -0.2982
vn 0.9234 -0.2697 -0.2731
vn 0.9462 -0.1893 -0.2626
vn 0.9579 -0.1074 -0.2662
vn 0.9583 -0.0292 -0.2841
vn 0.9476 0.0421 -0.3167
vn 0.9260 0.1012 -0.3636
vn 0.8671 -0.1727 -0.4673
vn 0.8113 0.4868 -0.3238
vn 0.8121 -0.5555 -0.1789
vn 0.9394 0.0005 -0.3428
vn 0.9625 0.0066 -0.2712
vn 0.5293 -0.4021 -0.7471
vn 0.5237 -0.6864 -0.5046
vn 0.7880 -0.5581 -0.2599
vn 0.9221 0.2528 -0.2929
vn 0.3246 0.0041 -0.9459
vn -0.7658 0.3834 -0.5163
vn 0.7208 -0.1865 -0.6675
vn 0.7106 -0.0541 0.7015
vn 0.2651 0.2866 0.9206
vn 0.7208 -0.1865 0.6675
vn 0.8066 -0.2333 0.5431
vn 0.6067 0.0877 0.7901
vn -0.7959 0.3202 0.5139
vn -0.7078 0.3062 0.6365
vn -0.7658 0.3834 0.5163
vn -0.7620 0.4183 0.4943
vn -0.5959 0.3984 0.6973
vn 0.1606 0.8486 0.5041
vn 0.2500 0.7156 0.6522
vn 0.4954 0.7851 0.3718
vn -0.7933 -0.5050 0.3400
vn -0.9060 -0.4086 0.1100
vn -0.9507 -0.1818 -0.2511
vn -0.7791 -0.5940 0.2006
vn -0.9715 0.1300 0.1980
vn -0.7533 -0.6564 -0.0410
vn -0.8303 -0.4950 -0.2560
vn -0.9565 -0.2529 0.1451
vn -0.9711 -0.1889 0.1457
vn -0.8614 -0.3304 -0.3858
vn -0.9614 -0.1011 -0.2559
vn 0.6606 -0.7481 0.0627
vn -0.7661 -0.4051 0.4989
vn -0.2049 -0.4951 0.8443
vn 0.8286 -0.3430 0.4425
vn 0.5608 0.6467 -0.5170
vn -0.1172 0.6700 0.7330
vn -0.4346 0.8905 0.1345
vn -0.0432 0.9151 0.4010
vn -0.1373 0.8517 0.5057
vn -0.0610 0.9204 0.3861
vn 0.0108 0.8706 0.4919
vn -0.0727 0.9172 0.3917
vn 0.1353 0.8921 0.4310
vn 0.0131 0.9339 0.3574
vn 0.1375 0.7587 0.6368
vn -0.9926 0.1217 -0.0048
vn -0.7772 -0.2957 -0.5555
vn -0.9718 0.1975 -0.1291
vn -0.7045 -0.1837 -0.6856
vn -0.8604 0.4607 -0.2179
vn -0.7640 0.1692 -0.6227
vn -0.2962 0.9156 -0.2720
vn -0.0791 0.8196 -0.5675
vn -0.0207 0.8317 -0.5549
vn 0.3520 0.8088 -0.4711
vn 0.1447 0.9805 -0.1333
vn 0.3698 0.9019 0.2233
vn 0.6958 0.6170 -0.3677
vn 0.7507 0.6094 0.2551
vn 0.8752 0.4396 -0.2020
vn 0.9205 0.3731 0.1157
vn 0.8794 0.3016 -0.3683
vn 0.8871 0.4605 -0.0311
vn 0.8356 0.4818 -0.2640
vn 0.6458 0.7512 -0.1367
vn 0.5284 0.8310 0.1741
vn 0.1412 0.9889 0.0458
vn 0.0634 0.1823 0.9812
vn 0.4878 0.4353 0.7567
vn 0.7318 0.5260 0.4332
vn 0.8319 0.5311 0.1610
vn 0.8590 0.5118 -0.0098
vn 0.8570 0.4923 -0.1520
vn 0.8121 0.4640 -0.3539
vn 0.6377 0.3691 -0.6761
vn 0.1004 0.1315 -0.9862
vn -0.5558 -0.2231 -0.8008
vn -0.7766 -0.3252 -0.5396
vn -0.8143 -0.3416 -0.4693
vn -0.7199 -0.3440 -0.6029
vn -0.6170 -0.3267 -0.7160
vn -0.6882 -0.4287 -0.5852
vn -0.7803 -0.5055 -0.3681
vn -0.8566 -0.5143 -0.0414
vn -0.8644 -0.3211 0.3870
vn -0.8152 -0.2678 0.5136
vn -0.8437 -0.2998 0.4453
vn -0.6218 -0.1455 0.7695
vn -0.7732 -0.3069 0.5549
vn -0.7911 -0.3918 0.4699
vn -0.8426 -0.4848 0.2345
vn 0.1819 -0.9619 -0.2042
vn -0.5271 -0.8494 0.0255
vn 0.3759 -0.9191 -0.1178
vn 0.4503 -0.8800 -0.1510
vn 0.2901 -0.9514 -0.1032
vn 0.2795 -0.9565 -0.0832
vn -0.3370 -0.9392 0.0653
vn 0.6700 -0.7379 0.0815
vn 0.5124 -0.8581 0.0335
vn -0.2062 -0.9774 0.0475
vn 0.2488 -0.9508 0.1847
vn -0.1847 -0.9710 0.1518
vn 0.1422 -0.9887 0.0475
vn 0.2218 -0.9729 -0.0649
vn 0.0645 -0.9888 0.1343
vn 0.3202 -0.9237 0.2103
vn -0.5821 -0.7692 -0.2635
vn 0.0506 -0.9311 -0.3612
vn 0.2582 -0.9497 0.1771
vn 0.2571 -0.9662 -0.0159
vn 0.0239 0.6732 0.7391
vn 0.2762 0.5440 0.7924
vn 0.1409 0.4384 0.8877
vn 0.4138 -0.8771 0.2439
vn 0.4399 0.0665 0.8956
vn 0.3884 -0.0675 0.9190
vn 0.3593 -0.7952 0.4884
vn 0.4944 -0.7298 0.4722
vn 0.4990 -0.5072 0.7027
vn 0.4614 -0.4904 0.7393
vn -0.6899 -0.7056 0.1618
vn -0.7973 -0.5254 -0.2970
vn -0.9080 -0.3867 0.1611
vn 0.7170 -0.6680 -0.1994
vn 0.6145 -0.6965 0.3706
vn 0.0866 -0.9771 -0.1942
vn 0.7335 -0.6753 -0.0768
vn 0.4037 -0.8629 -0.3041
vn 0.0406 -0.8882 -0.4578
vn 0.2520 -0.7033 -0.6648
vn 0.2172 0.8271 -0.5184
vn 0.0622 0.8554 -0.5142
vn 0.3574 0.6458 -0.6746
vn 0.0426 0.6114 -0.7902
vn 0.2190 0.3877 -0.8954
vn 0.8879 0.4596 -0.0200
vn -0.4648 0.8843 0.0447
vn -0.4883 0.7949 -0.3600
vn 0.3273 0.6159 -0.7166
vn -0.0167 0.6195 -0.7848
vn -0.3348 0.0046 -0.9423
vn -0.2337 -0.5094 -0.8282
vn -0.1344 -0.7986 -0.5867
vn 0.0103 -0.9525 -0.3043
vn 0.1570 -0.9874 -0.0217
vn 0.2488 -0.9337 0.2574
vn 0.2859 -0.7969 0.5322
vn 0.2408 -0.5400 0.8065
vn 0.0980 -0.0787 0.9921
vn -0.0351 0.3763 0.9258
vn -0.1177 0.6227 0.7735
vn -0.2927 0.8189 0.4938
vn -0.3586 0.9165 -0.1772
vn -0.7145 0.6908 0.1108
vn -0.8184 0.5008 0.2819
vn -0.8857 0.3572 0.2966
vn -0.9626 -0.0247 0.2700
vn -0.8662 -0.3702 0.3358
vn -0.6423 -0.6708 0.3709
vn -0.3157 -0.9018 0.2950
vn 0.1095 -0.9908 0.0799
vn 0.4978 -0.8598 -0.1135
vn 0.7159 -0.6494 -0.2566
vn 0.7257 -0.5216 -0.4487
vn 0.7391 -0.1406 -0.6587
vn 0.3731 -0.1948 -0.9071
vn 0.6710 0.3143 -0.6716
vn 0.6799 0.4983 -0.5380
vn 0.3279 0.8123 -0.4824
vn 0.2746 0.9570 -0.0938
vn 0.2607 0.9199 0.2931
vn 0.2498 0.8023 0.5422
vn 0.2875 0.6314 0.7202
vn 0.2454 0.2625 0.9332
vn 0.2573 -0.4733 0.8425
vn 0.0076 -0.7425 0.6698
vn 0.0342 -0.9306 0.3644
vn -0.0204 -0.9979 0.0622
vn -0.0613 -0.9769 -0.2046
vn -0.0521 -0.8840 -0.4645
vn 0.0202 -0.6721 -0.7402
vn 0.1396 -0.2316 -0.9627
vn 0.1771 0.2654 -0.9478
vn 0.1761 0.5632 -0.8073
vn 0.2294 0.8212 -0.5225
vn 0.2497 0.9682 0.0166
vn 0.3014 0.8826 -0.3608
vn 0.3572 0.7202 -0.5947
vn 0.4384 0.4793 -0.7603
vn 0.2490 -0.0737 -0.9657
vn 0.0894 -0.5876 -0.8042
vn 0.0619 -0.8563 -0.5127
vn -0.0031 -0.9641 -0.2656
vn -0.0811 -0.9967 -0.0039
vn -0.1529 -0.9566 0.2480
vn -0.1832 -0.8361 0.5170
vn -0.1388 -0.5653 0.8131
vn -0.0285 -0.0089 0.9996
vn 0.0306 0.4914 0.8704
vn 0.0560 0.7244 0.6871
vn 0.1468 0.9013 0.4076
vn -0.8691 0.2496 0.4271
vn -0.9843 0.1756 0.0146
vn -0.9680 0.2505 0.0159
vn -0.9510 0.1028 0.2915
vn -0.9033 0.2123 -0.3728
vn -0.9712 0.0950 -0.2183
vn -0.8787 -0.1523 -0.4525
vn -0.6004 0.0997 -0.7935
vn -0.7629 -0.2980 -0.5737
vn -0.2712 -0.0056 -0.9625
vn -0.7598 -0.4022 -0.5109
vn -0.1459 -0.0578 -0.9876
vn -0.6981 -0.4330 -0.5703
vn -0.0062 -0.1119 -0.9937
vn 0.4262 -0.2680 -0.8640
vn -0.2233 -0.6909 -0.6876
vn 0.7771 -0.4481 -0.4419
vn 0.2320 -0.9095 -0.3450
vn 0.8739 -0.4861 -0.0053
vn 0.5523 -0.8333 0.0253
vn 0.2566 -0.8806 0.3983
vn 0.8115 -0.4278 0.3980
vn 0.5669 -0.2178 0.7945
vn -0.0936 -0.6498 0.7543
vn 0.2552 -0.0804 0.9635
vn -0.6667 -0.4496 0.5945
vn 0.0526 0.0024 0.9986
vn -0.6396 -0.3590 0.6797
vn -0.0948 0.0616 0.9936
vn -0.7052 -0.2905 0.6468
vn -0.4753 0.1623 0.8647
vn -0.8346 -0.1282 0.5357
vn -0.9390 -0.0170 0.3436
vn -0.9997 -0.0221 0.0112
vn -0.9464 -0.0304 -0.3215
vn -0.6793 -0.0457 -0.7324
vn -0.3077 -0.0662 -0.9492
vn -0.1330 -0.0669 -0.9889
vn 0.0141 -0.0918 -0.9957
vn 0.4580 -0.1215 -0.8806
vn 0.8740 -0.1523 -0.4614
vn 0.9904 -0.1367 -0.0179
vn 0.9193 -0.1384 0.3683
vn 0.6786 -0.0769 0.7305
vn 0.3175 -0.0431 0.9473
vn 0.0646 -0.0148 0.9978
vn -0.2016 -0.0123 0.9794
vn -0.6499 -0.0057 0.7600
vn -0.8047 -0.5929 0.0287
vn -0.5526 -0.5825 0.5961
vn -0.6255 -0.5922 -0.5080
vn 0.0147 -0.3726 -0.9279
vn 0.4758 -0.0856 -0.8754
vn 0.8365 0.1789 -0.5179
vn 0.9501 0.3113 -0.0203
vn 0.8734 0.2193 0.4349
vn 0.6538 0.0076 0.7566
vn 0.2099 -0.2669 0.9406
vn 0.9093 -0.4162 -0.0062
vn -0.9459 0.3245 -0.0032
vn -0.9553 0.2120 -0.2063
vn -0.9006 -0.0258 -0.4339
vn -0.7676 -0.3114 -0.5601
vn -0.7919 -0.4005 -0.4610
vn -0.6963 -0.4519 -0.5577
vn -0.1478 -0.8227 -0.5489
vn 0.2854 -0.9254 -0.2495
vn 0.5129 -0.8584 0.0071
vn 0.3395 -0.9066 0.2507
vn 0.0487 -0.8259 0.5617
vn -0.5925 -0.5091 0.6243
vn -0.6993 -0.3804 0.6052
vn -0.7395 -0.2472 0.6261
vn -0.8801 0.0490 0.4723
vn -0.9369 0.2745 0.2165
vn -0.7367 0.6352 -0.2318
vn -0.7294 0.6840 0.0127
vn -0.6107 0.5168 -0.5999
vn -0.2428 0.1760 -0.9540
vn -0.1141 -0.0228 -0.9932
vn 0.2275 -0.1237 -0.9659
vn 0.7400 -0.4120 -0.5317
vn 0.8635 -0.4764 -0.1656
vn 0.8835 -0.4685 -0.0059
vn 0.8821 -0.4514 0.1345
vn 0.8057 -0.3962 0.4404
vn 0.4939 -0.1395 0.8583
vn 0.1274 0.0455 0.9908
vn -0.1591 0.3185 0.9345
vn -0.5649 0.5889 0.5780
vn -0.7130 0.6591 0.2392
vn -0.6342 0.7477 -0.1966
vn -0.6480 0.7616 0.0043
vn -0.5351 0.6525 -0.5365
vn -0.3140 0.3626 -0.8774
vn -0.0520 0.0394 -0.9979
vn 0.3973 -0.2553 -0.8814
vn 0.7711 -0.4478 -0.4527
vn 0.8701 -0.4776 -0.1217
vn 0.8513 -0.5246 -0.0084
vn 0.8973 -0.4298 0.1006
vn 0.8389 -0.3871 0.3827
vn 0.6450 -0.1768 0.7435
vn 0.2955 0.1246 0.9472
vn -0.0663 0.4755 0.8772
vn -0.4129 0.7278 0.5476
vn -0.5936 0.7764 0.2116
vn -0.7330 0.6782 0.0516
vn -0.7531 0.6165 -0.2298
vn -0.7297 0.4713 -0.4954
vn -0.6832 0.2435 -0.6884
vn -0.5767 -0.0243 -0.8166
vn -0.3457 -0.3927 -0.8522
vn 0.0667 -0.7516 -0.6562
vn 0.3577 -0.8781 -0.3178
vn 0.4561 -0.8893 -0.0317
vn 0.5006 -0.8330 0.2354
vn 0.4150 -0.7202 0.5560
vn 0.1460 -0.4267 0.8925
vn -0.0828 -0.0513 0.9952
vn -0.2949 0.2659 0.9178
vn -0.4747 0.5430 0.6927
vn -0.6372 0.6756 0.3708
vn -0.5978 0.8003 0.0471
vn -0.6334 0.7230 -0.2758
vn -0.6456 0.5419 -0.5382
vn -0.6396 0.2957 -0.7096
vn -0.5806 -0.0346 -0.8135
vn -0.4259 -0.4618 -0.7781
vn -0.1414 -0.8034 -0.5785
vn 0.1326 -0.9425 -0.3069
vn 0.2836 -0.9582 -0.0377
vn 0.3007 -0.9269 0.2248
vn 0.2478 -0.8311 0.4979
vn 0.1109 -0.5510 0.8271
vn -0.0768 -0.0929 0.9927
vn -0.2119 0.3198 0.9235
vn -0.3285 0.6213 0.7114
vn -0.4688 0.7898 0.3955
vn -0.1437 0.9888 0.0401
vn -0.2225 0.9146 -0.3376
vn -0.2550 0.7108 -0.6555
vn -0.1685 0.4388 -0.8827
vn -0.0106 0.0606 -0.9981
vn 0.1144 -0.4006 -0.9091
vn 0.1953 -0.7624 -0.6169
vn 0.2374 -0.9216 -0.3069
vn 0.2892 -0.9564 -0.0400
vn 0.3773 -0.9030 0.2057
vn 0.4646 -0.7673 0.4420
vn 0.5318 -0.4671 0.7064
vn 0.5033 -0.0255 0.8637
vn 0.3341 0.3960 0.8553
vn 0.1649 0.7044 0.6904
vn 0.0026 0.9110 0.4123
vn -0.1535 0.9881 -0.0008
vn -0.2193 0.9055 -0.3633
vn -0.2439 0.7009 -0.6702
vn -0.1647 0.4016 -0.9009
vn -0.0487 0.0130 -0.9987
vn 0.0624 -0.4187 -0.9060
vn 0.1331 -0.7698 -0.6243
vn 0.1616 -0.9380 -0.3067
vn 0.2050 -0.9780 -0.0380
vn 0.3065 -0.9261 0.2199
vn 0.4434 -0.7489 0.4925
vn 0.5226 -0.4117 0.7466
vn 0.4927 -0.0217 0.8699
vn 0.3513 0.3575 0.8653
vn 0.1768 0.6867 0.7051
vn -0.0037 0.9153 0.4027
vn -0.1559 0.3228 -0.9335
vn -0.9034 0.2833 -0.3220
vn -0.9278 0.1889 -0.3216
vn -0.5752 0.0954 -0.8125
vn -0.9812 0.1857 0.0535
vn -0.9942 0.0874 -0.0620
vn -0.9508 0.0978 0.2941
vn -0.9875 -0.1091 0.1135
vn -0.9083 0.0442 0.4160
vn -0.9612 -0.1974 0.1926
vn -0.8897 0.0150 0.4563
vn -0.9419 -0.2902 0.1689
vn -0.8656 -0.0174 0.5005
vn -0.9326 -0.2976 0.2041
vn -0.7253 -0.1633 0.6688
vn -0.8048 -0.4745 0.3566
vn -0.0240 -0.5950 0.8034
vn -0.3077 -0.8853 0.3487
vn 0.7743 -0.5707 0.2733
vn 0.4565 -0.8782 0.1426
vn 0.9261 -0.3675 -0.0849
vn 0.6041 -0.7741 -0.1893
vn 0.9368 -0.1785 -0.3009
vn 0.6883 -0.5655 -0.4543
vn 0.9015 -0.1016 -0.4207
vn 0.3340 -0.6165 -0.7130
vn 0.8719 -0.0561 -0.4865
vn 0.4561 -0.4888 -0.7437
vn 0.8430 -0.0215 -0.5374
vn 0.3955 -0.4492 -0.8011
vn 0.7066 0.0645 -0.7046
vn 0.1355 -0.3057 -0.9425
vn -0.4672 -0.1383 -0.8733
vn -0.9458 -0.0689 -0.3173
vn -0.9996 -0.0257 0.0154
vn -0.9657 0.0005 0.2596
vn -0.9144 0.0073 0.4046
vn -0.8873 0.0132 0.4610
vn -0.8614 0.0004 0.5079
vn -0.7213 -0.0230 0.6922
vn 0.0792 -0.1444 0.9863
vn 0.9344 -0.1337 0.3301
vn 0.9912 -0.1228 -0.0497
vn 0.9623 -0.0798 -0.2599
vn 0.9130 -0.0738 -0.4013
vn 0.8735 -0.0671 -0.4822
vn 0.8151 -0.0786 -0.5740
vn 0.5638 -0.1060 -0.8191
vn 0.3929 -0.6812 -0.6177
vn -0.6726 -0.7054 -0.2237
vn -0.8875 -0.4130 0.2041
vn -0.8442 -0.1752 0.5067
vn -0.7081 0.0300 0.7055
vn -0.0682 0.4105 0.9093
vn 0.8606 0.4230 0.2836
vn 0.9796 0.1713 -0.1051
vn 0.9618 -0.0151 -0.2732
vn 0.8838 -0.2047 -0.4208
vn 0.8479 -0.4372 0.2999
vn -0.8823 0.3732 -0.2867
vn -0.9770 0.2002 -0.0731
vn -0.9956 -0.0128 0.0931
vn -0.9604 -0.2111 0.1816
vn -0.9428 -0.3036 0.1375
vn -0.9298 -0.3085 0.2006
vn -0.7030 -0.6307 0.3285
vn -0.1421 -0.9441 0.2974
vn 0.4001 -0.9044 0.1482
vn 0.5276 -0.8456 -0.0809
vn 0.6175 -0.7138 -0.3305
vn 0.4126 -0.6235 -0.6641
vn 0.3357 -0.5524 -0.7630
vn 0.3382 -0.4171 -0.8436
vn -0.0687 -0.0228 -0.9974
vn -0.6665 0.3762 -0.6436
vn -0.7972 0.6037 -0.0082
vn -0.5946 0.7724 -0.2234
vn -0.8910 0.3982 0.2181
vn -0.8946 0.1570 0.4183
vn -0.8841 0.0371 0.4658
vn -0.8117 -0.0260 0.5835
vn -0.2193 -0.4927 0.8421
vn 0.6013 -0.6328 0.4878
vn 0.7896 -0.5480 0.2760
vn 0.8759 -0.4658 0.1258
vn 0.9398 -0.3239 -0.1088
vn 0.9345 -0.1197 -0.3353
vn 0.8874 -0.0154 -0.4607
vn 0.8152 0.1789 -0.5509
vn 0.3960 0.6159 -0.6811
vn -0.2834 0.8287 -0.4826
vn -0.7021 0.7119 -0.0139
vn -0.5399 0.8195 -0.1922
vn -0.8323 0.5140 0.2075
vn -0.8815 0.2766 0.3828
vn -0.8652 0.0843 0.4943
vn -0.7140 -0.1403 0.6859
vn 0.0422 -0.5583 0.8286
vn 0.6963 -0.5760 0.4281
vn 0.7765 -0.5675 0.2740
vn 0.8809 -0.4425 0.1677
vn 0.9457 -0.3192 -0.0610
vn 0.9531 -0.1446 -0.2659
vn 0.9102 0.0298 -0.4131
vn 0.8048 0.2878 -0.5192
vn 0.4234 0.7027 -0.5718
vn -0.2146 0.8957 -0.3894
vn -0.5704 0.7780 -0.2635
vn -0.8105 0.5856 -0.0147
vn -0.9107 0.3851 0.1492
vn -0.9494 0.1982 0.2435
vn -0.9490 0.0239 0.3144
vn -0.8967 -0.2138 0.3876
vn -0.6619 -0.5900 0.4624
vn -0.1226 -0.9143 0.3860
vn 0.3344 -0.9279 0.1645
vn 0.6425 -0.7654 -0.0365
vn 0.7914 -0.5640 -0.2358
vn 0.8440 -0.3240 -0.4275
vn 0.8368 -0.0840 -0.5410
vn 0.7618 0.1628 -0.6270
vn 0.5309 0.5116 -0.6756
vn -0.0208 0.8229 -0.5679
vn -0.3990 0.8959 -0.1955
vn -0.7378 0.6727 0.0552
vn -0.8799 0.4344 0.1925
vn -0.9378 0.2293 0.2605
vn -0.9518 0.0094 0.3065
vn -0.9018 -0.2790 0.3300
vn -0.7124 -0.6203 0.3282
vn -0.3276 -0.9079 0.2617
vn 0.1273 -0.9866 0.1023
vn 0.4525 -0.8874 -0.0882
vn 0.6572 -0.7085 -0.2572
vn 0.8003 -0.4282 -0.4196
vn 0.8427 -0.1089 -0.5273
vn 0.7978 0.2041 -0.5673
vn 0.6327 0.5382 -0.5569
vn 0.2095 0.8658 -0.4544
vn -0.0250 0.9980 -0.0588
vn -0.5163 0.8360 0.1858
vn -0.7624 0.5585 0.3268
vn -0.8452 0.3282 0.4218
vn -0.8636 0.0781 0.4980
vn -0.8124 -0.2543 0.5247
vn -0.6059 -0.6488 0.4604
vn -0.2506 -0.9217 0.2962
vn 0.1370 -0.9848 0.1069
vn 0.4871 -0.8714 -0.0573
vn 0.7330 -0.6552 -0.1826
vn 0.8916 -0.3548 -0.2814
vn 0.9403 -0.0504 -0.3365
vn 0.8992 0.2309 -0.3717
vn 0.7805 0.5110 -0.3602
vn 0.5105 0.8141 -0.2768
vn -0.1931 0.9787 -0.0701
vn -0.5895 0.7877 0.1790
vn -0.7848 0.5285 0.3237
vn -0.8541 0.2930 0.4297
vn -0.8625 0.0399 0.5044
vn -0.7956 -0.2733 0.5406
vn -0.5875 -0.6492 0.4830
vn -0.2395 -0.9201 0.3098
vn 0.1321 -0.9850 0.1106
vn 0.4835 -0.8728 -0.0666
vn 0.7525 -0.6260 -0.2046
vn 0.8941 -0.3271 -0.3058
vn 0.9287 -0.0639 -0.3653
vn 0.8883 0.1953 -0.4156
vn 0.7567 0.4999 -0.4213
vn 0.4212 0.8428 -0.3349
vn 0.8631 0.1841 -0.4703
vn 0.9773 0.2082 -0.0404
vn 0.9585 0.2811 -0.0478
vn 0.9446 0.0688 -0.3210
vn 0.8829 0.3240 0.3398
vn 0.9627 0.1783 0.2034
vn 0.8870 -0.0273 0.4610
vn 0.5886 0.2912 0.7542
vn 0.7854 -0.1547 0.5994
vn 0.2806 0.2156 0.9353
vn 0.7885 -0.2749 0.5502
vn 0.1657 0.1673 0.9719
vn 0.7363 -0.2964 0.6083
vn 0.0363 0.1111 0.9931
vn -0.3873 -0.0958 0.9170
vn 0.2937 -0.5661 0.7703
vn -0.7616 -0.4000 0.5099
vn -0.1883 -0.8760 0.4440
vn -0.8466 -0.5290 0.0581
vn -0.5078 -0.8596 0.0563
vn -0.2215 -0.9288 -0.2973
vn -0.7679 -0.5417 -0.3420
vn -0.5391 -0.4126 -0.7342
vn 0.1045 -0.7662 -0.6340
vn -0.2515 -0.3062 -0.9182
vn 0.6325 -0.5525 -0.5429
vn -0.0682 -0.2284 -0.9712
vn 0.6063 -0.4840 -0.6311
vn 0.0731 -0.1658 -0.9834
vn 0.6707 -0.4137 -0.6157
vn 0.4490 -0.0240 -0.8932
vn 0.8113 -0.2284 -0.5382
vn 0.9322 -0.0814 -0.3527
vn 0.9998 -0.0091 -0.0184
vn 0.9479 0.0627 0.3125
vn 0.6831 0.1370 0.7173
vn 0.3204 0.1572 0.9341
vn 0.1514 0.1622 0.9751
vn 0.0127 0.1369 0.9905
vn -0.4277 0.0734 0.9009
vn -0.8667 -0.0669 0.4944
vn -0.9868 -0.1572 0.0397
vn -0.9061 -0.2464 -0.3439
vn -0.6663 -0.2561 -0.7004
vn -0.3181 -0.2637 -0.9106
vn -0.0802 -0.2429 -0.9667
vn 0.1738 -0.2325 -0.9570
vn 0.6233 -0.1691 -0.7635
vn 0.8000 -0.5997 0.0174
vn 0.5118 -0.6797 -0.5255
vn 0.6624 -0.4787 0.5763
vn 0.0128 -0.1413 0.9899
vn -0.4474 0.1297 0.8849
vn -0.8091 0.3027 0.5038
vn -0.9497 0.3133 -0.0017
vn -0.8831 0.1228 -0.4528
vn -0.6540 -0.1587 -0.7397
vn -0.2129 -0.4496 -0.8675
vn -0.9159 -0.3988 0.0447
vn 0.9315 0.3616 -0.0383
vn 0.9402 0.2911 0.1770
vn 0.8993 0.1005 0.4256
vn 0.7947 -0.1669 0.5836
vn 0.8199 -0.2802 0.4993
vn 0.7339 -0.3144 0.6021
vn 0.2176 -0.7298 0.6481
vn -0.2383 -0.9086 0.3431
vn -0.4662 -0.8814 0.0756
vn -0.2917 -0.9430 -0.1602
vn -0.0208 -0.8908 -0.4539
vn 0.5546 -0.6098 -0.5662
vn 0.6642 -0.4863 -0.5678
vn 0.7105 -0.3627 -0.6030
vn 0.8676 -0.0325 -0.4962
vn 0.9295 0.2616 -0.2599
vn 0.6883 0.7070 0.1625
vn 0.6888 0.7201 -0.0840
vn 0.5638 0.6432 0.5181
vn 0.2395 0.3803 0.8933
vn 0.1296 0.1995 0.9713
vn -0.1896 0.0909 0.9776
vn -0.7253 -0.3312 0.6035
vn -0.8443 -0.4878 0.2216
vn -0.8578 -0.5107 0.0589
vn -0.8500 -0.5201 -0.0833
vn -0.7670 -0.5118 -0.3871
vn -0.4821 -0.3357 -0.8092
vn -0.1513 -0.1736 -0.9731
vn 0.1124 0.1196 -0.9864
vn 0.5410 0.5094 -0.6692
vn 0.6879 0.6547 -0.3132
vn 0.5905 0.7973 0.1248
vn 0.6219 0.7791 -0.0788
vn 0.4731 0.7539 0.4559
vn 0.2562 0.5428 0.7998
vn 0.0071 0.2645 0.9644
vn -0.4407 -0.0578 0.8958
vn -0.7998 -0.3512 0.4868
vn -0.8728 -0.4585 0.1671
vn -0.8535 -0.5175 0.0616
vn -0.8804 -0.4717 -0.0483
vn -0.8116 -0.4867 -0.3231
vn -0.6097 -0.3714 -0.7002
vn -0.2654 -0.1124 -0.9576
vn 0.0894 0.2756 -0.9571
vn 0.4333 0.6364 -0.6382
vn 0.5853 0.7583 -0.2870
vn 0.6908 0.7195 -0.0720
vn 0.6558 0.7236 0.2152
vn 0.5882 0.6356 0.4999
vn 0.5126 0.4464 0.7334
vn 0.3904 0.1776 0.9034
vn 0.1421 -0.2202 0.9650
vn -0.2231 -0.6391 0.7361
vn -0.4215 -0.8251 0.3762
vn -0.4288 -0.8988 0.0907
vn -0.4173 -0.8888 -0.1894
vn -0.2478 -0.8221 -0.5126
vn 0.1053 -0.5564 -0.8242
vn 0.3290 -0.1934 -0.9243
vn 0.5100 0.1313 -0.8501
vn 0.6102 0.4422 -0.6573
vn 0.6736 0.6401 -0.3696
vn 0.4842 0.8711 -0.0822
vn 0.4269 0.8678 0.2544
vn 0.3829 0.7434 0.5483
vn 0.3602 0.5252 0.7710
vn 0.3164 0.1761 0.9321
vn 0.2186 -0.3262 0.9197
vn 0.0290 -0.7334 0.6791
vn -0.1313 -0.9164 0.3781
vn -0.1767 -0.9793 0.0988
vn -0.1093 -0.9797 -0.1678
vn 0.0242 -0.9020 -0.4310
vn 0.2289 -0.6501 -0.7245
vn 0.3955 -0.2348 -0.8880
vn 0.4569 0.1744 -0.8722
vn 0.4668 0.5243 -0.7122
vn 0.4771 0.7695 -0.4246
vn 0.0019 0.9942 -0.1078
vn -0.0407 0.9647 0.2603
vn -0.0822 0.8155 0.5728
vn -0.1928 0.5759 0.7944
vn -0.3205 0.2202 0.9213
vn -0.3632 -0.2512 0.8972
vn -0.3107 -0.6822 0.6619
vn -0.2302 -0.9017 0.3658
vn -0.1865 -0.9774 0.0991
vn -0.1923 -0.9691 -0.1547
vn -0.2106 -0.8879 -0.4090
vn -0.2238 -0.6584 -0.7187
vn -0.1998 -0.2353 -0.9512
vn -0.0862 0.2437 -0.9660
vn -0.0193 0.6177 -0.7861
vn 0.0097 0.8731 -0.4875
vn -0.0117 0.9974 -0.0714
vn -0.0550 0.9589 0.2784
vn -0.1047 0.8058 0.5828
vn -0.2189 0.5411 0.8120
vn -0.3177 0.1778 0.9314
vn -0.3481 -0.2662 0.8989
vn -0.2852 -0.6831 0.6724
vn -0.1853 -0.9097 0.3715
vn -0.1292 -0.9865 0.1006
vn -0.1419 -0.9762 -0.1643
vn -0.1993 -0.8690 -0.4529
vn -0.2300 -0.6100 -0.7583
vn -0.2050 -0.2342 -0.9503
vn -0.1076 0.1975 -0.9744
vn -0.0274 0.5998 -0.7997
vn 0.0016 0.8822 -0.4709
vn 0.8165 0.3313 0.4729
vn 0.9608 0.2724 0.0513
vn 0.9190 0.2055 0.3364
vn 0.9425 0.3313 0.0437
vn 0.8987 0.2775 -0.3397
vn 0.9650 0.1605 -0.2075
vn 0.8947 -0.0537 -0.4435
vn 0.6545 0.1416 -0.7427
vn 0.7942 -0.2690 -0.5449
vn 0.3824 0.0065 -0.9240
vn 0.8154 -0.3780 -0.4383
vn 0.2832 -0.0594 -0.9572
vn 0.1373 -0.1227 -0.9829
vn 0.6690 -0.4308 -0.6057
vn -0.2815 -0.3259 -0.9025
vn 0.3273 -0.6968 -0.6383
vn -0.6968 -0.5408 -0.4711
vn -0.2122 -0.9151 -0.3429
vn -0.8263 -0.5623 -0.0312
vn -0.5357 -0.8444 -0.0077
vn -0.4174 -0.8447 0.3350
vn -0.8027 -0.4817 0.3517
vn 0.1325 -0.7619 0.6340
vn -0.6193 -0.3071 0.7226
vn -0.3573 -0.1078 0.9278
vn 0.3413 -0.4428 0.8291
vn 0.5565 -0.4029 0.7266
vn -0.1978 -0.0148 0.9801
vn 0.6217 -0.3053 0.7213
vn -0.0309 0.0623 0.9976
vn 0.7990 -0.0481 0.5993
vn 0.3619 0.2019 0.9101
vn 0.9114 0.0474 0.4088
vn 0.9971 0.0050 0.0761
vn 0.9631 0.0256 -0.2679
vn 0.7424 -0.0084 -0.6699
vn 0.4217 -0.0435 -0.9057
vn 0.2582 -0.0577 -0.9644
vn 0.1223 -0.0898 -0.9884
vn -0.3336 -0.1553 -0.9298
vn -0.8297 -0.2194 -0.5134
vn -0.9780 -0.2040 -0.0427
vn -0.9182 -0.1741 0.3559
vn -0.6979 -0.1122 0.7073
vn -0.4068 -0.0574 0.9117
vn -0.1990 -0.0214 0.9798
vn 0.0416 -0.0031 0.9991
vn 0.5463 0.0207 0.8373
vn 0.5688 -0.5928 0.5701
vn 0.7974 -0.6031 0.0184
vn 0.6600 -0.5572 -0.5038
vn 0.1144 -0.3552 -0.9278
vn -0.3365 -0.0952 -0.9369
vn -0.7817 0.1775 -0.5979
vn -0.9528 0.3001 -0.0451
vn -0.8860 0.2004 0.4180
vn -0.6932 -0.0136 0.7206
vn -0.2481 -0.3155 0.9159
vn -0.9235 -0.3823 -0.0311
vn 0.9257 0.3761 0.0401
vn 0.9511 0.2575 -0.1704
vn 0.9157 0.0489 -0.3990
vn 0.8026 -0.2707 -0.5316
vn 0.8135 -0.3666 -0.4515
vn 0.7153 -0.4296 -0.5511
vn 0.2102 -0.8193 -0.5334
vn -0.2565 -0.9329 -0.2527
vn -0.5097 -0.8602 -0.0179
vn -0.3881 -0.8920 0.2320
vn -0.0167 -0.8538 0.5203
vn 0.4384 -0.5371 0.7206
vn 0.6221 -0.3999 0.6731
vn 0.6809 -0.2369 0.6930
vn 0.8480 0.1136 0.5176
vn 0.9178 0.2966 0.2638
vn 0.7038 0.7098 0.0299
vn 0.7203 0.6669 -0.1905
vn 0.6385 0.5476 -0.5407
vn 0.3512 0.2037 -0.9139
vn 0.2360 -0.0031 -0.9717
vn -0.0788 -0.1322 -0.9881
vn -0.6581 -0.4840 -0.5767
vn -0.8078 -0.5588 -0.1875
vn -0.8437 -0.5358 -0.0325
vn -0.8372 -0.5362 0.1075
vn -0.8007 -0.4475 0.3982
vn -0.5783 -0.1736 0.7971
vn -0.2633 0.0457 0.9636
vn 0.0180 0.3420 0.9395
vn 0.4724 0.6503 0.5949
vn 0.6609 0.7082 0.2484
vn 0.6746 0.7218 -0.1547
vn 0.6689 0.7425 0.0349
vn 0.6105 0.6310 -0.4788
vn 0.4196 0.3685 -0.8295
vn 0.1325 0.0462 -0.9901
vn -0.3920 -0.2807 -0.8761
vn -0.7846 -0.4465 -0.4303
vn -0.8698 -0.4748 -0.1347
vn -0.8771 -0.4790 -0.0365
vn -0.8850 -0.4620 0.0573
vn -0.8665 -0.3987 0.3003
vn -0.7114 -0.2291 0.6644
vn -0.3688 0.0854 0.9256
vn 0.0409 0.4614 0.8862
vn 0.4346 0.7162 0.5461
vn 0.6242 0.7502 0.2181
vn 0.7156 0.6981 0.0234
vn 0.7276 0.6434 -0.2381
vn 0.7093 0.5043 -0.4926
vn 0.6576 0.2895 -0.6955
vn 0.5352 -0.0066 -0.8447
vn 0.2505 -0.4290 -0.8679
vn -0.1875 -0.7692 -0.6109
vn -0.4450 -0.8524 -0.2746
vn -0.4821 -0.8760 -0.0181
vn -0.5471 -0.8055 0.2277
vn -0.4514 -0.7048 0.5473
vn -0.1800 -0.4214 0.8888
vn 0.1259 0.0155 0.9919
vn 0.3742 0.3524 0.8578
vn 0.5376 0.5959 0.5966
vn 0.6541 0.6962 0.2957
vn 0.4568 0.8892 0.0244
vn 0.4967 0.8162 -0.2950
vn 0.5433 0.6153 -0.5711
vn 0.5561 0.3380 -0.7593
vn 0.5193 -0.0341 -0.8539
vn 0.3762 -0.5047 -0.7770
vn 0.1490 -0.8354 -0.5290
vn -0.0613 -0.9635 -0.2608
vn -0.1685 -0.9857 -0.0106
vn -0.1874 -0.9523 0.2407
vn -0.1104 -0.8411 0.5296
vn 0.0190 -0.5281 0.8490
vn 0.1328 -0.0111 0.9911
vn 0.2151 0.4174 0.8829
vn 0.2625 0.7039 0.6600
vn 0.3582 0.8615 0.3600
vn 0.0289 0.9996 0.0068
vn 0.1009 0.9273 -0.3604
vn 0.1311 0.7327 -0.6678
vn 0.0696 0.4315 -0.8994
vn -0.0360 -0.0192 -0.9992
vn -0.1171 -0.5041 -0.8557
vn -0.1327 -0.8350 -0.5340
vn -0.1626 -0.9536 -0.2534
vn -0.1924 -0.9812 -0.0132
vn -0.2592 -0.9404 0.2201
vn -0.3598 -0.8005 0.4793
vn -0.4464 -0.4874 0.7505
vn -0.4263 -0.0029 0.9046
vn -0.2935 0.4520 0.8423
vn -0.1613 0.7415 0.6513
vn -0.0607 0.9291 0.3649
vn 0.0841 0.9354 -0.3434
vn -0.0016 1.0000 0.0079
vn 0.1064 0.7317 -0.6732
vn 0.0566 0.3905 -0.9189
vn -0.0214 -0.0452 -0.9987
vn -0.1045 -0.4792 -0.8715
vn -0.1158 -0.8163 -0.5659
vn -0.1098 -0.9580 -0.2650
vn -0.1360 -0.9906 -0.0124
vn -0.2171 -0.9483 0.2316
vn -0.3347 -0.7964 0.5036
vn -0.4301 -0.4767 0.7667
vn -0.4295 -0.0295 0.9026
vn -0.3263 0.4119 0.8508
vn -0.1871 0.7392 0.6469
vn -0.0739 0.9344 0.3486
vn -0.8697 -0.0640 0.4894
vn -0.7850 -0.2963 0.5441
vn -0.7661 0.1452 0.6261
vn -0.7981 -0.2962 0.5247
vn 0.9899 -0.1393 0.0250
vn 0.9807 0.1952 0.0077
vn 0.9822 0.1139 -0.1492
vn 0.9738 -0.1473 -0.1730
vn 0.9044 0.0790 -0.4193
vn 0.8970 -0.1788 -0.4043
vn 0.6398 -0.0487 -0.7670
vn 0.7130 -0.3080 -0.6298
vn -0.0036 -0.3288 -0.9444
vn 0.3298 -0.5024 -0.7992
vn -0.5220 -0.4343 -0.7340
vn -0.3166 -0.5378 -0.7813
vn -0.6958 -0.4320 -0.5738
vn -0.6467 -0.4441 -0.6202
vn -0.6597 -0.4484 -0.6031
vn -0.6496 -0.4535 -0.6102
vn -0.4467 -0.5238 -0.7253
vn 0.8590 -0.1182 0.4981
vn 0.3373 -0.3457 0.8756
vn 0.1180 -0.1842 0.9758
vn 0.8269 0.1149 0.5506
vn 0.9456 0.2078 0.2504
vn 0.9531 -0.0823 0.2914
vn 0.9739 0.1973 0.1120
vn 0.9819 -0.1020 0.1597
vn -0.5795 -0.5254 -0.6230
vn -0.7846 -0.5440 -0.2974
vn -0.8487 -0.5277 -0.0355
vn -0.6918 -0.5958 -0.4080
vn -0.4618 -0.6196 -0.6347
vn -0.3940 -0.5891 -0.7055
vn -0.8680 -0.4464 0.2176
vn -0.8539 -0.4129 0.3169
vn -0.6881 -0.3131 0.6546
vn -0.7705 -0.3574 0.5279
vn -0.7187 -0.3750 0.5855
vn -0.5506 -0.2920 0.7821
vn -0.6759 -0.4318 0.5973
vn -0.6338 -0.3390 0.6953
vn -0.6906 -0.3694 0.6218
vn -0.6159 -0.4668 0.6347
vn -0.5913 -0.3552 0.7240
vn -0.3803 -0.4560 0.8046
vn 0.8997 -0.4104 0.1486
vn 0.9469 -0.2673 0.1785
vn 0.9691 -0.2127 -0.1250
vn 0.9082 -0.3756 -0.1844
vn 0.9249 -0.2208 -0.3095
vn 0.7314 -0.4323 -0.5275
vn 0.9833 -0.1395 0.1165
vn 0.9883 -0.1014 -0.1135
vn 0.9382 -0.1416 -0.3159
vn 0.6974 -0.4444 -0.5622
vn 0.4519 -0.1622 -0.8772
vn 0.0330 -0.1026 -0.9942
vn 0.8204 -0.2516 -0.5135
vn 0.4903 -0.3887 -0.7801
vn -0.2376 -0.4233 -0.8743
vn -0.6265 -0.3284 -0.7069
vn -0.3678 -0.0082 -0.9299
vn -0.6233 -0.3306 -0.7087
vn -0.4441 -0.4255 -0.7885
vn -0.5038 -0.2641 -0.8224
vn -0.5317 -0.1758 -0.8285
vn -0.0444 0.2498 0.9673
vn 0.2848 0.1048 0.9529
vn -0.3151 0.1283 0.9403
vn 0.5250 -0.4197 0.7404
vn 0.8427 -0.1540 0.5158
vn 0.1337 -0.0600 0.9892
vn 0.7338 -0.0080 0.6793
vn 0.9292 -0.0342 0.3679
vn 0.8944 -0.2248 0.3866
vn 0.8079 -0.3961 0.4364
vn 0.9640 -0.0774 0.2543
vn -0.9050 -0.4233 -0.0420
vn -0.8082 -0.4474 -0.3830
vn -0.5934 -0.4758 -0.6492
vn -0.4798 -0.4455 -0.7558
vn -0.9810 -0.1916 -0.0303
vn -0.9155 -0.1965 -0.3510
vn -0.7509 -0.1840 -0.6343
vn -0.9998 0.0033 -0.0220
vn -0.9342 -0.0088 -0.3568
vn -0.6923 -0.1258 -0.7105
vn -0.8911 -0.3531 0.2852
vn -0.7962 -0.3110 0.5190
vn -0.9486 -0.1652 0.2699
vn -0.9621 0.0210 0.2717
vn -0.8564 -0.1655 0.4891
vn -0.8039 0.1306 0.5803
vn -0.6692 -0.2312 0.7062
vn -0.4010 -0.1727 0.8997
vn 0.7458 -0.6570 0.1098
vn 0.6456 -0.7512 -0.1377
vn 0.1367 -0.8810 -0.4530
vn 0.4002 -0.7502 -0.5264
vn 0.1163 -0.9924 0.0413
vn 0.3682 -0.9290 -0.0374
vn -0.2690 -0.7637 -0.5869
vn -0.1189 -0.9928 0.0170
vn -0.8963 -0.4430 -0.0189
vn -0.2317 -0.9400 0.2506
vn -0.7767 -0.3255 0.5392
vn -0.4752 -0.3944 0.7865
vn -0.4398 -0.1968 0.8763
vn -0.3042 -0.0680 0.9502
vn -0.3458 -0.1595 0.9246
vn 0.1923 -0.1475 0.9702
vn 0.6954 -0.5005 0.5157
vn 0.5237 -0.6864 0.5046
vn 0.7688 -0.1790 0.6140
vn 0.7948 -0.0653 0.6033
vn 0.5293 -0.4021 0.7471
vn 0.5730 0.2629 0.7762
vn 0.3246 0.0041 0.9459
vn 0.8432 0.1203 0.5239
vn 0.9394 0.0005 0.3428
vn 0.7911 0.2811 0.5433
vn 0.8121 -0.5555 0.1789
vn 0.4637 0.6216 0.6313
vn 0.9625 0.0066 0.2712
vn -0.6838 0.1009 0.7227
vn -0.4613 0.4937 0.7372
vn -0.6941 -0.1694 0.6997
vn -0.4721 -0.5606 0.6803
vn -0.3549 -0.7873 0.5042
vn -0.1047 -0.9137 0.3926
vn 0.1150 -0.9749 0.1907
vn 0.7880 -0.5581 0.2599
vn 0.3731 -0.9170 0.1412
vn 0.6511 -0.7587 0.0190
vn 0.7946 -0.6047 -0.0536
vn 0.4047 0.8386 0.3648
vn 0.7097 0.6667 0.2277
vn 0.8113 0.4868 0.3238
vn 0.2268 0.8400 0.4928
vn 0.6095 0.4676 0.6402
vn -0.1812 0.7068 0.6838
vn 0.9039 -0.4233 -0.0625
vn 0.9822 -0.1824 -0.0454
vn 0.9968 -0.0218 -0.0773
vn 0.9855 0.1694 0.0016
vn 0.9354 0.3489 0.0582
vn 0.9221 0.2528 0.2929
vn 0.8397 0.5268 0.1316
vn 0.7407 0.4781 0.4719
vn 0.8414 0.4119 0.3499
vn 0.6078 0.4932 0.6224
vn 0.4436 0.4260 0.7885
vn 0.2672 0.2486 0.9310
vn 0.1270 -0.0246 0.9916
vn 0.0725 -0.3188 0.9450
vn 0.1138 -0.5561 0.8233
vn 0.2244 -0.7039 0.6739
vn 0.3700 -0.7649 0.5273
vn 0.5226 -0.7539 0.3983
vn 0.6629 -0.6892 0.2926
vn 0.7800 -0.5886 0.2125
vn 0.8708 -0.4661 0.1566
vn 0.9351 -0.3322 0.1231
vn 0.9747 -0.1943 0.1104
vn 0.9915 -0.0574 0.1171
vn 0.9869 0.0751 0.1429
vn 0.9613 0.2009 0.1887
vn 0.9135 0.3155 0.2569
vn 0.8524 0.1594 0.4980
vn 0.8941 0.1426 0.4245
vn 0.8027 0.1438 0.5787
vn 0.7478 0.0892 0.6579
vn 0.6931 -0.0054 0.7208
vn 0.6475 -0.1292 0.7511
vn 0.6211 -0.2598 0.7394
vn 0.6198 -0.3730 0.6905
vn 0.6436 -0.4516 0.6179
vn 0.6863 -0.4903 0.5372
vn 0.7389 -0.4924 0.4599
vn 0.7940 -0.4642 0.3925
vn 0.8453 -0.4136 0.3383
vn 0.8895 -0.3461 0.2982
vn 0.9234 -0.2697 0.2731
vn 0.9462 -0.1893 0.2626
vn 0.9579 -0.1074 0.2662
vn 0.9583 -0.0292 0.2841
vn 0.9476 0.0421 0.3167
vn 0.9260 0.1012 0.3636
vn 0.8671 -0.1727 0.4673
vn 0.7936 0.2946 0.5324
vn 0.3036 0.8917 0.3358
vn 0.1435 0.9724 0.1842
vn 0.1510 0.9420 0.2998
vn 0.6212 0.7660 0.1654
vn 0.3668 0.8905 0.2691
vn 0.4283 0.8905 0.1533
vn 0.8274 -0.3182 0.4628
vn 0.7605 -0.2673 0.5918
vn 0.3471 -0.7401 0.5760
vn 0.2253 0.3156 0.9218
vn 0.3362 -0.4454 0.8298
vn 0.6346 0.5967 0.4911
vn 0.4241 0.0575 0.9038
vn 0.2038 -0.3703 0.9063
vn -0.0659 -0.8840 0.4627
vn 0.8058 0.5636 0.1815
vn -0.6819 0.6939 0.2315
vn -0.5022 0.7503 0.4300
vn -0.3418 0.6540 0.6749
vn -0.3088 0.7457 0.5904
vn 0.4525 0.1102 0.8849
vn 0.0764 0.5078 0.8581
vn -0.1947 0.9155 0.3522
vn -0.1660 0.8242 0.5414
vn -0.4973 0.8319 0.2462
vn -0.3575 0.7429 0.5660
vn -0.5798 0.7573 0.3007
vn -0.1348 0.7216 0.6791
vn 0.1647 0.4713 0.8665
vn -0.1106 0.5853 0.8033
vn -0.2214 0.6019 0.7673
vn 0.1146 0.4702 0.8751
vn -0.2821 0.5159 0.8089
vn 0.0466 0.3621 0.9310
vn -0.2985 0.5032 0.8110
vn -0.1192 0.6016 0.7898
vn -0.2816 0.5882 0.7581
vn 0.3467 0.4233 0.8370
vn -0.0044 0.6591 0.7521
vn -0.4111 0.5171 0.7508
vn -0.0178 0.6391 0.7690
vn 0.3208 -0.9288 0.1852
vn 0.2627 -0.8493 0.4579
vn 0.1010 -0.7308 0.6751
vn 0.3393 -0.9103 0.2372
vn 0.4449 -0.8940 0.0540
vn 0.2573 -0.9563 0.1387
vn 0.0036 -0.9258 0.3780
vn -0.0973 -0.9644 0.2459
vn -0.2499 -0.9051 0.3439
vn 0.7379 -0.6253 0.2542
vn 0.5231 -0.7925 0.3136
vn 0.6846 -0.6226 0.3792
vn 0.8296 -0.4243 0.3629
vn -0.5299 -0.8457 0.0633
vn -0.3579 -0.9313 0.0678
vn -0.4381 -0.7694 0.4650
vn -0.3314 -0.8812 0.3371
vn -0.5488 -0.6368 0.5416
vn -0.4668 -0.5424 0.6985
vn -0.6362 -0.0574 0.7694
vn -0.4663 -0.3752 0.8011
vn -0.5199 0.0651 0.8517
vn -0.3580 -0.1725 0.9177
vn -0.1346 -0.5530 0.8223
vn -0.1686 -0.1417 0.9754
vn -0.3111 0.0022 0.9504
vn 0.0232 -0.9321 0.3615
vn -0.2633 -0.7627 0.5908
vn -0.1601 0.2844 0.9452
vn -0.5476 0.5785 0.6046
vn -0.5160 0.4549 0.7258
vn -0.6966 0.2248 0.6813
vn -0.7069 -0.4670 0.5312
vn -0.5030 -0.8299 0.2412
vn -0.5679 -0.5660 0.5976
vn -0.2300 -0.9563 -0.1804
vn -0.2285 -0.9717 -0.0595
vn -0.5729 -0.1587 0.8041
vn 0.2073 -0.9740 0.0914
vn 0.1668 -0.9822 0.0865
vn 0.2214 -0.9357 0.2746
vn 0.2287 -0.8504 0.4739
vn 0.2330 -0.8443 0.4826
vn 0.2211 -0.8125 0.5395
vn 0.2538 -0.8449 0.4708
vn 0.1812 -0.5875 0.7887
vn 0.2539 -0.8214 0.5107
vn -0.0777 0.2303 0.9700
vn 0.3351 -0.5239 0.7831
vn 0.0520 0.4478 0.8926
vn -0.3320 0.8476 0.4138
vn -0.1158 0.8335 0.5402
vn -0.2499 0.9264 0.2817
vn -0.3144 0.9423 0.1145
vn -0.4027 0.9126 0.0710
vn -0.3542 0.9348 -0.0250
vn -0.4122 0.9109 -0.0171
vn 0.3306 -0.3788 0.8644
vn -0.5846 -0.0175 0.8112
vn 0.2162 -0.9230 0.3184
vn 0.0987 -0.9865 0.1307
vn -0.2219 0.8020 0.5546
vn -0.3968 0.9090 0.1275
vn -0.4168 0.9042 0.0937
vn -0.3580 0.8938 0.2702
vn -0.2878 0.7110 0.6416
vn -0.0343 0.7232 0.6898
vn -0.4881 0.6301 0.6039
vn -0.4701 0.8357 0.2839
vn -0.3028 -0.1048 0.9473
vn 0.2567 -0.8050 0.5348
vn -0.0760 -0.5813 0.8101
vn -0.1769 -0.7543 0.6323
vn 0.1087 -0.8117 0.5738
vn 0.0887 -0.9385 0.3337
vn -0.1778 -0.8873 0.4255
vn -0.0908 -0.9750 0.2027
vn 0.1038 -0.9841 0.1441
vn 0.0213 -0.9689 0.2464
vn -0.0766 -0.9899 0.1195
vn -0.1600 -0.9740 0.1604
vn -0.9457 -0.1396 0.2934
vn 0.8362 -0.3082 0.4537
vn 0.7946 -0.1296 0.5932
vn 0.8313 -0.0995 0.5469
vn 0.8604 -0.2475 0.4454
vn 0.7606 -0.3020 0.5747
vn -0.3113 -0.7947 -0.5210
vn -0.5557 -0.8221 0.1237
vn -0.1576 -0.3257 0.9322
vn -0.3308 -0.0708 0.9411
vn 0.0487 -0.5990 0.7993
vn -0.0957 -0.1442 0.9849
vn 0.3596 -0.8885 0.2852
vn 0.0708 -0.7029 0.7077
vn 0.1279 -0.9154 0.3816
vn 0.6600 -0.6642 0.3510
vn 0.3842 -0.6021 0.6999
vn 0.3985 -0.8643 0.3068
vn 0.6149 -0.3074 0.7262
vn 0.2847 -0.2623 0.9220
vn 0.5726 -0.1137 0.8119
vn 0.4690 -0.8799 0.0766
vn 0.6009 -0.7799 0.1749
vn 0.4573 -0.8892 -0.0140
vn 0.3762 -0.9265 0.0094
vn 0.8126 -0.4827 0.3266
vn 0.3942 0.4359 0.8091
vn 0.7609 -0.0309 0.6482
vn 0.5537 0.3250 0.7667
vn 0.8330 -0.0139 0.5531
vn 0.7840 -0.2603 0.5636
vn 0.8667 -0.2290 0.4431
vn 0.2328 0.2232 0.9466
vn -0.0384 -0.2963 0.9543
vn -0.3284 -0.3346 0.8833
vn -0.0819 -0.7311 0.6774
vn -0.1570 -0.7378 0.6566
vn -0.4602 -0.1813 0.8691
vn -0.4246 -0.6155 0.6640
vn -0.5071 -0.5659 0.6501
vn -0.4122 -0.8459 0.3385
vn 0.2854 -0.7756 0.5631
vn 0.4950 -0.5690 0.6566
vn 0.2983 -0.3845 0.8736
vn 0.6754 -0.5032 0.5391
vn 0.5303 -0.4178 0.7378
vn 0.7588 -0.3737 0.5335
vn 0.6932 -0.2096 0.6896
vn 0.6667 -0.4583 0.5878
vn 0.6088 -0.3419 0.7159
vn 0.7130 0.0040 0.7011
vn -0.0924 0.2444 0.9653
vn 0.8579 -0.4640 0.2207
vn -0.3593 -0.5965 0.7177
vn -0.2895 -0.7118 0.6399
vn -0.2555 -0.7462 0.6148
vn -0.2968 -0.7516 0.5890
vn 0.2384 -0.8086 -0.5378
vn 0.5952 -0.5996 -0.5349
vn 0.8740 0.2750 0.4006
vn 0.5176 -0.8524 0.0741
vn 0.4767 -0.8789 0.0165
vn -0.2894 -0.9550 0.0647
vn -0.1422 -0.9874 0.0697
vn 0.5346 -0.5380 0.6517
vn 0.6244 -0.7113 0.3227
vn 0.7185 -0.6658 0.2010
vn 0.5708 -0.8185 0.0647
vn 0.2286 -0.9735 -0.0080
vn -0.1710 -0.9517 0.2551
vn 0.7005 -0.7085 0.0855
vn -0.4520 0.4848 0.7488
vn -0.2871 0.3919 0.8740
vn -0.4261 -0.0942 0.8998
vn -0.3676 -0.5185 0.7720
vn -0.2859 -0.7108 0.6426
vn -0.2911 -0.7499 0.5941
vn -0.3434 -0.8484 0.4029
vn -0.2674 -0.9131 0.3077
vn -0.2555 -0.9528 0.1637
vn -0.0920 -0.9895 0.1118
vn -0.1724 -0.9835 0.0542
vn -0.1569 -0.9759 0.1515
vn -0.5359 0.5001 0.6802
vn -0.5060 0.0195 0.8623
vn -0.4843 0.1304 0.8651
vn -0.5994 0.3331 0.7278
vn -0.3724 -0.5218 0.7675
vn -0.4169 -0.4094 0.8115
vn -0.4424 -0.2743 0.8538
vn -0.3630 -0.5596 0.7450
vn -0.3128 -0.6511 0.6915
vn -0.3306 -0.7534 0.5685
vn -0.2355 -0.8472 0.4762
vn -0.2274 -0.9129 0.3390
vn -0.2762 -0.8465 0.4551
vn -0.1515 -0.9703 0.1883
vn -0.2320 -0.9450 0.2307
vn -0.3324 -0.9175 0.2184
vn -0.2090 -0.9731 0.0973
vn -0.3139 -0.9390 0.1406
vn -0.3135 -0.9382 0.1468
vn 0.6983 -0.4573 0.5506
vn 0.7446 -0.3770 0.5508
vn 0.7811 -0.2439 0.5748
vn 0.8384 -0.4689 0.2778
vn 0.7965 -0.5411 0.2699
vn 0.8706 -0.4014 0.2846
vn 0.7621 -0.0886 0.6414
vn 0.8702 -0.1928 0.4535
vn 0.8752 -0.4663 0.1290
vn 0.8087 -0.5759 0.1193
vn 0.8858 -0.4509 0.1095
vn 0.9367 -0.2953 0.1882
vn -0.6113 0.7756 0.1576
vn 0.4677 0.3233 0.8227
vn -0.3193 0.4426 0.8379
vn 0.4048 0.4052 0.8197
vn 0.0655 0.4568 0.8872
vn -0.7107 0.4731 0.5206
vn -0.7540 0.2504 0.6072
vn -0.6442 0.5917 0.4847
vn -0.3011 0.2394 0.9230
vn -0.5182 0.3927 0.7598
vn -0.2472 0.8283 0.5028
vn -0.5177 0.5196 0.6797
vn -0.3257 0.8460 0.4220
vn -0.6631 -0.4034 0.6305
vn -0.2434 -0.9646 0.1015
vn -0.5520 -0.8068 0.2104
vn -0.7467 -0.3894 0.5393
vn -0.7220 0.1829 0.6673
vn -0.6298 0.6512 0.4235
vn -0.9926 0.0085 -0.1214
vn -0.7921 0.4559 -0.4058
vn -0.8982 0.1482 0.4139
vn -0.7491 -0.6604 -0.0534
vn -0.5829 0.3481 0.7342
vn -0.6363 0.2396 0.7333
vn -0.3381 0.4477 0.8278
vn -0.4466 0.8895 0.0970
vn 0.7689 0.0912 0.6329
vn 0.7283 0.1536 0.6679
vn 0.4550 0.3282 0.8278
vn 0.7668 0.1401 0.6264
vn 0.6935 0.2712 0.6675
vn 0.6938 0.2961 0.6565
vn -0.0362 0.5540 0.8317
vn 0.0025 -0.8658 -0.5005
vn 0.3031 -0.7656 -0.5675
vn 0.2217 -0.4867 -0.8450
vn -0.5317 0.8220 0.2037
vn -0.5913 0.6874 0.4217
vn -0.5805 0.8036 -0.1313
vn -0.7270 0.6805 -0.0911
vn -0.7869 0.5960 0.1603
vn -0.6861 0.7275 0.0042
vn -0.7371 0.6520 0.1776
vn -0.5751 0.8131 0.0901
vn -0.6416 0.6538 0.4010
vn -0.7652 0.5021 0.4029
vn 0.7888 0.0271 0.6141
vn 0.8739 -0.0396 0.4844
vn 0.9013 -0.0925 0.4231
vn 0.6976 0.1542 0.6997
vn 0.9223 -0.3248 0.2093
vn 0.8463 -0.4738 0.2437
vn 0.8485 -0.3178 0.4232
vn 0.6458 -0.2334 0.7270
vn -0.3918 0.7056 -0.5905
vn -0.8186 0.5742 0.0158
vn 0.4403 0.6607 0.6080
vn 0.5709 0.5870 0.5740
vn 0.3415 0.8384 0.4247
vn 0.3021 0.5648 0.7679
vn 0.7109 0.3850 0.5886
vn 0.3830 0.6845 0.6203
vn 0.1807 0.7684 0.6139
vn 0.2753 0.8835 0.3791
vn 0.0003 0.9669 0.2552
vn 0.1505 0.9392 0.3086
vn -0.4098 0.9021 0.1354
vn -0.1189 0.9331 0.3394
vn -0.2901 0.9178 0.2712
vn -0.4991 0.8629 -0.0792
vn -0.5495 0.8347 -0.0356
vn -0.6950 0.7143 -0.0826
vn -0.4434 0.8930 0.0767
vn 0.4579 0.3022 0.8360
vn 0.0353 0.8316 0.5543
vn -0.3807 0.9019 0.2041
vn -0.1765 0.9158 0.3608
vn 0.8917 -0.4369 -0.1183
vn -0.7266 0.6773 -0.1154
vn -0.7839 0.3981 0.4764
vn -0.4811 0.6893 0.5417
vn -0.5481 0.6708 0.4996
vn -0.3217 0.7957 0.5132
vn -0.6928 0.7102 0.1251
vn -0.8427 0.3880 0.3733
vn -0.7079 0.6430 0.2921
vn -0.7603 0.5159 0.3947
vn -0.5790 0.6823 0.4464
vn -0.4088 0.7404 0.5335
vn -0.7759 0.5184 0.3596
vn -0.4544 0.7240 0.5189
vn -0.6087 0.6968 0.3794
vn -0.7852 0.4366 0.4393
vn -0.8340 0.4366 0.3373
vn -0.7706 0.5309 0.3525
vn -0.2929 0.9022 -0.3166
vn -0.7447 0.6477 0.1611
vn -0.7947 0.5326 0.2913
vn -0.2741 0.8877 -0.3700
vn -0.2159 0.9390 -0.2678
vn 0.7117 -0.6536 -0.2573
vn 0.6637 -0.3773 -0.6459
vn 0.7754 0.0891 -0.6252
vn -0.6558 0.7332 -0.1797
vn -0.5476 0.8172 -0.1796
vn -0.6519 0.7326 0.1955
vn -0.3433 0.8841 0.3171
vn -0.5618 0.8243 0.0695
vn -0.7075 0.6049 0.3654
vn -0.1987 0.9555 0.2181
vn 0.5662 0.4778 0.6717
vn 0.3438 0.2668 0.9003
vn 0.1852 0.2027 0.9616
vn 0.1600 0.5748 0.8025
vn -0.3951 0.7935 0.4629
vn -0.1921 0.8579 0.4766
vn -0.2514 0.7971 0.5490
vn -0.2800 0.8534 0.4396
vn -0.3686 0.8836 0.2888
vn -0.3428 0.8859 0.3124
vn -0.3213 0.8667 0.3815
vn -0.4545 0.8596 0.2336
vn 0.2101 0.7939 -0.5706
vn -0.3457 0.8995 0.2672
vn -0.5299 0.8359 0.1432
vn -0.0954 0.8659 -0.4911
vn 0.4610 -0.4010 -0.7916
vn -0.6920 0.4295 0.5802
vn -0.4263 0.6790 0.5976
vn -0.2331 0.6149 0.7534
vn -0.4926 0.3441 0.7993
vn -0.3310 0.3827 0.8625
vn -0.0435 0.7931 0.6075
vn -0.0535 0.5120 0.8573
vn -0.5581 0.7681 0.3141
vn -0.6273 0.7781 -0.0331
vn 0.7676 -0.3243 0.5529
vn 0.8405 -0.2281 0.4914
vn 0.8061 -0.3717 0.4604
vn 0.8254 -0.3970 0.4013
vn 0.8398 -0.4754 0.2622
vn -0.5978 0.8000 0.0513
vn -0.6350 0.7674 -0.0884
vn -0.7376 0.6749 -0.0203
vn -0.7158 0.6983 -0.0048
vn -0.6368 0.7703 0.0329
vn 0.5353 0.7831 0.3167
vn 0.5526 0.8335 -0.0000
vn 0.6670 0.7060 0.2383
vn 0.4960 0.6856 0.5329
vn 0.3833 0.8624 0.3306
vn 0.4308 0.4372 0.7895
vn 0.2207 0.5771 0.7863
vn 0.5391 0.3388 0.7711
vn 0.2659 -0.0848 0.9603
vn 0.1739 -0.2712 0.9467
vn 0.3107 -0.1445 0.9394
vn 0.3139 -0.1562 0.9365
vn 0.1438 -0.3069 0.9408
vn -0.1154 -0.7042 0.7006
vn 0.0763 -0.6081 0.7902
vn -0.2232 -0.8032 0.5524
vn 0.2980 -0.7024 0.6465
vn -0.1798 -0.9160 0.3585
vn -0.1289 -0.9785 0.1609
vn -0.0998 -0.9950 -0.0000
vn 0.2685 -0.7956 0.5431
vn 0.7977 0.3624 0.4820
vn 0.8383 0.5452 -0.0000
vn 0.5930 -0.0724 0.8020
vn 0.4336 -0.4117 0.8016
vn 0.1943 -0.8515 0.4870
vn 0.0535 -0.9986 -0.0000
vn 0.6670 0.7060 -0.2383
vn 0.5353 0.7831 -0.3167
vn 0.3833 0.8624 -0.3306
vn 0.4960 0.6856 -0.5329
vn 0.2207 0.5771 -0.7863
vn 0.4308 0.4372 -0.7895
vn 0.2659 -0.0848 -0.9603
vn 0.5391 0.3388 -0.7711
vn 0.3107 -0.1445 -0.9394
vn 0.1739 -0.2712 -0.9467
vn 0.1438 -0.3069 -0.9408
vn 0.3139 -0.1562 -0.9365
vn 0.0763 -0.6081 -0.7902
vn -0.1154 -0.7042 -0.7006
vn 0.2980 -0.7024 -0.6465
vn -0.2232 -0.8032 -0.5524
vn -0.1289 -0.9785 -0.1609
vn -0.1798 -0.9160 -0.3585
vn 0.2685 -0.7956 -0.5431
vn 0.7977 0.3624 -0.4820
vn 0.5930 -0.0724 -0.8020
vn 0.4336 -0.4117 -0.8016
vn 0.1943 -0.8515 -0.4870
vn 0.8743 -0.0871 0.4775
vn 0.6228 0.0886 0.7774
vn 0.6623 -0.3386 0.6683
vn 0.6140 0.1768 0.7692
vn 0.5766 0.5664 0.5888
vn 0.7346 -0.3461 0.5836
vn 0.9433 -0.0934 0.3185
vn 0.9560 -0.1050 0.2739
vn 0.6225 -0.3405 0.7046
vn 0.5885 -0.0437 0.8073
vn 0.8574 -0.1821 0.4814
vn 0.6889 -0.3121 0.6542
vn 0.8947 -0.0257 0.4459
vn 0.7305 0.1139 0.6734
vn 0.9559 0.0582 0.2879
vn 0.6259 0.6703 0.3987
vn 0.7565 -0.4970 0.4251
vn 0.7368 -0.4742 0.4820
vn 0.4228 0.0608 0.9042
vn 0.5583 -0.1461 0.8167
vn 0.6526 -0.3677 0.6625
vn 0.6424 0.0400 0.7653
vn 0.7263 0.6593 0.1944
vn 0.7336 0.6791 0.0272
vn 0.6212 0.7837 -0.0000
vn 0.8856 0.3651 0.2872
vn 0.9122 0.2432 0.3298
vn 0.7391 0.6233 0.2555
vn 0.7066 0.5580 0.4351
vn 0.5865 0.7789 0.2222
vn 0.7489 0.6460 0.1477
vn 0.5653 0.6470 0.5117
vn 0.7773 -0.5107 0.3675
vn 0.7293 -0.6842 -0.0000
vn 0.6623 -0.3386 -0.6683
vn 0.6228 0.0886 -0.7774
vn 0.8743 -0.0871 -0.4775
vn 0.7346 -0.3461 -0.5836
vn 0.5766 0.5664 -0.5888
vn 0.6140 0.1768 -0.7692
vn 0.9433 -0.0934 -0.3185
vn 0.6225 -0.3405 -0.7046
vn 0.9560 -0.1050 -0.2739
vn 0.8574 -0.1821 -0.4814
vn 0.5885 -0.0437 -0.8073
vn 0.7305 0.1139 -0.6734
vn 0.8947 -0.0257 -0.4459
vn 0.6889 -0.3121 -0.6542
vn 0.9559 0.0582 -0.2879
vn 0.6259 0.6703 -0.3987
vn 0.7368 -0.4742 -0.4820
vn 0.7565 -0.4970 -0.4251
vn 0.4228 0.0608 -0.9042
vn 0.5583 -0.1461 -0.8166
vn 0.6424 0.0400 -0.7653
vn 0.6526 -0.3677 -0.6625
vn 0.7336 0.6791 -0.0272
vn 0.7263 0.6593 -0.1944
vn 0.9122 0.2432 -0.3298
vn 0.8856 0.3651 -0.2872
vn 0.5865 0.7789 -0.2222
vn 0.7066 0.5580 -0.4351
vn 0.7391 0.6233 -0.2555
vn 0.7489 0.6460 -0.1477
vn 0.5653 0.6470 -0.5117
vn 0.7773 -0.5107 -0.3675
vt 0.346406 0.125635
vt 0.348582 0.121646
vt 0.347479 0.117956
vt 0.345151 0.122293
vt 0.350544 0.124829
vt 0.348191 0.128553
vt 0.352437 0.126960
vt 0.347208 0.115261
vt 0.346206 0.116151
vt 0.345090 0.117021
vt 0.347434 0.112900
vt 0.348235 0.111652
vt 0.344821 0.119159
vt 0.349364 0.130055
vt 0.354753 0.130496
vt 0.357729 0.126646
vt 0.357337 0.129359
vt 0.354148 0.132681
vt 0.352706 0.130627
vt 0.354193 0.127278
vt 0.351690 0.128016
vt 0.352687 0.123502
vt 0.352736 0.132866
vt 0.350902 0.131431
vt 0.354247 0.128851
vt 0.356103 0.130050
vt 0.357871 0.125144
vt 0.358889 0.124143
vt 0.359071 0.122458
vt 0.356149 0.124819
vt 0.352723 0.121412
vt 0.351237 0.118238
vt 0.354428 0.123571
vt 0.352178 0.115208
vt 0.349362 0.119576
vt 0.347934 0.118047
vt 0.350859 0.120914
vt 0.350105 0.112879
vt 0.354138 0.117359
vt 0.357224 0.123684
vt 0.355971 0.120287
vt 0.350621 0.125496
vt 0.334350 0.125147
vt 0.329896 0.118203
vt 0.334730 0.124379
vt 0.333838 0.126161
vt 0.335453 0.125278
vt 0.334828 0.128599
vt 0.334359 0.130698
vt 0.333036 0.127996
vt 0.350700 0.131347
vt 0.351860 0.131953
vt 0.333826 0.131757
vt 0.339872 0.127224
vt 0.340053 0.128279
vt 0.340134 0.129354
vt 0.339426 0.125479
vt 0.339515 0.126193
vt 0.333114 0.133063
vt 0.332143 0.132312
vt 0.340216 0.130812
vt 0.340165 0.133465
vt 0.346157 0.120465
vt 0.347591 0.121085
vt 0.345174 0.119290
vt 0.348504 0.122520
vt 0.349535 0.123823
vt 0.344648 0.120610
vt 0.347621 0.127737
vt 0.348702 0.128894
vt 0.349593 0.130188
vt 0.346159 0.126127
vt 0.345074 0.123204
vt 0.359552 0.110823
vt 0.359874 0.108879
vt 0.357782 0.106983
vt 0.357510 0.109017
vt 0.361645 0.111803
vt 0.362327 0.109749
vt 0.363650 0.112016
vt 0.356362 0.104391
vt 0.355775 0.102048
vt 0.355521 0.103950
vt 0.355758 0.101585
vt 0.356087 0.099000
vt 0.356012 0.106517
vt 0.364708 0.109887
vt 0.358810 0.120353
vt 0.366775 0.105392
vt 0.367504 0.108479
vt 0.357728 0.117263
vt 0.365058 0.102780
vt 0.355964 0.114631
vt 0.367069 0.110657
vt 0.369329 0.105297
vt 0.365566 0.111827
vt 0.366927 0.109307
vt 0.368689 0.107945
vt 0.369569 0.103700
vt 0.370324 0.100802
vt 0.368515 0.101730
vt 0.367636 0.105492
vt 0.363077 0.105722
vt 0.365403 0.105970
vt 0.360709 0.104915
vt 0.366490 0.098922
vt 0.359190 0.096013
vt 0.359064 0.100080
vt 0.357029 0.100601
vt 0.361562 0.096000
vt 0.357223 0.097044
vt 0.361099 0.100434
vt 0.364003 0.097005
vt 0.363098 0.101095
vt 0.354118 0.112653
vt 0.352418 0.111006
vt 0.350250 0.113591
vt 0.350296 0.115389
vt 0.350096 0.112232
vt 0.350991 0.110562
vt 0.359865 0.110049
vt 0.360673 0.106230
vt 0.358610 0.106059
vt 0.362297 0.110624
vt 0.357984 0.109864
vt 0.357252 0.106407
vt 0.356914 0.110000
vt 0.362803 0.106867
vt 0.367086 0.112816
vt 0.367097 0.108486
vt 0.364746 0.111660
vt 0.368946 0.109507
vt 0.365012 0.107546
vt 0.356556 0.110427
vt 0.360640 0.112373
vt 0.360950 0.108300
vt 0.363190 0.108969
vt 0.358531 0.111628
vt 0.362907 0.113080
vt 0.365156 0.113992
vt 0.365403 0.109663
vt 0.358900 0.107725
vt 0.356895 0.106818
vt 0.357428 0.107239
vt 0.357106 0.110995
vt 0.361163 0.085750
vt 0.359594 0.084751
vt 0.363177 0.086906
vt 0.358963 0.083908
vt 0.359458 0.083521
vt 0.360824 0.083560
vt 0.365828 0.088181
vt 0.374267 0.089268
vt 0.369829 0.110402
vt 0.373330 0.089405
vt 0.369092 0.110706
vt 0.370125 0.115088
vt 0.369034 0.114113
vt 0.371179 0.089078
vt 0.368747 0.088943
vt 0.367498 0.110187
vt 0.364431 0.118969
vt 0.362147 0.118112
vt 0.367345 0.114852
vt 0.366601 0.119736
vt 0.369311 0.115127
vt 0.357790 0.116435
vt 0.356394 0.115462
vt 0.359811 0.117384
vt 0.368375 0.120516
vt 0.363081 0.120635
vt 0.364937 0.121856
vt 0.363946 0.116800
vt 0.366299 0.117958
vt 0.361170 0.120003
vt 0.361650 0.115834
vt 0.359228 0.119139
vt 0.366585 0.123273
vt 0.369057 0.120666
vt 0.367310 0.124272
vt 0.368272 0.119270
vt 0.356225 0.114467
vt 0.357427 0.114499
vt 0.355824 0.114768
vt 0.359389 0.115099
vt 0.342551 0.123529
vt 0.343211 0.122167
vt 0.339196 0.126439
vt 0.339503 0.129976
vt 0.343280 0.126380
vt 0.344045 0.122886
vt 0.344845 0.123955
vt 0.345459 0.125073
vt 0.345998 0.126273
vt 0.344237 0.128782
vt 0.346662 0.133773
vt 0.346068 0.132526
vt 0.340297 0.136184
vt 0.340105 0.134190
vt 0.340177 0.135170
vt 0.340336 0.137280
vt 0.347422 0.134815
vt 0.345525 0.131411
vt 0.344960 0.130235
vt 0.339734 0.132018
vt 0.339943 0.133375
vt 0.347250 0.130338
vt 0.346532 0.127785
vt 0.340203 0.136312
vt 0.347662 0.133850
vt 0.365496 0.084780
vt 0.368225 0.085721
vt 0.362876 0.083952
vt 0.372950 0.088045
vt 0.370708 0.086779
vt 0.352365 0.965608
vt 0.355376 0.970665
vt 0.351484 0.966312
vt 0.356724 0.976331
vt 0.356743 0.976382
vt 0.354526 0.971123
vt 0.353008 0.972849
vt 0.349738 0.968512
vt 0.355283 0.970531
vt 0.352310 0.974389
vt 0.354156 0.979048
vt 0.355859 0.977496
vt 0.350369 0.976536
vt 0.354197 0.972133
vt 0.351014 0.975236
vt 0.342921 0.977331
vt 0.344895 0.983091
vt 0.344265 0.984385
vt 0.346768 0.980473
vt 0.341916 0.978528
vt 0.341887 0.978893
vt 0.344282 0.984236
vt 0.344701 0.974284
vt 0.347788 0.970846
vt 0.348950 0.977636
vt 0.346212 0.972430
vt 0.349211 0.984053
vt 0.350993 0.981738
vt 0.347831 0.986133
vt 0.352926 0.979833
vt 0.354854 0.978055
vt 0.356220 0.976662
vt 0.347108 0.986468
vt 0.350548 0.983079
vt 0.348351 0.979207
vt 0.348852 0.985457
vt 0.346213 0.982151
vt 0.352363 0.980810
vt 0.344827 0.983869
vt 0.347432 0.986680
vt 0.347659 0.986395
vt 0.342504 0.977986
vt 0.341724 0.976820
vt 0.342083 0.976170
vt 0.342360 0.975694
vt 0.343608 0.973163
vt 0.343063 0.973717
vt 0.344519 0.972566
vt 0.345506 0.970903
vt 0.344025 0.976210
vt 0.350735 0.967592
vt 0.348427 0.967051
vt 0.348863 0.969732
vt 0.347272 0.968674
vt 0.349533 0.965114
vt 0.352022 0.965821
vt 0.347213 0.971042
vt 0.345163 0.971741
vt 0.345954 0.973180
vt 0.346313 0.970424
vt 0.347780 0.967661
vt 0.348995 0.965661
vt 0.346606 0.969392
vt 0.350202 0.964709
vt 0.368704 0.006517
vt 0.370302 0.011501
vt 0.367989 0.011963
vt 0.371513 0.010906
vt 0.366758 0.007303
vt 0.364642 0.008092
vt 0.365312 0.012395
vt 0.369755 0.006085
vt 0.369422 0.012318
vt 0.369917 0.018035
vt 0.371762 0.017807
vt 0.367163 0.012861
vt 0.371129 0.011523
vt 0.372242 0.017362
vt 0.362552 0.008313
vt 0.357122 0.010454
vt 0.357275 0.014106
vt 0.357154 0.014281
vt 0.358333 0.009693
vt 0.357051 0.010909
vt 0.358066 0.014218
vt 0.357799 0.010563
vt 0.358342 0.013848
vt 0.362756 0.012844
vt 0.360407 0.009010
vt 0.360327 0.013274
vt 0.358709 0.019176
vt 0.360584 0.019022
vt 0.357784 0.019263
vt 0.357720 0.019324
vt 0.363176 0.018779
vt 0.365884 0.018304
vt 0.368526 0.017884
vt 0.365236 0.019158
vt 0.364695 0.013362
vt 0.362736 0.019363
vt 0.362106 0.013573
vt 0.367652 0.018633
vt 0.360336 0.019462
vt 0.358603 0.019410
vt 0.359788 0.013909
vt 0.359588 0.010118
vt 0.361833 0.009483
vt 0.369525 0.006546
vt 0.368083 0.007501
vt 0.364041 0.008849
vt 0.366137 0.008367
vt 0.363303 0.101437
vt 0.366210 0.091457
vt 0.363500 0.089863
vt 0.360984 0.100594
vt 0.365597 0.101696
vt 0.369230 0.091365
vt 0.367731 0.101152
vt 0.361393 0.087398
vt 0.357402 0.097036
vt 0.359936 0.084778
vt 0.359271 0.081841
vt 0.356841 0.094766
vt 0.358885 0.099125
vt 0.371670 0.090145
vt 0.367266 0.094669
vt 0.367209 0.091691
vt 0.369084 0.094190
vt 0.369258 0.097417
vt 0.364807 0.092727
vt 0.365017 0.090077
vt 0.362203 0.091685
vt 0.369280 0.100012
vt 0.373754 0.088578
vt 0.369950 0.097535
vt 0.374621 0.085876
vt 0.344993 0.959952
vt 0.344346 0.961786
vt 0.373395 0.082110
vt 0.371112 0.079591
vt 0.344923 0.961300
vt 0.343576 0.965218
vt 0.344195 0.963492
vt 0.368659 0.077988
vt 0.360962 0.077444
vt 0.358401 0.090375
vt 0.359681 0.079262
vt 0.360467 0.089263
vt 0.357133 0.092480
vt 0.362871 0.076666
vt 0.365657 0.077053
vt 0.362681 0.089353
vt 0.359654 0.091929
vt 0.357061 0.100805
vt 0.356487 0.097987
vt 0.358513 0.103206
vt 0.357774 0.093256
vt 0.356765 0.095254
vt 0.337570 0.961069
vt 0.337702 0.959623
vt 0.330335 0.962752
vt 0.331043 0.964802
vt 0.337479 0.962355
vt 0.337710 0.957271
vt 0.337421 0.956025
vt 0.329182 0.960508
vt 0.331555 0.966084
vt 0.336744 0.966879
vt 0.337054 0.964963
vt 0.332379 0.969915
vt 0.336220 0.968742
vt 0.331951 0.968145
vt 0.337299 0.963389
vt 0.337025 0.961495
vt 0.342946 0.965850
vt 0.336921 0.962837
vt 0.342372 0.967311
vt 0.341725 0.968730
vt 0.340908 0.970289
vt 0.336721 0.964229
vt 0.337144 0.959836
vt 0.343527 0.964139
vt 0.329848 0.963161
vt 0.337200 0.957429
vt 0.326664 0.978522
vt 0.330604 0.965247
vt 0.331108 0.966830
vt 0.331503 0.968497
vt 0.336289 0.967503
vt 0.336355 0.965803
vt 0.340105 0.972160
vt 0.339619 0.972813
vt 0.342998 0.966629
vt 0.342395 0.968084
vt 0.341622 0.969697
vt 0.340557 0.971711
vt 0.375233 0.085420
vt 0.374139 0.087943
vt 0.374446 0.085426
vt 0.371873 0.087623
vt 0.372823 0.090858
vt 0.369156 0.089255
vt 0.372314 0.091936
vt 0.375539 0.081930
vt 0.374954 0.072946
vt 0.376788 0.066780
vt 0.377268 0.075686
vt 0.376161 0.065776
vt 0.376551 0.080845
vt 0.366783 0.089841
vt 0.375908 0.074535
vt 0.376198 0.082213
vt 0.376419 0.076917
vt 0.376524 0.071145
vt 0.375409 0.077175
vt 0.375347 0.084687
vt 0.374121 0.082862
vt 0.377253 0.072847
vt 0.374701 0.067271
vt 0.377248 0.067146
vt 0.383587 0.081025
vt 0.381121 0.082945
vt 0.378487 0.069079
vt 0.379040 0.086956
vt 0.385388 0.080431
vt 0.386116 0.080747
vt 0.385677 0.081063
vt 0.378298 0.066444
vt 0.383990 0.081378
vt 0.377731 0.071270
vt 0.378051 0.067911
vt 0.378335 0.066939
vt 0.371683 0.063108
vt 0.374029 0.064327
vt 0.372088 0.062833
vt 0.377224 0.065378
vt 0.374652 0.063987
vt 0.374283 0.085830
vt 0.699533 0.353000
vt 0.718873 0.317096
vt 0.699902 0.366941
vt 0.679631 0.426446
vt 0.679649 0.435930
vt 0.722924 0.299876
vt 0.722832 0.303227
vt 0.757352 0.837031
vt 0.793277 0.818507
vt 0.783896 0.793293
vt 0.776071 0.775409
vt 0.801626 0.746996
vt 0.669252 0.433759
vt 0.742481 0.271911
vt 0.775201 0.188878
vt 0.800713 0.091857
vt 0.773152 0.195090
vt 0.756635 0.214920
vt 0.802969 0.102600
vt 0.809601 0.088515
vt 0.757116 0.231914
vt 0.757744 0.230273
vt 0.367847 0.088030
vt 0.366517 0.085807
vt 0.367338 0.086876
vt 0.367345 0.086455
vt 0.370916 0.094578
vt 0.368250 0.086273
vt 0.372767 0.090341
vt 0.370775 0.086702
vt 0.371883 0.091937
vt 0.373227 0.086890
vt 0.374218 0.085092
vt 0.730908 0.231704
vt 0.709736 0.261382
vt 0.720428 0.269569
vt 0.873829 0.673033
vt 0.866433 0.707756
vt 0.882437 0.757434
vt 0.734253 0.280156
vt 0.678146 0.347525
vt 0.370493 0.095544
vt 0.371032 0.094350
vt 0.363721 0.066777
vt 0.361365 0.077873
vt 0.363574 0.077864
vt 0.369116 0.067531
vt 0.366170 0.067286
vt 0.366265 0.078399
vt 0.359793 0.078089
vt 0.361959 0.066499
vt 0.361333 0.081380
vt 0.360593 0.080243
vt 0.363596 0.084269
vt 0.360313 0.079543
vt 0.361593 0.084488
vt 0.359947 0.079304
vt 0.360101 0.079226
vt 0.369078 0.079894
vt 0.371956 0.067609
vt 0.360712 0.072200
vt 0.359203 0.078648
vt 0.359943 0.079470
vt 0.360248 0.076638
vt 0.361247 0.069807
vt 0.361600 0.068921
vt 0.371707 0.081473
vt 0.374390 0.078550
vt 0.372095 0.075885
vt 0.372632 0.067663
vt 0.375306 0.067256
vt 0.361200 0.073841
vt 0.361869 0.067987
vt 0.363954 0.067874
vt 0.369863 0.067878
vt 0.369990 0.062370
vt 0.360460 0.067446
vt 0.362024 0.067135
vt 0.363650 0.064182
vt 0.361827 0.066526
vt 0.361023 0.068461
vt 0.361344 0.067704
vt 0.362773 0.064420
vt 0.364201 0.087960
vt 0.365876 0.062813
vt 0.359745 0.075098
vt 0.360186 0.067606
vt 0.359970 0.069867
vt 0.376328 0.101920
vt 0.375939 0.102985
vt 0.376971 0.100339
vt 0.377306 0.099474
vt 0.375387 0.104103
vt 0.377504 0.095753
vt 0.377849 0.091873
vt 0.377509 0.098213
vt 0.377282 0.099812
vt 0.377639 0.097788
vt 0.381826 0.082901
vt 0.380156 0.086710
vt 0.378631 0.091503
vt 0.378035 0.095116
vt 0.359470 0.077976
vt 0.376657 0.100918
vt 0.376126 0.102174
vt 0.375526 0.103312
vt 0.660170 0.400486
vt 0.658674 0.448411
vt 0.651259 0.442801
vt 0.657827 0.552614
vt 0.668767 0.542188
vt 0.667992 0.662026
vt 0.649604 0.589144
vt 0.645225 0.479657
vt 0.662134 0.431746
vt 0.670277 0.440794
vt 0.681731 0.550665
vt 0.672049 0.684559
vt 0.687363 0.572269
vt 0.673746 0.705009
vt 0.737852 0.107917
vt 0.729405 0.066650
vt 0.748321 0.095417
vt 0.737685 0.011556
vt 0.711361 0.047675
vt 0.702712 0.109578
vt 0.785459 0.131324
vt 0.772912 0.215301
vt 0.780826 0.156438
vt 0.734843 0.957854
vt 0.763287 0.966931
vt 0.790065 0.090792
vt 0.735653 0.143624
vt 0.763924 0.022274
vt 0.774723 0.034420
vt 0.678613 0.715934
vt 0.696260 0.584675
vt 0.674120 0.737804
vt 0.727220 0.381043
vt 0.717555 0.403048
vt 0.712363 0.406115
vt 0.692650 0.451806
vt 0.700643 0.581755
vt 0.661093 0.629745
vt 0.677091 0.492193
vt 0.642591 0.537465
vt 0.707460 0.448523
vt 0.708116 0.442248
vt 0.682451 0.447301
vt 0.687958 0.432495
vt 0.700794 0.413891
vt 0.675044 0.434709
vt 0.775590 0.996001
vt 0.687917 0.413237
vt 0.721307 0.362063
vt 0.692712 0.413302
vt 0.741883 0.328861
vt 0.736798 0.344361
vt 0.728482 0.332264
vt 0.728288 0.378077
vt 0.664680 0.394670
vt 0.670819 0.379368
vt 0.652363 0.425629
vt 0.677988 0.392675
vt 0.680787 0.414136
vt 0.747466 0.304104
vt 0.746329 0.296782
vt 0.768448 0.238948
vt 0.772487 0.203785
vt 0.754890 0.275600
vt 0.759693 0.238877
vt 0.712428 0.346684
vt 0.699447 0.387278
vt 0.679815 0.412683
vt 0.731910 0.911122
vt 0.766289 0.872001
vt 0.818254 0.841247
vt 0.822486 0.794836
vt 0.828564 0.739819
vt 0.782443 0.690282
vt 0.766662 0.721832
vt 0.763092 0.696327
vt 0.777715 0.672522
vt 0.787618 0.649744
vt 0.798083 0.648681
vt 0.811841 0.656288
vt 0.758286 0.693701
vt 0.769590 0.752929
vt 0.781777 0.714268
vt 0.754228 0.788317
vt 0.790233 0.729570
vt 0.817402 0.698721
vt 0.750005 0.754297
vt 0.736931 0.821150
vt 0.668499 0.385975
vt 0.812562 0.014940
vt 0.816433 0.966019
vt 0.825623 0.985234
vt 0.805488 0.953523
vt 0.842250 0.916098
vt 0.811395 0.043130
vt 0.828525 0.017574
vt 0.859998 0.952571
vt 0.831770 0.019063
vt 0.792571 0.930889
vt 0.831951 0.897534
vt 0.801681 0.684018
vt 0.823245 0.874087
vt 0.780190 0.897514
vt 0.763839 0.204584
vt 0.750003 0.226029
vt 0.756667 0.192582
vt 0.663159 0.715271
vt 0.742612 0.204120
vt 0.705054 0.231051
vt 0.724881 0.191061
vt 0.652762 0.447043
vt 0.747704 0.174425
vt 0.762659 0.131181
vt 0.700518 0.200651
vt 0.706512 0.168648
vt 0.660055 0.503491
vt 0.655017 0.504209
vt 0.652926 0.490225
vt 0.789531 0.067757
vt 0.780019 0.062550
vt 0.350156 0.147619
vt 0.351495 0.146549
vt 0.350064 0.145060
vt 0.351193 0.149262
vt 0.349166 0.146210
vt 0.348281 0.144638
vt 0.348690 0.143303
vt 0.353206 0.148813
vt 0.353056 0.152156
vt 0.354994 0.151502
vt 0.354561 0.150906
vt 0.357861 0.147290
vt 0.357376 0.147274
vt 0.352191 0.151211
vt 0.346885 0.143470
vt 0.345602 0.141309
vt 0.345620 0.139273
vt 0.346676 0.143909
vt 0.345393 0.138423
vt 0.346808 0.141041
vt 0.348074 0.145310
vt 0.348559 0.144055
vt 0.345251 0.140175
vt 0.346973 0.140217
vt 0.345779 0.138896
vt 0.345876 0.140932
vt 0.347728 0.133768
vt 0.348037 0.133746
vt 0.347888 0.134067
vt 0.350715 0.137772
vt 0.352694 0.140510
vt 0.348897 0.135150
vt 0.348855 0.135760
vt 0.356105 0.145590
vt 0.352949 0.149383
vt 0.354303 0.143332
vt 0.351193 0.147291
vt 0.354343 0.151166
vt 0.352561 0.141269
vt 0.350724 0.138696
vt 0.349726 0.146066
vt 0.340019 0.146863
vt 0.340223 0.148651
vt 0.335677 0.147380
vt 0.336333 0.145669
vt 0.335789 0.147108
vt 0.335261 0.149347
vt 0.340445 0.150523
vt 0.340349 0.148136
vt 0.335511 0.148686
vt 0.335090 0.150181
vt 0.340866 0.151275
vt 0.341057 0.152568
vt 0.340501 0.149770
vt 0.340657 0.152020
vt 0.334187 0.152477
vt 0.341168 0.157734
vt 0.333473 0.154755
vt 0.341178 0.158988
vt 0.341203 0.157675
vt 0.347907 0.154211
vt 0.347241 0.151902
vt 0.341242 0.155355
vt 0.334382 0.152154
vt 0.341047 0.155473
vt 0.334784 0.150545
vt 0.340819 0.152953
vt 0.340907 0.154126
vt 0.352215 0.151642
vt 0.330897 0.137877
vt 0.351070 0.149736
vt 0.349112 0.146546
vt 0.349994 0.148185
vt 0.341150 0.153798
vt 0.354557 0.136895
vt 0.352909 0.134719
vt 0.351469 0.132664
vt 0.357220 0.118378
vt 0.356299 0.138804
vt 0.359002 0.142044
vt 0.357967 0.140623
vt 0.355887 0.117859
vt 0.351419 0.133219
vt 0.357488 0.119559
vt 0.352847 0.135641
vt 0.356011 0.118577
vt 0.359460 0.120642
vt 0.361471 0.121665
vt 0.354492 0.137884
vt 0.350554 0.132252
vt 0.350479 0.132268
vt 0.355539 0.117839
vt 0.350585 0.131981
vt 0.366789 0.124218
vt 0.365255 0.123369
vt 0.359206 0.142388
vt 0.363391 0.122349
vt 0.356152 0.139535
vt 0.357858 0.141121
vt 0.356285 0.145194
vt 0.357443 0.146868
vt 0.354557 0.142843
vt 0.358961 0.142289
vt 0.375474 0.060505
vt 0.373489 0.060177
vt 0.376146 0.060748
vt 0.371234 0.059517
vt 0.368327 0.059118
vt 0.365129 0.059832
vt 0.366830 0.067944
vt 0.369482 0.061685
vt 0.366566 0.061880
vt 0.363835 0.062110
vt 0.372155 0.061423
vt 0.374620 0.061219
vt 0.377554 0.059683
vt 0.361206 0.061299
vt 0.362942 0.060753
vt 0.360339 0.061857
vt 0.361822 0.062180
vt 0.360608 0.062128
vt 0.376565 0.059258
vt 0.348217 0.155970
vt 0.346536 0.150824
vt 0.347117 0.152453
vt 0.347876 0.154595
vt 0.346730 0.150302
vt 0.344018 0.144242
vt 0.344850 0.146129
vt 0.343285 0.143459
vt 0.345619 0.147640
vt 0.346212 0.148961
vt 0.345461 0.148184
vt 0.346009 0.149530
vt 0.344774 0.146634
vt 0.343888 0.144592
vt 0.362057 0.061044
vt 0.361581 0.060842
vt 0.363525 0.061111
vt 0.362117 0.060241
vt 0.368583 0.060809
vt 0.365713 0.061046
vt 0.363540 0.059557
vt 0.371751 0.058204
vt 0.374330 0.058826
vt 0.368521 0.058128
vt 0.365669 0.058759
vt 0.376408 0.060143
vt 0.374107 0.060439
vt 0.371527 0.060656
vt 0.370789 0.017418
vt 0.544998 0.071264
vt 0.550991 0.050053
vt 0.578827 0.964194
vt 0.520947 0.204672
vt 0.519748 0.189331
vt 0.526488 0.277474
vt 0.558060 0.040422
vt 0.561640 0.068500
vt 0.590339 0.990543
vt 0.522172 0.265361
vt 0.543198 0.048793
vt 0.517774 0.261512
vt 0.580069 0.950046
vt 0.549241 0.057662
vt 0.562733 0.105752
vt 0.528987 0.156040
vt 0.585157 0.373549
vt 0.586851 0.356658
vt 0.595955 0.416819
vt 0.625183 0.479440
vt 0.611597 0.408130
vt 0.617921 0.562221
vt 0.533333 0.287651
vt 0.532640 0.250858
vt 0.523134 0.233647
vt 0.526682 0.271779
vt 0.520624 0.228858
vt 0.540285 0.209833
vt 0.608773 0.456967
vt 0.591214 0.376693
vt 0.594062 0.435284
vt 0.624349 0.495300
vt 0.539032 0.103978
vt 0.544698 0.117559
vt 0.581747 0.409760
vt 0.567707 0.406815
vt 0.566421 0.351806
vt 0.556515 0.380974
vt 0.549182 0.344588
vt 0.579374 0.358581
vt 0.536899 0.117548
vt 0.575886 0.945328
vt 0.546975 0.147010
vt 0.574291 0.137331
vt 0.552141 0.169804
vt 0.594970 0.109307
vt 0.610958 0.072688
vt 0.597389 0.059212
vt 0.604163 0.116047
vt 0.587004 0.161517
vt 0.545759 0.285620
vt 0.547770 0.246880
vt 0.595183 0.021743
vt 0.675971 0.959676
vt 0.660953 0.954718
vt 0.646185 0.002837
vt 0.560508 0.200744
vt 0.581700 0.216279
vt 0.564809 0.244793
vt 0.573951 0.268394
vt 0.557697 0.274964
vt 0.563126 0.305647
vt 0.577051 0.315308
vt 0.650648 0.927810
vt 0.622910 0.988865
vt 0.700774 0.926982
vt 0.719830 0.869994
vt 0.684308 0.895597
vt 0.680659 0.930898
vt 0.621485 0.030696
vt 0.543482 0.375633
vt 0.525961 0.385276
vt 0.532627 0.426243
vt 0.532046 0.387061
vt 0.527136 0.347824
vt 0.539353 0.435603
vt 0.539819 0.399149
vt 0.531029 0.352244
vt 0.527276 0.346728
vt 0.657861 0.876558
vt 0.687799 0.843284
vt 0.628076 0.926489
vt 0.545352 0.472660
vt 0.546623 0.447472
vt 0.549643 0.501036
vt 0.551207 0.545930
vt 0.548602 0.519675
vt 0.544111 0.482065
vt 0.539212 0.469252
vt 0.540343 0.595677
vt 0.686723 0.787590
vt 0.640575 0.832775
vt 0.642384 0.842444
vt 0.712721 0.792209
vt 0.720439 0.748399
vt 0.678975 0.823303
vt 0.679361 0.808169
vt 0.613475 0.891935
vt 0.609882 0.877703
vt 0.614721 0.906399
vt 0.644488 0.863461
vt 0.715157 0.827198
vt 0.551628 0.413228
vt 0.595069 0.548100
vt 0.576346 0.574923
vt 0.583538 0.625744
vt 0.573424 0.621108
vt 0.603542 0.488998
vt 0.616605 0.509457
vt 0.611220 0.543487
vt 0.582793 0.521309
vt 0.589008 0.469194
vt 0.565958 0.601678
vt 0.592599 0.674609
vt 0.525722 0.324237
vt 0.534554 0.337007
vt 0.524790 0.313941
vt 0.606648 0.592755
vt 0.613103 0.620136
vt 0.519878 0.313123
vt 0.556205 0.569186
vt 0.553792 0.529461
vt 0.556413 0.474417
vt 0.562284 0.546630
vt 0.570132 0.494957
vt 0.578122 0.451641
vt 0.510324 0.102836
vt 0.517281 0.072340
vt 0.517957 0.929332
vt 0.533172 0.938931
vt 0.537447 0.760325
vt 0.518252 0.071370
vt 0.521077 0.119578
vt 0.525301 0.069864
vt 0.530068 0.785322
vt 0.549707 0.935140
vt 0.544083 0.936686
vt 0.557687 0.935285
vt 0.531346 0.070447
vt 0.539022 0.938899
vt 0.592260 0.775110
vt 0.560430 0.936325
vt 0.585860 0.790847
vt 0.567156 0.677524
vt 0.575301 0.752553
vt 0.552188 0.745466
vt 0.547788 0.748878
vt 0.583549 0.758731
vt 0.591519 0.768715
vt 0.561294 0.935593
vt 0.589085 0.764131
vt 0.601802 0.679560
vt 0.585925 0.680715
vt 0.562022 0.658239
vt 0.534727 0.072753
vt 0.516881 0.176776
vt 0.606521 0.675874
vt 0.607552 0.680428
vt 0.641883 0.181404
vt 0.632841 0.222095
vt 0.660730 0.191736
vt 0.606915 0.267084
vt 0.607213 0.215968
vt 0.586981 0.320856
vt 0.596690 0.357439
vt 0.627881 0.308833
vt 0.658752 0.228893
vt 0.591470 0.262178
vt 0.586131 0.245682
vt 0.580732 0.281437
vt 0.580364 0.346766
vt 0.582838 0.236925
vt 0.591064 0.199528
vt 0.597464 0.163337
vt 0.606764 0.376761
vt 0.597972 0.402865
vt 0.626221 0.041919
vt 0.622270 0.440818
vt 0.633387 0.411118
vt 0.612075 0.468242
vt 0.659485 0.279925
vt 0.542250 0.756450
vt 0.535305 0.766023
vt 0.643330 0.374517
vt 0.680374 0.155422
vt 0.607430 0.494436
vt 0.627805 0.546095
vt 0.604857 0.128741
vt 0.596328 0.161974
vt 0.595174 0.170628
vt 0.605815 0.118703
vt 0.615226 0.077744
vt 0.618387 0.083777
vt 0.588710 0.196518
vt 0.589360 0.208498
vt 0.621280 0.107815
vt 0.637375 0.087934
vt 0.639807 0.107656
vt 0.618165 0.139398
vt 0.649477 0.123407
vt 0.658418 0.092135
vt 0.656211 0.023991
vt 0.669933 0.990874
vt 0.679704 0.016585
vt 0.668897 0.058087
vt 0.634356 0.043194
vt 0.645081 0.060004
vt 0.692240 0.969437
vt 0.671864 0.112344
vt 0.660878 0.143010
vt 0.679013 0.084408
vt 0.690974 0.052636
vt 0.603337 0.182186
vt 0.627941 0.166080
vt 0.545251 0.603301
vt 0.543696 0.583567
vt 0.548203 0.622924
vt 0.515712 0.157773
vt 0.555284 0.639891
vt 0.583019 0.346499
vt 0.715453 0.957754
vt 0.703538 0.005866
vt 0.619826 0.610695
vt 0.682843 0.190570
vt 0.682676 0.229453
vt 0.678771 0.282595
vt 0.651806 0.746439
vt 0.653679 0.773657
vt 0.651689 0.713916
vt 0.617885 0.626808
vt 0.632394 0.668524
vt 0.619577 0.650376
vt 0.635383 0.750562
vt 0.630431 0.724090
vt 0.641326 0.534189
vt 0.645425 0.542585
vt 0.641809 0.515312
vt 0.679768 0.128770
vt 0.640313 0.720065
vt 0.708551 0.140234
vt 0.858575 0.942576
vt 0.655158 0.353631
vt 0.637666 0.508760
vt 0.849136 0.931547
vt 0.637624 0.629132
vt 0.795317 0.015914
vt 0.787212 0.002778
vt 0.799467 0.042861
vt 0.789848 0.041210
vt 0.640082 0.543659
vt 0.628425 0.538332
vt 0.621894 0.551020
vt 0.630025 0.557859
vt 0.735780 0.782676
vt 0.633600 0.564376
vt 0.614213 0.625718
vt 0.626157 0.585688
vt 0.745773 0.728647
vt 0.731879 0.738222
vt 0.342353 0.971339
vt 0.343142 0.971006
vt 0.339082 0.968295
vt 0.340047 0.967364
vt 0.338925 0.968155
vt 0.339057 0.967501
vt 0.342357 0.970819
vt 0.342242 0.971076
vt 0.344656 0.969029
vt 0.342026 0.964801
vt 0.346471 0.966598
vt 0.348348 0.964505
vt 0.344217 0.961901
vt 0.346268 0.959410
vt 0.346489 0.964800
vt 0.344196 0.959881
vt 0.348299 0.962907
vt 0.346113 0.957660
vt 0.348081 0.955403
vt 0.350102 0.961319
vt 0.349392 0.954095
vt 0.344711 0.967238
vt 0.343191 0.969738
vt 0.340126 0.965631
vt 0.342170 0.962588
vt 0.361381 0.997382
vt 0.359266 0.998282
vt 0.363688 0.996523
vt 0.365912 0.996094
vt 0.357466 0.999759
vt 0.357789 0.999565
vt 0.357813 0.999033
vt 0.367878 0.995264
vt 0.349373 0.955006
vt 0.348144 0.956892
vt 0.350122 0.962523
vt 0.351347 0.960366
vt 0.349781 0.954212
vt 0.351204 0.961067
vt 0.351174 0.960332
vt 0.369537 0.994578
vt 0.370108 0.994369
vt 0.344657 0.950600
vt 0.345959 0.948791
vt 0.346479 0.948707
vt 0.342556 0.952636
vt 0.339689 0.956157
vt 0.340957 0.954006
vt 0.337814 0.959319
vt 0.344680 0.947865
vt 0.343882 0.948793
vt 0.340186 0.954343
vt 0.338942 0.955514
vt 0.339819 0.958357
vt 0.342803 0.954636
vt 0.341245 0.952813
vt 0.341244 0.956280
vt 0.337887 0.960785
vt 0.337839 0.957765
vt 0.342505 0.950962
vt 0.346010 0.949823
vt 0.344853 0.952273
vt 0.336604 0.961303
vt 0.336354 0.962454
vt 0.336698 0.962288
vt 0.358632 0.009727
vt 0.358024 0.003804
vt 0.358216 0.009354
vt 0.357544 0.003516
vt 0.358054 0.003021
vt 0.359451 0.002375
vt 0.358678 0.008954
vt 0.359920 0.010064
vt 0.359419 0.003792
vt 0.362005 0.010079
vt 0.364632 0.009783
vt 0.361654 0.003509
vt 0.364157 0.003328
vt 0.359970 0.008504
vt 0.367392 0.007466
vt 0.366710 0.001054
vt 0.369859 0.007057
vt 0.369220 0.000504
vt 0.371351 0.000341
vt 0.371930 0.007036
vt 0.372085 0.000171
vt 0.372921 0.007321
vt 0.364752 0.007828
vt 0.364267 0.001517
vt 0.362219 0.008377
vt 0.361682 0.001866
vt 0.367491 0.013219
vt 0.362605 0.013644
vt 0.364998 0.013475
vt 0.369820 0.013128
vt 0.360432 0.013978
vt 0.358468 0.014358
vt 0.358935 0.014091
vt 0.369208 0.002144
vt 0.366655 0.002699
vt 0.369785 0.008555
vt 0.371868 0.007935
vt 0.367324 0.009291
vt 0.371217 0.001137
vt 0.371627 0.013112
vt 0.372342 0.013207
vt 0.369544 0.995071
vt 0.359192 0.999267
vt 0.363549 0.997670
vt 0.361253 0.998555
vt 0.367830 0.996314
vt 0.365728 0.997299
vt 0.368302 0.022888
vt 0.370400 0.022695
vt 0.365972 0.023189
vt 0.363553 0.023389
vt 0.338940 0.941992
vt 0.338538 0.943935
vt 0.338552 0.943108
vt 0.371619 0.022707
vt 0.357884 0.023618
vt 0.358691 0.023751
vt 0.358005 0.023625
vt 0.360430 0.023916
vt 0.361277 0.023717
vt 0.359200 0.023771
vt 0.336080 0.960051
vt 0.336530 0.959527
vt 0.333563 0.955077
vt 0.334221 0.954535
vt 0.336442 0.958815
vt 0.334186 0.953853
vt 0.337535 0.956183
vt 0.336026 0.951252
vt 0.336698 0.949753
vt 0.335177 0.952974
vt 0.335153 0.951756
vt 0.342328 0.949638
vt 0.341132 0.951494
vt 0.337668 0.945316
vt 0.337028 0.947057
vt 0.343801 0.948054
vt 0.340259 0.953449
vt 0.335919 0.949994
vt 0.338940 0.954451
vt 0.336500 0.948545
vt 0.362722 0.023945
vt 0.365173 0.023781
vt 0.371183 0.022743
vt 0.369684 0.023226
vt 0.367543 0.023479
vt 0.331057 0.938532
vt 0.323366 0.943478
vt 0.330914 0.941169
vt 0.322396 0.941160
vt 0.320030 0.959721
vt 0.324244 0.946092
vt 0.330869 0.942831
vt 0.330772 0.944213
vt 0.323297 0.943243
vt 0.325670 0.950790
vt 0.324927 0.948737
vt 0.325035 0.949441
vt 0.324482 0.946611
vt 0.323958 0.945286
vt 0.330595 0.945609
vt 0.329881 0.947966
vt 0.329610 0.949974
vt 0.330149 0.945982
vt 0.330385 0.944340
vt 0.324716 0.947771
vt 0.330244 0.947095
vt 0.329925 0.948751
vt 0.330537 0.943229
vt 0.330631 0.941859
vt 0.330739 0.940247
vt 0.337791 0.946349
vt 0.337255 0.948137
vt 0.330918 0.938053
vt 0.330790 0.937067
vt 0.475731 0.186084
vt 0.467641 0.186097
vt 0.467372 0.190438
vt 0.475240 0.195238
vt 0.467981 0.180788
vt 0.460101 0.181393
vt 0.459373 0.185421
vt 0.460753 0.176662
vt 0.478841 0.186824
vt 0.473296 0.167916
vt 0.470817 0.161052
vt 0.470270 0.159385
vt 0.478665 0.196293
vt 0.470489 0.202113
vt 0.463588 0.198470
vt 0.462062 0.201971
vt 0.467592 0.205140
vt 0.465088 0.195474
vt 0.459135 0.194727
vt 0.458638 0.198000
vt 0.458979 0.191155
vt 0.471577 0.210104
vt 0.471312 0.212523
vt 0.520937 0.200238
vt 0.531211 0.194779
vt 0.522762 0.191117
vt 0.472381 0.209350
vt 0.543441 0.179005
vt 0.528856 0.161347
vt 0.530289 0.141436
vt 0.477705 0.178114
vt 0.478332 0.189862
vt 0.462959 0.201523
vt 0.461527 0.205557
vt 0.457825 0.200541
vt 0.459082 0.197507
vt 0.460320 0.207438
vt 0.464646 0.161799
vt 0.459617 0.164300
vt 0.465182 0.164269
vt 0.456956 0.202373
vt 0.464965 0.197074
vt 0.465807 0.211337
vt 0.467070 0.208936
vt 0.460001 0.190333
vt 0.466790 0.191977
vt 0.459886 0.193917
vt 0.459909 0.165516
vt 0.469953 0.165137
vt 0.468711 0.161785
vt 0.471803 0.170253
vt 0.471595 0.164139
vt 0.466179 0.167943
vt 0.467363 0.173718
vt 0.460534 0.167801
vt 0.460987 0.171405
vt 0.461029 0.205989
vt 0.457576 0.200997
vt 0.466271 0.209400
vt 0.472186 0.199456
vt 0.474837 0.189329
vt 0.469281 0.204456
vt 0.545310 0.165704
vt 0.884217 0.891996
vt 0.872117 0.914205
vt 0.885397 0.897609
vt 0.862891 0.899071
vt 0.873765 0.923173
vt 0.856736 0.869082
vt 0.875701 0.852212
vt 0.891645 0.820811
vt 0.896725 0.855244
vt 0.896619 0.757464
vt 0.892190 0.759826
vt 0.856475 0.721698
vt 0.851589 0.692080
vt 0.897854 0.756395
vt 0.881502 0.797673
vt 0.870042 0.773603
vt 0.866047 0.821878
vt 0.858010 0.803474
vt 0.839807 0.782056
vt 0.852526 0.754480
vt 0.840840 0.850717
vt 0.836203 0.824671
vt 0.830788 0.678558
vt 0.829727 0.669702
vt 0.820403 0.664235
vt 0.849048 0.675764
vt 0.844121 0.682725
vt 0.832729 0.662957
vt 0.826748 0.664397
vt 0.835561 0.685474
vt 0.860970 0.664787
vt 0.884626 0.709127
vt 0.850867 0.665885
vt 0.855451 0.663188
vt 0.850031 0.661168
vt 0.474863 0.170562
vt 0.867904 0.667998
vt 0.869011 0.637109
vt 0.876272 0.654876
vt 0.877028 0.649236
vt 0.816018 0.659984
vt 0.860858 0.620571
vt 0.859912 0.617651
vt 0.860604 0.618720
vt 0.887772 0.703142
vt 0.875590 0.663397
vt 0.890405 0.698315
vt 0.889735 0.699322
vt 0.459642 0.187884
vt 0.455266 0.187360
vt 0.455027 0.185036
vt 0.459365 0.185012
vt 0.459325 0.181038
vt 0.455343 0.181278
vt 0.459583 0.176675
vt 0.458739 0.167529
vt 0.458425 0.165570
vt 0.458772 0.170872
vt 0.457780 0.175566
vt 0.456436 0.176560
vt 0.458144 0.165330
vt 0.457977 0.164675
vt 0.459723 0.164919
vt 0.371567 0.013895
vt 0.457915 0.167883
vt 0.457411 0.171799
vt 0.459814 0.172236
vt 0.459910 0.168033
vt 0.369743 0.014436
vt 0.360253 0.015119
vt 0.362385 0.015302
vt 0.358884 0.014739
vt 0.367409 0.014848
vt 0.364895 0.015203
vt 0.465886 0.166095
vt 0.466444 0.170499
vt 0.464972 0.162248
vt 0.467565 0.181017
vt 0.467884 0.185595
vt 0.467050 0.175960
vt 0.470309 0.166526
vt 0.469130 0.162118
vt 0.471946 0.170499
vt 0.473523 0.176183
vt 0.474911 0.178149
vt 0.467845 0.188927
vt 0.474551 0.181331
vt 0.453504 0.196536
vt 0.455041 0.192166
vt 0.453788 0.195994
vt 0.455642 0.191885
vt 0.455237 0.186904
vt 0.455179 0.189288
vt 0.455512 0.184048
vt 0.456442 0.180354
vt 0.817985 0.618829
vt 0.817940 0.637256
vt 0.823510 0.617161
vt 0.812923 0.639047
vt 0.812958 0.620810
vt 0.822741 0.638771
vt 0.854765 0.603326
vt 0.854269 0.601807
vt 0.850522 0.632882
vt 0.853640 0.621440
vt 0.845067 0.625340
vt 0.849177 0.585343
vt 0.831674 0.636790
vt 0.826792 0.636856
vt 0.838153 0.603879
vt 0.832904 0.608188
vt 0.843157 0.599942
vt 0.804248 0.637090
vt 0.805587 0.616715
vt 0.800228 0.619609
vt 0.828187 0.612544
vt 0.865714 0.655076
vt 0.858540 0.652324
vt 0.849506 0.605349
vt 0.856151 0.639825
vt 0.795194 0.636106
vt 0.867582 0.644815
vt 0.858977 0.628530
vt 0.843454 0.642442
vt 0.847168 0.647134
vt 0.838807 0.656356
vt 0.840585 0.638998
vt 0.837021 0.635584
vt 0.835558 0.659166
vt 0.843995 0.612883
vt 0.852853 0.651344
vt 0.848126 0.658098
vt 0.851289 0.649716
vt 0.845733 0.656421
vt 0.847645 0.591203
vt 0.842104 0.655544
vt 0.836026 0.534980
vt 0.834230 0.535558
vt 0.820048 0.486165
vt 0.821217 0.486488
vt 0.795752 0.478483
vt 0.795294 0.515575
vt 0.793913 0.481949
vt 0.817796 0.487253
vt 0.826189 0.546843
vt 0.830806 0.543257
vt 0.796555 0.512245
vt 0.807217 0.498847
vt 0.805097 0.467366
vt 0.811358 0.494000
vt 0.798330 0.474717
vt 0.803176 0.503919
vt 0.807430 0.464996
vt 0.814752 0.490311
vt 0.796302 0.446148
vt 0.795168 0.518686
vt 0.799576 0.508006
vt 0.813414 0.560644
vt 0.809317 0.565102
vt 0.817704 0.555525
vt 0.805405 0.566862
vt 0.800122 0.566437
vt 0.799637 0.569499
vt 0.822153 0.550892
vt 0.810211 0.462964
vt 0.000000 0.000000
s 1
f 420/1/420 436/2/436 437/3/437
f 437/3/437 421/4/421 420/1/420
f 436/2/436 420/1/420 435/5/435
f 435/5/435 419/6/419 434/7/434
f 420/1/420 419/6/419 435/5/435
f 421/4/421 437/3/437 438/8/438
f 424/9/424 423/10/423 439/11/439
f 440/12/440 424/9/424 439/11/439
f 439/11/439 423/10/423 438/8/438
f 438/8/438 422/13/422 421/4/421
f 423/10/423 422/13/422 438/8/438
f 419/6/419 418/14/418 434/7/434
f 414/15/414 431/16/431 430/17/430
f 430/17/430 415/18/415 414/15/414
f 414/15/414 356/19/356 429/20/429
f 429/20/429 358/21/358 428/22/428
f 356/19/356 358/21/358 429/20/429
f 416/23/416 415/18/415 430/17/430
f 417/24/417 433/25/433 434/7/434
f 434/7/434 418/14/418 417/24/417
f 433/25/433 417/24/417 416/23/416
f 432/26/432 416/23/416 430/17/430
f 416/23/416 432/26/432 433/25/433
f 448/27/448 432/26/432 430/17/430
f 433/25/433 432/26/432 448/27/448
f 430/17/430 446/28/446 448/27/448
f 431/16/431 447/29/447 446/28/446
f 446/28/446 430/17/430 431/16/431
f 449/30/449 433/25/433 448/27/448
f 451/31/451 435/5/435 434/7/434
f 435/5/435 451/31/451 452/32/452
f 434/7/434 450/33/450 451/31/451
f 434/7/434 433/25/433 449/30/449
f 450/33/450 434/7/434 449/30/449
f 431/16/431 414/15/414 429/20/429
f 442/34/442 426/35/426 425/36/425
f 427/37/427 426/35/426 442/34/442
f 425/36/425 441/38/441 442/34/442
f 424/9/424 440/12/440 441/38/441
f 441/38/441 425/36/425 424/9/424
f 443/39/443 427/37/427 442/34/442
f 445/40/445 429/20/429 428/22/428
f 429/20/429 445/40/445 431/16/431
f 428/22/428 444/41/444 445/40/445
f 428/22/428 427/37/427 443/39/443
f 444/41/444 428/22/428 443/39/443
f 358/21/358 386/42/386 428/22/428
f 411/43/411 413/44/413 410/45/410
f 412/46/412 413/44/413 411/43/411
f 410/45/410 413/44/413 409/47/409
f 408/48/408 413/44/413 407/49/407
f 409/47/409 413/44/413 408/48/408
f 404/50/404 413/44/413 412/46/412
f 416/23/416 361/51/361 360/52/360
f 361/51/361 416/23/416 417/24/417
f 360/52/360 415/18/415 416/23/416
f 360/52/360 356/19/356 414/15/414
f 415/18/415 360/52/360 414/15/414
f 407/49/407 413/44/413 406/53/406
f 399/54/399 400/55/400 412/46/412
f 401/56/401 412/46/412 400/55/400
f 412/46/412 411/43/411 399/54/399
f 397/57/397 398/58/398 411/43/411
f 399/54/399 411/43/411 398/58/398
f 404/50/404 412/46/412 401/56/401
f 405/59/405 413/44/413 403/60/403
f 406/53/406 413/44/413 405/59/405
f 403/60/403 413/44/413 404/50/404
f 401/56/401 402/61/402 404/50/404
f 387/62/387 404/50/404 402/61/402
f 378/63/378 424/9/424 425/36/425
f 425/36/425 380/64/380 378/63/378
f 424/9/424 378/63/378 423/10/423
f 423/10/423 375/65/375 422/13/422
f 378/63/378 375/65/375 423/10/423
f 382/66/382 380/64/380 425/36/425
f 386/42/386 384/67/384 427/37/427
f 428/22/428 386/42/386 427/37/427
f 427/37/427 384/67/384 426/35/426
f 426/35/426 382/66/382 425/36/425
f 384/67/384 382/66/382 426/35/426
f 375/65/375 374/68/374 422/13/422
f 367/69/367 365/70/365 418/14/418
f 419/6/419 367/69/367 418/14/418
f 418/14/418 365/70/365 363/71/363
f 417/24/417 363/71/363 361/51/361
f 363/71/363 417/24/417 418/14/418
f 370/72/370 367/69/367 419/6/419
f 372/73/372 421/4/421 422/13/422
f 422/13/422 374/68/374 372/73/372
f 421/4/421 372/73/372 370/72/370
f 420/1/420 370/72/370 419/6/419
f 370/72/370 420/1/420 421/4/421
f 452/32/452 436/2/436 435/5/435
f 467/74/467 483/75/483 484/76/484
f 484/76/484 468/77/468 467/74/467
f 483/75/483 467/74/467 466/78/466
f 482/79/482 466/78/466 465/80/465
f 466/78/466 482/79/482 483/75/483
f 468/77/468 484/76/484 485/81/485
f 471/82/471 470/83/470 486/84/486
f 487/85/487 471/82/471 486/84/486
f 486/84/486 470/83/470 469/86/469
f 485/81/485 469/86/469 468/77/468
f 469/86/469 485/81/485 486/84/486
f 465/80/465 481/87/481 482/79/482
f 461/88/461 477/89/477 462/90/462
f 462/90/462 447/29/447 461/88/461
f 477/89/477 461/88/461 460/91/460
f 476/92/476 460/91/460 459/93/459
f 460/91/460 476/92/476 477/89/477
f 463/94/463 462/90/462 478/95/478
f 464/96/464 480/97/480 481/87/481
f 481/87/481 465/80/465 464/96/464
f 480/97/480 464/96/464 479/98/479
f 479/98/479 463/94/463 478/95/478
f 464/96/464 463/94/463 479/98/479
f 495/99/495 479/98/479 494/100/494
f 480/97/480 479/98/479 495/99/495
f 479/98/479 478/95/478 494/100/494
f 477/89/477 493/101/493 478/95/478
f 478/95/478 462/90/462 477/89/477
f 496/102/496 480/97/480 495/99/495
f 498/103/498 482/79/482 497/104/497
f 482/79/482 498/103/498 499/105/499
f 482/79/482 481/87/481 497/104/497
f 481/87/481 480/97/480 496/102/496
f 497/104/497 481/87/481 496/102/496
f 493/101/493 477/89/477 492/106/492
f 489/107/489 473/108/473 472/109/472
f 473/108/473 489/107/489 490/110/490
f 472/109/472 488/111/488 489/107/489
f 472/109/472 471/82/471 487/85/487
f 488/111/488 472/109/472 487/85/487
f 490/110/490 474/112/474 473/108/473
f 492/106/492 476/92/476 491/113/491
f 477/89/477 476/92/476 492/106/492
f 476/92/476 475/114/475 491/113/491
f 474/112/474 490/110/490 491/113/491
f 491/113/491 475/114/475 474/112/474
f 459/93/459 475/114/475 476/92/476
f 460/91/460 444/41/444 443/39/443
f 445/40/445 444/41/444 460/91/460
f 443/39/443 459/93/459 460/91/460
f 442/34/442 458/115/458 459/93/459
f 459/93/459 443/39/443 442/34/442
f 461/88/461 445/40/445 460/91/460
f 463/94/463 446/28/446 462/90/462
f 448/27/448 446/28/446 463/94/463
f 446/28/446 447/29/447 462/90/462
f 431/16/431 445/40/445 461/88/461
f 447/29/447 431/16/431 461/88/461
f 458/115/458 442/34/442 457/116/457
f 454/117/454 438/8/438 453/118/453
f 439/11/439 438/8/438 454/117/454
f 438/8/438 437/3/437 453/118/453
f 437/3/437 436/2/436 452/32/452
f 453/118/453 437/3/437 452/32/452
f 455/119/455 439/11/439 454/117/454
f 457/116/457 441/38/441 456/120/456
f 442/34/442 441/38/441 457/116/457
f 441/38/441 440/12/440 456/120/456
f 439/11/439 455/119/455 456/120/456
f 456/120/456 440/12/440 439/11/439
f 456/120/456 455/119/455 471/82/471
f 472/109/472 456/120/456 471/82/471
f 471/82/471 455/119/455 470/83/470
f 470/83/470 454/117/454 453/118/453
f 455/119/455 454/117/454 470/83/470
f 457/116/457 456/120/456 472/109/472
f 458/115/458 474/112/474 475/114/475
f 475/114/475 459/93/459 458/115/458
f 474/112/474 458/115/458 473/108/473
f 473/108/473 457/116/457 472/109/472
f 458/115/458 457/116/457 473/108/473
f 453/118/453 469/86/469 470/83/470
f 450/33/450 449/30/449 465/80/465
f 466/78/466 450/33/450 465/80/465
f 465/80/465 449/30/449 464/96/464
f 464/96/464 448/27/448 463/94/463
f 449/30/449 448/27/448 464/96/464
f 450/33/450 466/78/466 467/74/467
f 452/32/452 468/77/468 469/86/469
f 469/86/469 453/118/453 452/32/452
f 468/77/468 452/32/452 451/31/451
f 467/74/467 451/31/451 450/33/450
f 451/31/451 467/74/467 468/77/468
f 334/121/334 350/122/350 349/123/349
f 334/121/334 335/124/335 350/122/350
f 333/125/333 334/121/334 349/123/349
f 348/126/348 332/127/332 349/123/349
f 333/125/333 349/123/349 332/127/332
f 335/124/335 351/128/351 350/122/350
f 337/129/337 353/130/353 336/131/336
f 353/130/353 337/129/337 354/132/354
f 352/133/352 336/131/336 353/130/353
f 351/128/351 335/124/335 352/133/352
f 336/131/336 352/133/352 335/124/335
f 332/127/332 348/126/348 331/134/331
f 328/135/328 344/136/344 343/137/343
f 328/135/328 329/138/329 344/136/344
f 327/139/327 328/135/328 343/137/343
f 326/140/326 327/139/327 342/141/342
f 327/139/327 343/137/343 342/141/342
f 329/138/329 345/142/345 344/136/344
f 331/134/331 347/143/347 346/144/346
f 347/143/347 331/134/331 348/126/348
f 330/145/330 331/134/331 346/144/346
f 329/138/329 330/145/330 345/142/345
f 330/145/330 346/144/346 345/142/345
f 125/146/125 345/142/345 126/147/126
f 346/144/346 126/147/126 345/142/345
f 345/142/345 125/146/125 344/136/344
f 344/136/344 124/148/124 343/137/343
f 124/148/124 344/136/344 125/146/125
f 126/147/126 346/144/346 127/149/127
f 348/126/348 349/123/349 128/150/128
f 349/123/349 129/151/129 128/150/128
f 348/126/348 128/150/128 127/149/127
f 347/143/347 127/149/127 346/144/346
f 347/143/347 348/126/348 127/149/127
f 123/152/123 343/137/343 124/148/124
f 119/153/119 339/154/339 120/155/120
f 340/156/340 120/155/120 339/154/339
f 323/157/323 339/154/339 354/132/354
f 338/158/338 354/132/354 337/129/337
f 338/158/338 323/157/323 354/132/354
f 120/155/120 340/156/340 121/159/121
f 122/160/122 342/141/342 123/152/123
f 343/137/343 123/152/123 342/141/342
f 342/141/342 122/160/122 341/161/341
f 341/161/341 121/159/121 340/156/340
f 121/159/121 341/161/341 122/160/122
f 326/140/326 342/141/342 341/161/341
f 310/162/310 311/163/311 326/140/326
f 311/163/311 327/139/327 326/140/326
f 310/162/310 326/140/326 325/164/325
f 309/165/309 325/164/325 324/166/324
f 309/165/309 310/162/310 325/164/325
f 327/139/327 311/163/311 328/135/328
f 329/138/329 313/167/313 330/145/330
f 314/168/314 330/145/330 313/167/313
f 313/167/313 329/138/329 312/169/312
f 312/169/312 328/135/328 311/163/311
f 328/135/328 312/169/312 329/138/329
f 308/170/308 309/165/309 324/166/324
f 304/171/304 305/172/305 320/173/320
f 305/172/305 321/174/321 320/173/320
f 304/171/304 320/173/320 303/175/303
f 303/175/303 319/176/319 302/177/302
f 319/176/319 303/175/303 320/173/320
f 305/172/305 306/178/306 321/174/321
f 307/179/307 308/170/308 323/157/323
f 308/170/308 324/166/324 323/157/323
f 291/180/291 307/179/307 306/178/306
f 306/178/306 322/181/322 321/174/321
f 322/181/322 306/178/306 307/179/307
f 322/181/322 338/158/338 321/174/321
f 338/158/338 322/181/322 323/157/323
f 337/129/337 321/174/321 338/158/338
f 336/131/336 320/173/320 337/129/337
f 321/174/321 337/129/337 320/173/320
f 307/179/307 323/157/323 322/181/322
f 325/164/325 341/161/341 324/166/324
f 325/164/325 326/140/326 341/161/341
f 340/156/340 324/166/324 341/161/341
f 323/157/323 324/166/324 339/154/339
f 324/166/324 340/156/340 339/154/339
f 320/173/320 336/131/336 319/176/319
f 316/182/316 332/127/332 331/134/331
f 316/182/316 317/183/317 332/127/332
f 315/184/315 316/182/316 331/134/331
f 330/145/330 314/168/314 331/134/331
f 315/184/315 331/134/331 314/168/314
f 317/183/317 333/125/333 332/127/332
f 319/176/319 335/124/335 318/185/318
f 335/124/335 319/176/319 336/131/336
f 334/121/334 318/185/318 335/124/335
f 333/125/333 317/183/317 334/121/334
f 318/185/318 334/121/334 317/183/317
f 349/123/349 350/122/350 129/151/129
f 373/186/373 376/187/376 396/188/396
f 398/58/398 397/57/397 376/187/376
f 376/187/376 397/57/397 396/188/396
f 396/188/396 395/189/395 371/190/371
f 371/190/371 373/186/373 396/188/396
f 376/187/376 377/191/377 398/58/398
f 379/192/379 381/193/381 400/55/400
f 383/194/383 401/56/401 400/55/400
f 400/55/400 399/54/399 379/192/379
f 399/54/399 398/58/398 377/191/377
f 377/191/377 379/192/379 399/54/399
f 369/195/369 371/190/371 395/189/395
f 362/196/362 364/197/364 390/198/390
f 392/199/392 391/200/391 364/197/364
f 364/197/364 391/200/391 390/198/390
f 362/196/362 390/198/390 389/201/389
f 359/202/359 362/196/362 389/201/389
f 364/197/364 366/203/366 392/199/392
f 368/204/368 369/195/369 394/205/394
f 395/189/395 394/205/394 369/195/369
f 394/205/394 393/206/393 368/204/368
f 393/206/393 392/199/392 366/203/366
f 366/203/366 368/204/368 393/206/393
f 394/205/394 407/49/407 393/206/393
f 395/189/395 408/48/408 407/49/407
f 392/199/392 393/206/393 407/49/407
f 392/199/392 406/53/406 391/200/391
f 407/49/407 406/53/406 392/199/392
f 394/205/394 395/189/395 407/49/407
f 396/188/396 397/57/397 410/45/410
f 411/43/411 410/45/410 397/57/397
f 410/45/410 409/47/409 396/188/396
f 396/188/396 409/47/409 408/48/408
f 395/189/395 396/188/396 408/48/408
f 390/198/390 391/200/391 405/59/405
f 355/207/355 387/62/387 402/61/402
f 385/208/385 355/207/355 402/61/402
f 383/194/383 385/208/385 401/56/401
f 381/193/381 383/194/383 400/55/400
f 385/208/385 402/61/402 401/56/401
f 403/60/403 404/50/404 387/62/387
f 390/198/390 405/59/405 389/201/389
f 391/200/391 406/53/406 405/59/405
f 388/209/388 389/201/389 403/60/403
f 387/62/387 388/209/388 403/60/403
f 389/201/389 405/59/405 403/60/403
f 357/210/357 359/202/359 389/201/389
f 361/51/361 362/196/362 359/202/359
f 360/52/360 361/51/361 359/202/359
f 356/19/356 360/52/360 359/202/359
f 358/21/358 356/19/356 355/207/355
f 359/202/359 357/210/357 356/19/356
f 363/71/363 364/197/364 362/196/362
f 367/69/367 368/204/368 366/203/366
f 365/70/365 367/69/367 366/203/366
f 363/71/363 365/70/365 364/197/364
f 361/51/361 363/71/363 362/196/362
f 365/70/365 366/203/366 364/197/364
f 356/19/356 357/210/357 355/207/355
f 351/128/351 352/133/352 131/211/131
f 352/133/352 132/212/132 131/211/131
f 351/128/351 131/211/131 130/213/130
f 350/122/350 130/213/130 129/151/129
f 350/122/350 351/128/351 130/213/130
f 352/133/352 353/130/353 132/212/132
f 134/214/134 354/132/354 119/153/119
f 339/154/339 119/153/119 354/132/354
f 354/132/354 134/214/134 133/215/133
f 353/130/353 133/215/133 132/212/132
f 353/130/353 354/132/354 133/215/133
f 382/66/382 384/67/384 383/194/383
f 385/208/385 383/194/383 384/67/384
f 383/194/383 381/193/381 382/66/382
f 381/193/381 379/192/379 380/64/380
f 380/64/380 382/66/382 381/193/381
f 384/67/384 386/42/386 385/208/385
f 355/207/355 357/210/357 387/62/387
f 389/201/389 388/209/388 357/210/357
f 357/210/357 388/209/388 387/62/387
f 355/207/355 385/208/385 386/42/386
f 386/42/386 358/21/358 355/207/355
f 378/63/378 380/64/380 379/192/379
f 370/72/370 372/73/372 371/190/371
f 373/186/373 371/190/371 372/73/372
f 371/190/371 369/195/369 370/72/370
f 369/195/369 368/204/368 367/69/367
f 367/69/367 370/72/370 369/195/369
f 372/73/372 374/68/374 373/186/373
f 375/65/375 378/63/378 377/191/377
f 379/192/379 377/191/377 378/63/378
f 377/191/377 376/187/376 375/65/375
f 375/65/375 376/187/376 373/186/373
f 374/68/374 375/65/375 373/186/373
f 499/105/499 483/75/483 482/79/482
f 585/216/585 602/217/602 600/218/600
f 618/219/618 602/217/602 617/220/617
f 616/221/616 600/218/600 602/217/602
f 615/222/615 599/223/599 616/221/616
f 600/218/600 616/221/616 599/223/599
f 601/224/601 617/220/617 602/217/602
f 604/225/604 620/226/620 619/227/619
f 604/225/604 605/228/605 620/226/620
f 603/229/603 604/225/604 619/227/619
f 617/220/617 601/224/601 619/227/619
f 603/229/603 619/227/619 601/224/601
f 599/223/599 615/222/615 614/230/614
f 595/231/595 611/232/611 610/233/610
f 611/232/611 595/231/595 612/234/612
f 594/235/594 595/231/595 610/233/610
f 593/236/593 594/235/594 609/237/609
f 594/235/594 610/233/610 609/237/609
f 596/238/596 612/234/612 595/231/595
f 598/239/598 614/230/614 613/240/613
f 598/239/598 599/223/599 614/230/614
f 597/241/597 598/239/598 613/240/613
f 612/234/612 596/238/596 613/240/613
f 597/241/597 613/240/613 596/238/596
f 612/234/612 613/240/613 628/242/628
f 613/240/613 629/243/629 628/242/628
f 612/234/612 628/242/628 627/244/627
f 611/232/611 627/244/627 610/233/610
f 611/232/611 612/234/612 627/244/627
f 629/243/629 613/240/613 630/245/630
f 615/222/615 616/221/616 631/246/631
f 616/221/616 632/247/632 631/246/631
f 615/222/615 631/246/631 614/230/614
f 614/230/614 630/245/630 613/240/613
f 630/245/630 614/230/614 631/246/631
f 626/248/626 610/233/610 627/244/627
f 622/249/622 606/250/606 623/251/623
f 607/252/607 623/251/623 606/250/606
f 606/250/606 622/249/622 605/228/605
f 605/228/605 621/253/621 620/226/620
f 621/253/621 605/228/605 622/249/622
f 607/252/607 608/254/608 623/251/623
f 609/237/609 610/233/610 625/255/625
f 610/233/610 626/248/626 625/255/625
f 609/237/609 625/255/625 624/256/624
f 608/254/608 624/256/624 623/251/623
f 608/254/608 609/237/609 624/256/624
f 593/236/593 609/237/609 592/257/592
f 545/258/545 547/259/547 593/236/593
f 547/259/547 594/235/594 593/236/593
f 545/258/545 593/236/593 543/260/543
f 543/260/543 592/257/592 541/261/541
f 592/257/592 543/260/543 593/236/593
f 547/259/547 549/262/549 594/235/594
f 551/263/551 553/264/553 596/238/596
f 553/264/553 597/241/597 596/238/596
f 551/263/551 596/238/596 549/262/549
f 549/262/549 595/231/595 594/235/594
f 595/231/595 549/262/549 596/238/596
f 591/265/591 541/261/541 592/257/592
f 587/266/587 533/267/533 588/268/588
f 535/269/535 588/268/588 533/267/533
f 533/267/533 587/266/587 531/270/531
f 531/270/531 586/271/586 585/216/585
f 586/271/586 531/270/531 587/266/587
f 588/268/588 535/269/535 589/272/589
f 539/273/539 541/261/541 590/274/590
f 541/261/541 591/265/591 590/274/590
f 539/273/539 590/274/590 589/272/589
f 537/275/537 589/272/589 535/269/535
f 537/275/537 539/273/539 589/272/589
f 589/272/589 605/228/605 588/268/588
f 589/272/589 590/274/590 605/228/605
f 604/225/604 588/268/588 605/228/605
f 603/229/603 587/266/587 604/225/604
f 588/268/588 604/225/604 587/266/587
f 590/274/590 606/250/606 605/228/605
f 592/257/592 608/254/608 591/265/591
f 608/254/608 592/257/592 609/237/609
f 607/252/607 591/265/591 608/254/608
f 590/274/590 591/265/591 606/250/606
f 591/265/591 607/252/607 606/250/606
f 587/266/587 603/229/603 601/224/601
f 557/276/557 599/223/599 598/239/598
f 557/276/557 529/277/529 599/223/599
f 555/278/555 557/276/557 598/239/598
f 553/264/553 555/278/555 597/241/597
f 555/278/555 598/239/598 597/241/597
f 529/277/529 600/218/600 599/223/599
f 586/271/586 601/224/601 585/216/585
f 586/271/586 587/266/587 601/224/601
f 602/217/602 585/216/585 601/224/601
f 529/277/529 528/279/528 600/218/600
f 528/279/528 585/216/585 600/218/600
f 616/221/616 602/217/602 632/247/632
f 648/280/648 664/281/664 663/282/663
f 664/281/664 648/280/648 649/283/649
f 647/284/647 648/280/648 663/282/663
f 646/285/646 647/284/647 662/286/662
f 647/284/647 663/282/663 662/286/662
f 633/287/633 649/283/649 648/280/648
f 651/288/651 667/289/667 666/290/666
f 651/288/651 652/291/652 667/289/667
f 650/292/650 651/288/651 666/290/666
f 649/283/649 650/292/650 665/293/665
f 650/292/650 666/290/666 665/293/665
f 646/285/646 662/286/662 645/294/645
f 642/295/642 658/296/658 657/297/657
f 642/295/642 643/298/643 658/296/658
f 641/299/641 642/295/642 657/297/657
f 656/300/656 640/301/640 657/297/657
f 641/299/641 657/297/657 640/301/640
f 643/298/643 659/302/659 658/296/658
f 645/294/645 661/303/661 644/304/644
f 661/303/661 645/294/645 662/286/662
f 660/305/660 644/304/644 661/303/661
f 659/302/659 643/298/643 660/305/660
f 644/304/644 660/305/660 643/298/643
f 675/306/675 659/302/659 676/307/676
f 660/305/660 676/307/676 659/302/659
f 659/302/659 675/306/675 674/308/674
f 658/296/658 674/308/674 673/309/673
f 658/296/658 659/302/659 674/308/674
f 676/307/676 660/305/660 677/310/677
f 678/311/678 662/286/662 679/312/679
f 663/282/663 679/312/679 662/286/662
f 662/286/662 678/311/678 661/303/661
f 661/303/661 677/310/677 660/305/660
f 677/310/677 661/303/661 678/311/678
f 657/297/657 658/296/658 673/309/673
f 669/313/669 653/314/653 670/315/670
f 654/316/654 670/315/670 653/314/653
f 653/314/653 669/313/669 668/317/668
f 652/291/652 668/317/668 667/289/667
f 652/291/652 653/314/653 668/317/668
f 670/315/670 654/316/654 671/318/671
f 672/319/672 656/300/656 673/309/673
f 657/297/657 673/309/673 656/300/656
f 656/300/656 672/319/672 655/320/655
f 655/320/655 671/318/671 654/316/654
f 671/318/671 655/320/655 672/319/672
f 640/301/640 656/300/656 639/321/639
f 640/301/640 624/256/624 641/299/641
f 625/255/625 641/299/641 624/256/624
f 624/256/624 640/301/640 623/251/623
f 623/251/623 639/321/639 622/249/622
f 639/321/639 623/251/623 640/301/640
f 625/255/625 626/248/626 641/299/641
f 627/244/627 628/242/628 643/298/643
f 628/242/628 644/304/644 643/298/643
f 627/244/627 643/298/643 642/295/642
f 626/248/626 642/295/642 641/299/641
f 626/248/626 627/244/627 642/295/642
f 638/322/638 622/249/622 639/321/639
f 617/220/617 619/227/619 634/323/634
f 619/227/619 635/324/635 634/323/634
f 617/220/617 634/323/634 633/287/633
f 602/217/602 618/219/618 632/247/632
f 618/219/618 617/220/617 633/287/633
f 619/227/619 620/226/620 635/324/635
f 637/325/637 621/253/621 638/322/638
f 622/249/622 638/322/638 621/253/621
f 621/253/621 637/325/637 636/326/636
f 620/226/620 636/326/636 635/324/635
f 620/226/620 621/253/621 636/326/636
f 636/326/636 652/291/652 635/324/635
f 652/291/652 636/326/636 653/314/653
f 651/288/651 635/324/635 652/291/652
f 634/323/634 635/324/635 650/292/650
f 635/324/635 651/288/651 650/292/650
f 637/325/637 653/314/653 636/326/636
f 639/321/639 655/320/655 638/322/638
f 655/320/655 639/321/639 656/300/656
f 654/316/654 638/322/638 655/320/655
f 653/314/653 637/325/637 654/316/654
f 638/322/638 654/316/654 637/325/637
f 634/323/634 650/292/650 649/283/649
f 630/245/630 646/285/646 629/243/629
f 646/285/646 630/245/630 647/284/647
f 645/294/645 629/243/629 646/285/646
f 628/242/628 629/243/629 644/304/644
f 629/243/629 645/294/645 644/304/644
f 631/246/631 647/284/647 630/245/630
f 618/219/618 633/287/633 632/247/632
f 633/287/633 634/323/634 649/283/649
f 648/280/648 632/247/632 633/287/633
f 647/284/647 631/246/631 648/280/648
f 632/247/632 648/280/648 631/246/631
f 514/327/514 139/328/139 140/329/140
f 140/329/140 515/330/515 514/327/514
f 139/328/139 514/327/514 513/331/513
f 138/332/138 513/331/513 512/333/512
f 513/331/513 138/332/138 139/328/139
f 515/330/515 140/329/140 141/334/141
f 517/335/517 142/336/142 143/337/143
f 143/337/143 518/338/518 517/335/517
f 142/336/142 517/335/517 516/339/516
f 141/334/141 516/339/516 515/330/515
f 516/339/516 141/334/141 142/336/142
f 512/333/512 137/340/137 138/332/138
f 508/341/508 524/342/524 525/343/525
f 525/343/525 509/344/509 508/341/508
f 524/342/524 508/341/508 507/345/507
f 523/346/523 507/345/507 506/347/506
f 507/345/507 523/346/523 524/342/524
f 494/100/494 509/344/509 525/343/525
f 511/348/511 136/349/136 137/340/137
f 137/340/137 512/333/512 511/348/511
f 136/349/136 511/348/511 510/350/510
f 510/350/510 494/100/494 525/343/525
f 510/350/510 135/351/135 136/349/136
f 135/351/135 510/350/510 525/343/525
f 527/352/527 528/279/528 526/353/526
f 525/343/525 151/354/151 135/351/135
f 525/343/525 524/342/524 150/355/150
f 151/354/151 525/343/525 150/355/150
f 528/279/528 529/277/529 526/353/526
f 533/267/533 531/270/531 530/356/530
f 534/357/534 535/269/535 532/358/532
f 532/358/532 533/267/533 530/356/530
f 527/352/527 530/356/530 528/279/528
f 531/270/531 528/279/528 530/356/530
f 150/355/150 524/342/524 149/359/149
f 145/360/145 520/361/520 144/362/144
f 521/363/521 520/361/520 145/360/145
f 520/361/520 519/364/519 144/362/144
f 519/364/519 518/338/518 143/337/143
f 144/362/144 519/364/519 143/337/143
f 146/365/146 521/363/521 145/360/145
f 149/359/149 523/346/523 147/366/147
f 524/342/524 523/346/523 149/359/149
f 523/346/523 522/367/522 147/366/147
f 522/367/522 521/363/521 146/365/146
f 147/366/147 522/367/522 146/365/146
f 506/347/506 522/367/522 523/346/523
f 507/345/507 491/113/491 490/110/490
f 491/113/491 507/345/507 508/341/508
f 490/110/490 506/347/506 507/345/507
f 489/107/489 505/368/505 506/347/506
f 506/347/506 490/110/490 489/107/489
f 508/341/508 492/106/492 491/113/491
f 494/100/494 478/95/478 493/101/493
f 495/99/495 494/100/494 510/350/510
f 493/101/493 509/344/509 494/100/494
f 492/106/492 508/341/508 509/344/509
f 509/344/509 493/101/493 492/106/492
f 505/368/505 489/107/489 488/111/488
f 501/369/501 485/81/485 484/76/484
f 485/81/485 501/369/501 502/370/502
f 484/76/484 500/371/500 501/369/501
f 483/75/483 499/105/499 500/371/500
f 500/371/500 484/76/484 483/75/483
f 502/370/502 486/84/486 485/81/485
f 504/372/504 488/111/488 503/373/503
f 488/111/488 504/372/504 505/368/505
f 488/111/488 487/85/487 503/373/503
f 487/85/487 486/84/486 502/370/502
f 503/373/503 487/85/487 502/370/502
f 502/370/502 518/338/518 519/364/519
f 519/364/519 503/373/503 502/370/502
f 518/338/518 502/370/502 517/335/517
f 517/335/517 501/369/501 516/339/516
f 502/370/502 501/369/501 517/335/517
f 503/373/503 519/364/519 520/361/520
f 506/347/506 505/368/505 521/363/521
f 522/367/522 506/347/506 521/363/521
f 521/363/521 505/368/505 520/361/520
f 520/361/520 504/372/504 503/373/503
f 505/368/505 504/372/504 520/361/520
f 501/369/501 500/371/500 516/339/516
f 497/104/497 496/102/496 512/333/512
f 513/331/513 497/104/497 512/333/512
f 512/333/512 496/102/496 495/99/495
f 511/348/511 495/99/495 510/350/510
f 495/99/495 511/348/511 512/333/512
f 498/103/498 497/104/497 513/331/513
f 500/371/500 499/105/499 515/330/515
f 516/339/516 500/371/500 515/330/515
f 515/330/515 499/105/499 514/327/514
f 514/327/514 498/103/498 513/331/513
f 499/105/499 498/103/498 514/327/514
f 535/269/535 533/267/533 532/358/532
f 562/374/562 561/375/561 576/376/576
f 577/377/577 563/378/563 562/374/562
f 577/377/577 562/374/562 576/376/576
f 560/379/560 559/380/559 575/381/575
f 576/376/576 561/375/561 560/379/560
f 577/377/577 578/382/578 563/378/563
f 566/383/566 565/384/565 578/382/578
f 580/385/580 567/386/567 579/387/579
f 579/387/579 566/383/566 578/382/578
f 564/388/564 563/378/563 578/382/578
f 578/382/578 565/384/565 564/388/564
f 576/376/576 560/379/560 575/381/575
f 572/389/572 554/390/554 571/391/571
f 554/390/554 552/392/552 571/391/571
f 552/392/552 550/393/550 571/391/571
f 550/393/550 548/394/548 570/395/570
f 570/395/570 571/391/571 550/393/550
f 573/396/573 556/397/556 572/389/572
f 574/398/574 575/381/575 558/399/558
f 559/380/559 558/399/558 575/381/575
f 526/353/526 556/397/556 573/396/573
f 556/397/556 554/390/554 572/389/572
f 558/399/558 526/353/526 573/396/573
f 584/400/584 578/382/578 577/377/577
f 584/400/584 579/387/579 578/382/578
f 584/400/584 577/377/577 576/376/576
f 584/400/584 575/381/575 574/398/574
f 584/400/584 576/376/576 575/381/575
f 584/400/584 580/385/580 579/387/579
f 584/400/584 574/398/574 583/401/583
f 528/279/528 531/270/531 585/216/585
f 584/400/584 583/401/583 582/402/582
f 584/400/584 581/403/581 580/385/580
f 584/400/584 582/402/582 581/403/581
f 574/398/574 558/399/558 573/396/573
f 581/403/581 582/402/582 568/404/568
f 569/405/569 568/404/568 582/402/582
f 568/404/568 567/386/567 581/403/581
f 567/386/567 566/383/566 579/387/579
f 580/385/580 581/403/581 567/386/567
f 582/402/582 570/395/570 569/405/569
f 583/401/583 574/398/574 572/389/572
f 573/396/573 572/389/572 574/398/574
f 583/401/583 572/389/572 571/391/571
f 582/402/582 583/401/583 570/395/570
f 571/391/571 570/395/570 583/401/583
f 569/405/569 570/395/570 548/394/548
f 551/263/551 549/262/549 550/393/550
f 550/393/550 552/392/552 551/263/551
f 548/394/548 550/393/550 549/262/549
f 546/406/546 548/394/548 547/259/547
f 549/262/549 547/259/547 548/394/548
f 553/264/553 551/263/551 552/392/552
f 557/276/557 555/278/555 556/397/556
f 556/397/556 526/353/526 557/276/557
f 554/390/554 556/397/556 555/278/555
f 552/392/552 554/390/554 553/264/553
f 555/278/555 553/264/553 554/390/554
f 547/259/547 545/258/545 544/407/544
f 539/273/539 537/275/537 536/408/536
f 538/409/538 540/410/540 539/273/539
f 538/409/538 539/273/539 536/408/536
f 536/408/536 537/275/537 534/357/534
f 537/275/537 535/269/535 534/357/534
f 541/261/541 539/273/539 540/410/540
f 545/258/545 543/260/543 544/407/544
f 546/406/546 547/259/547 544/407/544
f 542/411/542 544/407/544 543/260/543
f 540/410/540 542/411/542 541/261/541
f 543/260/543 541/261/541 542/411/542
f 565/384/565 566/383/566 540/410/540
f 542/411/542 540/410/540 566/383/566
f 540/410/540 538/409/538 565/384/565
f 538/409/538 536/408/536 564/388/564
f 564/388/564 565/384/565 538/409/538
f 566/383/566 567/386/567 542/411/542
f 568/404/568 569/405/569 546/406/546
f 548/394/548 546/406/546 569/405/569
f 546/406/546 544/407/544 567/386/567
f 544/407/544 542/411/542 567/386/567
f 568/404/568 546/406/546 567/386/567
f 563/378/563 564/388/564 536/408/536
f 559/380/559 560/379/560 527/352/527
f 530/356/530 527/352/527 560/379/560
f 527/352/527 526/353/526 558/399/558
f 529/277/529 557/276/557 526/353/526
f 559/380/559 527/352/527 558/399/558
f 561/375/561 532/358/532 560/379/560
f 562/374/562 563/378/563 534/357/534
f 536/408/536 534/357/534 563/378/563
f 534/357/534 532/358/532 561/375/561
f 532/358/532 530/356/530 560/379/560
f 562/374/562 534/357/534 561/375/561
f 318/185/318 302/177/302 319/176/319
f 32/412/32 30/413/30 31/414/31
f 29/415/29 31/414/31 30/413/30
f 29/415/29 30/413/30 28/416/28
f 27/417/27 28/416/28 10/418/10
f 27/417/27 29/415/29 28/416/28
f 31/414/31 33/419/33 32/412/32
f 35/420/35 37/421/37 36/422/36
f 37/421/37 38/423/38 36/422/36
f 34/424/34 35/420/35 36/422/36
f 33/419/33 34/424/34 32/412/32
f 33/419/33 35/420/35 34/424/34
f 9/425/9 27/417/27 10/418/10
f 21/426/21 17/427/17 22/428/22
f 23/429/23 21/426/21 22/428/22
f 21/426/21 19/430/19 17/427/17
f 17/427/17 19/430/19 18/431/18
f 19/430/19 20/432/20 18/431/18
f 23/429/23 22/428/22 24/433/24
f 20/432/20 19/430/19 26/434/26
f 21/426/21 26/434/26 19/430/19
f 23/429/23 26/434/26 21/426/21
f 25/435/25 23/429/23 24/433/24
f 25/435/25 26/434/26 23/429/23
f 51/436/51 24/433/24 50/437/50
f 47/438/47 24/433/24 51/436/51
f 24/433/24 22/428/22 50/437/50
f 22/428/22 17/427/17 49/439/49
f 50/437/50 22/428/22 49/439/49
f 52/440/52 47/438/47 51/436/51
f 53/441/53 54/442/54 44/443/44
f 55/444/55 39/445/39 41/446/41
f 54/442/54 41/446/41 44/443/44
f 44/443/44 47/438/47 52/440/52
f 53/441/53 44/443/44 52/440/52
f 25/435/25 24/433/24 48/447/48
f 42/448/42 41/446/41 40/449/40
f 44/443/44 41/446/41 43/450/43
f 39/445/39 40/449/40 41/446/41
f 38/423/38 39/445/39 36/422/36
f 38/423/38 40/449/40 39/445/39
f 41/446/41 42/448/42 43/450/43
f 46/451/46 48/447/48 47/438/47
f 47/438/47 48/447/48 24/433/24
f 46/451/46 47/438/47 44/443/44
f 43/450/43 45/452/45 44/443/44
f 45/452/45 46/451/46 44/443/44
f 18/431/18 16/453/16 17/427/17
f 2862/454/2862 2885/455/2885 2952/456/2952
f 1368/457/1368 2942/458/2942 2952/456/2952
f 2885/455/2885 2951/459/2951 2952/456/2952
f 2951/459/2951 1365/460/1365 1368/457/1368
f 1368/457/1368 2952/456/2952 2951/459/2951
f 2862/454/2862 2952/456/2952 2942/458/2942
f 1314/461/1314 1312/462/1312 1497/463/1497
f 1497/463/1497 1313/464/1313 1314/461/1314
f 1321/465/1321 1313/464/1313 1497/463/1497
f 2942/458/2942 2941/466/2941 2862/454/2862
f 1497/463/1497 1312/462/1312 1321/465/1321
f 2951/459/2951 2885/455/2885 2910/467/2910
f 2877/468/2877 2873/469/2873 2949/470/2949
f 2949/470/2949 1363/471/1363 1365/460/1365
f 2873/469/2873 2948/472/2948 2949/470/2949
f 2948/472/2948 1361/473/1361 1363/471/1363
f 1363/471/1363 2949/470/2949 2948/472/2948
f 1365/460/1365 2950/474/2950 2949/470/2949
f 2878/475/2878 2950/474/2950 2951/459/2951
f 2910/467/2910 2878/475/2878 2951/459/2951
f 1365/460/1365 2951/459/2951 2950/474/2950
f 2877/468/2877 2949/470/2949 2950/474/2950
f 2878/475/2878 2877/468/2877 2950/474/2950
f 9/425/9 8/476/8 11/477/11
f 5/478/5 11/477/11 8/476/8
f 3/479/3 11/477/11 5/478/5
f 8/476/8 9/425/9 7/480/7
f 2/481/2 11/477/11 3/479/3
f 12/482/12 13/483/13 1/484/1
f 13/483/13 14/485/14 15/486/15
f 16/453/16 15/486/15 17/427/17
f 16/453/16 13/483/13 15/486/15
f 2/481/2 1/484/1 13/483/13
f 13/483/13 12/482/12 14/485/14
f 10/418/10 7/480/7 9/425/9
f 1224/487/1224 1188/488/1188 1496/489/1496
f 1376/490/1376 1381/491/1381 1375/492/1375
f 1496/489/1496 1187/493/1187 1224/487/1224
f 1496/489/1496 1188/488/1188 1048/494/1048
f 1187/493/1187 1496/489/1496 1048/494/1048
f 2/481/2 3/479/3 1/484/1
f 6/495/6 5/478/5 7/480/7
f 8/476/8 7/480/7 5/478/5
f 4/496/4 3/479/3 5/478/5
f 3/479/3 4/496/4 1/484/1
f 6/495/6 4/496/4 5/478/5
f 54/442/54 55/444/55 41/446/41
f 100/497/100 99/498/99 101/499/101
f 97/500/97 102/501/102 98/502/98
f 102/501/102 100/497/100 101/499/101
f 99/498/99 100/497/100 96/503/96
f 91/504/91 96/503/96 100/497/100
f 102/501/102 101/499/101 98/502/98
f 89/505/89 75/506/75 104/507/104
f 75/506/75 79/508/79 104/507/104
f 103/509/103 104/507/104 79/508/79
f 84/510/84 103/509/103 82/511/82
f 82/511/82 103/509/103 79/508/79
f 95/512/95 94/513/94 97/500/97
f 91/504/91 74/514/74 92/515/92
f 90/516/90 92/515/92 73/517/73
f 76/518/76 74/514/74 91/504/91
f 90/516/90 73/517/73 89/505/89
f 77/519/77 76/518/76 91/504/91
f 74/514/74 73/517/73 92/515/92
f 96/503/96 91/504/91 92/515/92
f 98/502/98 95/512/95 97/500/97
f 26/434/26 94/513/94 93/520/93
f 26/434/26 93/520/93 20/432/20
f 95/512/95 93/520/93 94/513/94
f 113/521/113 115/522/115 35/420/35
f 115/522/115 116/523/116 35/420/35
f 35/420/35 114/524/114 37/421/37
f 110/525/110 111/526/111 112/527/112
f 33/419/33 113/521/113 35/420/35
f 114/524/114 35/420/35 116/523/116
f 120/155/120 16/453/16 119/153/119
f 120/155/120 121/159/121 16/453/16
f 18/431/18 119/153/119 16/453/16
f 117/528/117 116/523/116 115/522/115
f 118/529/118 43/450/43 42/448/42
f 108/530/108 111/526/111 110/525/110
f 78/531/78 106/532/106 80/533/80
f 83/534/83 81/535/81 107/536/107
f 11/477/11 105/537/105 9/425/9
f 103/509/103 105/537/105 104/507/104
f 105/537/105 11/477/11 104/507/104
f 106/532/106 107/536/107 80/533/80
f 106/532/106 109/538/109 107/536/107
f 86/539/86 108/530/108 110/525/110
f 87/540/87 108/530/108 85/541/85
f 81/535/81 80/533/80 107/536/107
f 86/539/86 85/541/85 108/530/108
f 89/505/89 73/517/73 75/506/75
f 6/495/6 7/480/7 63/542/63
f 63/542/63 64/543/64 6/495/6
f 62/544/62 63/542/63 7/480/7
f 7/480/7 10/418/10 61/545/61
f 61/545/61 62/544/62 7/480/7
f 64/543/64 65/546/65 6/495/6
f 68/547/68 14/485/14 12/482/12
f 14/485/14 68/547/68 69/548/69
f 12/482/12 66/549/66 68/547/68
f 1/484/1 67/550/67 66/549/66
f 66/549/66 12/482/12 1/484/1
f 60/551/60 61/545/61 10/418/10
f 56/552/56 57/553/57 36/422/36
f 32/412/32 34/424/34 57/553/57
f 57/553/57 34/424/34 36/422/36
f 56/552/56 36/422/36 39/445/39
f 55/444/55 56/552/56 39/445/39
f 57/553/57 58/554/58 32/412/32
f 59/555/59 60/551/60 28/416/28
f 10/418/10 28/416/28 60/551/60
f 28/416/28 30/413/30 59/555/59
f 30/413/30 32/412/32 58/554/58
f 58/554/58 59/555/59 30/413/30
f 80/533/80 81/535/81 79/508/79
f 81/535/81 82/511/82 79/508/79
f 78/531/78 80/533/80 79/508/79
f 77/519/77 78/531/78 75/506/75
f 75/506/75 78/531/78 79/508/79
f 81/535/81 83/534/83 82/511/82
f 87/540/87 85/541/85 83/534/83
f 86/539/86 88/556/88 84/510/84
f 84/510/84 85/541/85 86/539/86
f 82/511/82 83/534/83 84/510/84
f 83/534/83 85/541/85 84/510/84
f 77/519/77 75/506/75 76/518/76
f 1/484/1 70/557/70 67/550/67
f 70/557/70 1/484/1 4/496/4
f 49/439/49 17/427/17 15/486/15
f 69/548/69 15/486/15 14/485/14
f 15/486/15 69/548/69 49/439/49
f 4/496/4 71/558/71 70/557/70
f 74/514/74 75/506/75 73/517/73
f 76/518/76 75/506/75 74/514/74
f 6/495/6 65/546/65 72/559/72
f 4/496/4 72/559/72 71/558/71
f 72/559/72 4/496/4 6/495/6
f 2813/560/2813 2889/561/2889 2818/562/2818
f 2922/563/2922 2923/564/2923 2921/565/2921
f 2817/566/2817 2816/567/2816 2922/563/2922
f 2817/566/2817 2922/563/2922 2921/565/2921
f 2922/563/2922 2816/567/2816 2818/562/2818
f 2889/561/2889 2888/568/2888 2887/569/2887
f 2924/570/2924 2925/571/2925 2921/565/2921
f 2925/571/2925 2927/572/2927 2926/573/2926
f 2922/563/2922 2889/561/2889 2923/564/2923
f 2923/564/2923 2889/561/2889 2887/569/2887
f 2889/561/2889 2922/563/2922 2818/562/2818
f 2919/574/2919 2918/575/2918 2920/576/2920
f 2837/577/2837 2918/575/2918 2835/578/2835
f 2809/579/2809 2918/575/2918 2919/574/2919
f 2879/580/2879 2876/581/2876 2916/582/2916
f 2838/583/2838 2867/584/2867 2837/577/2837
f 2879/580/2879 2916/582/2916 2875/585/2875
f 2918/575/2918 2809/579/2809 2835/578/2835
f 2810/586/2810 2919/574/2919 2920/576/2920
f 2918/575/2918 2837/577/2837 2917/587/2917
f 2917/587/2917 2863/588/2863 2920/576/2920
f 2810/586/2810 2809/579/2809 2919/574/2919
f 2918/575/2918 2917/587/2917 2920/576/2920
f 2931/589/2931 2930/590/2930 2826/591/2826
f 2930/590/2930 2931/589/2931 2927/572/2927
f 2927/572/2927 2931/589/2931 2926/573/2926
f 2903/592/2903 2906/593/2906 2904/594/2904
f 2930/590/2930 2927/572/2927 2897/595/2897
f 2930/590/2930 2932/596/2932 2826/591/2826
f 2932/596/2932 2842/597/2842 2826/591/2826
f 2842/597/2842 2933/598/2933 2841/599/2841
f 2930/590/2930 2928/600/2928 2932/596/2932
f 2932/596/2932 2928/600/2928 2929/601/2929
f 2928/600/2928 2930/590/2930 2897/595/2897
f 2906/593/2906 2928/600/2928 2904/594/2904
f 2895/602/2895 2898/603/2898 2897/595/2897
f 2924/570/2924 2895/602/2895 2897/595/2897
f 2923/564/2923 2924/570/2924 2921/565/2921
f 2927/572/2927 2924/570/2924 2897/595/2897
f 2924/570/2924 2927/572/2927 2925/571/2925
f 2895/602/2895 2923/564/2923 2887/569/2887
f 2899/604/2899 2904/594/2904 2928/600/2928
f 2928/600/2928 2906/593/2906 2929/601/2929
f 2928/600/2928 2897/595/2897 2899/604/2899
f 2894/605/2894 2895/602/2895 2887/569/2887
f 2923/564/2923 2895/602/2895 2924/570/2924
f 2867/584/2867 2864/606/2864 2837/577/2837
f 2896/607/2896 2900/608/2900 2901/609/2901
f 2903/592/2903 2890/610/2890 2902/611/2902
f 2900/608/2900 2896/607/2896 2891/612/2891
f 2900/608/2900 2891/612/2891 2890/610/2890
f 2896/607/2896 2901/609/2901 2895/602/2895
f 2890/610/2890 2903/592/2903 2900/608/2900
f 2903/592/2903 2905/613/2905 2906/593/2906
f 2907/614/2907 2884/615/2884 2751/616/2751
f 2905/613/2905 2903/592/2903 2902/611/2902
f 2904/594/2904 2899/604/2899 2900/608/2900
f 2903/592/2903 2904/594/2904 2900/608/2900
f 2898/603/2898 2901/609/2901 2899/604/2899
f 2886/617/2886 2891/612/2891 2893/618/2893
f 2893/618/2893 2894/605/2894 2887/569/2887
f 2891/612/2891 2886/617/2886 1506/493/1506
f 2892/619/2892 2891/612/2891 1506/493/1506
f 2886/617/2886 2893/618/2893 2887/569/2887
f 2894/605/2894 2896/607/2896 2895/602/2895
f 2899/604/2899 2901/609/2901 2900/608/2900
f 2901/609/2901 2898/603/2898 2895/602/2895
f 2898/603/2898 2899/604/2899 2897/595/2897
f 2896/607/2896 2893/618/2893 2891/612/2891
f 2893/618/2893 2896/607/2896 2894/605/2894
f 2890/610/2890 2911/620/2911 2902/611/2902
f 2916/582/2916 2914/621/2914 2913/622/2913
f 2914/621/2914 2912/623/2912 2915/624/2915
f 2912/623/2912 2892/619/2892 1506/493/1506
f 2914/621/2914 2915/624/2915 2913/622/2913
f 2914/621/2914 2916/582/2916 2876/581/2876
f 2917/587/2917 2864/606/2864 2863/588/2863
f 2837/577/2837 2864/606/2864 2917/587/2917
f 2914/621/2914 2876/581/2876 2911/620/2911
f 2912/623/2912 2911/620/2911 2890/610/2890
f 2912/623/2912 2914/621/2914 2911/620/2911
f 2892/619/2892 2912/623/2912 2890/610/2890
f 2861/625/2861 2909/626/2909 2906/593/2906
f 2909/626/2909 2884/615/2884 2908/627/2908
f 2905/613/2905 2861/625/2861 2906/593/2906
f 2884/615/2884 2907/614/2907 2908/627/2908
f 2861/625/2861 2905/613/2905 2902/611/2902
f 2884/615/2884 2909/626/2909 2861/625/2861
f 2911/620/2911 2885/455/2885 2861/625/2861
f 2878/475/2878 2910/467/2910 2876/581/2876
f 2885/455/2885 2911/620/2911 2910/467/2910
f 2911/620/2911 2876/581/2876 2910/467/2910
f 2911/620/2911 2861/625/2861 2902/611/2902
f 2933/598/2933 2932/596/2932 2929/601/2929
f 2838/583/2838 2834/628/2834 2880/629/2880
f 1502/461/1502 2880/629/2880 2834/628/2834
f 2880/629/2880 1502/461/1502 1499/462/1499
f 2600/630/2600 1499/462/1499 2601/631/2601
f 2601/631/2601 1499/462/1499 2590/632/2590
f 2946/633/2946 2859/634/2859 2858/635/2858
f 2947/636/2947 1333/637/1333 3035/638/3035
f 3035/638/3035 2577/639/2577 2947/636/2947
f 2947/636/2947 2946/633/2946 2858/635/2858
f 2947/636/2947 2858/635/2858 1330/640/1330
f 1333/637/1333 2947/636/2947 1330/640/1330
f 1499/462/1499 1498/465/1498 2590/632/2590
f 2944/641/2944 2859/634/2859 2945/642/2945
f 2853/643/2853 2944/641/2944 1501/464/1501
f 2859/634/2859 2946/633/2946 2945/642/2945
f 2944/641/2944 2945/642/2945 2943/644/2943
f 1501/464/1501 2944/641/2944 2943/644/2943
f 1502/461/1502 2853/643/2853 1501/464/1501
f 1498/465/1498 2943/644/2943 2493/645/2493
f 2493/645/2493 2590/632/2590 1498/465/1498
f 2853/643/2853 2855/646/2855 2944/641/2944
f 2856/647/2856 2853/643/2853 1502/461/1502
f 2855/646/2855 2859/634/2859 2944/641/2944
f 2860/648/2860 2862/454/2862 2941/466/2941
f 2941/466/2941 2751/616/2751 2860/648/2860
f 2883/649/2883 2589/650/2589 2587/651/2587
f 2589/650/2589 2881/652/2881 2598/653/2598
f 2587/651/2587 2882/654/2882 2883/649/2883
f 2806/655/2806 1372/656/1372 1359/657/1359
f 2882/654/2882 2806/655/2806 2948/472/2948
f 2948/472/2948 2873/469/2873 2882/654/2882
f 1361/473/1361 2948/472/2948 2806/655/2806
f 2806/655/2806 2882/654/2882 2587/651/2587
f 2806/655/2806 1359/657/1359 1361/473/1361
f 2868/658/2868 2610/659/2610 2881/652/2881
f 2576/660/2576 2943/644/2943 2945/642/2945
f 2943/644/2943 2576/660/2576 2493/645/2493
f 2576/660/2576 2945/642/2945 2946/633/2946
f 2577/639/2577 2946/633/2946 2947/636/2947
f 2946/633/2946 2577/639/2577 2576/660/2576
f 2610/659/2610 2868/658/2868 2605/661/2605
f 1499/462/1499 2866/662/2866 2880/629/2880
f 2598/653/2598 2881/652/2881 2610/659/2610
f 2866/662/2866 1499/462/1499 2600/630/2600
f 2868/658/2868 2866/662/2866 2605/661/2605
f 2605/661/2605 2866/662/2866 2600/630/2600
f 1501/464/1501 2943/644/2943 1498/465/1498
f 2935/663/2935 2913/622/2913 2915/624/2915
f 2935/663/2935 2934/664/2934 2936/665/2936
f 2934/664/2934 2915/624/2915 1506/493/1506
f 2824/666/2824 2925/571/2925 2926/573/2926
f 2912/623/2912 1506/493/1506 2915/624/2915
f 2934/664/2934 2935/663/2935 2915/624/2915
f 1507/487/1507 2937/667/2937 2934/664/2934
f 1507/487/1507 2829/668/2829 2938/669/2938
f 2937/667/2937 1507/487/1507 2938/669/2938
f 1507/487/1507 2934/664/2934 1506/493/1506
f 2934/664/2934 2937/667/2937 2936/665/2936
f 2925/571/2925 2824/666/2824 2921/565/2921
f 2908/627/2908 2933/598/2933 2929/601/2929
f 2933/598/2933 2750/670/2750 2841/599/2841
f 2906/593/2906 2909/626/2909 2929/601/2929
f 2932/596/2932 2933/598/2933 2842/597/2842
f 2909/626/2909 2908/627/2908 2929/601/2929
f 2907/614/2907 2751/616/2751 2750/670/2750
f 2931/589/2931 2824/666/2824 2926/573/2926
f 2826/591/2826 2824/666/2824 2931/589/2931
f 2824/666/2824 2817/566/2817 2921/565/2921
f 2750/670/2750 2908/627/2908 2907/614/2907
f 2908/627/2908 2750/670/2750 2933/598/2933
f 2940/671/2940 2939/672/2939 2936/665/2936
f 2937/667/2937 2938/669/2938 2940/671/2940
f 2810/586/2810 2940/671/2940 2938/669/2938
f 2938/669/2938 2831/673/2831 2808/674/2808
f 2938/669/2938 2808/674/2808 2810/586/2810
f 2936/665/2936 2937/667/2937 2940/671/2940
f 2941/466/2941 2942/458/2942 2845/675/2845
f 2845/675/2845 2843/676/2843 2941/466/2941
f 1276/677/1276 2845/675/2845 2942/458/2942
f 2751/616/2751 2941/466/2941 2843/676/2843
f 2942/458/2942 1368/457/1368 1276/677/1276
f 2940/671/2940 2810/586/2810 2939/672/2939
f 2874/678/2874 2875/585/2875 2939/672/2939
f 2935/663/2935 2936/665/2936 2939/672/2939
f 2939/672/2939 2869/679/2869 2874/678/2874
f 1504/488/1504 2829/668/2829 1507/487/1507
f 2829/668/2829 2831/673/2831 2938/669/2938
f 2913/622/2913 2935/663/2935 2939/672/2939
f 2920/576/2920 2863/588/2863 2869/679/2869
f 2810/586/2810 2920/576/2920 2939/672/2939
f 2869/679/2869 2939/672/2939 2920/576/2920
f 2916/582/2916 2913/622/2913 2939/672/2939
f 2875/585/2875 2916/582/2916 2939/672/2939
f 121/159/121 13/483/13 16/453/16
f 213/680/213 256/681/256 255/682/255
f 213/680/213 215/683/215 256/681/256
f 211/684/211 213/680/213 255/682/255
f 209/685/209 211/684/211 254/686/254
f 211/684/211 255/682/255 254/686/254
f 215/683/215 257/687/257 256/681/256
f 186/688/186 243/689/243 258/690/258
f 260/691/260 243/689/243 259/692/259
f 187/693/187 186/688/186 258/690/258
f 215/683/215 187/693/187 257/687/257
f 187/693/187 258/690/258 257/687/257
f 209/685/209 254/686/254 207/694/207
f 201/695/201 250/696/250 199/697/199
f 250/696/250 201/695/201 251/698/251
f 249/699/249 199/697/199 250/696/250
f 197/700/197 199/697/199 248/701/248
f 199/697/199 249/699/249 248/701/248
f 203/702/203 251/698/251 201/695/201
f 207/694/207 253/703/253 252/704/252
f 253/703/253 207/694/207 254/686/254
f 205/705/205 207/694/207 252/704/252
f 203/702/203 205/705/205 251/698/251
f 205/705/205 252/704/252 251/698/251
f 251/698/251 252/704/252 267/706/267
f 252/704/252 268/707/268 267/706/267
f 251/698/251 267/706/267 250/696/250
f 250/696/250 266/708/266 249/699/249
f 266/708/266 250/696/250 267/706/267
f 252/704/252 253/703/253 268/707/268
f 270/709/270 254/686/254 271/710/271
f 255/682/255 271/710/271 254/686/254
f 254/686/254 270/709/270 253/703/253
f 253/703/253 269/711/269 268/707/268
f 269/711/269 253/703/253 270/709/270
f 265/712/265 249/699/249 266/708/266
f 261/713/261 245/714/245 262/715/262
f 246/716/246 262/715/262 245/714/245
f 245/714/245 261/713/261 259/692/259
f 244/717/244 259/692/259 243/689/243
f 244/717/244 245/714/245 259/692/259
f 262/715/262 246/716/246 263/718/263
f 248/701/248 249/699/249 264/719/264
f 249/699/249 265/712/265 264/719/264
f 248/701/248 264/719/264 263/718/263
f 247/720/247 263/718/263 246/716/246
f 247/720/247 248/701/248 263/718/263
f 197/700/197 248/701/248 247/720/247
f 225/721/225 224/722/224 237/723/237
f 238/724/238 239/725/239 225/721/225
f 238/724/238 225/721/225 237/723/237
f 237/723/237 224/722/224 236/726/236
f 224/722/224 223/727/223 236/726/236
f 226/728/226 225/721/225 239/725/239
f 240/729/240 241/730/241 228/731/228
f 229/732/229 228/731/228 241/730/241
f 240/729/240 228/731/228 227/733/227
f 239/725/239 240/729/240 226/728/226
f 227/733/227 226/728/226 240/729/240
f 236/726/236 223/727/223 222/734/222
f 234/735/234 218/736/218 233/737/233
f 218/736/218 217/738/217 233/737/233
f 217/738/217 216/739/216 233/737/233
f 184/740/184 214/741/214 231/742/231
f 232/743/232 233/737/233 216/739/216
f 234/735/234 219/744/219 218/736/218
f 235/745/235 236/726/236 221/746/221
f 222/734/222 221/746/221 236/726/236
f 235/745/235 221/746/221 220/747/220
f 235/745/235 220/747/220 234/735/234
f 220/747/220 219/744/219 234/735/234
f 189/748/189 244/717/244 243/689/243
f 244/717/244 189/748/189 245/714/245
f 186/688/186 189/748/189 243/689/243
f 242/749/242 241/730/241 240/729/240
f 242/749/242 232/743/232 241/730/241
f 191/750/191 245/714/245 189/748/189
f 195/751/195 247/720/247 193/752/193
f 195/751/195 197/700/197 247/720/247
f 246/716/246 193/752/193 247/720/247
f 245/714/245 191/750/191 246/716/246
f 193/752/193 246/716/246 191/750/191
f 242/749/242 240/729/240 239/725/239
f 232/743/232 216/739/216 231/742/231
f 242/749/242 233/737/233 232/743/232
f 231/742/231 230/753/230 232/743/232
f 241/730/241 230/753/230 229/732/229
f 241/730/241 232/743/232 230/753/230
f 242/749/242 234/735/234 233/737/233
f 242/749/242 238/724/238 237/723/237
f 242/749/242 239/725/239 238/724/238
f 242/749/242 237/723/237 236/726/236
f 242/749/242 235/745/235 234/735/234
f 242/749/242 236/726/236 235/745/235
f 255/682/255 256/681/256 271/710/271
f 287/754/287 303/175/303 302/177/302
f 303/175/303 287/754/287 304/171/304
f 286/755/286 287/754/287 302/177/302
f 285/756/285 286/755/286 301/757/301
f 286/755/286 302/177/302 301/757/301
f 288/758/288 304/171/304 287/754/287
f 290/759/290 306/178/306 289/760/289
f 306/178/306 290/759/290 291/180/291
f 305/172/305 289/760/289 306/178/306
f 304/171/304 288/758/288 305/172/305
f 289/760/289 305/172/305 288/758/288
f 285/756/285 301/757/301 300/761/300
f 281/762/281 297/763/297 280/764/280
f 297/763/297 281/762/281 298/765/298
f 296/766/296 280/764/280 297/763/297
f 295/767/295 279/768/279 296/766/296
f 280/764/280 296/766/296 279/768/279
f 282/769/282 298/765/298 281/762/281
f 284/770/284 300/761/300 299/771/299
f 284/770/284 285/756/285 300/761/300
f 283/772/283 284/770/284 299/771/299
f 298/765/298 282/769/282 299/771/299
f 283/772/283 299/771/299 282/769/282
f 314/168/314 298/765/298 315/184/315
f 299/771/299 315/184/315 298/765/298
f 298/765/298 314/168/314 297/763/297
f 297/763/297 313/167/313 296/766/296
f 313/167/313 297/763/297 314/168/314
f 299/771/299 300/761/300 315/184/315
f 317/183/317 301/757/301 318/185/318
f 302/177/302 318/185/318 301/757/301
f 301/757/301 317/183/317 316/182/316
f 300/761/300 316/182/316 315/184/315
f 300/761/300 301/757/301 316/182/316
f 312/169/312 296/766/296 313/167/313
f 292/773/292 293/774/293 308/170/308
f 293/774/293 309/165/309 308/170/308
f 292/773/292 308/170/308 307/179/307
f 276/775/276 291/180/291 290/759/290
f 291/180/291 292/773/292 307/179/307
f 309/165/309 293/774/293 310/162/310
f 311/163/311 295/767/295 312/169/312
f 296/766/296 312/169/312 295/767/295
f 295/767/295 311/163/311 294/776/294
f 294/776/294 310/162/310 293/774/293
f 310/162/310 294/776/294 311/163/311
f 279/768/279 295/767/295 294/776/294
f 279/768/279 263/718/263 280/764/280
f 264/719/264 280/764/280 263/718/263
f 263/718/263 279/768/279 278/777/278
f 262/715/262 278/777/278 277/778/277
f 262/715/262 263/718/263 278/777/278
f 280/764/280 264/719/264 281/762/281
f 266/708/266 267/706/267 282/769/282
f 267/706/267 283/772/283 282/769/282
f 266/708/266 282/769/282 281/762/281
f 265/712/265 281/762/281 264/719/264
f 265/712/265 266/708/266 281/762/281
f 261/713/261 262/715/262 277/778/277
f 273/779/273 257/687/257 274/780/274
f 258/690/258 274/780/274 257/687/257
f 257/687/257 273/779/273 272/781/272
f 256/681/256 272/781/272 271/710/271
f 256/681/256 257/687/257 272/781/272
f 274/780/274 258/690/258 260/691/260
f 275/782/275 259/692/259 277/778/277
f 261/713/261 277/778/277 259/692/259
f 259/692/259 275/782/275 260/691/260
f 243/689/243 260/691/260 258/690/258
f 276/775/276 260/691/260 275/782/275
f 260/691/260 276/775/276 290/759/290
f 276/775/276 275/782/275 291/180/291
f 274/780/274 260/691/260 290/759/290
f 273/779/273 274/780/274 289/760/289
f 274/780/274 290/759/290 289/760/289
f 275/782/275 292/773/292 291/180/291
f 278/777/278 294/776/294 293/774/293
f 278/777/278 279/768/279 294/776/294
f 277/778/277 278/777/278 293/774/293
f 275/782/275 277/778/277 292/773/292
f 277/778/277 293/774/293 292/773/292
f 273/779/273 289/760/289 272/781/272
f 269/711/269 285/756/285 268/707/268
f 269/711/269 270/709/270 285/756/285
f 284/770/284 268/707/268 285/756/285
f 267/706/267 268/707/268 283/772/283
f 268/707/268 284/770/284 283/772/283
f 270/709/270 286/755/286 285/756/285
f 272/781/272 288/758/288 271/710/271
f 288/758/288 272/781/272 289/760/289
f 287/754/287 271/710/271 288/758/288
f 270/709/270 271/710/271 286/755/286
f 271/710/271 287/754/287 286/755/286
f 153/783/153 154/784/154 38/423/38
f 154/784/154 40/449/40 38/423/38
f 153/783/153 38/423/38 152/785/152
f 33/419/33 135/351/135 151/354/151
f 37/421/37 152/785/152 38/423/38
f 154/784/154 155/786/155 40/449/40
f 118/529/118 156/787/156 109/538/109
f 157/788/157 109/538/109 156/787/156
f 156/787/156 118/529/118 155/786/155
f 155/786/155 42/448/42 40/449/40
f 42/448/42 155/786/155 118/529/118
f 151/354/151 113/521/113 33/419/33
f 147/366/147 146/365/146 112/527/112
f 148/789/148 147/366/147 112/527/112
f 112/527/112 146/365/146 110/525/110
f 110/525/110 145/360/145 86/539/86
f 146/365/146 145/360/145 110/525/110
f 147/366/147 148/789/148 117/528/117
f 151/354/151 150/355/150 115/522/115
f 113/521/113 151/354/151 115/522/115
f 115/522/115 150/355/150 149/359/149
f 117/528/117 149/359/149 147/366/147
f 149/359/149 117/528/117 115/522/115
f 165/790/165 117/528/117 164/791/164
f 117/528/117 165/790/165 116/523/116
f 148/789/148 164/791/164 117/528/117
f 163/792/163 164/791/164 112/527/112
f 164/791/164 148/789/148 112/527/112
f 166/793/166 116/523/116 165/790/165
f 152/785/152 37/421/37 167/794/167
f 48/447/48 46/451/46 168/795/168
f 114/524/114 167/794/167 37/421/37
f 166/793/166 167/794/167 116/523/116
f 167/794/167 114/524/114 116/523/116
f 163/792/163 112/527/112 111/526/111
f 159/796/159 83/534/83 158/797/158
f 83/534/83 159/796/159 87/540/87
f 107/536/107 158/797/158 83/534/83
f 109/538/109 157/788/157 107/536/107
f 158/797/158 107/536/107 157/788/157
f 160/798/160 87/540/87 159/796/159
f 162/799/162 111/526/111 108/530/108
f 162/799/162 163/792/163 111/526/111
f 161/800/161 162/799/162 108/530/108
f 87/540/87 160/798/160 108/530/108
f 161/800/161 108/530/108 160/798/160
f 145/360/145 144/362/144 86/539/86
f 129/151/129 99/498/99 96/503/96
f 129/151/129 130/213/130 99/498/99
f 128/150/128 129/151/129 96/503/96
f 92/515/92 127/149/127 96/503/96
f 128/150/128 96/503/96 127/149/127
f 130/213/130 101/499/101 99/498/99
f 132/212/132 95/512/95 131/211/131
f 95/512/95 132/212/132 93/520/93
f 98/502/98 131/211/131 95/512/95
f 130/213/130 131/211/131 101/499/101
f 131/211/131 98/502/98 101/499/101
f 127/149/127 92/515/92 126/147/126
f 123/152/123 11/477/11 122/160/122
f 11/477/11 123/152/123 104/507/104
f 2/481/2 122/160/122 11/477/11
f 121/159/121 122/160/122 13/483/13
f 122/160/122 2/481/2 13/483/13
f 124/148/124 104/507/104 123/152/123
f 126/147/126 90/516/90 125/146/125
f 90/516/90 126/147/126 92/515/92
f 89/505/89 125/146/125 90/516/90
f 104/507/104 124/148/124 89/505/89
f 125/146/125 89/505/89 124/148/124
f 140/329/140 105/537/105 103/509/103
f 103/509/103 141/334/141 140/329/140
f 105/537/105 140/329/140 139/328/139
f 9/425/9 139/328/139 138/332/138
f 139/328/139 9/425/9 105/537/105
f 141/334/141 103/509/103 84/510/84
f 143/337/143 88/556/88 86/539/86
f 86/539/86 144/362/144 143/337/143
f 88/556/88 143/337/143 142/336/142
f 84/510/84 142/336/142 141/334/141
f 142/336/142 84/510/84 88/556/88
f 138/332/138 27/417/27 9/425/9
f 20/432/20 134/214/134 18/431/18
f 119/153/119 18/431/18 134/214/134
f 134/214/134 20/432/20 93/520/93
f 133/215/133 93/520/93 132/212/132
f 133/215/133 134/214/134 93/520/93
f 135/351/135 33/419/33 31/414/31
f 138/332/138 137/340/137 29/415/29
f 27/417/27 138/332/138 29/415/29
f 29/415/29 137/340/137 31/414/31
f 31/414/31 136/349/136 135/351/135
f 137/340/137 136/349/136 31/414/31
f 169/801/169 168/795/168 46/451/46
f 217/738/217 185/802/185 216/739/216
f 185/802/185 184/740/184 216/739/216
f 187/693/187 215/683/215 184/740/184
f 215/683/215 213/680/213 214/741/214
f 214/741/214 184/740/184 215/683/215
f 217/738/217 218/736/218 185/802/185
f 220/747/220 192/803/192 219/744/219
f 192/803/192 190/804/190 219/744/219
f 190/804/190 188/805/188 218/736/218
f 188/805/188 185/802/185 218/736/218
f 219/744/219 190/804/190 218/736/218
f 212/806/212 214/741/214 213/680/213
f 204/807/204 206/808/206 205/705/205
f 207/694/207 205/705/205 206/808/206
f 205/705/205 203/702/203 202/809/202
f 203/702/203 201/695/201 202/809/202
f 204/807/204 205/705/205 202/809/202
f 206/808/206 208/810/208 207/694/207
f 210/811/210 212/806/212 211/684/211
f 213/680/213 211/684/211 212/806/212
f 211/684/211 209/685/209 210/811/210
f 209/685/209 207/694/207 208/810/208
f 208/810/208 210/811/210 209/685/209
f 208/810/208 206/808/206 228/731/228
f 228/731/228 229/732/229 208/810/208
f 227/733/227 228/731/228 206/808/206
f 226/728/226 227/733/227 204/807/204
f 206/808/206 204/807/204 227/733/227
f 210/811/210 208/810/208 229/732/229
f 214/741/214 212/806/212 230/753/230
f 216/739/216 184/740/184 231/742/231
f 231/742/231 214/741/214 230/753/230
f 230/753/230 212/806/212 229/732/229
f 212/806/212 210/811/210 229/732/229
f 204/807/204 202/809/202 225/721/225
f 196/812/196 194/813/194 222/734/222
f 222/734/222 223/727/223 196/812/196
f 221/746/221 222/734/222 194/813/194
f 220/747/220 221/746/221 192/803/192
f 194/813/194 192/803/192 221/746/221
f 198/814/198 196/812/196 223/727/223
f 202/809/202 200/815/200 225/721/225
f 226/728/226 204/807/204 225/721/225
f 224/722/224 225/721/225 200/815/200
f 223/727/223 224/722/224 198/814/198
f 200/815/200 198/814/198 224/722/224
f 200/815/200 202/809/202 201/695/201
f 177/816/177 176/817/176 77/519/77
f 100/497/100 178/818/178 91/504/91
f 91/504/91 177/816/177 77/519/77
f 78/531/78 77/519/77 175/819/175
f 176/817/176 175/819/175 77/519/77
f 178/818/178 177/816/177 91/504/91
f 180/820/180 179/821/179 102/501/102
f 97/500/97 94/513/94 180/820/180
f 97/500/97 180/820/180 102/501/102
f 102/501/102 179/821/179 100/497/100
f 179/821/179 178/818/178 100/497/100
f 175/819/175 174/822/174 78/531/78
f 171/823/171 170/824/170 45/452/45
f 43/450/43 118/529/118 171/823/171
f 43/450/43 171/823/171 45/452/45
f 45/452/45 170/824/170 46/451/46
f 170/824/170 169/801/169 46/451/46
f 172/825/172 171/823/171 118/529/118
f 174/822/174 173/826/173 106/532/106
f 106/532/106 78/531/78 174/822/174
f 109/538/109 106/532/106 173/826/173
f 118/529/118 109/538/109 172/825/172
f 173/826/173 172/825/172 109/538/109
f 194/813/194 195/751/195 192/803/192
f 195/751/195 193/752/193 192/803/192
f 193/752/193 191/750/191 190/804/190
f 191/750/191 189/748/189 188/805/188
f 192/803/192 193/752/193 190/804/190
f 196/812/196 197/700/197 194/813/194
f 198/814/198 200/815/200 199/697/199
f 201/695/201 199/697/199 200/815/200
f 199/697/199 197/700/197 198/814/198
f 197/700/197 195/751/195 194/813/194
f 196/812/196 198/814/198 197/700/197
f 190/804/190 191/750/191 188/805/188
f 25/435/25 183/827/183 26/434/26
f 183/827/183 182/828/182 26/434/26
f 182/828/182 181/829/181 26/434/26
f 181/829/181 180/820/180 94/513/94
f 94/513/94 26/434/26 181/829/181
f 48/447/48 168/795/168 25/435/25
f 185/802/185 188/805/188 186/688/186
f 189/748/189 186/688/186 188/805/188
f 186/688/186 187/693/187 184/740/184
f 168/795/168 183/827/183 25/435/25
f 185/802/185 186/688/186 184/740/184
f 679/312/679 663/282/663 680/830/680
f 1234/831/1234 1241/832/1241 1240/833/1240
f 1233/834/1233 1242/835/1242 1270/836/1270
f 1239/837/1239 1240/833/1240 1241/832/1241
f 1239/837/1239 1238/838/1238 1156/839/1156
f 1156/839/1156 1240/833/1240 1239/837/1239
f 1242/835/1242 1243/840/1243 1270/836/1270
f 1245/841/1245 1244/842/1244 1242/835/1242
f 1240/833/1240 1246/843/1246 1234/831/1234
f 1231/844/1231 1245/841/1245 1242/835/1242
f 1231/844/1231 1242/835/1242 1233/834/1233
f 1242/835/1242 1244/842/1244 1243/840/1243
f 1140/845/1140 1156/839/1156 1238/838/1238
f 1233/834/1233 1232/846/1232 1231/844/1231
f 1234/831/1234 1231/844/1231 1232/846/1232
f 1079/847/1079 1163/848/1163 1177/849/1177
f 1205/670/1205 1206/850/1206 1170/851/1170
f 1206/850/1206 1207/852/1207 1177/849/1177
f 1152/853/1152 1151/854/1151 1235/855/1235
f 1235/855/1235 1236/856/1236 1152/853/1152
f 1233/834/1233 1270/836/1270 1236/856/1236
f 1237/857/1237 1233/834/1233 1236/856/1236
f 1143/858/1143 1235/855/1235 1151/854/1151
f 1235/855/1235 1237/857/1237 1236/856/1236
f 1263/859/1263 1170/851/1170 1171/860/1171
f 1171/860/1171 1264/861/1264 1263/859/1263
f 1263/859/1263 1262/862/1262 1170/851/1170
f 1248/863/1248 1258/864/1258 1239/837/1239
f 1262/862/1262 1168/616/1168 1170/851/1170
f 1264/861/1264 1171/860/1171 1265/865/1265
f 1298/866/1298 1173/867/1173 1266/868/1266
f 1175/869/1175 1266/868/1266 1173/867/1173
f 1173/867/1173 1298/866/1298 1172/870/1172
f 1172/870/1172 1265/865/1265 1171/860/1171
f 1265/865/1265 1172/870/1172 1298/866/1298
f 1238/838/1238 1239/837/1239 1258/864/1258
f 1239/837/1239 1241/832/1241 1248/863/1248
f 1249/871/1249 1248/863/1248 1241/832/1241
f 1247/872/1247 1245/841/1245 1231/844/1231
f 1246/843/1246 1231/844/1231 1234/831/1234
f 1246/843/1246 1247/872/1247 1231/844/1231
f 1241/832/1241 1234/831/1234 1249/871/1249
f 1258/864/1258 1257/873/1257 1140/845/1140
f 1140/845/1140 1238/838/1238 1258/864/1258
f 1141/874/1141 1140/845/1140 1142/875/1142
f 1249/871/1249 1234/831/1234 1232/846/1232
f 1257/873/1257 1142/875/1142 1140/845/1140
f 1170/851/1170 1168/616/1168 1205/670/1205
f 1153/876/1153 1033/877/1033 1154/878/1154
f 1033/877/1033 1153/876/1153 1114/879/1114
f 1114/879/1114 1153/876/1153 1139/880/1139
f 1150/881/1150 1151/854/1151 1152/853/1152
f 1151/854/1151 1150/881/1150 1149/882/1149
f 1153/876/1153 1141/874/1141 1139/880/1139
f 1155/883/1155 1140/845/1140 1154/878/1154
f 1036/884/1036 1157/885/1157 1037/886/1037
f 1140/845/1140 1155/883/1155 1156/839/1156
f 1141/874/1141 1154/878/1154 1140/845/1140
f 1154/878/1154 1141/874/1141 1153/876/1153
f 1151/854/1151 1149/882/1149 1143/858/1143
f 1143/858/1143 1144/887/1144 1142/875/1142
f 1147/888/1147 1146/889/1146 1145/890/1145
f 1144/887/1144 1139/880/1139 1141/874/1141
f 1144/887/1144 1141/874/1141 1142/875/1142
f 1139/880/1139 1144/887/1144 1147/888/1147
f 1145/890/1145 1146/889/1146 1148/891/1148
f 1144/887/1144 1149/882/1149 1146/889/1146
f 1149/882/1149 1150/881/1150 1148/891/1148
f 1149/882/1149 1144/887/1144 1143/858/1143
f 1146/889/1146 1149/882/1149 1148/891/1148
f 1144/887/1144 1146/889/1146 1147/888/1147
f 1173/867/1173 1176/892/1176 1175/869/1175
f 1176/892/1176 1173/867/1173 1174/893/1174
f 1176/892/1176 1174/893/1174 1145/890/1145
f 1172/870/1172 1163/848/1163 1174/893/1174
f 1172/870/1172 1174/893/1174 1173/867/1173
f 1176/892/1176 1145/890/1145 1148/891/1148
f 1163/848/1163 1170/851/1170 1177/849/1177
f 1170/851/1170 1206/850/1206 1177/849/1177
f 1150/881/1150 1175/869/1175 1176/892/1176
f 1150/881/1150 1176/892/1176 1148/891/1148
f 1175/869/1175 1150/881/1150 1152/853/1152
f 1163/848/1163 1172/870/1172 1171/860/1171
f 1157/885/1157 1160/894/1160 1161/895/1161
f 1159/896/1159 1162/897/1162 1345/898/1345
f 1157/885/1157 1161/895/1161 1037/886/1037
f 1158/899/1158 1159/896/1159 1345/898/1345
f 1036/884/1036 1158/899/1158 1157/885/1157
f 1033/877/1033 1164/900/1164 1154/878/1154
f 1161/895/1161 1155/883/1155 1154/878/1154
f 1170/851/1170 1163/848/1163 1171/860/1171
f 1155/883/1155 1161/895/1161 1156/839/1156
f 1161/895/1161 1164/900/1164 1037/886/1037
f 1164/900/1164 1161/895/1161 1154/878/1154
f 1266/868/1266 1175/869/1175 1267/901/1267
f 1310/902/1310 1308/903/1308 1309/904/1309
f 1309/904/1309 1272/905/1272 1310/902/1310
f 1306/906/1306 1309/904/1309 1308/903/1308
f 1304/907/1304 1269/908/1269 1309/904/1309
f 1272/905/1272 1309/904/1309 1269/908/1269
f 1274/909/1274 1310/902/1310 1272/905/1272
f 1160/894/1160 1345/898/1345 1347/910/1347
f 1348/911/1348 1347/910/1347 1345/898/1345
f 1347/910/1347 1346/912/1346 1160/894/1160
f 1157/885/1157 1158/899/1158 1345/898/1345
f 1345/898/1345 1160/894/1160 1157/885/1157
f 1309/904/1309 1306/906/1306 1304/907/1304
f 1306/906/1306 1305/913/1305 1303/914/1303
f 1269/908/1269 1304/907/1304 1267/901/1267
f 1302/915/1302 1303/914/1303 1305/913/1305
f 1009/916/1009 1302/915/1302 1011/917/1011
f 1305/913/1305 1011/917/1011 1302/915/1302
f 1303/914/1303 1304/907/1304 1306/906/1306
f 1014/918/1014 1306/906/1306 1307/919/1307
f 1308/903/1308 1307/919/1307 1306/906/1306
f 1307/919/1307 1013/920/1013 1014/918/1014
f 1011/917/1011 1305/913/1305 1014/918/1014
f 1305/913/1305 1306/906/1306 1014/918/1014
f 1357/921/1357 1355/922/1355 1352/923/1352
f 1326/924/1326 1327/925/1327 1351/926/1351
f 1354/927/1354 1357/921/1357 1352/923/1352
f 1352/923/1352 1355/922/1355 1353/928/1353
f 1355/922/1355 1356/929/1356 1353/928/1353
f 1327/925/1327 1354/927/1354 1351/926/1351
f 1346/912/1346 1350/930/1350 1156/839/1156
f 1350/930/1350 1240/833/1240 1156/839/1156
f 1156/839/1156 1161/895/1161 1346/912/1346
f 1327/925/1327 1357/921/1357 1354/927/1354
f 1160/894/1160 1346/912/1346 1161/895/1161
f 1354/927/1354 1352/923/1352 1349/931/1349
f 1351/926/1351 1349/931/1349 1347/910/1347
f 1162/897/1162 1325/932/1325 1345/898/1345
f 1348/911/1348 1351/926/1351 1347/910/1347
f 1347/910/1347 1349/931/1349 1346/912/1346
f 1349/931/1349 1350/930/1350 1346/912/1346
f 1325/932/1325 1348/911/1348 1345/898/1345
f 1352/923/1352 1353/928/1353 1350/930/1350
f 1351/926/1351 1354/927/1354 1349/931/1349
f 1349/931/1349 1352/923/1352 1350/930/1350
f 1325/932/1325 1326/924/1326 1348/911/1348
f 1326/924/1326 1351/926/1351 1348/911/1348
f 1301/933/1301 1267/901/1267 1304/907/1304
f 1290/934/1290 1294/935/1294 1002/936/1002
f 1294/935/1294 1003/937/1003 1002/936/1002
f 1263/859/1263 1291/938/1291 1289/939/1289
f 1289/939/1289 1291/938/1291 1287/940/1287
f 1291/938/1291 1290/934/1290 1287/940/1287
f 1293/941/1293 1294/935/1294 1290/934/1290
f 1264/861/1264 1292/942/1292 1291/938/1291
f 1003/937/1003 1294/935/1294 1006/943/1006
f 1263/859/1263 1264/861/1264 1291/938/1291
f 1291/938/1291 1292/942/1292 1290/934/1290
f 1292/942/1292 1293/941/1293 1290/934/1290
f 1290/934/1290 1002/936/1002 998/944/998
f 1271/945/1271 1269/908/1269 1270/836/1270
f 1269/908/1269 1271/945/1271 1272/905/1272
f 1270/836/1270 1269/908/1269 1268/946/1268
f 1268/946/1268 1267/901/1267 1175/869/1175
f 1267/901/1267 1268/946/1268 1269/908/1269
f 1273/947/1273 1272/905/1272 1271/945/1271
f 1290/934/1290 998/944/998 1001/948/1001
f 1287/940/1287 1290/934/1290 1001/948/1001
f 1287/940/1287 1001/948/1001 1000/949/1000
f 1272/905/1272 1273/947/1273 1274/909/1274
f 1275/950/1275 1274/909/1274 1273/947/1273
f 1298/866/1298 1266/868/1266 1301/933/1301
f 1008/951/1008 1300/952/1300 1009/916/1009
f 1301/933/1301 1299/953/1299 1298/866/1298
f 1297/954/1297 1299/953/1299 1300/952/1300
f 1296/955/1296 1298/866/1298 1299/953/1299
f 1302/915/1302 1009/916/1009 1300/952/1300
f 1267/901/1267 1301/933/1301 1266/868/1266
f 1304/907/1304 1303/914/1303 1301/933/1301
f 1299/953/1299 1301/933/1301 1303/914/1303
f 1300/952/1300 1299/953/1299 1302/915/1302
f 1303/914/1303 1302/915/1302 1299/953/1299
f 1300/952/1300 1008/951/1008 1297/954/1297
f 1296/955/1296 1294/935/1294 1293/941/1293
f 1297/954/1297 1006/943/1006 1294/935/1294
f 1292/942/1292 1265/865/1265 1295/956/1295
f 1265/865/1265 1292/942/1292 1264/861/1264
f 1295/956/1295 1293/941/1293 1292/942/1292
f 1294/935/1294 1296/955/1296 1297/954/1297
f 1006/943/1006 1297/954/1297 1008/951/1008
f 1299/953/1299 1297/954/1297 1296/955/1296
f 1298/866/1298 1296/955/1296 1295/956/1295
f 1293/941/1293 1295/956/1295 1296/955/1296
f 1298/866/1298 1295/956/1295 1265/865/1265
f 987/957/987 988/958/988 966/959/966
f 969/960/969 968/961/968 986/962/986
f 968/961/968 966/959/966 988/958/988
f 986/962/986 1016/963/1016 985/964/985
f 966/959/966 965/965/965 987/957/987
f 988/958/988 986/962/986 968/961/968
f 975/966/975 973/967/973 985/964/985
f 980/968/980 975/966/975 989/969/989
f 986/962/986 985/964/985 971/970/971
f 969/960/969 986/962/986 971/970/971
f 973/967/973 971/970/971 985/964/985
f 983/971/983 984/972/984 994/973/994
f 976/974/976 975/966/975 977/975/977
f 975/966/975 980/968/980 977/975/977
f 973/967/973 975/966/975 974/976/974
f 971/970/971 973/967/973 972/977/972
f 976/974/976 974/976/974 975/966/975
f 977/975/977 980/968/980 978/978/978
f 981/979/981 982/980/982 983/971/983
f 982/980/982 984/972/984 983/971/983
f 980/968/980 982/980/982 981/979/981
f 978/978/978 980/968/980 979/981/979
f 979/981/979 980/968/980 981/979/981
f 1001/948/1001 998/944/998 995/982/995
f 978/978/978 999/983/999 977/975/977
f 1000/949/1000 1001/948/1001 995/982/995
f 979/981/979 998/944/998 978/978/978
f 999/983/999 978/978/978 998/944/998
f 998/944/998 1002/936/1002 999/983/999
f 1003/937/1003 976/974/976 977/975/977
f 1004/984/1004 972/977/972 974/976/974
f 1002/936/1002 1003/937/1003 977/975/977
f 1002/936/1002 977/975/977 999/983/999
f 1004/984/1004 974/976/974 976/974/976
f 998/944/998 979/981/979 995/982/995
f 982/980/982 990/985/990 984/972/984
f 990/985/990 991/986/991 984/972/984
f 980/968/980 990/985/990 982/980/982
f 985/964/985 989/969/989 975/966/975
f 990/985/990 980/968/980 989/969/989
f 984/972/984 991/986/991 994/973/994
f 995/982/995 981/979/981 983/971/983
f 981/979/981 995/982/995 979/981/979
f 992/987/992 995/982/995 983/971/983
f 992/987/992 983/971/983 994/973/994
f 993/988/993 992/987/992 994/973/994
f 974/976/974 972/977/972 973/967/973
f 1098/989/1098 1082/990/1082 1138/991/1138
f 1088/992/1088 1082/990/1082 1100/993/1100
f 1082/990/1082 1098/989/1098 1100/993/1100
f 1084/994/1084 1087/995/1087 1088/992/1088
f 1082/990/1082 1083/996/1083 1089/997/1089
f 1083/996/1083 1082/990/1082 1088/992/1088
f 1088/992/1088 1099/998/1099 1084/994/1084
f 1099/998/1099 1100/993/1100 1096/999/1096
f 1084/994/1084 1099/998/1099 1080/1000/1080
f 1080/1000/1080 1099/998/1099 1096/999/1096
f 1084/994/1084 1080/1000/1080 1078/1001/1078
f 1088/992/1088 1087/995/1087 1083/996/1083
f 1097/1002/1097 1147/888/1147 1145/890/1145
f 1145/890/1145 1174/893/1174 1080/1000/1080
f 1097/1002/1097 1095/1003/1095 1147/888/1147
f 1114/879/1114 1139/880/1139 1113/1004/1113
f 1113/1004/1113 1147/888/1147 1095/1003/1095
f 1145/890/1145 1080/1000/1080 1097/1002/1097
f 1085/1005/1085 1087/995/1087 1086/1006/1086
f 1087/995/1087 1084/994/1084 1079/847/1079
f 1084/994/1084 1078/1001/1078 1079/847/1079
f 1164/900/1164 1033/877/1033 1032/1007/1032
f 1037/886/1037 1164/900/1164 1032/1007/1032
f 1086/1006/1086 1087/995/1087 1177/849/1177
f 1087/995/1087 1079/847/1079 1177/849/1177
f 1085/1005/1085 1083/996/1083 1087/995/1087
f 1083/996/1083 1217/1008/1217 1184/1009/1184
f 1216/1010/1216 1217/1008/1217 1085/1005/1085
f 1185/1011/1185 1089/997/1089 1083/996/1083
f 972/977/972 970/1012/970 971/970/971
f 969/960/969 971/970/971 970/1012/970
f 970/1012/970 968/961/968 969/960/969
f 965/965/965 966/959/966 967/1013/967
f 966/959/966 968/961/968 967/1013/967
f 1217/1008/1217 1083/996/1083 1085/1005/1085
f 1184/1009/1184 1183/1014/1183 1083/996/1083
f 1183/1014/1183 1185/1011/1185 1083/996/1083
f 1138/991/1138 1082/990/1082 1089/997/1089
f 1088/992/1088 1100/993/1100 1099/998/1099
f 1138/991/1138 1136/1015/1136 1098/989/1098
f 1216/1010/1216 1215/1016/1215 1214/1017/1214
f 1207/852/1207 1215/1016/1215 1177/849/1177
f 1214/1017/1214 1215/1016/1215 1207/852/1207
f 1086/1006/1086 1215/1016/1215 1216/1010/1216
f 1086/1006/1086 1216/1010/1216 1085/1005/1085
f 1215/1016/1215 1086/1006/1086 1177/849/1177
f 976/974/976 1003/937/1003 1004/984/1004
f 1108/1018/1108 1117/1019/1117 1102/1020/1102
f 1117/1019/1117 1108/1018/1108 1115/1021/1115
f 1117/1019/1117 1115/1021/1115 1113/1004/1113
f 1114/879/1114 1115/1021/1115 1116/1022/1116
f 1115/1021/1115 1108/1018/1108 1106/1023/1106
f 1097/1002/1097 1118/1024/1118 1095/1003/1095
f 1117/1019/1117 1118/1024/1118 1102/1020/1102
f 1095/1003/1095 1117/1019/1117 1113/1004/1113
f 1104/1025/1104 1118/1024/1118 1097/1002/1097
f 1104/1025/1104 1097/1002/1097 1096/999/1096
f 1118/1024/1118 1104/1025/1104 1102/1020/1102
f 1115/1021/1115 1114/879/1114 1113/1004/1113
f 1107/1026/1107 1109/1027/1109 1106/1023/1106
f 1110/1028/1110 1107/1026/1107 1105/1029/1105
f 1105/1029/1105 1107/1026/1107 1108/1018/1108
f 1108/1018/1108 1107/1026/1107 1106/1023/1106
f 1105/1029/1105 1108/1018/1108 1102/1020/1102
f 1110/1028/1110 1109/1027/1109 1107/1026/1107
f 1116/1022/1116 1115/1021/1115 1106/1023/1106
f 1114/879/1114 1116/1022/1116 1033/877/1033
f 1111/1030/1111 1110/1028/1110 1105/1029/1105
f 1110/1028/1110 1112/1031/1112 1109/1027/1109
f 1112/1031/1112 1110/1028/1110 1111/1030/1111
f 1125/1032/1125 1034/1033/1034 1037/886/1037
f 1120/1034/1120 1125/1032/1125 1122/1035/1122
f 1125/1032/1125 1119/1036/1119 1124/1037/1124
f 1125/1032/1125 1124/1037/1124 1122/1035/1122
f 1119/1036/1119 1125/1032/1125 1037/886/1037
f 1034/1033/1034 1120/1034/1120 1017/1038/1017
f 1111/1030/1111 1132/1039/1132 1112/1031/1112
f 1111/1030/1111 1135/1040/1135 1132/1039/1132
f 1136/1015/1136 1135/1040/1135 1098/989/1098
f 1120/1034/1120 1034/1033/1034 1125/1032/1125
f 1112/1031/1112 1132/1039/1132 1123/1041/1123
f 1124/1037/1124 1119/1036/1119 1106/1023/1106
f 1032/1007/1032 1119/1036/1119 1037/886/1037
f 1119/1036/1119 1032/1007/1032 1116/1022/1116
f 1119/1036/1119 1116/1022/1116 1106/1023/1106
f 1095/1003/1095 1118/1024/1118 1117/1019/1117
f 1116/1022/1116 1032/1007/1032 1033/877/1033
f 1121/1042/1121 1122/1035/1122 1123/1041/1123
f 1112/1031/1112 1124/1037/1124 1109/1027/1109
f 1109/1027/1109 1124/1037/1124 1106/1023/1106
f 1122/1035/1122 1124/1037/1124 1112/1031/1112
f 1122/1035/1122 1121/1042/1121 1120/1034/1120
f 1122/1035/1122 1112/1031/1112 1123/1041/1123
f 1105/1029/1105 1103/1043/1103 1101/1044/1101
f 1010/1045/1010 1011/917/1011 1012/1046/1012
f 1012/1046/1012 1013/920/1013 965/965/965
f 1011/917/1011 1010/1045/1010 1009/916/1009
f 1012/1046/1012 965/965/965 1010/1045/1010
f 1007/1047/1007 1009/916/1009 1010/1045/1010
f 1014/918/1014 1012/1046/1012 1011/917/1011
f 989/969/989 1016/963/1016 990/985/990
f 985/964/985 1016/963/1016 989/969/989
f 1015/1048/1015 990/985/990 1016/963/1016
f 1012/1046/1012 1014/918/1014 1013/920/1013
f 991/986/991 990/985/990 1015/1048/1015
f 967/1013/967 1010/1045/1010 965/965/965
f 1005/1049/1005 1007/1047/1007 970/1012/970
f 1007/1047/1007 968/961/968 970/1012/970
f 1005/1049/1005 970/1012/970 972/977/972
f 1006/943/1006 1004/984/1004 1003/937/1003
f 1004/984/1004 1005/1049/1005 972/977/972
f 1004/984/1004 1006/943/1006 1005/1049/1005
f 968/961/968 1007/1047/1007 967/1013/967
f 1010/1045/1010 967/1013/967 1007/1047/1007
f 1009/916/1009 1007/1047/1007 1008/951/1008
f 1008/951/1008 1005/1049/1005 1006/943/1006
f 1005/1049/1005 1008/951/1008 1007/1047/1007
f 1101/1044/1101 1111/1030/1111 1105/1029/1105
f 1111/1030/1111 1101/1044/1101 1135/1040/1135
f 1135/1040/1135 1101/1044/1101 1098/989/1098
f 1097/1002/1097 1080/1000/1080 1096/999/1096
f 1080/1000/1080 1174/893/1174 1078/1001/1078
f 1098/989/1098 1101/1044/1101 1100/993/1100
f 1101/1044/1101 1103/1043/1103 1100/993/1100
f 1103/1043/1103 1105/1029/1105 1102/1020/1102
f 1100/993/1100 1103/1043/1103 1104/1025/1104
f 1104/1025/1104 1103/1043/1103 1102/1020/1102
f 1100/993/1100 1104/1025/1104 1096/999/1096
f 1174/893/1174 1163/848/1163 1081/1050/1081
f 987/957/987 991/986/991 1015/1048/1015
f 1017/1038/1017 1159/896/1159 1036/884/1036
f 988/958/988 987/957/987 1015/1048/1015
f 986/962/986 988/958/988 1016/963/1016
f 988/958/988 1015/1048/1015 1016/963/1016
f 1034/1033/1034 1036/884/1036 1037/886/1037
f 1079/847/1079 1078/1001/1078 1081/1050/1081
f 1163/848/1163 1079/847/1079 1081/1050/1081
f 1078/1001/1078 1174/893/1174 1081/1050/1081
f 1036/884/1036 1034/1033/1034 1017/1038/1017
f 1036/884/1036 1159/896/1159 1158/899/1158
f 1350/930/1350 1353/928/1353 1240/833/1240
f 1194/600/1194 1069/593/1069 1067/594/1067
f 1069/593/1069 1066/592/1066 1067/594/1067
f 1069/593/1069 1194/600/1194 1195/601/1195
f 1060/595/1060 1194/600/1194 1062/604/1062
f 1067/594/1067 1062/604/1062 1194/600/1194
f 1193/572/1193 1196/590/1196 1060/595/1060
f 1198/596/1198 1196/590/1196 1200/591/1200
f 1194/600/1194 1198/596/1198 1195/601/1195
f 1197/589/1197 1196/590/1196 1193/572/1193
f 1197/589/1197 1193/572/1193 1192/573/1192
f 1196/590/1196 1197/589/1197 1200/591/1200
f 1058/602/1058 1189/564/1189 1190/570/1190
f 1193/572/1193 1191/571/1191 1192/573/1192
f 1190/570/1190 1193/572/1193 1060/595/1060
f 1191/571/1191 1190/570/1190 1178/565/1178
f 1179/563/1179 1050/561/1050 1180/562/1180
f 1050/561/1050 1179/563/1179 1189/564/1189
f 1193/572/1193 1190/570/1190 1191/571/1191
f 1189/564/1189 1058/602/1058 1046/569/1046
f 1058/602/1058 1057/605/1057 1046/569/1046
f 1058/602/1058 1190/570/1190 1060/595/1060
f 1190/570/1190 1189/564/1189 1178/565/1178
f 1061/603/1061 1058/602/1058 1060/595/1060
f 1219/666/1219 1200/591/1200 1197/589/1197
f 1219/666/1219 1191/571/1191 1178/565/1178
f 1219/666/1219 1197/589/1197 1192/573/1192
f 1205/670/1205 1071/627/1071 1204/598/1204
f 1218/566/1218 1219/666/1219 1178/565/1178
f 1191/571/1191 1219/666/1219 1192/573/1192
f 1221/664/1221 1222/663/1222 1223/665/1223
f 1222/663/1222 1221/664/1221 1077/624/1077
f 1075/622/1075 1222/663/1222 1077/624/1077
f 1187/493/1187 1074/623/1074 1077/624/1077
f 1077/624/1077 1221/664/1221 1187/493/1187
f 1071/627/1071 1205/670/1205 1070/614/1070
f 1204/598/1204 1199/597/1199 1203/599/1203
f 1198/596/1198 1204/598/1204 1195/601/1195
f 1199/597/1199 1198/596/1198 1200/591/1200
f 1196/590/1196 1194/600/1194 1060/595/1060
f 1194/600/1194 1196/590/1196 1198/596/1198
f 1204/598/1204 1198/596/1198 1199/597/1199
f 1205/670/1205 1204/598/1204 1203/599/1203
f 1168/616/1168 1070/614/1070 1205/670/1205
f 1204/598/1204 1071/627/1071 1195/601/1195
f 1071/627/1071 1072/626/1072 1195/601/1195
f 1072/626/1072 1069/593/1069 1195/601/1195
f 1050/561/1050 1189/564/1189 1046/569/1046
f 1074/623/1074 1054/619/1054 1053/610/1053
f 1054/619/1054 1074/623/1074 1187/493/1187
f 1166/467/1166 1043/475/1043 1030/581/1030
f 1073/620/1073 1165/455/1165 1166/467/1166
f 1165/455/1165 1073/620/1073 1044/625/1044
f 1077/624/1077 1076/621/1076 1075/622/1075
f 1094/582/1094 1076/621/1076 1030/581/1030
f 1073/620/1073 1074/623/1074 1053/610/1053
f 1076/621/1076 1094/582/1094 1075/622/1075
f 1074/623/1074 1076/621/1076 1077/624/1077
f 1073/620/1073 1053/610/1053 1065/611/1065
f 1044/625/1044 1073/620/1073 1065/611/1065
f 1045/615/1045 1070/614/1070 1168/616/1168
f 1070/614/1070 1045/615/1045 1071/627/1071
f 1068/613/1068 1066/592/1066 1069/593/1069
f 1067/594/1067 1066/592/1066 1063/608/1063
f 1066/592/1066 1068/613/1068 1065/611/1065
f 1068/613/1068 1044/625/1044 1065/611/1065
f 1072/626/1072 1045/615/1045 1044/625/1044
f 1030/581/1030 1073/620/1073 1166/467/1166
f 1045/615/1045 1072/626/1072 1071/627/1071
f 1044/625/1044 1068/613/1068 1069/593/1069
f 1072/626/1072 1044/625/1044 1069/593/1069
f 1093/577/1093 1127/575/1127 1092/587/1092
f 1127/575/1127 1126/574/1126 1133/576/1133
f 1126/574/1126 1130/586/1130 1133/576/1133
f 1092/587/1092 1127/575/1127 1133/576/1133
f 1023/588/1023 1092/587/1092 1133/576/1133
f 1179/563/1179 1218/566/1218 1178/565/1178
f 1189/564/1189 1179/563/1179 1178/565/1178
f 1049/568/1049 1050/561/1050 1046/569/1046
f 1050/561/1050 1052/560/1052 1180/562/1180
f 1181/567/1181 1179/563/1179 1180/562/1180
f 1181/567/1181 1218/566/1218 1179/563/1179
f 1128/579/1128 1130/586/1130 1126/574/1126
f 1020/606/1020 1093/577/1093 1092/587/1092
f 1020/606/1020 1022/584/1022 1093/577/1093
f 1020/606/1020 1092/587/1092 1023/588/1023
f 1076/621/1076 1074/623/1074 1073/620/1073
f 1030/581/1030 1076/621/1076 1073/620/1073
f 1022/584/1022 1019/583/1019 1093/577/1093
f 1127/575/1127 1128/579/1128 1126/574/1126
f 1128/579/1128 1127/575/1127 1091/578/1091
f 1127/575/1127 1093/577/1093 1091/578/1091
f 1094/582/1094 1031/580/1031 1028/585/1028
f 1030/581/1030 1031/580/1031 1094/582/1094
f 1221/664/1221 1224/487/1224 1187/493/1187
f 1343/659/1343 1341/658/1341 1038/652/1038
f 1038/652/1038 1344/650/1344 1373/653/1373
f 1038/652/1038 1373/653/1373 1343/659/1343
f 1312/462/1312 1340/662/1340 1338/630/1338
f 1340/662/1340 1312/462/1312 1342/629/1342
f 1040/654/1040 1358/651/1358 1039/649/1039
f 1372/656/1372 1360/655/1360 1359/657/1359
f 1040/654/1040 1360/655/1360 1358/651/1358
f 1168/616/1168 1260/466/1260 1169/648/1169
f 1344/650/1344 1039/649/1039 1358/651/1358
f 1167/454/1167 1169/648/1169 1260/466/1260
f 1340/662/1340 1339/661/1339 1338/630/1338
f 1332/636/1332 1404/639/1404 3068/638/3068
f 1334/633/1334 1404/639/1404 1332/636/1332
f 3068/638/3068 1333/637/1333 1332/636/1332
f 1332/636/1332 1333/637/1333 1330/640/1330
f 1334/633/1334 1332/636/1332 1331/635/1331
f 1404/639/1404 1334/633/1334 1336/660/1336
f 1341/658/1341 1343/659/1343 1339/661/1339
f 1340/662/1340 1341/658/1341 1339/661/1339
f 1336/660/1336 1311/644/1311 1322/645/1322
f 1337/642/1337 1336/660/1336 1334/633/1334
f 1311/644/1311 1336/660/1336 1337/642/1337
f 1165/455/1165 1367/459/1367 1166/467/1166
f 1365/460/1365 1367/459/1367 1368/457/1368
f 1043/475/1043 1166/467/1166 1367/459/1367
f 1367/459/1367 1365/460/1365 1366/474/1366
f 1366/474/1366 1043/475/1043 1367/459/1367
f 1369/456/1369 1368/457/1368 1367/459/1367
f 1369/456/1369 1167/454/1167 1277/458/1277
f 1260/466/1260 1277/458/1277 1167/454/1167
f 1277/458/1277 1368/457/1368 1369/456/1369
f 1367/459/1367 1165/455/1165 1369/456/1369
f 1165/455/1165 1167/454/1167 1369/456/1369
f 1042/468/1042 1043/475/1043 1366/474/1366
f 1041/469/1041 1362/472/1362 1040/654/1040
f 1361/473/1361 1362/472/1362 1363/471/1363
f 1360/655/1360 1040/654/1040 1362/472/1362
f 1359/657/1359 1360/655/1360 1361/473/1361
f 1362/472/1362 1361/473/1361 1360/655/1360
f 1364/470/1364 1363/471/1363 1362/472/1362
f 1366/474/1366 1365/460/1365 1364/470/1364
f 1364/470/1364 1042/468/1042 1366/474/1366
f 1363/471/1363 1364/470/1364 1365/460/1365
f 1362/472/1362 1041/469/1041 1364/470/1364
f 1041/469/1041 1042/468/1042 1364/470/1364
f 1331/635/1331 1332/636/1332 1330/640/1330
f 1130/586/1130 1134/671/1134 1230/672/1230
f 1229/673/1229 1226/669/1226 1129/674/1129
f 1133/576/1133 1130/586/1130 1230/672/1230
f 1230/672/1230 1024/679/1024 1133/576/1133
f 1023/588/1023 1133/576/1133 1024/679/1024
f 1129/674/1129 1226/669/1226 1130/586/1130
f 1225/667/1225 1223/665/1223 1134/671/1134
f 1260/466/1260 1168/616/1168 1259/676/1259
f 1226/669/1226 1225/667/1225 1134/671/1134
f 1134/671/1134 1130/586/1130 1226/669/1226
f 1230/672/1230 1134/671/1134 1223/665/1223
f 1094/582/1094 1028/585/1028 1230/672/1230
f 1227/668/1227 1224/487/1224 1226/669/1226
f 1227/668/1227 1188/488/1188 1224/487/1224
f 1225/667/1225 1224/487/1224 1221/664/1221
f 1225/667/1225 1221/664/1221 1223/665/1223
f 1224/487/1224 1225/667/1225 1226/669/1226
f 1229/673/1229 1227/668/1227 1226/669/1226
f 1222/663/1222 1075/622/1075 1230/672/1230
f 1075/622/1075 1094/582/1094 1230/672/1230
f 1223/665/1223 1222/663/1222 1230/672/1230
f 1024/679/1024 1230/672/1230 1029/678/1029
f 1028/585/1028 1029/678/1029 1230/672/1230
f 1323/632/1323 1322/645/1322 1321/465/1321
f 1321/465/1321 1312/462/1312 1323/632/1323
f 1311/644/1311 1321/465/1321 1322/645/1322
f 1316/634/1316 1319/646/1319 1315/641/1315
f 1319/646/1319 1317/643/1317 1315/641/1315
f 1312/462/1312 1338/630/1338 1324/631/1324
f 1342/629/1342 1314/461/1314 1035/628/1035
f 1316/634/1316 1334/633/1334 1331/635/1331
f 1035/628/1035 1019/583/1019 1342/629/1342
f 1312/462/1312 1324/631/1324 1323/632/1323
f 1314/461/1314 1342/629/1342 1312/462/1312
f 1317/643/1317 1318/647/1318 1314/461/1314
f 1259/676/1259 1278/675/1278 1260/466/1260
f 1311/644/1311 1313/464/1313 1321/465/1321
f 1277/458/1277 1260/466/1260 1278/675/1278
f 1368/457/1368 1277/458/1277 1276/677/1276
f 1278/675/1278 1276/677/1276 1277/458/1277
f 1337/642/1337 1315/641/1315 1311/644/1311
f 1315/641/1315 1317/643/1317 1313/464/1313
f 1317/643/1317 1314/461/1314 1313/464/1313
f 1316/634/1316 1315/641/1315 1337/642/1337
f 1315/641/1315 1313/464/1313 1311/644/1311
f 1334/633/1334 1316/634/1316 1337/642/1337
f 1159/896/1159 1018/1051/1018 1035/628/1035
f 1090/1052/1090 1121/1042/1121 1091/578/1091
f 1018/1051/1018 1159/896/1159 1017/1038/1017
f 997/1053/997 1000/949/1000 992/987/992
f 1000/949/1000 995/982/995 992/987/992
f 1093/577/1093 1090/1052/1090 1091/578/1091
f 1090/1052/1090 1120/1034/1120 1121/1042/1121
f 1120/1034/1120 1090/1052/1090 1017/1038/1017
f 1093/577/1093 1019/583/1019 1018/1051/1018
f 1090/1052/1090 1018/1051/1018 1017/1038/1017
f 1018/1051/1018 1090/1052/1090 1093/577/1093
f 997/1053/997 992/987/992 993/988/993
f 1137/1054/1137 1089/997/1089 1228/1055/1228
f 1228/1055/1228 1185/1011/1185 1186/1056/1186
f 1188/488/1188 1227/668/1227 1186/1056/1186
f 1219/666/1219 1220/1057/1220 1201/1058/1201
f 1220/1057/1220 1219/666/1219 1213/1059/1213
f 1185/1011/1185 1228/1055/1228 1089/997/1089
f 1129/674/1129 1137/1054/1137 1229/673/1229
f 996/1060/996 997/1053/997 993/988/993
f 1229/673/1229 1228/1055/1228 1227/668/1227
f 1227/668/1227 1228/1055/1228 1186/1056/1186
f 1228/1055/1228 1229/673/1229 1137/1054/1137
f 1202/1061/1202 1210/1062/1210 1207/852/1207
f 1210/1062/1210 1202/1061/1202 1208/1063/1208
f 1210/1062/1210 1208/1063/1208 1209/1064/1209
f 1207/852/1207 1206/850/1206 1203/599/1203
f 1208/1063/1208 1202/1061/1202 1201/1058/1201
f 1202/1061/1202 1207/852/1207 1203/599/1203
f 1276/677/1276 1278/675/1278 1279/1065/1279
f 1280/1066/1280 1279/1065/1279 1278/675/1278
f 1262/862/1262 1261/1067/1261 1168/616/1168
f 1220/1057/1220 1208/1063/1208 1201/1058/1201
f 1261/1067/1261 1259/676/1259 1168/616/1168
f 1206/850/1206 1205/670/1205 1203/599/1203
f 1132/1039/1132 1128/579/1128 1123/1041/1123
f 1132/1039/1132 1135/1040/1135 1131/1068/1131
f 1128/579/1128 1132/1039/1132 1131/1068/1131
f 1128/579/1128 1121/1042/1121 1123/1041/1123
f 1091/578/1091 1121/1042/1121 1128/579/1128
f 1131/1068/1131 1135/1040/1135 1136/1015/1136
f 1199/597/1199 1202/1061/1202 1203/599/1203
f 1202/1061/1202 1199/597/1199 1200/591/1200
f 1202/1061/1202 1200/591/1200 1201/1058/1201
f 1131/1068/1131 1136/1015/1136 1128/579/1128
f 1162/897/1162 1159/896/1159 1035/628/1035
f 1208/1063/1208 1220/1057/1220 1212/1069/1212
f 1370/1070/1370 1129/674/1129 1130/586/1130
f 1130/586/1130 1128/579/1128 1370/1070/1370
f 1370/1070/1370 1128/579/1128 1136/1015/1136
f 1378/1071/1378 1358/651/1358 1360/655/1360
f 1136/1015/1136 1129/674/1129 1370/1070/1370
f 1052/560/1052 1186/1056/1186 1051/1072/1051
f 1138/991/1138 1089/997/1089 1137/1054/1137
f 1218/566/1218 1181/567/1181 1182/1073/1182
f 1138/991/1138 1137/1054/1137 1136/1015/1136
f 1186/1056/1186 1052/560/1052 1048/494/1048
f 1136/1015/1136 1137/1054/1137 1129/674/1129
f 1372/656/1372 1378/1071/1378 1360/655/1360
f 1152/853/1152 1268/946/1268 1175/869/1175
f 1152/853/1152 1236/856/1236 1268/946/1268
f 1356/929/1356 1247/872/1247 1246/843/1246
f 1353/928/1353 1246/843/1246 1240/833/1240
f 1353/928/1353 1356/929/1356 1246/843/1246
f 1236/856/1236 1270/836/1270 1268/946/1268
f 1244/842/1244 1275/950/1275 1243/840/1243
f 1371/1074/1371 1373/653/1373 1344/650/1344
f 1273/947/1273 1243/840/1243 1275/950/1275
f 1271/945/1271 1270/836/1270 1273/947/1273
f 1243/840/1243 1273/947/1273 1270/836/1270
f 1214/1017/1214 1217/1008/1217 1216/1010/1216
f 1214/1017/1214 1218/566/1218 1182/1073/1182
f 1217/1008/1217 1214/1017/1214 1182/1073/1182
f 1211/1075/1211 1214/1017/1214 1207/852/1207
f 1184/1009/1184 1217/1008/1217 1182/1073/1182
f 1211/1075/1211 1218/566/1218 1214/1017/1214
f 1212/1069/1212 1220/1057/1220 1213/1059/1213
f 1208/1063/1208 1212/1069/1212 1209/1064/1209
f 1200/591/1200 1219/666/1219 1201/1058/1201
f 1219/666/1219 1211/1075/1211 1213/1059/1213
f 1211/1075/1211 1219/666/1219 1218/566/1218
f 1212/1069/1212 1211/1075/1211 1210/1062/1210
f 1051/1072/1051 1183/1014/1183 1180/562/1180
f 1185/1011/1185 1051/1072/1051 1186/1056/1186
f 1181/567/1181 1183/1014/1183 1184/1009/1184
f 1181/567/1181 1184/1009/1184 1182/1073/1182
f 1183/1014/1183 1181/567/1181 1180/562/1180
f 1051/1072/1051 1185/1011/1185 1183/1014/1183
f 1212/1069/1212 1210/1062/1210 1209/1064/1209
f 1211/1075/1211 1212/1069/1212 1213/1059/1213
f 1210/1062/1210 1211/1075/1211 1207/852/1207
f 1048/494/1048 1188/488/1188 1186/1056/1186
f 1052/560/1052 1051/1072/1051 1180/562/1180
f 1278/675/1278 1259/676/1259 1280/1066/1280
f 1027/1076/1027 1038/652/1038 1021/1077/1021
f 1038/652/1038 1027/1076/1027 1039/649/1039
f 1038/652/1038 1039/649/1039 1344/650/1344
f 1039/649/1039 1026/1078/1026 1040/654/1040
f 1039/649/1039 1027/1076/1027 1026/1078/1026
f 1026/1078/1026 1041/469/1041 1040/654/1040
f 1048/494/1048 1047/617/1047 1187/493/1187
f 1047/617/1047 1049/568/1049 1046/569/1046
f 1167/454/1167 1165/455/1165 1044/625/1044
f 1169/648/1169 1045/615/1045 1168/616/1168
f 1044/625/1044 1045/615/1045 1169/648/1169
f 1038/652/1038 1341/658/1341 1021/1077/1021
f 1041/469/1041 1029/678/1029 1028/585/1028
f 1025/1079/1025 1029/678/1029 1026/1078/1026
f 1029/678/1029 1041/469/1041 1026/1078/1026
f 1027/1076/1027 1025/1079/1025 1026/1078/1026
f 1027/1076/1027 1021/1077/1021 1025/1079/1025
f 1029/678/1029 1025/1079/1025 1024/679/1024
f 1041/469/1041 1031/580/1031 1042/468/1042
f 1342/629/1342 1019/583/1019 1340/662/1340
f 1031/580/1031 1041/469/1041 1028/585/1028
f 1043/475/1043 1042/468/1042 1030/581/1030
f 1042/468/1042 1031/580/1031 1030/581/1030
f 1064/609/1064 1061/603/1061 1062/604/1062
f 1055/612/1055 1063/608/1063 1053/610/1053
f 1061/603/1061 1064/609/1064 1058/602/1058
f 1062/604/1062 1061/603/1061 1060/595/1060
f 1064/609/1064 1062/604/1062 1063/608/1063
f 1064/609/1064 1059/607/1059 1058/602/1058
f 1066/592/1066 1053/610/1053 1063/608/1063
f 1062/604/1062 1067/594/1067 1063/608/1063
f 1053/610/1053 1066/592/1066 1065/611/1065
f 1059/607/1059 1063/608/1063 1055/612/1055
f 1063/608/1063 1059/607/1059 1064/609/1064
f 1059/607/1059 1056/618/1056 1057/605/1057
f 1054/619/1054 1055/612/1055 1053/610/1053
f 1055/612/1055 1054/619/1054 1187/493/1187
f 1052/560/1052 1049/568/1049 1047/617/1047
f 1052/560/1052 1047/617/1047 1048/494/1048
f 1049/568/1049 1052/560/1052 1050/561/1050
f 1056/618/1056 1047/617/1047 1046/569/1046
f 1059/607/1059 1057/605/1057 1058/602/1058
f 1056/618/1056 1059/607/1059 1055/612/1055
f 1057/605/1057 1056/618/1056 1046/569/1046
f 1047/617/1047 1055/612/1055 1187/493/1187
f 1055/612/1055 1047/617/1047 1056/618/1056
f 1025/1079/1025 1021/1077/1021 1023/588/1023
f 1259/676/1259 1261/1067/1261 1281/1080/1281
f 1261/1067/1261 1288/1081/1288 1281/1080/1281
f 1288/1081/1288 1286/1082/1286 1283/1083/1283
f 1286/1082/1286 1287/940/1287 1000/949/1000
f 1281/1080/1281 1288/1081/1288 1283/1083/1283
f 1288/1081/1288 1289/939/1289 1286/1082/1286
f 1262/862/1262 1263/859/1263 1289/939/1289
f 1319/646/1319 1320/1084/1320 1317/643/1317
f 1262/862/1262 1289/939/1289 1288/1081/1288
f 1289/939/1289 1287/940/1287 1286/1082/1286
f 1261/1067/1261 1262/862/1262 1288/1081/1288
f 1286/1082/1286 1000/949/1000 997/1053/997
f 1283/1083/1283 1282/1085/1282 1281/1080/1281
f 1279/1065/1279 1282/1085/1282 1284/1086/1284
f 1280/1066/1280 1281/1080/1281 1282/1085/1282
f 1281/1080/1281 1280/1066/1280 1259/676/1259
f 1282/1085/1282 1279/1065/1279 1280/1066/1280
f 1285/1087/1285 1284/1086/1284 1282/1085/1282
f 1285/1087/1285 997/1053/997 996/1060/996
f 1283/1083/1283 1286/1082/1286 997/1053/997
f 996/1060/996 1284/1086/1284 1285/1087/1285
f 1282/1085/1282 1283/1083/1283 1285/1087/1285
f 997/1053/997 1285/1087/1285 1283/1083/1283
f 1167/454/1167 1044/625/1044 1169/648/1169
f 1018/1051/1018 1019/583/1019 1035/628/1035
f 1316/634/1316 1331/635/1331 1329/1088/1329
f 1331/635/1331 1330/640/1330 1328/1089/1328
f 1319/646/1319 1316/634/1316 1329/1088/1329
f 1021/1077/1021 1020/606/1020 1023/588/1023
f 1020/606/1020 1341/658/1341 1022/584/1022
f 1025/1079/1025 1023/588/1023 1024/679/1024
f 1341/658/1341 1020/606/1020 1021/1077/1021
f 1019/583/1019 1022/584/1022 1340/662/1340
f 1022/584/1022 1341/658/1341 1340/662/1340
f 1329/1088/1329 1331/635/1331 1328/1089/1328
f 1318/647/1318 1325/932/1325 1162/897/1162
f 1318/647/1318 1320/1084/1320 1325/932/1325
f 1314/461/1314 1318/647/1318 1162/897/1162
f 1320/1084/1320 1318/647/1318 1317/643/1317
f 1035/628/1035 1314/461/1314 1162/897/1162
f 1320/1084/1320 1326/924/1326 1325/932/1325
f 1320/1084/1320 1319/646/1319 1327/925/1327
f 1319/646/1319 1329/1088/1329 1327/925/1327
f 1327/925/1327 1329/1088/1329 1328/1089/1328
f 1320/1084/1320 1327/925/1327 1326/924/1326
f 1328/1089/1328 1357/921/1357 1327/925/1327
f 1139/880/1139 1147/888/1147 1113/1004/1113
f 797/1090/797 798/1091/798 781/1092/781
f 782/1093/782 781/1092/781 798/1091/798
f 781/1092/781 780/1094/780 797/1090/797
f 780/1094/780 779/1095/779 795/1096/795
f 796/1097/796 797/1090/797 780/1094/780
f 799/1098/799 783/1099/783 798/1091/798
f 800/1100/800 801/1101/801 784/1102/784
f 785/1103/785 784/1102/784 801/1101/801
f 784/1102/784 783/1099/783 799/1098/799
f 783/1099/783 782/1093/782 798/1091/798
f 800/1100/800 784/1102/784 799/1098/799
f 796/1097/796 780/1094/780 795/1096/795
f 792/1104/792 776/1105/776 791/1106/791
f 776/1105/776 775/1107/775 791/1106/791
f 775/1107/775 774/1108/774 790/1109/790
f 774/1108/774 773/1110/773 790/1109/790
f 791/1106/791 775/1107/775 790/1109/790
f 792/1104/792 793/1111/793 776/1105/776
f 795/1096/795 779/1095/779 794/1112/794
f 779/1095/779 778/1113/778 794/1112/794
f 778/1113/778 777/1114/777 794/1112/794
f 777/1114/777 776/1105/776 793/1111/793
f 793/1111/793 794/1112/794 777/1114/777
f 793/1111/793 792/1104/792 809/1115/809
f 809/1115/809 810/1116/810 793/1111/793
f 808/1117/808 809/1115/809 792/1104/792
f 808/1117/808 792/1104/792 807/1118/807
f 792/1104/792 791/1106/791 807/1118/807
f 794/1112/794 793/1111/793 810/1116/810
f 796/1097/796 795/1096/795 812/1119/812
f 813/1120/813 797/1090/797 812/1119/812
f 811/1121/811 812/1119/812 795/1096/795
f 810/1116/810 811/1121/811 794/1112/794
f 795/1096/795 794/1112/794 811/1121/811
f 791/1106/791 790/1109/790 806/1122/806
f 787/1123/787 786/1124/786 802/1125/802
f 788/1126/788 772/1127/772 803/1128/803
f 803/1128/803 787/1123/787 802/1125/802
f 801/1101/801 802/1125/802 785/1103/785
f 786/1124/786 785/1103/785 802/1125/802
f 772/1127/772 787/1123/787 803/1128/803
f 790/1109/790 789/1129/789 805/1130/805
f 807/1118/807 791/1106/791 806/1122/806
f 806/1122/806 790/1109/790 805/1130/805
f 805/1130/805 789/1129/789 804/1131/804
f 789/1129/789 788/1126/788 804/1131/804
f 789/1129/789 790/1109/790 773/1110/773
f 758/1132/758 757/1133/757 773/1110/773
f 774/1108/774 775/1107/775 758/1132/758
f 774/1108/774 758/1132/758 773/1110/773
f 773/1110/773 757/1133/757 772/1127/772
f 757/1133/757 756/1134/756 772/1127/772
f 759/1135/759 758/1132/758 775/1107/775
f 761/1136/761 760/1137/760 776/1105/776
f 778/1113/778 762/1138/762 777/1114/777
f 777/1114/777 761/1136/761 776/1105/776
f 775/1107/775 776/1105/776 759/1135/759
f 760/1137/760 759/1135/759 776/1105/776
f 699/1139/699 698/1140/698 756/1134/756
f 723/1141/723 722/1142/722 767/1143/767
f 769/1144/769 725/1145/725 768/1146/768
f 768/1146/768 723/1141/723 767/1143/767
f 767/1143/767 722/1142/722 766/1147/766
f 722/1142/722 719/1148/719 766/1147/766
f 725/1145/725 723/1141/723 768/1146/768
f 698/1140/698 727/1149/727 771/1150/771
f 771/1150/771 756/1134/756 698/1140/698
f 770/1151/770 771/1150/771 727/1149/727
f 770/1151/770 727/1149/727 769/1144/769
f 727/1149/727 725/1145/725 769/1144/769
f 786/1124/786 770/1151/770 785/1103/785
f 770/1151/770 769/1144/769 785/1103/785
f 769/1144/769 768/1146/768 784/1102/784
f 768/1146/768 767/1143/767 784/1102/784
f 785/1103/785 769/1144/769 784/1102/784
f 786/1124/786 787/1123/787 770/1151/770
f 788/1126/788 789/1129/789 772/1127/772
f 773/1110/773 772/1127/772 789/1129/789
f 756/1134/756 771/1150/771 772/1127/772
f 771/1150/771 770/1151/770 787/1123/787
f 787/1123/787 772/1127/772 771/1150/771
f 783/1099/783 784/1102/784 767/1143/767
f 779/1095/779 780/1094/780 763/1152/763
f 764/1153/764 763/1152/763 780/1094/780
f 763/1152/763 762/1138/762 779/1095/779
f 762/1138/762 761/1136/761 777/1114/777
f 778/1113/778 779/1095/779 762/1138/762
f 781/1092/781 765/1154/765 780/1094/780
f 782/1093/782 783/1099/783 766/1147/766
f 767/1143/767 766/1147/766 783/1099/783
f 766/1147/766 765/1154/765 781/1092/781
f 765/1154/765 764/1153/764 780/1094/780
f 782/1093/782 766/1147/766 781/1092/781
f 797/1090/797 796/1097/796 812/1119/812
f 845/1155/845 829/1156/829 844/1157/844
f 829/1156/829 828/1158/828 844/1157/844
f 828/1158/828 827/1159/827 844/1157/844
f 827/1159/827 826/1160/826 843/1161/843
f 843/1161/843 844/1157/844 827/1159/827
f 846/1162/846 830/1163/830 845/1155/845
f 847/1164/847 848/1165/848 831/1166/831
f 832/1167/832 831/1166/831 848/1165/848
f 831/1166/831 830/1163/830 847/1164/847
f 830/1163/830 829/1156/829 845/1155/845
f 846/1162/846 847/1164/847 830/1163/830
f 842/1168/842 843/1161/843 826/1160/826
f 839/1169/839 823/1170/823 838/1171/838
f 823/1170/823 822/1172/822 838/1171/838
f 822/1172/822 821/1173/821 837/1174/837
f 821/1173/821 820/1175/820 836/1176/836
f 838/1171/838 822/1172/822 837/1174/837
f 840/1177/840 824/1178/824 839/1169/839
f 841/1179/841 842/1168/842 825/1180/825
f 826/1160/826 825/1180/825 842/1168/842
f 825/1180/825 824/1178/824 840/1177/840
f 824/1178/824 823/1170/823 839/1169/839
f 841/1179/841 825/1180/825 840/1177/840
f 840/1177/840 839/1169/839 855/1181/855
f 857/1182/857 841/1179/841 856/1183/856
f 856/1183/856 840/1177/840 855/1181/855
f 855/1181/855 839/1169/839 854/1184/854
f 839/1169/839 838/1171/838 854/1184/854
f 841/1179/841 840/1177/840 856/1183/856
f 843/1161/843 842/1168/842 858/1185/858
f 860/1186/860 844/1157/844 859/1187/859
f 859/1187/859 843/1161/843 858/1185/858
f 857/1182/857 858/1185/858 841/1179/841
f 842/1168/842 841/1179/841 858/1185/858
f 838/1171/838 837/1174/837 854/1184/854
f 834/1188/834 833/1189/833 850/1190/850
f 850/1190/850 851/1191/851 834/1188/834
f 849/1192/849 850/1190/850 833/1189/833
f 848/1165/848 849/1192/849 832/1167/832
f 833/1189/833 832/1167/832 849/1192/849
f 835/1193/835 834/1188/834 851/1191/851
f 837/1174/837 836/1176/836 853/1194/853
f 853/1194/853 854/1184/854 837/1174/837
f 852/1195/852 853/1194/853 836/1176/836
f 851/1191/851 836/1176/836 835/1193/835
f 820/1175/820 835/1193/835 836/1176/836
f 837/1174/837 821/1173/821 836/1176/836
f 805/1130/805 804/1131/804 820/1175/820
f 821/1173/821 822/1172/822 805/1130/805
f 821/1173/821 805/1130/805 820/1175/820
f 804/1131/804 788/1126/788 819/1196/819
f 788/1126/788 803/1128/803 819/1196/819
f 806/1122/806 805/1130/805 822/1172/822
f 808/1117/808 807/1118/807 823/1170/823
f 824/1178/824 825/1180/825 808/1117/808
f 824/1178/824 808/1117/808 823/1170/823
f 823/1170/823 807/1118/807 822/1172/822
f 807/1118/807 806/1122/806 822/1172/822
f 803/1128/803 802/1125/802 819/1196/819
f 799/1098/799 798/1091/798 814/1197/814
f 816/1198/816 800/1100/800 815/1199/815
f 815/1199/815 799/1098/799 814/1197/814
f 814/1197/814 798/1091/798 813/1120/813
f 798/1091/798 797/1090/797 813/1120/813
f 800/1100/800 799/1098/799 815/1199/815
f 802/1125/802 801/1101/801 818/1200/818
f 818/1200/818 819/1196/819 802/1125/802
f 817/1201/817 818/1200/818 801/1101/801
f 816/1198/816 817/1201/817 800/1100/800
f 801/1101/801 800/1100/800 817/1201/817
f 832/1167/832 833/1189/833 816/1198/816
f 817/1201/817 816/1198/816 833/1189/833
f 816/1198/816 815/1199/815 831/1166/831
f 815/1199/815 814/1197/814 830/1163/830
f 832/1167/832 816/1198/816 831/1166/831
f 834/1188/834 818/1200/818 833/1189/833
f 835/1193/835 820/1175/820 819/1196/819
f 804/1131/804 819/1196/819 820/1175/820
f 819/1196/819 818/1200/818 835/1193/835
f 818/1200/818 817/1201/817 833/1189/833
f 834/1188/834 835/1193/835 818/1200/818
f 831/1166/831 815/1199/815 830/1163/830
f 826/1160/826 827/1159/827 810/1116/810
f 811/1121/811 810/1116/810 827/1159/827
f 810/1116/810 809/1115/809 826/1160/826
f 809/1115/809 808/1117/808 825/1180/825
f 825/1180/825 826/1160/826 809/1115/809
f 827/1159/827 828/1158/828 811/1121/811
f 830/1163/830 814/1197/814 829/1156/829
f 814/1197/814 813/1120/813 829/1156/829
f 813/1120/813 812/1119/812 828/1158/828
f 812/1119/812 811/1121/811 828/1158/828
f 829/1156/829 813/1120/813 828/1158/828
f 695/1202/695 166/793/166 165/790/165
f 695/1202/695 696/1203/696 166/793/166
f 694/1204/694 695/1202/695 165/790/165
f 693/1205/693 694/1204/694 164/791/164
f 694/1204/694 165/790/165 164/791/164
f 696/1203/696 167/794/167 166/793/166
f 699/1139/699 700/1206/700 697/1207/697
f 700/1206/700 699/1139/699 701/1208/701
f 698/1140/698 699/1139/699 697/1207/697
f 167/794/167 696/1203/696 152/785/152
f 681/1209/681 152/785/152 696/1203/696
f 693/1205/693 164/791/164 163/792/163
f 689/1210/689 160/798/160 688/1211/688
f 689/1210/689 690/1212/690 160/798/160
f 159/796/159 688/1211/688 160/798/160
f 158/797/158 687/1213/687 159/796/159
f 688/1211/688 159/796/159 687/1213/687
f 690/1212/690 161/800/161 160/798/160
f 692/1214/692 163/792/163 162/799/162
f 692/1214/692 693/1205/693 163/792/163
f 691/1215/691 692/1214/692 162/799/162
f 690/1212/690 691/1215/691 161/800/161
f 691/1215/691 162/799/162 161/800/161
f 716/1216/716 717/1217/717 715/1218/715
f 717/1217/717 718/1219/718 715/1218/715
f 716/1216/716 715/1218/715 714/1220/714
f 714/1220/714 713/1221/713 712/1222/712
f 713/1221/713 714/1220/714 715/1218/715
f 717/1217/717 719/1148/719 718/1219/718
f 722/1142/722 723/1141/723 721/1223/721
f 723/1141/723 724/1224/724 721/1223/721
f 722/1142/722 721/1223/721 719/1148/719
f 719/1148/719 720/1225/720 718/1219/718
f 720/1225/720 719/1148/719 721/1223/721
f 711/1226/711 712/1222/712 713/1221/713
f 703/1227/703 705/1228/705 704/1229/704
f 705/1228/705 706/1230/706 704/1229/704
f 703/1227/703 704/1229/704 701/1208/701
f 702/1231/702 701/1208/701 699/1139/699
f 702/1231/702 703/1227/703 701/1208/701
f 705/1228/705 707/1232/707 706/1230/706
f 709/1233/709 710/1234/710 711/1226/711
f 712/1222/712 711/1226/711 710/1234/710
f 710/1234/710 709/1233/709 707/1232/707
f 707/1232/707 708/1235/708 706/1230/706
f 708/1235/708 707/1232/707 709/1233/709
f 687/1213/687 158/797/158 686/1236/686
f 671/318/671 672/319/672 687/1213/687
f 672/319/672 688/1211/688 687/1213/687
f 671/318/671 687/1213/687 686/1236/686
f 670/315/670 686/1236/686 685/1237/685
f 670/315/670 671/318/671 686/1236/686
f 672/319/672 673/309/673 688/1211/688
f 690/1212/690 674/308/674 691/1215/691
f 675/306/675 691/1215/691 674/308/674
f 674/308/674 690/1212/690 673/309/673
f 673/309/673 689/1210/689 688/1211/688
f 689/1210/689 673/309/673 690/1212/690
f 669/313/669 670/315/670 685/1237/685
f 665/293/665 666/290/666 681/1209/681
f 666/290/666 682/1238/682 681/1209/681
f 649/283/649 665/293/665 664/281/664
f 664/281/664 680/830/680 663/282/663
f 680/830/680 664/281/664 665/293/665
f 682/1238/682 666/290/666 683/1239/683
f 668/317/668 669/313/669 684/1240/684
f 669/313/669 685/1237/685 684/1240/684
f 668/317/668 684/1240/684 683/1239/683
f 667/289/667 683/1239/683 666/290/666
f 667/289/667 668/317/668 683/1239/683
f 683/1239/683 154/784/154 682/1238/682
f 154/784/154 683/1239/683 155/786/155
f 153/783/153 682/1238/682 154/784/154
f 152/785/152 681/1209/681 153/783/153
f 682/1238/682 153/783/153 681/1209/681
f 684/1240/684 155/786/155 683/1239/683
f 686/1236/686 157/788/157 685/1237/685
f 157/788/157 686/1236/686 158/797/158
f 156/787/156 685/1237/685 157/788/157
f 155/786/155 684/1240/684 156/787/156
f 685/1237/685 156/787/156 684/1240/684
f 665/293/665 681/1209/681 696/1203/696
f 677/310/677 693/1205/693 692/1214/692
f 693/1205/693 677/310/677 694/1204/694
f 676/307/676 677/310/677 692/1214/692
f 675/306/675 676/307/676 691/1215/691
f 676/307/676 692/1214/692 691/1215/691
f 678/311/678 694/1204/694 677/310/677
f 680/830/680 696/1203/696 679/312/679
f 680/830/680 665/293/665 696/1203/696
f 695/1202/695 679/312/679 696/1203/696
f 694/1204/694 678/311/678 695/1202/695
f 679/312/679 695/1202/695 678/311/678
f 723/1141/723 725/1145/725 724/1224/724
f 729/1241/729 745/1242/745 744/1243/744
f 746/1244/746 755/1245/755 745/1242/745
f 744/1243/744 745/1242/745 754/1246/754
f 743/1247/743 754/1246/754 742/1248/742
f 743/1247/743 744/1243/744 754/1246/754
f 747/1249/747 755/1245/755 746/1244/746
f 751/1250/751 755/1245/755 750/1251/750
f 752/1252/752 755/1245/755 751/1250/751
f 750/1251/750 755/1245/755 749/1253/749
f 748/1254/748 755/1245/755 747/1249/747
f 749/1253/749 755/1245/755 748/1254/748
f 742/1248/742 754/1246/754 741/1255/741
f 737/1256/737 738/1257/738 750/1251/750
f 738/1257/738 751/1250/751 750/1251/750
f 737/1256/737 750/1251/750 749/1253/749
f 736/1258/736 749/1253/749 735/1259/735
f 736/1258/736 737/1256/737 749/1253/749
f 751/1250/751 738/1257/738 752/1252/752
f 741/1255/741 753/1260/753 740/1261/740
f 753/1260/753 741/1255/741 754/1246/754
f 740/1261/740 753/1260/753 739/1262/739
f 739/1262/739 752/1252/752 738/1257/738
f 752/1252/752 739/1262/739 753/1260/753
f 762/1138/762 763/1152/763 712/1222/712
f 714/1220/714 712/1222/712 763/1152/763
f 712/1222/712 710/1234/710 761/1136/761
f 710/1234/710 707/1232/707 760/1137/760
f 762/1138/762 712/1222/712 761/1136/761
f 763/1152/763 764/1153/764 714/1220/714
f 766/1147/766 719/1148/719 765/1154/765
f 719/1148/719 717/1217/717 765/1154/765
f 717/1217/717 716/1216/716 764/1153/764
f 716/1216/716 714/1220/714 764/1153/764
f 765/1154/765 717/1217/717 764/1153/764
f 761/1136/761 710/1234/710 760/1137/760
f 757/1133/757 702/1231/702 756/1134/756
f 702/1231/702 699/1139/699 756/1134/756
f 745/1242/745 755/1245/755 754/1246/754
f 753/1260/753 755/1245/755 752/1252/752
f 754/1246/754 755/1245/755 753/1260/753
f 758/1132/758 703/1227/703 757/1133/757
f 759/1135/759 760/1137/760 705/1228/705
f 707/1232/707 705/1228/705 760/1137/760
f 705/1228/705 703/1227/703 759/1135/759
f 703/1227/703 702/1231/702 757/1133/757
f 758/1132/758 759/1135/759 703/1227/703
f 735/1259/735 749/1253/749 734/1263/734
f 734/1263/734 708/1235/708 735/1259/735
f 709/1233/709 735/1259/735 708/1235/708
f 708/1235/708 734/1263/734 706/1230/706
f 706/1230/706 733/1264/733 704/1229/704
f 733/1264/733 706/1230/706 734/1263/734
f 735/1259/735 709/1233/709 736/1258/736
f 737/1256/737 713/1221/713 738/1257/738
f 715/1218/715 738/1257/738 713/1221/713
f 713/1221/713 737/1256/737 711/1226/711
f 711/1226/711 736/1258/736 709/1233/709
f 736/1258/736 711/1226/711 737/1256/737
f 732/1265/732 704/1229/704 733/1264/733
f 728/1266/728 727/1149/727 697/1207/697
f 698/1140/698 697/1207/697 727/1149/727
f 727/1149/727 728/1266/728 726/1267/726
f 725/1145/725 726/1267/726 724/1224/724
f 725/1145/725 727/1149/727 726/1267/726
f 697/1207/697 700/1206/700 729/1241/729
f 701/1208/701 704/1229/704 731/1268/731
f 704/1229/704 732/1265/732 731/1268/731
f 701/1208/701 731/1268/731 700/1206/700
f 700/1206/700 730/1269/730 729/1241/729
f 730/1269/730 700/1206/700 731/1268/731
f 730/1269/730 746/1244/746 745/1242/745
f 730/1269/730 731/1268/731 746/1244/746
f 729/1241/729 730/1269/730 745/1242/745
f 728/1266/728 697/1207/697 744/1243/744
f 697/1207/697 729/1241/729 744/1243/744
f 731/1268/731 747/1249/747 746/1244/746
f 734/1263/734 748/1254/748 733/1264/733
f 748/1254/748 734/1263/734 749/1253/749
f 733/1264/733 748/1254/748 747/1249/747
f 732/1265/732 747/1249/747 731/1268/731
f 732/1265/732 733/1264/733 747/1249/747
f 728/1266/728 744/1243/744 743/1247/743
f 720/1225/720 740/1261/740 739/1262/739
f 720/1225/720 721/1223/721 740/1261/740
f 718/1219/718 720/1225/720 739/1262/739
f 715/1218/715 718/1219/718 738/1257/738
f 718/1219/718 739/1262/739 738/1257/738
f 721/1223/721 741/1255/741 740/1261/740
f 726/1267/726 743/1247/743 742/1248/742
f 726/1267/726 728/1266/728 743/1247/743
f 724/1224/724 726/1267/726 742/1248/742
f 721/1223/721 724/1224/724 741/1255/741
f 724/1224/724 742/1248/742 741/1255/741
f 844/1157/844 843/1161/843 859/1187/859
f 943/1270/943 964/1271/964 963/1272/963
f 869/1273/869 943/1270/943 963/1272/963
f 964/1271/964 946/1274/946 913/1275/913
f 963/1272/963 964/1271/964 912/1276/912
f 946/1274/946 891/1277/891 913/1275/913
f 940/1278/940 943/1270/943 869/1273/869
f 917/1279/917 915/1280/915 1248/863/1248
f 1248/863/1248 1249/871/1249 917/1279/917
f 915/1280/915 916/1281/916 1248/863/1248
f 939/1282/939 940/1278/940 869/1273/869
f 943/1270/943 946/1274/946 964/1271/964
f 964/1271/964 913/1275/913 912/1276/912
f 868/1283/868 871/1284/871 960/1285/960
f 962/1286/962 868/1283/868 960/1285/960
f 871/1284/871 870/1287/870 907/1288/907
f 960/1285/960 871/1284/871 905/1289/905
f 870/1287/870 909/1290/909 907/1288/907
f 868/1283/868 962/1286/962 938/1291/938
f 870/1287/870 963/1272/963 912/1276/912
f 869/1273/869 963/1272/963 870/1287/870
f 912/1276/912 909/1290/909 870/1287/870
f 938/1291/938 939/1282/939 868/1283/868
f 939/1282/939 869/1273/869 868/1283/868
f 938/1291/938 937/1292/937 1253/1293/1253
f 1253/1293/1253 1254/1294/1254 938/1291/938
f 1237/857/1237 1235/855/1235 1252/1295/1252
f 1252/1295/1252 1253/1293/1253 936/1296/936
f 1235/855/1235 1253/1293/1253 1252/1295/1252
f 1254/1294/1254 1253/1293/1253 1235/855/1235
f 1255/1297/1255 1254/1294/1254 1143/858/1143
f 1255/1297/1255 1143/858/1143 1142/875/1142
f 1254/1294/1254 1255/1297/1255 939/1282/939
f 1235/855/1235 1143/858/1143 1254/1294/1254
f 939/1282/939 938/1291/938 1254/1294/1254
f 1253/1293/1253 937/1292/937 936/1296/936
f 1232/846/1232 1233/834/1233 1250/1298/1250
f 1251/1299/1251 1232/846/1232 1250/1298/1250
f 918/1300/918 1251/1299/1251 935/1301/935
f 918/1300/918 917/1279/917 1249/871/1249
f 1251/1299/1251 1250/1298/1250 935/1301/935
f 1249/871/1249 1251/1299/1251 918/1300/918
f 1233/834/1233 1237/857/1237 1250/1298/1250
f 1252/1295/1252 936/1296/936 935/1301/935
f 1237/857/1237 1252/1295/1252 1250/1298/1250
f 1232/846/1232 1251/1299/1251 1249/871/1249
f 1250/1298/1250 1252/1295/1252 935/1301/935
f 871/1284/871 907/1288/907 905/1289/905
f 953/1302/953 952/1303/952 900/1304/900
f 901/1305/901 953/1302/953 900/1304/900
f 900/1304/900 952/1303/952 951/1306/951
f 923/1307/923 872/1308/872 950/1309/950
f 951/1306/951 899/1310/899 900/1304/900
f 954/1311/954 953/1302/953 901/1305/901
f 955/1312/955 951/1306/951 952/1303/952
f 952/1303/952 956/1313/956 955/1312/955
f 888/1314/888 933/1315/933 902/1316/902
f 902/1316/902 954/1311/954 901/1305/901
f 933/1315/933 954/1311/954 902/1316/902
f 872/1308/872 896/1317/896 950/1309/950
f 923/1307/923 950/1309/950 949/1318/949
f 920/1319/920 923/1307/923 949/1318/949
f 949/1318/949 950/1309/950 945/1320/945
f 916/1281/916 920/1319/920 942/1321/942
f 950/1309/950 948/1322/948 945/1320/945
f 891/1277/891 946/1274/946 947/1323/947
f 896/1317/896 894/1324/894 948/1322/948
f 950/1309/950 896/1317/896 948/1322/948
f 948/1322/948 894/1324/894 947/1323/947
f 947/1323/947 889/1325/889 891/1277/891
f 894/1324/894 889/1325/889 947/1323/947
f 959/1326/959 960/1285/960 904/1327/904
f 959/1326/959 951/1306/951 955/1312/955
f 960/1285/960 905/1289/905 904/1327/904
f 904/1327/904 899/1310/899 951/1306/951
f 951/1306/951 959/1326/959 904/1327/904
f 955/1312/955 961/1328/961 959/1326/959
f 961/1328/961 962/1286/962 959/1326/959
f 938/1291/938 962/1286/962 961/1328/961
f 962/1286/962 960/1285/960 959/1326/959
f 961/1328/961 955/1312/955 937/1292/937
f 937/1292/937 938/1291/938 961/1328/961
f 935/1301/935 958/1329/958 934/1330/934
f 956/1313/956 936/1296/936 937/1292/937
f 936/1296/936 956/1313/956 957/1331/957
f 937/1292/937 955/1312/955 956/1313/956
f 957/1331/957 956/1313/956 952/1303/952
f 953/1302/953 957/1331/957 952/1303/952
f 958/1329/958 957/1331/957 953/1302/953
f 936/1296/936 957/1331/957 958/1329/958
f 958/1329/958 935/1301/935 936/1296/936
f 933/1315/933 934/1330/934 954/1311/954
f 954/1311/954 958/1329/958 953/1302/953
f 934/1330/934 958/1329/958 954/1311/954
f 1256/1332/1256 940/1278/940 939/1282/939
f 1391/1333/1391 1393/1334/1393 1377/1335/1377
f 1395/1336/1395 1371/1074/1371 1378/1071/1378
f 1393/1334/1393 1372/656/1372 1392/1337/1392
f 1393/1334/1393 1392/1337/1392 1377/1335/1377
f 1372/656/1372 1393/1334/1393 1378/1071/1378
f 1371/1074/1371 1394/1338/1394 1373/653/1373
f 1393/1334/1393 1395/1336/1395 1378/1071/1378
f 1395/1336/1395 1393/1334/1393 1389/1339/1389
f 1389/1339/1389 1393/1334/1393 1391/1333/1391
f 1394/1338/1394 1395/1336/1395 1389/1339/1389
f 1395/1336/1395 1394/1338/1394 1371/1074/1371
f 1388/1340/1388 1391/1333/1391 1390/1341/1390
f 1386/1342/1386 1388/1340/1388 1390/1341/1390
f 1386/1342/1386 1385/1343/1385 1388/1340/1388
f 1382/1344/1382 1381/491/1381 1380/1345/1380
f 1380/1345/1380 1381/491/1381 1376/490/1376
f 1381/491/1381 1382/1344/1382 1375/492/1375
f 1387/1346/1387 1386/1342/1386 1390/1341/1390
f 1401/1347/1401 1389/1339/1389 1388/1340/1388
f 1390/1341/1390 1391/1333/1391 1377/1335/1377
f 1388/1340/1388 1389/1339/1389 1391/1333/1391
f 1385/1343/1385 1401/1347/1401 1388/1340/1388
f 1375/492/1375 1401/1347/1401 1385/1343/1385
f 1399/1348/1399 1401/1347/1401 1375/492/1375
f 1401/1347/1401 1399/1348/1399 1402/1349/1402
f 1402/1349/1402 1399/1348/1399 1379/1350/1379
f 1323/632/1323 1396/1351/1396 1400/1352/1400
f 1401/1347/1401 1402/1349/1402 1389/1339/1389
f 1394/1338/1394 1343/659/1343 1373/653/1373
f 1394/1338/1394 1402/1349/1402 1379/1350/1379
f 1402/1349/1402 1394/1338/1394 1389/1339/1389
f 1394/1338/1394 1398/1353/1398 1343/659/1343
f 1343/659/1343 1398/1353/1398 1339/661/1339
f 1398/1353/1398 1394/1338/1394 1379/1350/1379
f 1400/1352/1400 1396/1351/1396 1379/1350/1379
f 1397/1354/1397 1396/1351/1396 1324/631/1324
f 1339/661/1339 1397/1354/1397 1338/630/1338
f 1396/1351/1396 1397/1354/1397 1379/1350/1379
f 1397/1354/1397 1324/631/1324 1338/630/1338
f 1324/631/1324 1396/1351/1396 1323/632/1323
f 1397/1354/1397 1398/1353/1398 1379/1350/1379
f 1399/1348/1399 1400/1352/1400 1379/1350/1379
f 1400/1352/1400 1399/1348/1399 1382/1344/1382
f 1382/1344/1382 1399/1348/1399 1375/492/1375
f 1339/661/1339 1398/1353/1398 1397/1354/1397
f 1400/1352/1400 1382/1344/1382 1323/632/1323
f 1382/1344/1382 1380/1345/1380 1323/632/1323
f 1492/1355/1492 1493/1356/1493 1403/1357/1403
f 1425/1358/1425 1495/1359/1495 1380/1345/1380
f 1493/1356/1493 1488/1360/1488 3046/1361/3046
f 1491/1362/1491 1380/1345/1380 1495/1359/1495
f 3046/1361/3046 1403/1357/1403 1493/1356/1493
f 1425/1358/1425 1380/1345/1380 1417/1363/1417
f 1385/1343/1385 1386/1342/1386 1421/1364/1421
f 1421/1364/1421 1375/492/1375 1385/1343/1385
f 1487/1365/1487 1425/1358/1425 1417/1363/1417
f 3049/1366/3049 1494/1367/1494 1487/1365/1487
f 1417/1363/1417 3049/1366/3049 1487/1365/1487
f 1322/645/1322 1380/1345/1380 1491/1362/1491
f 1257/873/1257 1256/1332/1256 1142/875/1142
f 941/1368/941 940/1278/940 1257/873/1257
f 1256/1332/1256 1257/873/1257 940/1278/940
f 1255/1297/1255 1256/1332/1256 939/1282/939
f 1142/875/1142 1256/1332/1256 1255/1297/1255
f 1257/873/1257 1258/864/1258 941/1368/941
f 1403/1357/1403 1322/645/1322 1492/1355/1492
f 1491/1362/1491 1492/1355/1492 1322/645/1322
f 1258/864/1258 1248/863/1248 916/1281/916
f 1258/864/1258 942/1321/942 941/1368/941
f 916/1281/916 942/1321/942 1258/864/1258
f 3067/1369/3067 1417/1363/1417 1380/1345/1380
f 3066/1370/3066 1383/1371/1383 1374/1372/1374
f 1380/1345/1380 1376/490/1376 3067/1369/3067
f 1336/660/1336 1403/1357/1403 3057/1373/3057
f 3057/1373/3057 1404/639/1404 1336/660/1336
f 1420/1374/1420 3066/1370/3066 1374/1372/1374
f 1344/650/1344 1358/651/1358 1371/1074/1371
f 1380/1345/1380 1322/645/1322 1323/632/1323
f 1371/1074/1371 1358/651/1358 1378/1071/1378
f 1374/1372/1374 1418/1375/1418 3059/1376/3059
f 3059/1376/3059 1420/1374/1420 1374/1372/1374
f 1403/1357/1403 1336/660/1336 1322/645/1322
f 1376/490/1376 1421/1364/1421 1422/1377/1422
f 1422/1377/1422 1421/1364/1421 1386/1342/1386
f 1422/1377/1422 1383/1371/1383 3063/1378/3063
f 1375/492/1375 1421/1364/1421 1376/490/1376
f 3063/1378/3063 1376/490/1376 1422/1377/1422
f 1423/1379/1423 1424/1380/1424 1387/1346/1387
f 1386/1342/1386 1387/1346/1387 1424/1380/1424
f 1424/1380/1424 1422/1377/1422 1386/1342/1386
f 1422/1377/1422 1424/1380/1424 1383/1371/1383
f 1424/1380/1424 1423/1379/1423 1374/1372/1374
f 1383/1371/1383 1424/1380/1424 1374/1372/1374
f 886/1381/886 887/1382/887 885/1383/885
f 884/1384/884 886/1381/886 885/1383/885
f 883/1385/883 884/1384/884 882/1386/882
f 881/1387/881 883/1385/883 882/1386/882
f 884/1384/884 885/1383/885 882/1386/882
f 886/1381/886 888/1314/888 887/1382/887
f 894/1324/894 893/1388/893 889/1325/889
f 895/1389/895 893/1388/893 894/1324/894
f 893/1388/893 892/1390/892 889/1325/889
f 890/1391/890 891/1277/891 889/1325/889
f 889/1325/889 892/1390/892 890/1391/890
f 882/1386/882 880/1392/880 881/1387/881
f 873/1393/873 874/1394/874 872/1308/872
f 875/1395/875 873/1393/873 872/1308/872
f 870/1287/870 871/1284/871 868/1283/868
f 852/1195/852 867/1396/867 183/827/183
f 869/1273/869 870/1287/870 868/1283/868
f 876/1397/876 873/1393/873 875/1395/875
f 880/1392/880 878/1398/878 879/1399/879
f 881/1387/881 880/1392/880 879/1399/879
f 879/1399/879 878/1398/878 877/1400/877
f 877/1400/877 876/1397/876 875/1395/875
f 878/1398/878 876/1397/876 877/1400/877
f 878/1398/878 56/552/56 55/444/55
f 876/1397/876 878/1398/878 55/444/55
f 873/1393/873 876/1397/876 54/442/54
f 874/1394/874 873/1393/873 53/441/53
f 876/1397/876 55/444/55 54/442/54
f 880/1392/880 57/553/57 56/552/56
f 59/555/59 58/554/58 882/1386/882
f 882/1386/882 885/1383/885 59/555/59
f 880/1392/880 882/1386/882 58/554/58
f 878/1398/878 880/1392/880 56/552/56
f 58/554/58 57/553/57 880/1392/880
f 873/1393/873 54/442/54 53/441/53
f 50/437/50 49/439/49 890/1391/890
f 892/1390/892 50/437/50 890/1391/890
f 872/1308/872 874/1394/874 896/1317/896
f 896/1317/896 895/1389/895 894/1324/894
f 874/1394/874 895/1389/895 896/1317/896
f 51/436/51 50/437/50 892/1390/892
f 53/441/53 52/440/52 895/1389/895
f 874/1394/874 53/441/53 895/1389/895
f 895/1389/895 52/440/52 893/1388/893
f 893/1388/893 51/436/51 892/1390/892
f 52/440/52 51/436/51 893/1388/893
f 168/795/168 852/1195/852 183/827/183
f 836/1176/836 851/1191/851 867/1396/867
f 168/795/168 169/801/169 852/1195/852
f 852/1195/852 836/1176/836 867/1396/867
f 867/1396/867 851/1191/851 866/1401/866
f 851/1191/851 850/1190/850 866/1401/866
f 853/1194/853 852/1195/852 169/801/169
f 855/1181/855 854/1184/854 171/823/171
f 171/823/171 172/825/172 855/1181/855
f 170/824/170 171/823/171 854/1184/854
f 169/801/169 170/824/170 853/1194/853
f 854/1184/854 853/1194/853 170/824/170
f 850/1190/850 849/1192/849 866/1401/866
f 846/1162/846 845/1155/845 862/1402/862
f 862/1402/862 863/1403/863 846/1162/846
f 861/1404/861 862/1402/862 845/1155/845
f 860/1186/860 861/1404/861 844/1157/844
f 845/1155/845 844/1157/844 861/1404/861
f 847/1164/847 846/1162/846 863/1403/863
f 849/1192/849 848/1165/848 865/1405/865
f 865/1405/865 866/1401/866 849/1192/849
f 864/1406/864 865/1405/865 848/1165/848
f 863/1403/863 864/1406/864 847/1164/847
f 848/1165/848 847/1164/847 864/1406/864
f 180/820/180 864/1406/864 179/821/179
f 864/1406/864 863/1403/863 179/821/179
f 863/1403/863 862/1402/862 178/818/178
f 862/1402/862 861/1404/861 177/816/177
f 179/821/179 863/1403/863 178/818/178
f 181/829/181 865/1405/865 180/820/180
f 183/827/183 867/1396/867 182/828/182
f 867/1396/867 866/1401/866 182/828/182
f 866/1401/866 865/1405/865 181/829/181
f 865/1405/865 864/1406/864 180/820/180
f 182/828/182 866/1401/866 181/829/181
f 178/818/178 862/1402/862 177/816/177
f 173/826/173 174/822/174 857/1182/857
f 858/1185/858 857/1182/857 174/822/174
f 857/1182/857 856/1183/856 173/826/173
f 856/1183/856 855/1181/855 172/825/172
f 172/825/172 173/826/173 856/1183/856
f 174/822/174 175/819/175 858/1185/858
f 177/816/177 861/1404/861 176/817/176
f 861/1404/861 860/1186/860 176/817/176
f 860/1186/860 859/1187/859 176/817/176
f 859/1187/859 858/1185/858 175/819/175
f 175/819/175 176/817/176 859/1187/859
f 60/551/60 59/555/59 885/1383/885
f 879/1399/879 877/1400/877 924/1407/924
f 927/1408/927 879/1399/879 924/1407/924
f 924/1407/924 877/1400/877 922/1409/922
f 922/1409/922 875/1395/875 923/1307/923
f 877/1400/877 875/1395/875 922/1409/922
f 881/1387/881 879/1399/879 927/1408/927
f 884/1384/884 883/1385/883 929/1410/929
f 929/1410/929 930/1411/930 884/1384/884
f 928/1412/928 929/1410/929 883/1385/883
f 928/1412/928 881/1387/881 927/1408/927
f 883/1385/883 881/1387/881 928/1412/928
f 875/1395/875 872/1308/872 923/1307/923
f 921/1413/921 924/1407/924 919/1414/919
f 925/1415/925 921/1413/921 917/1279/917
f 924/1407/924 922/1409/922 919/1414/919
f 922/1409/922 923/1307/923 920/1319/920
f 919/1414/919 922/1409/922 920/1319/920
f 926/1416/926 925/1415/925 917/1279/917
f 928/1412/928 927/1408/927 925/1415/925
f 926/1416/926 928/1412/928 925/1415/925
f 925/1415/925 927/1408/927 921/1413/921
f 918/1300/918 926/1416/926 917/1279/917
f 927/1408/927 924/1407/924 921/1413/921
f 941/1368/941 945/1320/945 944/1417/944
f 946/1274/946 943/1270/943 944/1417/944
f 944/1417/944 940/1278/940 941/1368/941
f 933/1315/933 932/1418/932 934/1330/934
f 940/1278/940 944/1417/944 943/1270/943
f 944/1417/944 947/1323/947 946/1274/946
f 942/1321/942 949/1318/949 941/1368/941
f 920/1319/920 949/1318/949 942/1321/942
f 949/1318/949 945/1320/945 941/1368/941
f 947/1323/947 944/1417/944 945/1320/945
f 945/1320/945 948/1322/948 947/1323/947
f 918/1300/918 935/1301/935 934/1330/934
f 930/1411/930 929/1410/929 931/1419/931
f 886/1381/886 884/1384/884 930/1411/930
f 931/1419/931 926/1416/926 918/1300/918
f 929/1410/929 928/1412/928 926/1416/926
f 926/1416/926 931/1419/931 929/1410/929
f 930/1411/930 932/1418/932 886/1381/886
f 931/1419/931 934/1330/934 932/1418/932
f 934/1330/934 931/1419/931 918/1300/918
f 932/1418/932 930/1411/930 931/1419/931
f 888/1314/888 886/1381/886 932/1418/932
f 932/1418/932 933/1315/933 888/1314/888
f 917/1279/917 921/1413/921 915/1280/915
f 899/1310/899 904/1327/904 903/1420/903
f 905/1289/905 906/1421/906 903/1420/903
f 903/1420/903 898/1422/898 899/1310/899
f 902/1316/902 897/1423/897 887/1382/887
f 887/1382/887 888/1314/888 902/1316/902
f 904/1327/904 905/1289/905 903/1420/903
f 909/1290/909 910/1424/910 908/1425/908
f 911/1426/911 910/1424/910 909/1290/909
f 907/1288/907 909/1290/909 908/1425/908
f 905/1289/905 907/1288/907 906/1421/906
f 908/1425/908 906/1421/906 907/1288/907
f 897/1423/897 902/1316/902 901/1305/901
f 887/1382/887 897/1423/897 62/544/62
f 63/542/63 62/544/62 897/1423/897
f 62/544/62 61/545/61 887/1382/887
f 885/1383/885 887/1382/887 60/551/60
f 61/545/61 60/551/60 887/1382/887
f 64/543/64 63/542/63 897/1423/897
f 901/1305/901 900/1304/900 898/1422/898
f 897/1423/897 901/1305/901 898/1422/898
f 898/1422/898 900/1304/900 899/1310/899
f 897/1423/897 898/1422/898 64/543/64
f 898/1422/898 65/546/65 64/543/64
f 906/1421/906 70/557/70 71/558/71
f 906/1421/906 71/558/71 72/559/72
f 70/557/70 906/1421/906 908/1425/908
f 890/1391/890 49/439/49 69/548/69
f 908/1425/908 67/550/67 70/557/70
f 72/559/72 903/1420/903 906/1421/906
f 915/1280/915 919/1414/919 916/1281/916
f 921/1413/921 919/1414/919 915/1280/915
f 919/1414/919 920/1319/920 916/1281/916
f 903/1420/903 72/559/72 65/546/65
f 65/546/65 898/1422/898 903/1420/903
f 69/548/69 914/1427/914 890/1391/890
f 891/1277/891 890/1391/890 914/1427/914
f 913/1275/913 891/1277/891 914/1427/914
f 912/1276/912 913/1275/913 911/1426/911
f 909/1290/909 912/1276/912 911/1426/911
f 913/1275/913 914/1427/914 911/1426/911
f 67/550/67 908/1425/908 910/1424/910
f 68/547/68 911/1426/911 914/1427/914
f 914/1427/914 69/548/69 68/547/68
f 911/1426/911 68/547/68 66/549/66
f 910/1424/910 66/549/66 67/550/67
f 66/549/66 910/1424/910 911/1426/911
f 2891/612/2891 2892/619/2892 2890/610/2890
f 1901/200/1901 1900/198/1900 1915/59/1915
f 1916/53/1916 1902/199/1902 1901/200/1901
f 1916/53/1916 1901/200/1901 1915/59/1915
f 1899/201/1899 1898/209/1898 1914/60/1914
f 1915/59/1915 1900/198/1900 1899/201/1899
f 1916/53/1916 1917/49/1917 1902/199/1902
f 1905/189/1905 1904/205/1904 1917/49/1917
f 1919/47/1919 1906/188/1906 1918/48/1918
f 1918/48/1918 1905/189/1905 1917/49/1917
f 1903/206/1903 1902/199/1902 1917/49/1917
f 1917/49/1917 1904/205/1904 1903/206/1903
f 1915/59/1915 1899/201/1899 1914/60/1914
f 1911/56/1911 1893/194/1893 1910/55/1910
f 1893/194/1893 1891/193/1891 1910/55/1910
f 1891/193/1891 1889/192/1889 1910/55/1910
f 1889/192/1889 1887/191/1887 1909/54/1909
f 1909/54/1909 1910/55/1910 1889/192/1889
f 1912/61/1912 1895/208/1895 1911/56/1911
f 1913/50/1913 1914/60/1914 1897/62/1897
f 1898/209/1898 1897/62/1897 1914/60/1914
f 1865/207/1865 1895/208/1895 1912/61/1912
f 1895/208/1895 1893/194/1893 1911/56/1911
f 1897/62/1897 1865/207/1865 1912/61/1912
f 1923/44/1923 1917/49/1917 1916/53/1916
f 1923/44/1923 1918/48/1918 1917/49/1917
f 1923/44/1923 1916/53/1916 1915/59/1915
f 1923/44/1923 1914/60/1914 1913/50/1913
f 1923/44/1923 1915/59/1915 1914/60/1914
f 1923/44/1923 1919/47/1919 1918/48/1918
f 1923/44/1923 1913/50/1913 1922/46/1922
f 1867/19/1867 1870/52/1870 1924/15/1924
f 1923/44/1923 1922/46/1922 1921/43/1921
f 1923/44/1923 1920/45/1920 1919/47/1919
f 1923/44/1923 1921/43/1921 1920/45/1920
f 1913/50/1913 1897/62/1897 1912/61/1912
f 1920/45/1920 1921/43/1921 1907/57/1907
f 1908/58/1908 1907/57/1907 1921/43/1921
f 1907/57/1907 1906/188/1906 1920/45/1920
f 1906/188/1906 1905/189/1905 1918/48/1918
f 1919/47/1919 1920/45/1920 1906/188/1906
f 1921/43/1921 1909/54/1909 1908/58/1908
f 1922/46/1922 1913/50/1913 1911/56/1911
f 1912/61/1912 1911/56/1911 1913/50/1913
f 1922/46/1922 1911/56/1911 1910/55/1910
f 1921/43/1921 1922/46/1922 1909/54/1909
f 1910/55/1910 1909/54/1909 1922/46/1922
f 1908/58/1908 1909/54/1909 1887/191/1887
f 1890/64/1890 1888/63/1888 1889/192/1889
f 1889/192/1889 1891/193/1891 1890/64/1890
f 1887/191/1887 1889/192/1889 1888/63/1888
f 1885/187/1885 1887/191/1887 1886/65/1886
f 1888/63/1888 1886/65/1886 1887/191/1887
f 1892/66/1892 1890/64/1890 1891/193/1891
f 1896/42/1896 1894/67/1894 1895/208/1895
f 1895/208/1895 1865/207/1865 1896/42/1896
f 1893/194/1893 1895/208/1895 1894/67/1894
f 1891/193/1891 1893/194/1893 1892/66/1892
f 1894/67/1894 1892/66/1892 1893/194/1893
f 1886/65/1886 1884/68/1884 1883/186/1883
f 1878/69/1878 1876/70/1876 1875/203/1875
f 1877/204/1877 1879/195/1879 1878/69/1878
f 1877/204/1877 1878/69/1878 1875/203/1875
f 1875/203/1875 1876/70/1876 1873/197/1873
f 1876/70/1876 1874/71/1874 1873/197/1873
f 1880/72/1880 1878/69/1878 1879/195/1879
f 1884/68/1884 1882/73/1882 1883/186/1883
f 1885/187/1885 1886/65/1886 1883/186/1883
f 1881/190/1881 1883/186/1883 1882/73/1882
f 1879/195/1879 1881/190/1881 1880/72/1880
f 1882/73/1882 1880/72/1880 1881/190/1881
f 1904/205/1904 1905/189/1905 1879/195/1879
f 1881/190/1881 1879/195/1879 1905/189/1905
f 1879/195/1879 1877/204/1877 1904/205/1904
f 1877/204/1877 1875/203/1875 1903/206/1903
f 1903/206/1903 1904/205/1904 1877/204/1877
f 1905/189/1905 1906/188/1906 1881/190/1881
f 1907/57/1907 1908/58/1908 1885/187/1885
f 1887/191/1887 1885/187/1885 1908/58/1908
f 1885/187/1885 1883/186/1883 1906/188/1906
f 1883/186/1883 1881/190/1881 1906/188/1906
f 1907/57/1907 1885/187/1885 1906/188/1906
f 1902/199/1902 1903/206/1903 1875/203/1875
f 1898/209/1898 1899/201/1899 1866/210/1866
f 1869/202/1869 1866/210/1866 1899/201/1899
f 1866/210/1866 1865/207/1865 1897/62/1897
f 1868/21/1868 1896/42/1896 1865/207/1865
f 1898/209/1898 1866/210/1866 1897/62/1897
f 1900/198/1900 1871/196/1871 1899/201/1899
f 1901/200/1901 1902/199/1902 1873/197/1873
f 1875/203/1875 1873/197/1873 1902/199/1902
f 1873/197/1873 1871/196/1871 1900/198/1900
f 1871/196/1871 1869/202/1869 1899/201/1899
f 1901/200/1901 1873/197/1873 1900/198/1900
f 1870/52/1870 1925/18/1925 1924/15/1924
f 1957/29/1957 1941/16/1941 1956/28/1956
f 1940/17/1940 1956/28/1956 1941/16/1941
f 1924/15/1924 1941/16/1941 1939/20/1939
f 1939/20/1939 1955/40/1955 1938/22/1938
f 1955/40/1955 1939/20/1939 1941/16/1941
f 1956/28/1956 1940/17/1940 1958/27/1958
f 1943/25/1943 1944/7/1944 1959/30/1959
f 1944/7/1944 1960/33/1960 1959/30/1959
f 1943/25/1943 1959/30/1959 1958/27/1958
f 1942/26/1942 1958/27/1958 1940/17/1940
f 1942/26/1942 1943/25/1943 1958/27/1958
f 1954/41/1954 1938/22/1938 1955/40/1955
f 1950/12/1950 1934/9/1934 1951/38/1951
f 1935/36/1935 1951/38/1951 1934/9/1934
f 1934/9/1934 1950/12/1950 1949/11/1949
f 1933/10/1933 1949/11/1949 1948/8/1948
f 1933/10/1933 1934/9/1934 1949/11/1949
f 1951/38/1951 1935/36/1935 1952/34/1952
f 1937/37/1937 1938/22/1938 1953/39/1953
f 1938/22/1938 1954/41/1954 1953/39/1953
f 1937/37/1937 1953/39/1953 1952/34/1952
f 1936/35/1936 1952/34/1952 1935/36/1935
f 1936/35/1936 1937/37/1937 1952/34/1952
f 1952/34/1952 1968/115/1968 1967/116/1967
f 1968/115/1968 1952/34/1952 1969/93/1969
f 1951/38/1951 1952/34/1952 1967/116/1967
f 1950/12/1950 1951/38/1951 1966/120/1966
f 1951/38/1951 1967/116/1967 1966/120/1966
f 1953/39/1953 1969/93/1969 1952/34/1952
f 1955/40/1955 1971/88/1971 1970/91/1970
f 1955/40/1955 1941/16/1941 1971/88/1971
f 1954/41/1954 1955/40/1955 1970/91/1970
f 1969/93/1969 1953/39/1953 1970/91/1970
f 1954/41/1954 1970/91/1970 1953/39/1953
f 1950/12/1950 1966/120/1966 1949/11/1949
f 1946/2/1946 1962/32/1962 1945/5/1945
f 1946/2/1946 1947/3/1947 1962/32/1962
f 1961/31/1961 1945/5/1945 1962/32/1962
f 1960/33/1960 1944/7/1944 1961/31/1961
f 1945/5/1945 1961/31/1961 1944/7/1944
f 1947/3/1947 1963/118/1963 1962/32/1962
f 1949/11/1949 1965/119/1965 1964/117/1964
f 1965/119/1965 1949/11/1949 1966/120/1966
f 1948/8/1948 1949/11/1949 1964/117/1964
f 1947/3/1947 1948/8/1948 1963/118/1963
f 1948/8/1948 1964/117/1964 1963/118/1963
f 1932/13/1932 1933/10/1933 1948/8/1948
f 1886/65/1886 1933/10/1933 1932/13/1932
f 1886/65/1886 1888/63/1888 1933/10/1933
f 1884/68/1884 1886/65/1886 1932/13/1932
f 1931/4/1931 1882/73/1882 1932/13/1932
f 1884/68/1884 1932/13/1932 1882/73/1882
f 1888/63/1888 1934/9/1934 1933/10/1933
f 1892/66/1892 1936/35/1936 1935/36/1935
f 1892/66/1892 1894/67/1894 1936/35/1936
f 1890/64/1890 1892/66/1892 1935/36/1935
f 1934/9/1934 1888/63/1888 1935/36/1935
f 1890/64/1890 1935/36/1935 1888/63/1888
f 1882/73/1882 1931/4/1931 1880/72/1880
f 1874/71/1874 1927/24/1927 1872/51/1872
f 1927/24/1927 1874/71/1874 1928/14/1928
f 1926/23/1926 1872/51/1872 1927/24/1927
f 1925/18/1925 1870/52/1870 1926/23/1926
f 1872/51/1872 1926/23/1926 1870/52/1870
f 1876/70/1876 1928/14/1928 1874/71/1874
f 1880/72/1880 1930/1/1930 1929/6/1929
f 1930/1/1930 1880/72/1880 1931/4/1931
f 1878/69/1878 1880/72/1880 1929/6/1929
f 1876/70/1876 1878/69/1878 1928/14/1928
f 1878/69/1878 1929/6/1929 1928/14/1928
f 1928/14/1928 1929/6/1929 1944/7/1944
f 1929/6/1929 1945/5/1945 1944/7/1944
f 1928/14/1928 1944/7/1944 1927/24/1927
f 1927/24/1927 1943/25/1943 1926/23/1926
f 1943/25/1943 1927/24/1927 1944/7/1944
f 1929/6/1929 1930/1/1930 1945/5/1945
f 1947/3/1947 1931/4/1931 1948/8/1948
f 1932/13/1932 1948/8/1948 1931/4/1931
f 1931/4/1931 1947/3/1947 1930/1/1930
f 1930/1/1930 1946/2/1946 1945/5/1945
f 1946/2/1946 1930/1/1930 1947/3/1947
f 1942/26/1942 1926/23/1926 1943/25/1943
f 1896/42/1896 1868/21/1868 1938/22/1938
f 1868/21/1868 1939/20/1939 1938/22/1938
f 1896/42/1896 1938/22/1938 1937/37/1937
f 1894/67/1894 1937/37/1937 1936/35/1936
f 1894/67/1894 1896/42/1896 1937/37/1937
f 1868/21/1868 1867/19/1867 1939/20/1939
f 1925/18/1925 1926/23/1926 1940/17/1940
f 1926/23/1926 1942/26/1942 1940/17/1940
f 1925/18/1925 1940/17/1940 1924/15/1924
f 1867/19/1867 1924/15/1924 1939/20/1939
f 1941/16/1941 1924/15/1924 1940/17/1940
f 1823/167/1823 1807/763/1807 1806/766/1806
f 1807/763/1807 1823/167/1823 1824/168/1824
f 1806/766/1806 1822/169/1822 1823/167/1823
f 1805/767/1805 1821/163/1821 1822/169/1822
f 1822/169/1822 1806/766/1806 1805/767/1805
f 1824/168/1824 1808/765/1808 1807/763/1807
f 1826/182/1826 1810/761/1810 1825/184/1825
f 1811/757/1811 1810/761/1810 1826/182/1826
f 1810/761/1810 1809/771/1809 1825/184/1825
f 1808/765/1808 1824/168/1824 1825/184/1825
f 1825/184/1825 1809/771/1809 1808/765/1808
f 1821/163/1821 1805/767/1805 1804/776/1804
f 1801/180/1801 1786/775/1786 1800/759/1800
f 1802/773/1802 1801/180/1801 1817/179/1817
f 1800/759/1800 1816/178/1816 1801/180/1801
f 1799/760/1799 1815/172/1815 1816/178/1816
f 1816/178/1816 1800/759/1800 1799/760/1799
f 1818/170/1818 1802/773/1802 1817/179/1817
f 1820/162/1820 1804/776/1804 1803/774/1803
f 1804/776/1804 1820/162/1820 1821/163/1821
f 1803/774/1803 1819/165/1819 1820/162/1820
f 1803/774/1803 1802/773/1802 1818/170/1818
f 1819/165/1819 1803/774/1803 1818/170/1818
f 1819/165/1819 1818/170/1818 1834/166/1834
f 1835/164/1835 1819/165/1819 1834/166/1834
f 1834/166/1834 1818/170/1818 1833/157/1833
f 1817/179/1817 1801/180/1801 1816/178/1816
f 1818/170/1818 1817/179/1817 1833/157/1833
f 1820/162/1820 1819/165/1819 1835/164/1835
f 1821/163/1821 1837/139/1837 1838/135/1838
f 1838/135/1838 1822/169/1822 1821/163/1821
f 1837/139/1837 1821/163/1821 1836/140/1836
f 1836/140/1836 1820/162/1820 1835/164/1835
f 1821/163/1821 1820/162/1820 1836/140/1836
f 1816/178/1816 1832/181/1832 1817/179/1817
f 1812/177/1812 1828/185/1828 1829/176/1829
f 1829/176/1829 1813/175/1813 1812/177/1812
f 1828/185/1828 1812/177/1812 1811/757/1811
f 1827/183/1827 1811/757/1811 1826/182/1826
f 1811/757/1811 1827/183/1827 1828/185/1828
f 1813/175/1813 1829/176/1829 1830/173/1830
f 1816/178/1816 1815/172/1815 1831/174/1831
f 1832/181/1832 1816/178/1816 1831/174/1831
f 1831/174/1831 1815/172/1815 1830/173/1830
f 1830/173/1830 1814/171/1814 1813/175/1813
f 1815/172/1815 1814/171/1814 1830/173/1830
f 1815/172/1815 1799/760/1799 1798/758/1798
f 1784/780/1784 1783/779/1783 1799/760/1799
f 1800/759/1800 1784/780/1784 1799/760/1799
f 1799/760/1799 1783/779/1783 1782/781/1782
f 1798/758/1798 1782/781/1782 1781/710/1781
f 1782/781/1782 1798/758/1798 1799/760/1799
f 1770/691/1770 1784/780/1784 1800/759/1800
f 1787/778/1787 1785/782/1785 1802/773/1802
f 1803/774/1803 1787/778/1787 1802/773/1802
f 1802/773/1802 1785/782/1785 1801/180/1801
f 1786/775/1786 1770/691/1770 1800/759/1800
f 1785/782/1785 1786/775/1786 1801/180/1801
f 1781/710/1781 1797/754/1797 1798/758/1798
f 1778/707/1778 1777/706/1777 1793/772/1793
f 1794/770/1794 1778/707/1778 1793/772/1793
f 1793/772/1793 1777/706/1777 1792/769/1792
f 1792/769/1792 1776/708/1776 1791/762/1791
f 1777/706/1777 1776/708/1776 1792/769/1792
f 1778/707/1778 1794/770/1794 1795/756/1795
f 1781/710/1781 1780/709/1780 1796/755/1796
f 1797/754/1797 1781/710/1781 1796/755/1796
f 1796/755/1796 1780/709/1780 1795/756/1795
f 1795/756/1795 1779/711/1779 1778/707/1778
f 1780/709/1780 1779/711/1779 1795/756/1795
f 1811/757/1811 1795/756/1795 1810/761/1810
f 1796/755/1796 1795/756/1795 1811/757/1811
f 1795/756/1795 1794/770/1794 1810/761/1810
f 1794/770/1794 1793/772/1793 1809/771/1809
f 1810/761/1810 1794/770/1794 1809/771/1809
f 1812/177/1812 1796/755/1796 1811/757/1811
f 1814/171/1814 1798/758/1798 1797/754/1797
f 1798/758/1798 1814/171/1814 1815/172/1815
f 1797/754/1797 1813/175/1813 1814/171/1814
f 1797/754/1797 1796/755/1796 1812/177/1812
f 1813/175/1813 1797/754/1797 1812/177/1812
f 1809/771/1809 1793/772/1793 1792/769/1792
f 1805/767/1805 1789/768/1789 1804/776/1804
f 1789/768/1789 1805/767/1805 1806/766/1806
f 1789/768/1789 1788/777/1788 1804/776/1804
f 1788/777/1788 1787/778/1787 1803/774/1803
f 1804/776/1804 1788/777/1788 1803/774/1803
f 1806/766/1806 1790/764/1790 1789/768/1789
f 1808/765/1808 1792/769/1792 1791/762/1791
f 1792/769/1792 1808/765/1808 1809/771/1809
f 1791/762/1791 1807/763/1807 1808/765/1808
f 1790/764/1790 1806/766/1806 1807/763/1807
f 1807/763/1807 1791/762/1791 1790/764/1790
f 1822/169/1822 1838/135/1838 1839/138/1839
f 1634/148/1634 1854/136/1854 1853/137/1853
f 1854/136/1854 1634/148/1634 1635/146/1635
f 1853/137/1853 1633/152/1633 1634/148/1634
f 1852/141/1852 1632/160/1632 1633/152/1633
f 1633/152/1633 1853/137/1853 1852/141/1852
f 1635/146/1635 1855/142/1855 1854/136/1854
f 1637/149/1637 1857/143/1857 1856/144/1856
f 1858/126/1858 1857/143/1857 1637/149/1637
f 1856/144/1856 1636/147/1636 1637/149/1637
f 1855/142/1855 1635/146/1635 1636/147/1636
f 1636/147/1636 1856/144/1856 1855/142/1855
f 1632/160/1632 1852/141/1852 1851/161/1851
f 1864/132/1864 1848/158/1848 1847/129/1847
f 1833/157/1833 1848/158/1848 1864/132/1864
f 1847/129/1847 1863/130/1863 1864/132/1864
f 1846/131/1846 1862/133/1862 1863/130/1863
f 1863/130/1863 1847/129/1847 1846/131/1846
f 1849/154/1849 1833/157/1833 1864/132/1864
f 1631/159/1631 1851/161/1851 1850/156/1850
f 1851/161/1851 1631/159/1631 1632/160/1632
f 1850/156/1850 1630/155/1630 1631/159/1631
f 1849/154/1849 1629/153/1629 1630/155/1630
f 1630/155/1630 1850/156/1850 1849/154/1849
f 1866/210/1866 1867/19/1867 1865/207/1865
f 1867/19/1867 1868/21/1868 1865/207/1865
f 1629/153/1629 1849/154/1849 1864/132/1864
f 1644/214/1644 1864/132/1864 1643/215/1643
f 1864/132/1864 1644/214/1644 1629/153/1629
f 1866/210/1866 1869/202/1869 1867/19/1867
f 1873/197/1873 1874/71/1874 1871/196/1871
f 1874/71/1874 1872/51/1872 1871/196/1871
f 1872/51/1872 1870/52/1870 1869/202/1869
f 1870/52/1870 1867/19/1867 1869/202/1869
f 1871/196/1871 1872/51/1872 1869/202/1869
f 1864/132/1864 1863/130/1863 1643/215/1643
f 1860/122/1860 1859/123/1859 1639/151/1639
f 1640/213/1640 1860/122/1860 1639/151/1639
f 1639/151/1639 1859/123/1859 1638/150/1638
f 1638/150/1638 1858/126/1858 1637/149/1637
f 1859/123/1859 1858/126/1858 1638/150/1638
f 1861/128/1861 1860/122/1860 1640/213/1640
f 1863/130/1863 1862/133/1862 1642/212/1642
f 1643/215/1643 1863/130/1863 1642/212/1642
f 1642/212/1642 1862/133/1862 1641/211/1641
f 1641/211/1641 1861/128/1861 1640/213/1640
f 1862/133/1862 1861/128/1861 1641/211/1641
f 1862/133/1862 1846/131/1846 1845/124/1845
f 1830/173/1830 1846/131/1846 1847/129/1847
f 1847/129/1847 1831/174/1831 1830/173/1830
f 1846/131/1846 1830/173/1830 1829/176/1829
f 1845/124/1845 1829/176/1829 1828/185/1828
f 1829/176/1829 1845/124/1845 1846/131/1846
f 1831/174/1831 1847/129/1847 1848/158/1848
f 1834/166/1834 1833/157/1833 1849/154/1849
f 1850/156/1850 1834/166/1834 1849/154/1849
f 1833/157/1833 1817/179/1817 1832/181/1832
f 1848/158/1848 1832/181/1832 1831/174/1831
f 1832/181/1832 1848/158/1848 1833/157/1833
f 1828/185/1828 1844/121/1844 1845/124/1845
f 1824/168/1824 1840/145/1840 1841/134/1841
f 1841/134/1841 1825/184/1825 1824/168/1824
f 1840/145/1840 1824/168/1824 1823/167/1823
f 1839/138/1839 1823/167/1823 1822/169/1822
f 1823/167/1823 1839/138/1839 1840/145/1840
f 1826/182/1826 1825/184/1825 1841/134/1841
f 1827/183/1827 1843/125/1843 1844/121/1844
f 1844/121/1844 1828/185/1828 1827/183/1827
f 1843/125/1843 1827/183/1827 1842/127/1842
f 1842/127/1842 1826/182/1826 1841/134/1841
f 1827/183/1827 1826/182/1826 1842/127/1842
f 1858/126/1858 1842/127/1842 1841/134/1841
f 1842/127/1842 1858/126/1858 1859/123/1859
f 1841/134/1841 1857/143/1857 1858/126/1858
f 1841/134/1841 1840/145/1840 1856/144/1856
f 1857/143/1857 1841/134/1841 1856/144/1856
f 1859/123/1859 1843/125/1843 1842/127/1842
f 1861/128/1861 1845/124/1845 1860/122/1860
f 1845/124/1845 1861/128/1861 1862/133/1862
f 1845/124/1845 1844/121/1844 1860/122/1860
f 1844/121/1844 1843/125/1843 1859/123/1859
f 1860/122/1860 1844/121/1844 1859/123/1859
f 1856/144/1856 1840/145/1840 1855/142/1855
f 1852/141/1852 1836/140/1836 1851/161/1851
f 1837/139/1837 1836/140/1836 1852/141/1852
f 1836/140/1836 1835/164/1835 1851/161/1851
f 1834/166/1834 1850/156/1850 1851/161/1851
f 1851/161/1851 1835/164/1835 1834/166/1834
f 1853/137/1853 1837/139/1837 1852/141/1852
f 1855/142/1855 1839/138/1839 1854/136/1854
f 1840/145/1840 1839/138/1839 1855/142/1855
f 1839/138/1839 1838/135/1838 1854/136/1854
f 1838/135/1838 1837/139/1837 1853/137/1853
f 1854/136/1854 1838/135/1838 1853/137/1853
f 1941/16/1941 1957/29/1957 1971/88/1971
f 2068/399/2068 2085/398/2085 2083/396/2083
f 2084/381/2084 2094/400/2094 2085/398/2085
f 2082/389/2082 2083/396/2083 2085/398/2085
f 2082/389/2082 2093/401/2093 2081/391/2081
f 2085/398/2085 2093/401/2093 2082/389/2082
f 2086/376/2086 2094/400/2094 2084/381/2084
f 2090/385/2090 2094/400/2094 2089/387/2089
f 2091/403/2091 2094/400/2094 2090/385/2090
f 2089/387/2089 2094/400/2094 2088/382/2088
f 2087/377/2087 2094/400/2094 2086/376/2086
f 2088/382/2088 2094/400/2094 2087/377/2087
f 2080/395/2080 2081/391/2081 2093/401/2093
f 2077/386/2077 2090/385/2090 2089/387/2089
f 2076/383/2076 2077/386/2077 2089/387/2089
f 2075/384/2075 2076/383/2076 2088/382/2088
f 2075/384/2075 2088/382/2088 2074/388/2074
f 2076/383/2076 2089/387/2089 2088/382/2088
f 2091/403/2091 2090/385/2090 2077/386/2077
f 2080/395/2080 2092/402/2092 2079/405/2079
f 2093/401/2093 2092/402/2092 2080/395/2080
f 2078/404/2078 2079/405/2079 2092/402/2092
f 2077/386/2077 2078/404/2078 2091/403/2091
f 2092/402/2092 2091/403/2091 2078/404/2078
f 2051/261/2051 2101/265/2101 2102/257/2102
f 2102/257/2102 2053/260/2053 2051/261/2051
f 2101/265/2101 2051/261/2051 2100/274/2100
f 2100/274/2100 2048/273/2048 2099/272/2099
f 2051/261/2051 2048/273/2048 2100/274/2100
f 2053/260/2053 2102/257/2102 2103/236/2103
f 2059/262/2059 2056/259/2056 2104/235/2104
f 2105/231/2105 2059/262/2059 2104/235/2104
f 2104/235/2104 2056/259/2056 2103/236/2103
f 2103/236/2103 2055/258/2055 2053/260/2053
f 2056/259/2056 2055/258/2055 2103/236/2103
f 2048/273/2048 2046/275/2046 2099/272/2099
f 2041/270/2041 2037/279/2037 2095/216/2095
f 2096/271/2096 2041/270/2041 2095/216/2095
f 2085/398/2085 2094/400/2094 2093/401/2093
f 2092/402/2092 2094/400/2094 2091/403/2091
f 2093/401/2093 2094/400/2094 2092/402/2092
f 2041/270/2041 2096/271/2096 2097/266/2097
f 2044/269/2044 2098/268/2098 2099/272/2099
f 2099/272/2099 2046/275/2046 2044/269/2044
f 2098/268/2098 2044/269/2044 2042/267/2042
f 2097/266/2097 2042/267/2042 2041/270/2041
f 2042/267/2042 2097/266/2097 2098/268/2098
f 2073/378/2073 2074/388/2074 2088/382/2088
f 2074/388/2074 2073/378/2073 2047/408/2047
f 2047/408/2047 2049/409/2049 2074/388/2074
f 2045/357/2045 2047/408/2047 2073/378/2073
f 2043/358/2043 2045/357/2045 2071/375/2071
f 2073/378/2073 2072/374/2072 2045/357/2045
f 2075/384/2075 2074/388/2074 2049/409/2049
f 2077/386/2077 2076/383/2076 2052/411/2052
f 2052/411/2052 2054/407/2054 2077/386/2077
f 2050/410/2050 2052/411/2052 2076/383/2076
f 2049/409/2049 2050/410/2050 2075/384/2075
f 2076/383/2076 2075/384/2075 2050/410/2050
f 2045/357/2045 2072/374/2072 2071/375/2071
f 2036/353/2036 2066/397/2066 2067/276/2067
f 2067/276/2067 2039/277/2039 2036/353/2036
f 2065/278/2065 2067/276/2067 2066/397/2066
f 2063/264/2063 2065/278/2065 2064/390/2064
f 2066/397/2066 2064/390/2064 2065/278/2065
f 2038/352/2038 2069/380/2069 2068/399/2068
f 2043/358/2043 2071/375/2071 2070/379/2070
f 2040/356/2040 2043/358/2043 2070/379/2070
f 2038/352/2038 2040/356/2040 2070/379/2070
f 2036/353/2036 2038/352/2038 2068/399/2068
f 2070/379/2070 2069/380/2069 2038/352/2038
f 2068/399/2068 2069/380/2069 2084/381/2084
f 2070/379/2070 2086/376/2086 2084/381/2084
f 2084/381/2084 2085/398/2085 2068/399/2068
f 2036/353/2036 2068/399/2068 2083/396/2083
f 2066/397/2066 2036/353/2036 2083/396/2083
f 2069/380/2069 2070/379/2070 2084/381/2084
f 2073/378/2073 2087/377/2087 2072/374/2072
f 2088/382/2088 2087/377/2087 2073/378/2073
f 2071/375/2071 2072/374/2072 2086/376/2086
f 2071/375/2071 2086/376/2086 2070/379/2070
f 2072/374/2072 2087/377/2087 2086/376/2086
f 2064/390/2064 2066/397/2066 2082/389/2082
f 2057/406/2057 2058/394/2058 2079/405/2079
f 2080/395/2080 2079/405/2079 2058/394/2058
f 2079/405/2079 2078/404/2078 2057/406/2057
f 2057/406/2057 2078/404/2078 2077/386/2077
f 2054/407/2054 2057/406/2057 2077/386/2077
f 2058/394/2058 2060/393/2060 2080/395/2080
f 2062/392/2062 2064/390/2064 2081/391/2081
f 2066/397/2066 2083/396/2083 2082/389/2082
f 2064/390/2064 2082/389/2082 2081/391/2081
f 2081/391/2081 2080/395/2080 2060/393/2060
f 2060/393/2060 2062/392/2062 2081/391/2081
f 2059/262/2059 2105/231/2105 2106/238/2106
f 2137/244/2137 2121/232/2121 2120/233/2120
f 2122/234/2122 2121/232/2121 2137/244/2137
f 2120/233/2120 2136/248/2136 2137/244/2137
f 2120/233/2120 2119/237/2119 2135/255/2135
f 2136/248/2136 2120/233/2120 2135/255/2135
f 2138/242/2138 2122/234/2122 2137/244/2137
f 2140/245/2140 2124/230/2124 2123/240/2123
f 2124/230/2124 2140/245/2140 2141/246/2141
f 2123/240/2123 2139/243/2139 2140/245/2140
f 2123/240/2123 2122/234/2122 2138/242/2138
f 2139/243/2139 2123/240/2123 2138/242/2138
f 2135/255/2135 2119/237/2119 2134/256/2134
f 2131/253/2131 2115/228/2115 2130/226/2130
f 2115/228/2115 2131/253/2131 2132/249/2132
f 2115/228/2115 2114/225/2114 2130/226/2130
f 2114/225/2114 2113/229/2113 2129/227/2129
f 2130/226/2130 2114/225/2114 2129/227/2129
f 2132/249/2132 2116/250/2116 2115/228/2115
f 2134/256/2134 2118/254/2118 2133/251/2133
f 2119/237/2119 2118/254/2118 2134/256/2134
f 2118/254/2118 2117/252/2117 2133/251/2133
f 2116/250/2116 2132/249/2132 2133/251/2133
f 2133/251/2133 2117/252/2117 2116/250/2116
f 2132/249/2132 2148/322/2148 2149/321/2149
f 2149/321/2149 2133/251/2133 2132/249/2132
f 2148/322/2148 2132/249/2132 2131/253/2131
f 2147/325/2147 2131/253/2131 2146/326/2146
f 2131/253/2131 2147/325/2147 2148/322/2148
f 2133/251/2133 2149/321/2149 2150/301/2150
f 2136/248/2136 2135/255/2135 2151/299/2151
f 2152/295/2152 2136/248/2136 2151/299/2151
f 2151/299/2151 2135/255/2135 2134/256/2134
f 2150/301/2150 2134/256/2134 2133/251/2133
f 2134/256/2134 2150/301/2150 2151/299/2151
f 2131/253/2131 2130/226/2130 2146/326/2146
f 2112/217/2112 2126/221/2126 2142/247/2142
f 2128/219/2128 2112/217/2112 2142/247/2142
f 2142/247/2142 2126/221/2126 2141/246/2141
f 2141/246/2141 2125/222/2125 2124/230/2124
f 2126/221/2126 2125/222/2125 2141/246/2141
f 2127/220/2127 2128/219/2128 2143/287/2143
f 2130/226/2130 2129/227/2129 2145/324/2145
f 2146/326/2146 2130/226/2130 2145/324/2145
f 2145/324/2145 2129/227/2129 2144/323/2144
f 2144/323/2144 2127/220/2127 2143/287/2143
f 2129/227/2129 2127/220/2127 2144/323/2144
f 2129/227/2129 2113/229/2113 2111/224/2111
f 2097/266/2097 2113/229/2113 2114/225/2114
f 2114/225/2114 2098/268/2098 2097/266/2097
f 2113/229/2113 2097/266/2097 2111/224/2111
f 2111/224/2111 2096/271/2096 2095/216/2095
f 2097/266/2097 2096/271/2096 2111/224/2111
f 2098/268/2098 2114/225/2114 2115/228/2115
f 2101/265/2101 2100/274/2100 2116/250/2116
f 2117/252/2117 2101/265/2101 2116/250/2116
f 2116/250/2116 2100/274/2100 2115/228/2115
f 2115/228/2115 2099/272/2099 2098/268/2098
f 2100/274/2100 2099/272/2099 2115/228/2115
f 2095/216/2095 2112/217/2112 2111/224/2111
f 2065/278/2065 2063/264/2063 2107/241/2107
f 2108/239/2108 2065/278/2065 2107/241/2107
f 2107/241/2107 2063/264/2063 2106/238/2106
f 2106/238/2106 2061/263/2061 2059/262/2059
f 2063/264/2063 2061/263/2061 2106/238/2106
f 2067/276/2067 2065/278/2065 2108/239/2108
f 2037/279/2037 2039/277/2039 2110/218/2110
f 2095/216/2095 2037/279/2037 2110/218/2110
f 2110/218/2110 2039/277/2039 2109/223/2109
f 2109/223/2109 2067/276/2067 2108/239/2108
f 2039/277/2039 2067/276/2067 2109/223/2109
f 2125/222/2125 2109/223/2109 2124/230/2124
f 2109/223/2109 2125/222/2125 2126/221/2126
f 2109/223/2109 2108/239/2108 2124/230/2124
f 2108/239/2108 2107/241/2107 2123/240/2123
f 2124/230/2124 2108/239/2108 2123/240/2123
f 2126/221/2126 2110/218/2110 2109/223/2109
f 2127/220/2127 2111/224/2111 2112/217/2112
f 2111/224/2111 2127/220/2127 2129/227/2129
f 2112/217/2112 2128/219/2128 2127/220/2127
f 2110/218/2110 2126/221/2126 2112/217/2112
f 2112/217/2112 2095/216/2095 2110/218/2110
f 2123/240/2123 2107/241/2107 2106/238/2106
f 2119/237/2119 2103/236/2103 2102/257/2102
f 2104/235/2104 2103/236/2103 2119/237/2119
f 2102/257/2102 2118/254/2118 2119/237/2119
f 2101/265/2101 2117/252/2117 2118/254/2118
f 2118/254/2118 2102/257/2102 2101/265/2101
f 2120/233/2120 2104/235/2104 2119/237/2119
f 2122/234/2122 2106/238/2106 2105/231/2105
f 2106/238/2106 2122/234/2122 2123/240/2123
f 2105/231/2105 2121/232/2121 2122/234/2122
f 2105/231/2105 2104/235/2104 2120/233/2120
f 2121/232/2121 2105/231/2105 2120/233/2120
f 2003/101/2003 1987/89/1987 1988/95/1988
f 1972/90/1972 1988/95/1988 1987/89/1987
f 1987/89/1987 2003/101/2003 2002/106/2002
f 1986/92/1986 2002/106/2002 2001/113/2001
f 1986/92/1986 1987/89/1987 2002/106/2002
f 1988/95/1988 1989/98/1989 2004/100/2004
f 1990/97/1990 1991/87/1991 2006/102/2006
f 1991/87/1991 2007/104/2007 2006/102/2006
f 1990/97/1990 2006/102/2006 2005/99/2005
f 1989/98/1989 2005/99/2005 2004/100/2004
f 1989/98/1989 1990/97/1990 2005/99/2005
f 1985/114/1985 1986/92/1986 2001/113/2001
f 1981/82/1981 1982/109/1982 1997/85/1997
f 1982/109/1982 1998/111/1998 1997/85/1997
f 1981/82/1981 1997/85/1997 1996/84/1996
f 1980/83/1980 1996/84/1996 1979/86/1979
f 1980/83/1980 1981/82/1981 1996/84/1996
f 1998/111/1998 1982/109/1982 1999/107/1999
f 2000/110/2000 1984/112/1984 2001/113/2001
f 1985/114/1985 2001/113/2001 1984/112/1984
f 1984/112/1984 2000/110/2000 1983/108/1983
f 1983/108/1983 1999/107/1999 1982/109/1982
f 1999/107/1999 1983/108/1983 2000/110/2000
f 1999/107/1999 2015/368/2015 1998/111/1998
f 2015/368/2015 1999/107/1999 2016/347/2016
f 2014/372/2014 1998/111/1998 2015/368/2015
f 1997/85/1997 1998/111/1998 2013/373/2013
f 1998/111/1998 2014/372/2014 2013/373/2013
f 2000/110/2000 2016/347/2016 1999/107/1999
f 2002/106/2002 2018/341/2018 2001/113/2001
f 2018/341/2018 2002/106/2002 2019/344/2019
f 2017/345/2017 2001/113/2001 2018/341/2018
f 2016/347/2016 2000/110/2000 2017/345/2017
f 2001/113/2001 2017/345/2017 2000/110/2000
f 1997/85/1997 2013/373/2013 2012/370/2012
f 1993/75/1993 2009/105/2009 1992/79/1992
f 2009/105/2009 1993/75/1993 2010/371/2010
f 2008/103/2008 1992/79/1992 2009/105/2009
f 1991/87/1991 1992/79/1992 2007/104/2007
f 1992/79/1992 2008/103/2008 2007/104/2007
f 1994/76/1994 2010/371/2010 1993/75/1993
f 1996/84/1996 2012/370/2012 1995/81/1995
f 1996/84/1996 1997/85/1997 2012/370/2012
f 2011/369/2011 1995/81/1995 2012/370/2012
f 2010/371/2010 1994/76/1994 2011/369/2011
f 1995/81/1995 2011/369/2011 1994/76/1994
f 1995/81/1995 1979/86/1979 1996/84/1996
f 1964/117/1964 1980/83/1980 1963/118/1963
f 1964/117/1964 1965/119/1965 1980/83/1980
f 1979/86/1979 1963/118/1963 1980/83/1980
f 1978/77/1978 1962/32/1962 1979/86/1979
f 1963/118/1963 1979/86/1979 1962/32/1962
f 1965/119/1965 1981/82/1981 1980/83/1980
f 1967/116/1967 1983/108/1983 1982/109/1982
f 1967/116/1967 1968/115/1968 1983/108/1983
f 1966/120/1966 1967/116/1967 1982/109/1982
f 1965/119/1965 1966/120/1966 1981/82/1981
f 1966/120/1966 1982/109/1982 1981/82/1981
f 1962/32/1962 1978/77/1978 1961/31/1961
f 1958/27/1958 1974/96/1974 1973/94/1973
f 1958/27/1958 1959/30/1959 1974/96/1974
f 1956/28/1956 1958/27/1958 1973/94/1973
f 1957/29/1957 1956/28/1956 1972/90/1972
f 1956/28/1956 1973/94/1973 1972/90/1972
f 1959/30/1959 1975/80/1975 1974/96/1974
f 1961/31/1961 1977/74/1977 1960/33/1960
f 1977/74/1977 1961/31/1961 1978/77/1978
f 1976/78/1976 1960/33/1960 1977/74/1977
f 1959/30/1959 1960/33/1960 1975/80/1975
f 1960/33/1960 1976/78/1976 1975/80/1975
f 1991/87/1991 1975/80/1975 1992/79/1992
f 1976/78/1976 1992/79/1992 1975/80/1975
f 1975/80/1975 1991/87/1991 1974/96/1974
f 1974/96/1974 1990/97/1990 1989/98/1989
f 1990/97/1990 1974/96/1974 1991/87/1991
f 1992/79/1992 1976/78/1976 1993/75/1993
f 1994/76/1994 1978/77/1978 1995/81/1995
f 1979/86/1979 1995/81/1995 1978/77/1978
f 1978/77/1978 1994/76/1994 1977/74/1977
f 1977/74/1977 1993/75/1993 1976/78/1976
f 1993/75/1993 1977/74/1977 1994/76/1994
f 1973/94/1973 1974/96/1974 1989/98/1989
f 1985/114/1985 1969/93/1969 1986/92/1986
f 1970/91/1970 1986/92/1986 1969/93/1969
f 1969/93/1969 1985/114/1985 1968/115/1968
f 1968/115/1968 1984/112/1984 1983/108/1983
f 1984/112/1984 1968/115/1968 1985/114/1985
f 1986/92/1986 1970/91/1970 1987/89/1987
f 1972/90/1972 1973/94/1973 1988/95/1988
f 1973/94/1973 1989/98/1989 1988/95/1988
f 1957/29/1957 1972/90/1972 1971/88/1971
f 1971/88/1971 1987/89/1987 1970/91/1970
f 1987/89/1987 1971/88/1971 1972/90/1972
f 2003/101/2003 2019/344/2019 2002/106/2002
f 2034/342/2034 2035/343/2035 1660/355/1660
f 2035/343/2035 1661/354/1661 1660/355/1660
f 2034/342/2034 1660/355/1660 1659/359/1659
f 2033/346/2033 1659/359/1659 1657/366/1657
f 2033/346/2033 2034/342/2034 1659/359/1659
f 1661/354/1661 2035/343/2035 1645/351/1645
f 2040/356/2040 2038/352/2038 2037/279/2037
f 2037/279/2037 2041/270/2041 2040/356/2040
f 2039/277/2039 2037/279/2037 2036/353/2036
f 2020/350/2020 1645/351/1645 2035/343/2035
f 2037/279/2037 2038/352/2038 2036/353/2036
f 2032/367/2032 2033/346/2033 1657/366/1657
f 2028/338/2028 2029/364/2029 1653/337/1653
f 2029/364/2029 1654/362/1654 1653/337/1653
f 2028/338/2028 1653/337/1653 2027/335/2027
f 2027/335/2027 1652/336/1652 2026/339/2026
f 1652/336/1652 2027/335/2027 1653/337/1653
f 2029/364/2029 2030/361/2030 1654/362/1654
f 2031/363/2031 2032/367/2032 1656/365/1656
f 2032/367/2032 1657/366/1657 1656/365/1656
f 2031/363/2031 1656/365/1656 1655/360/1655
f 2030/361/2030 1655/360/1655 1654/362/1654
f 2030/361/2030 2031/363/2031 1655/360/1655
f 2055/258/2055 2056/259/2056 2054/407/2054
f 2058/394/2058 2057/406/2057 2056/259/2056
f 2056/259/2056 2057/406/2057 2054/407/2054
f 2054/407/2054 2052/411/2052 2053/260/2053
f 2053/260/2053 2055/258/2055 2054/407/2054
f 2056/259/2056 2059/262/2059 2058/394/2058
f 2061/263/2061 2063/264/2063 2062/392/2062
f 2064/390/2064 2062/392/2062 2063/264/2063
f 2062/392/2062 2060/393/2060 2061/263/2061
f 2060/393/2060 2058/394/2058 2059/262/2059
f 2059/262/2059 2061/263/2061 2060/393/2060
f 2051/261/2051 2053/260/2053 2052/411/2052
f 2042/267/2042 2044/269/2044 2043/358/2043
f 2046/275/2046 2047/408/2047 2045/357/2045
f 2044/269/2044 2045/357/2045 2043/358/2043
f 2042/267/2042 2043/358/2043 2040/356/2040
f 2041/270/2041 2042/267/2042 2040/356/2040
f 2044/269/2044 2046/275/2046 2045/357/2045
f 2048/273/2048 2051/261/2051 2050/410/2050
f 2052/411/2052 2050/410/2050 2051/261/2051
f 2050/410/2050 2049/409/2049 2048/273/2048
f 2048/273/2048 2049/409/2049 2047/408/2047
f 2046/275/2046 2048/273/2048 2047/408/2047
f 1651/334/1651 2026/339/2026 1652/336/1652
f 2011/369/2011 2027/335/2027 2026/339/2026
f 2011/369/2011 2012/370/2012 2027/335/2027
f 2010/371/2010 2011/369/2011 2026/339/2026
f 2009/105/2009 2010/371/2010 2025/330/2025
f 2010/371/2010 2026/339/2026 2025/330/2025
f 2012/370/2012 2028/338/2028 2027/335/2027
f 2014/372/2014 2030/361/2030 2013/373/2013
f 2014/372/2014 2015/368/2015 2030/361/2030
f 2029/364/2029 2013/373/2013 2030/361/2030
f 2028/338/2028 2012/370/2012 2029/364/2029
f 2013/373/2013 2029/364/2029 2012/370/2012
f 2009/105/2009 2025/330/2025 2024/327/2024
f 2005/99/2005 2021/348/2021 2020/350/2020
f 2021/348/2021 2005/99/2005 2022/333/2022
f 2004/100/2004 2005/99/2005 2020/350/2020
f 2019/344/2019 2003/101/2003 2004/100/2004
f 1988/95/1988 2004/100/2004 2003/101/2003
f 2006/102/2006 2022/333/2022 2005/99/2005
f 2008/103/2008 2024/327/2024 2023/331/2023
f 2008/103/2008 2009/105/2009 2024/327/2024
f 2007/104/2007 2008/103/2008 2023/331/2023
f 2006/102/2006 2007/104/2007 2022/333/2022
f 2007/104/2007 2023/331/2023 2022/333/2022
f 1647/340/1647 2022/333/2022 1648/332/1648
f 2023/331/2023 1648/332/1648 2022/333/2022
f 2022/333/2022 1647/340/1647 2021/348/2021
f 2021/348/2021 1646/349/1646 2020/350/2020
f 1646/349/1646 2021/348/2021 1647/340/1647
f 1648/332/1648 2023/331/2023 1649/328/1649
f 1650/329/1650 2025/330/2025 1651/334/1651
f 2026/339/2026 1651/334/1651 2025/330/2025
f 2025/330/2025 1650/329/1650 2024/327/2024
f 2024/327/2024 1649/328/1649 2023/331/2023
f 1649/328/1649 2024/327/2024 1650/329/1650
f 1645/351/1645 2020/350/2020 1646/349/1646
f 2032/367/2032 2016/347/2016 2033/346/2033
f 2017/345/2017 2033/346/2033 2016/347/2016
f 2016/347/2016 2032/367/2032 2031/363/2031
f 2015/368/2015 2031/363/2031 2030/361/2030
f 2015/368/2015 2016/347/2016 2031/363/2031
f 2033/346/2033 2017/345/2017 2034/342/2034
f 2019/344/2019 2004/100/2004 2035/343/2035
f 2004/100/2004 2020/350/2020 2035/343/2035
f 2019/344/2019 2035/343/2035 2018/341/2018
f 2018/341/2018 2034/342/2034 2017/345/2017
f 2034/342/2034 2018/341/2018 2035/343/2035
f 1776/708/1776 1775/712/1775 1791/762/1791
f 2994/1428/2994 3058/1429/3058 1408/1430/1408
f 3058/1429/3058 3053/1431/3053 1404/639/1404
f 3053/1431/3053 2994/1428/2994 1409/1432/1409
f 3058/1429/3058 3056/1433/3056 1408/1430/1408
f 3056/1433/3056 3058/1429/3058 3057/1373/3057
f 3053/1431/3053 3058/1429/3058 2994/1428/2994
f 3060/1434/3060 3059/1376/3059 3027/1435/3027
f 3039/1436/3039 3061/1437/3061 1384/1438/1384
f 3059/1376/3059 3060/1434/3060 1420/1374/1420
f 3060/1434/3060 3027/1435/3027 1405/1439/1405
f 3027/1435/3027 3059/1376/3059 1418/1375/1418
f 3057/1373/3057 3058/1429/3058 1404/639/1404
f 3047/1440/3047 3055/1441/3055 1403/1357/1403
f 3055/1441/3055 2984/1442/2984 1407/1443/1407
f 2984/1442/2984 3047/1440/3047 1406/1444/1406
f 3054/1445/3054 2998/1446/2998 1335/1447/1335
f 2998/1446/2998 3054/1445/3054 3053/1431/3053
f 2984/1442/2984 3055/1441/3055 3047/1440/3047
f 3056/1433/3056 3055/1441/3055 2988/1448/2988
f 3056/1433/3056 3057/1373/3057 1403/1357/1403
f 3055/1441/3055 3056/1433/3056 1403/1357/1403
f 3056/1433/3056 2988/1448/2988 1408/1430/1408
f 2988/1448/2988 3055/1441/3055 1407/1443/1407
f 3064/1449/3064 3067/1369/3067 1376/490/1376
f 3067/1369/3067 3048/1450/3048 1417/1363/1417
f 3061/1437/3061 3060/1434/3060 3052/1451/3052
f 3052/1451/3052 3060/1434/3060 1405/1439/1405
f 3060/1434/3060 3061/1437/3061 1420/1374/1420
f 3048/1450/3048 3064/1449/3064 1419/1452/1419
f 3054/1445/3054 3068/638/3068 1404/639/1404
f 3068/638/3068 3054/1445/3054 3036/1453/3036
f 3036/1453/3036 3054/1445/3054 1335/1447/1335
f 3064/1449/3064 3048/1450/3048 3067/1369/3067
f 3068/638/3068 3036/1453/3036 1333/637/1333
f 3061/1437/3061 3052/1451/3052 1384/1438/1384
f 3065/1454/3065 3063/1378/3063 1383/1371/1383
f 3063/1378/3063 3064/1449/3064 1376/490/1376
f 3039/1436/3039 3062/1455/3062 3061/1437/3061
f 3061/1437/3061 3062/1455/3062 1420/1374/1420
f 3062/1455/3062 3039/1436/3039 1419/1452/1419
f 3064/1449/3064 3065/1454/3065 1419/1452/1419
f 3066/1370/3066 3065/1454/3065 1383/1371/1383
f 3065/1454/3065 3066/1370/3066 3062/1455/3062
f 3062/1455/3062 3066/1370/3066 1420/1374/1420
f 3065/1454/3065 3064/1449/3064 3063/1378/3063
f 3065/1454/3065 3062/1455/3062 1419/1452/1419
f 3053/1431/3053 3054/1445/3054 1404/639/1404
f 3038/1456/3038 3039/1436/3039 1384/1438/1384
f 3039/1436/3039 3038/1456/3038 3037/1457/3037
f 3037/1457/3037 3038/1456/3038 1489/1458/1489
f 3036/1453/3036 3019/1445/3019 3035/638/3035
f 3039/1436/3039 3037/1457/3037 1419/1452/1419
f 3042/1459/3042 3040/1460/3040 1488/1360/1488
f 3042/1459/3042 3038/1456/3038 1384/1438/1384
f 3038/1456/3038 3043/1461/3043 1489/1458/1489
f 3042/1459/3042 3041/1462/3041 3040/1460/3040
f 3040/1460/3040 3041/1462/3041 1406/1444/1406
f 3041/1462/3041 3042/1459/3042 1384/1438/1384
f 3019/1445/3019 3036/1453/3036 1335/1447/1335
f 3025/1434/3025 3018/1451/3018 1405/1439/1405
f 3018/1451/3018 3025/1434/3025 3029/1437/3029
f 3029/1437/3029 3025/1434/3025 2585/1374/2585
f 3028/1455/3028 3033/1370/3033 3030/1454/3030
f 3018/1451/3018 3029/1437/3029 2500/1438/2500
f 3034/1369/3034 3031/1449/3031 1510/490/1510
f 3036/1453/3036 3035/638/3035 1333/637/1333
f 3035/638/3035 3019/1445/3019 2577/639/2577
f 3034/1369/3034 3016/1450/3016 3031/1449/3031
f 3031/1449/3031 3016/1450/3016 2498/1452/2498
f 3016/1450/3016 3034/1369/3034 2569/1363/2569
f 3050/1463/3050 3051/1464/3051 1494/1367/1494
f 3051/1464/3051 3044/1465/3044 1490/1466/1490
f 3044/1465/3044 3050/1463/3050 1419/1452/1419
f 3049/1366/3049 3050/1463/3050 1494/1367/1494
f 3050/1463/3050 3049/1366/3049 3048/1450/3048
f 3044/1465/3044 3051/1464/3051 3050/1463/3050
f 3052/1451/3052 2982/1467/2982 3041/1462/3041
f 2998/1446/2998 3053/1431/3053 1409/1432/1409
f 2982/1467/2982 3052/1451/3052 1405/1439/1405
f 3052/1451/3052 3041/1462/3041 1384/1438/1384
f 3041/1462/3041 2982/1467/2982 1406/1444/1406
f 3048/1450/3048 3049/1366/3049 1417/1363/1417
f 3037/1457/3037 3044/1465/3044 1419/1452/1419
f 3044/1465/3044 3045/1468/3045 1490/1466/1490
f 3045/1468/3045 3037/1457/3037 1489/1458/1489
f 3043/1461/3043 3042/1459/3042 1488/1360/1488
f 3042/1459/3042 3043/1461/3043 3038/1456/3038
f 3045/1468/3045 3044/1465/3044 3037/1457/3037
f 3047/1440/3047 3046/1361/3046 3040/1460/3040
f 3050/1463/3050 3048/1450/3048 1419/1452/1419
f 3046/1361/3046 3047/1440/3047 1403/1357/1403
f 3047/1440/3047 3040/1460/3040 1406/1444/1406
f 3040/1460/3040 3046/1361/3046 1488/1360/1488
f 1499/462/1499 1500/463/1500 1498/465/1498
f 1527/427/1527 1532/428/1532 1559/439/1559
f 1532/428/1532 1560/437/1560 1559/439/1559
f 1534/433/1534 1535/435/1535 1558/447/1558
f 1558/447/1558 1556/451/1556 1557/438/1557
f 1558/447/1558 1557/438/1557 1534/433/1534
f 1532/428/1532 1534/433/1534 1560/437/1560
f 1557/438/1557 1554/443/1554 1562/440/1562
f 1554/443/1554 1563/441/1563 1562/440/1562
f 1557/438/1557 1562/440/1562 1561/436/1561
f 1534/433/1534 1561/436/1561 1560/437/1560
f 1534/433/1534 1557/438/1557 1561/436/1561
f 1557/438/1557 1556/451/1556 1554/443/1554
f 1549/445/1549 1548/423/1548 1546/422/1546
f 1550/449/1550 1548/423/1548 1549/445/1549
f 1548/423/1548 1547/421/1547 1546/422/1546
f 1545/420/1545 1544/424/1544 1546/422/1546
f 1547/421/1547 1545/420/1545 1546/422/1546
f 1550/449/1550 1549/445/1549 1551/446/1551
f 1555/452/1555 1553/450/1553 1554/443/1554
f 1556/451/1556 1555/452/1555 1554/443/1554
f 1552/448/1552 1551/446/1551 1553/450/1553
f 1551/446/1551 1552/448/1552 1550/449/1550
f 1551/446/1551 1554/443/1554 1553/450/1553
f 1571/545/1571 1570/551/1570 1520/418/1520
f 1520/418/1520 1517/480/1517 1571/545/1571
f 1538/416/1538 1520/418/1520 1570/551/1570
f 1540/413/1540 1538/416/1538 1569/555/1569
f 1570/551/1570 1569/555/1569 1538/416/1538
f 1572/544/1572 1571/545/1571 1517/480/1517
f 1575/546/1575 1574/543/1574 1516/495/1516
f 1577/550/1577 1511/484/1511 1576/549/1576
f 1574/543/1574 1573/542/1573 1516/495/1516
f 1573/542/1573 1572/544/1572 1517/480/1517
f 1517/480/1517 1516/495/1516 1573/542/1573
f 1569/555/1569 1568/554/1568 1540/413/1540
f 1565/444/1565 1564/442/1564 1551/446/1551
f 1546/422/1546 1566/552/1566 1549/445/1549
f 1549/445/1549 1565/444/1565 1551/446/1551
f 1551/446/1551 1564/442/1564 1554/443/1554
f 1564/442/1564 1563/441/1563 1554/443/1554
f 1566/552/1566 1565/444/1565 1549/445/1549
f 1568/554/1568 1567/553/1567 1542/412/1542
f 1542/412/1542 1540/413/1540 1568/554/1568
f 1544/424/1544 1542/412/1542 1567/553/1567
f 1544/424/1544 1567/553/1567 1546/422/1546
f 1567/553/1567 1566/552/1566 1546/422/1546
f 1545/420/1545 1543/419/1543 1544/424/1544
f 1519/425/1519 1518/476/1518 1517/480/1517
f 1521/477/1521 1513/481/1513 1512/479/1512
f 1517/480/1517 1520/418/1520 1519/425/1519
f 1515/478/1515 1516/495/1516 1517/480/1517
f 1517/480/1517 1518/476/1518 1515/478/1515
f 1521/477/1521 1512/479/1512 1515/478/1515
f 1511/484/1511 1513/481/1513 1522/483/1522
f 1523/482/1523 1522/483/1522 1524/485/1524
f 1522/483/1522 1523/482/1523 1511/484/1511
f 1518/476/1518 1519/425/1519 1521/477/1521
f 1521/477/1521 1515/478/1515 1518/476/1518
f 1512/479/1512 1514/496/1514 1515/478/1515
f 1504/488/1504 1505/489/1505 1503/494/1503
f 1505/489/1505 1506/493/1506 1503/494/1503
f 1501/464/1501 1500/463/1500 1502/461/1502
f 1501/464/1501 1498/465/1498 1500/463/1500
f 1499/462/1499 1502/461/1502 1500/463/1500
f 1506/493/1506 1505/489/1505 1507/487/1507
f 1514/496/1514 1512/479/1512 1511/484/1511
f 1514/496/1514 1516/495/1516 1515/478/1515
f 1512/479/1512 1513/481/1513 1511/484/1511
f 1504/488/1504 1507/487/1507 1505/489/1505
f 1509/491/1509 1510/490/1510 1508/492/1508
f 1537/417/1537 1519/425/1519 1520/418/1520
f 1538/416/1538 1537/417/1537 1520/418/1520
f 1536/434/1536 1531/426/1531 1529/430/1529
f 1536/434/1536 1533/429/1533 1531/426/1531
f 1529/430/1529 1530/432/1530 1536/434/1536
f 1539/415/1539 1537/417/1537 1538/416/1538
f 1543/419/1543 1541/414/1541 1542/412/1542
f 1544/424/1544 1543/419/1543 1542/412/1542
f 1541/414/1541 1539/415/1539 1540/413/1540
f 1540/413/1540 1539/415/1539 1538/416/1538
f 1540/413/1540 1542/412/1542 1541/414/1541
f 1536/434/1536 1535/435/1535 1533/429/1533
f 1526/453/1526 1528/431/1528 1527/427/1527
f 1529/430/1529 1527/427/1527 1528/431/1528
f 1525/486/1525 1526/453/1526 1527/427/1527
f 1522/483/1522 1526/453/1526 1525/486/1525
f 1524/485/1524 1522/483/1522 1525/486/1525
f 1530/432/1530 1529/430/1529 1528/431/1528
f 1532/428/1532 1533/429/1533 1534/433/1534
f 1533/429/1533 1535/435/1535 1534/433/1534
f 1531/426/1531 1533/429/1533 1532/428/1532
f 1529/430/1529 1531/426/1531 1527/427/1527
f 1527/427/1527 1531/426/1531 1532/428/1532
f 2954/1469/2954 2981/1470/2981 1405/1439/1405
f 2981/1470/2981 2954/1469/2954 2980/1471/2980
f 2980/1471/2980 2954/1469/2954 1410/1472/1410
f 2978/1473/2978 2971/1474/2971 2979/1475/2979
f 2981/1470/2981 2980/1471/2980 1411/1476/1411
f 2981/1470/2981 2982/1467/2982 1405/1439/1405
f 2985/1477/2985 2983/1478/2983 1411/1476/1411
f 2983/1478/2983 2984/1442/2984 1406/1444/1406
f 2981/1470/2981 2983/1478/2983 2982/1467/2982
f 2982/1467/2982 2983/1478/2983 1406/1444/1406
f 2983/1478/2983 2981/1470/2981 1411/1476/1411
f 2971/1474/2971 2978/1473/2978 2584/1479/2584
f 2964/1480/2964 2976/1481/2976 2582/1482/2582
f 2976/1481/2976 2964/1480/2964 2977/1483/2977
f 2977/1483/2977 2964/1480/2964 2583/1484/2583
f 2974/1485/2974 2960/1486/2960 2976/1481/2976
f 2976/1481/2976 2977/1483/2977 1416/1487/1416
f 2977/1483/2977 2978/1473/2978 1416/1487/1416
f 2978/1473/2978 2979/1475/2979 1416/1487/1416
f 2979/1475/2979 2971/1474/2971 1415/1488/1415
f 2977/1483/2977 2967/1489/2967 2978/1473/2978
f 2978/1473/2978 2967/1489/2967 2584/1479/2584
f 2967/1489/2967 2977/1483/2977 2583/1484/2583
f 2992/1489/2992 2990/1490/2990 1413/1484/1413
f 2990/1490/2990 2993/1491/2993 1408/1430/1408
f 2993/1491/2993 2992/1489/2992 1414/1479/1414
f 2990/1490/2990 2991/1480/2991 1413/1484/1413
f 2991/1480/2991 2990/1490/2990 2989/1492/2989
f 2993/1491/2993 2990/1490/2990 2992/1489/2992
f 2993/1491/2993 2995/1493/2995 2994/1428/2994
f 2997/1494/2997 2972/1495/2972 1335/1447/1335
f 2995/1493/2995 2993/1491/2993 1414/1479/1414
f 2993/1491/2993 2994/1428/2994 1408/1430/1408
f 2994/1428/2994 2995/1493/2995 1409/1432/1409
f 2989/1492/2989 2990/1490/2990 1408/1430/1408
f 2985/1477/2985 2986/1496/2986 1407/1443/1407
f 2986/1496/2986 2987/1486/2987 1412/1482/1412
f 2987/1486/2987 2985/1477/2985 1411/1476/1411
f 2984/1442/2984 2985/1477/2985 1407/1443/1407
f 2985/1477/2985 2984/1442/2984 2983/1478/2983
f 2987/1486/2987 2986/1496/2986 2985/1477/2985
f 2989/1492/2989 2988/1448/2988 2986/1496/2986
f 2991/1480/2991 2989/1492/2989 1412/1482/1412
f 2988/1448/2988 2989/1492/2989 1408/1430/1408
f 2989/1492/2989 2986/1496/2986 1412/1482/1412
f 2986/1496/2986 2988/1448/2988 1407/1443/1407
f 2960/1486/2960 2974/1485/2974 2581/1476/2581
f 2958/1477/2958 2961/1496/2961 2960/1486/2960
f 2961/1496/2961 2962/1492/2962 2582/1482/2582
f 2961/1496/2961 2958/1477/2958 2579/1443/2579
f 2958/1477/2958 2960/1486/2960 2581/1476/2581
f 2960/1486/2960 2961/1496/2961 2582/1482/2582
f 2962/1492/2962 2963/1448/2963 2580/1430/2580
f 2964/1480/2964 2965/1490/2965 2583/1484/2583
f 2965/1490/2965 2962/1492/2962 2580/1430/2580
f 2962/1492/2962 2964/1480/2964 2582/1482/2582
f 2963/1448/2963 2961/1496/2961 2579/1443/2579
f 2961/1496/2961 2963/1448/2963 2962/1492/2962
f 2956/1478/2956 2959/1442/2959 2958/1477/2958
f 2955/1471/2955 2954/1469/2954 2953/1470/2953
f 2957/1467/2957 2953/1470/2953 1405/1439/1405
f 2954/1469/2954 2955/1471/2955 1410/1472/1410
f 2955/1471/2955 2953/1470/2953 2581/1476/2581
f 2953/1470/2953 2954/1469/2954 1405/1439/1405
f 2953/1470/2953 2956/1478/2956 2581/1476/2581
f 2958/1477/2958 2959/1442/2959 2579/1443/2579
f 2959/1442/2959 2956/1478/2956 2502/1444/2502
f 2956/1478/2956 2958/1477/2958 2581/1476/2581
f 2956/1478/2956 2957/1467/2957 2502/1444/2502
f 2957/1467/2957 2956/1478/2956 2953/1470/2953
f 2973/1446/2973 2968/1493/2968 2578/1432/2578
f 2968/1493/2968 2973/1446/2973 2970/1494/2970
f 2970/1494/2970 2973/1446/2973 1335/1447/1335
f 2972/1495/2972 2971/1474/2971 2970/1494/2970
f 2968/1493/2968 2970/1494/2970 2584/1479/2584
f 2975/1497/2975 2974/1485/2974 1416/1487/1416
f 2974/1485/2974 2976/1481/2976 1416/1487/1416
f 2976/1481/2976 2960/1486/2960 2582/1482/2582
f 2975/1497/2975 2955/1471/2955 2974/1485/2974
f 2974/1485/2974 2955/1471/2955 2581/1476/2581
f 2955/1471/2955 2975/1497/2975 1410/1472/1410
f 2971/1474/2971 2972/1495/2972 1415/1488/1415
f 2965/1490/2965 2967/1489/2967 2583/1484/2583
f 2967/1489/2967 2965/1490/2965 2966/1491/2966
f 2966/1491/2966 2965/1490/2965 2580/1430/2580
f 2962/1492/2962 2965/1490/2965 2964/1480/2964
f 2967/1489/2967 2966/1491/2966 2584/1479/2584
f 2969/1428/2969 2966/1491/2966 2580/1430/2580
f 2972/1495/2972 2970/1494/2970 1335/1447/1335
f 2970/1494/2970 2971/1474/2971 2584/1479/2584
f 2969/1428/2969 2968/1493/2968 2966/1491/2966
f 2966/1491/2966 2968/1493/2968 2584/1479/2584
f 2968/1493/2968 2969/1428/2969 2578/1432/2578
f 2972/1495/2972 2996/1474/2996 1415/1488/1415
f 3012/1440/3012 2959/1442/2959 2502/1444/2502
f 2959/1442/2959 3021/1441/3021 2579/1443/2579
f 3020/1431/3020 3019/1445/3019 2973/1446/2973
f 2973/1446/2973 3019/1445/3019 1335/1447/1335
f 3019/1445/3019 3020/1431/3020 2577/639/2577
f 3021/1441/3021 3012/1440/3012 2494/1357/2494
f 3021/1441/3021 2963/1448/2963 2579/1443/2579
f 2963/1448/2963 3021/1441/3021 3022/1433/3022
f 3022/1433/3022 3021/1441/3021 2494/1357/2494
f 3012/1440/3012 3021/1441/3021 2959/1442/2959
f 2963/1448/2963 3022/1433/3022 2580/1430/2580
f 3020/1431/3020 2973/1446/2973 2578/1432/2578
f 3014/1463/3014 3011/1465/3011 2498/1452/2498
f 3011/1465/3011 3017/1464/3017 2503/1466/2503
f 3016/1450/3016 3015/1366/3015 3014/1463/3014
f 3014/1463/3014 3015/1366/3015 2526/1367/2526
f 3015/1366/3015 3016/1450/3016 2569/1363/2569
f 3017/1464/3017 3014/1463/3014 2526/1367/2526
f 2957/1467/2957 3007/1462/3007 2502/1444/2502
f 3007/1462/3007 2957/1467/2957 3018/1451/3018
f 3018/1451/3018 2957/1467/2957 1405/1439/1405
f 3014/1463/3014 3017/1464/3017 3011/1465/3011
f 3007/1462/3007 3018/1451/3018 2500/1438/2500
f 3029/1437/3029 3028/1455/3028 3003/1436/3003
f 3032/1378/3032 3030/1454/3030 2573/1371/2573
f 3028/1455/3028 3029/1437/3029 2585/1374/2585
f 3029/1437/3029 3003/1436/3003 2500/1438/2500
f 3003/1436/3003 3028/1455/3028 2498/1452/2498
f 3030/1454/3030 3031/1449/3031 2498/1452/2498
f 3030/1454/3030 3033/1370/3033 2573/1371/2573
f 3033/1370/3033 3028/1455/3028 2585/1374/2585
f 3028/1455/3028 3030/1454/3030 2498/1452/2498
f 3031/1449/3031 3032/1378/3032 1510/490/1510
f 3032/1378/3032 3031/1449/3031 3030/1454/3030
f 3027/1435/3027 3026/1376/3026 3025/1434/3025
f 3024/1373/3024 3023/1429/3023 3022/1433/3022
f 2969/1428/2969 3020/1431/3020 2578/1432/2578
f 3023/1429/3023 3024/1373/3024 2577/639/2577
f 3024/1373/3024 3022/1433/3022 2494/1357/2494
f 3022/1433/3022 3023/1429/3023 2580/1430/2580
f 3020/1431/3020 3023/1429/3023 2577/639/2577
f 3025/1434/3025 3026/1376/3026 2585/1374/2585
f 3026/1376/3026 3027/1435/3027 1418/1375/1418
f 3027/1435/3027 3025/1434/3025 1405/1439/1405
f 3023/1429/3023 2969/1428/2969 2580/1430/2580
f 2969/1428/2969 3023/1429/3023 3020/1431/3020
f 3016/1450/3016 3014/1463/3014 2498/1452/2498
f 3000/1481/3000 2991/1480/2991 1412/1482/1412
f 2991/1480/2991 3001/1483/3001 1413/1484/1413
f 3001/1483/3001 3000/1481/3000 1416/1487/1416
f 2987/1486/2987 3000/1481/3000 1412/1482/1412
f 3000/1481/3000 2987/1486/2987 2999/1485/2999
f 3001/1483/3001 2991/1480/2991 3000/1481/3000
f 3002/1473/3002 2992/1489/2992 3001/1483/3001
f 2979/1475/2979 3002/1473/3002 1416/1487/1416
f 2992/1489/2992 3002/1473/3002 1414/1479/1414
f 3002/1473/3002 3001/1483/3001 1416/1487/1416
f 3001/1483/3001 2992/1489/2992 1413/1484/1413
f 2999/1485/2999 2987/1486/2987 1411/1476/1411
f 2995/1493/2995 2998/1446/2998 1409/1432/1409
f 2998/1446/2998 2997/1494/2997 1335/1447/1335
f 2997/1494/2997 2995/1493/2995 1414/1479/1414
f 2996/1474/2996 2997/1494/2997 1414/1479/1414
f 2997/1494/2997 2996/1474/2996 2972/1495/2972
f 2997/1494/2997 2998/1446/2998 2995/1493/2995
f 2999/1485/2999 2980/1471/2980 2975/1497/2975
f 3000/1481/3000 2999/1485/2999 1416/1487/1416
f 2980/1471/2980 2999/1485/2999 1411/1476/1411
f 2999/1485/2999 2975/1497/2975 1416/1487/1416
f 2975/1497/2975 2980/1471/2980 1410/1472/1410
f 3005/1457/3005 3010/1468/3010 2499/1458/2499
f 3010/1468/3010 3011/1465/3011 2503/1466/2503
f 3004/1456/3004 3009/1461/3009 3006/1459/3006
f 3006/1459/3006 3009/1461/3009 2501/1360/2501
f 3009/1461/3009 3004/1456/3004 2499/1458/2499
f 3011/1465/3011 3005/1457/3005 2498/1452/2498
f 3013/1361/3013 3008/1460/3008 2501/1360/2501
f 3008/1460/3008 3013/1361/3013 3012/1440/3012
f 3012/1440/3012 3013/1361/3013 2494/1357/2494
f 3005/1457/3005 3011/1465/3011 3010/1468/3010
f 3008/1460/3008 3012/1440/3012 2502/1444/2502
f 3004/1456/3004 3006/1459/3006 2500/1438/2500
f 3005/1457/3005 3003/1436/3003 2498/1452/2498
f 3003/1436/3003 3004/1456/3004 2500/1438/2500
f 2979/1475/2979 2996/1474/2996 3002/1473/3002
f 3002/1473/3002 2996/1474/2996 1414/1479/1414
f 2996/1474/2996 2979/1475/2979 1415/1488/1415
f 3004/1456/3004 3005/1457/3005 2499/1458/2499
f 3007/1462/3007 3008/1460/3008 2502/1444/2502
f 3008/1460/3008 3007/1462/3007 3006/1459/3006
f 3006/1459/3006 3007/1462/3007 2500/1438/2500
f 3005/1457/3005 3004/1456/3004 3003/1436/3003
f 3008/1460/3008 3006/1459/3006 2501/1360/2501
f 1523/482/1523 1576/549/1576 1511/484/1511
f 1712/809/1712 1715/807/1715 1735/721/1735
f 1737/733/1737 1736/728/1736 1715/807/1715
f 1715/807/1715 1736/728/1736 1735/721/1735
f 1735/721/1735 1734/722/1734 1710/815/1710
f 1710/815/1710 1712/809/1712 1735/721/1735
f 1715/807/1715 1716/808/1716 1737/733/1737
f 1718/810/1718 1720/811/1720 1739/732/1739
f 1722/806/1722 1740/753/1740 1739/732/1739
f 1739/732/1739 1738/731/1738 1718/810/1718
f 1738/731/1738 1737/733/1737 1716/808/1716
f 1716/808/1716 1718/810/1718 1738/731/1738
f 1708/814/1708 1710/815/1710 1734/722/1734
f 1701/804/1701 1703/803/1703 1729/744/1729
f 1731/746/1731 1730/747/1730 1703/803/1703
f 1703/803/1703 1730/747/1730 1729/744/1729
f 1701/804/1701 1729/744/1729 1728/736/1728
f 1698/805/1698 1701/804/1701 1728/736/1728
f 1703/803/1703 1705/813/1705 1731/746/1731
f 1707/812/1707 1708/814/1708 1733/727/1733
f 1734/722/1734 1733/727/1733 1708/814/1708
f 1733/727/1733 1732/734/1732 1707/812/1707
f 1732/734/1732 1731/746/1731 1705/813/1705
f 1705/813/1705 1707/812/1707 1732/734/1732
f 1733/727/1733 1746/726/1746 1732/734/1732
f 1734/722/1734 1747/723/1747 1746/726/1746
f 1731/746/1731 1732/734/1732 1746/726/1746
f 1731/746/1731 1745/745/1745 1730/747/1730
f 1746/726/1746 1745/745/1745 1731/746/1731
f 1733/727/1733 1734/722/1734 1746/726/1746
f 1735/721/1735 1736/728/1736 1749/725/1749
f 1750/729/1750 1749/725/1749 1736/728/1736
f 1749/725/1749 1748/724/1748 1735/721/1735
f 1735/721/1735 1748/724/1748 1747/723/1747
f 1734/722/1734 1735/721/1735 1747/723/1747
f 1729/744/1729 1730/747/1730 1744/735/1744
f 1694/740/1694 1726/739/1726 1741/742/1741
f 1724/741/1724 1694/740/1694 1741/742/1741
f 1722/806/1722 1724/741/1724 1740/753/1740
f 1720/811/1720 1722/806/1722 1739/732/1739
f 1724/741/1724 1741/742/1741 1740/753/1740
f 1742/737/1742 1743/743/1743 1726/739/1726
f 1729/744/1729 1744/735/1744 1728/736/1728
f 1730/747/1730 1745/745/1745 1744/735/1744
f 1727/738/1727 1728/736/1728 1742/737/1742
f 1726/739/1726 1727/738/1727 1742/737/1742
f 1728/736/1728 1744/735/1744 1742/737/1742
f 1696/802/1696 1698/805/1698 1728/736/1728
f 1700/750/1700 1701/804/1701 1698/805/1698
f 1699/748/1699 1700/750/1700 1698/805/1698
f 1695/688/1695 1699/748/1699 1698/805/1698
f 1697/693/1697 1695/688/1695 1694/740/1694
f 1698/805/1698 1696/802/1696 1695/688/1695
f 1702/752/1702 1703/803/1703 1701/804/1701
f 1706/700/1706 1707/812/1707 1705/813/1705
f 1704/751/1704 1706/700/1706 1705/813/1705
f 1702/752/1702 1704/751/1704 1703/803/1703
f 1700/750/1700 1702/752/1702 1701/804/1701
f 1704/751/1704 1705/813/1705 1703/803/1703
f 1695/688/1695 1696/802/1696 1694/740/1694
f 1604/513/1604 1607/500/1607 1690/820/1690
f 1690/820/1690 1691/829/1691 1604/513/1604
f 1689/821/1689 1690/820/1690 1612/501/1612
f 1688/818/1688 1689/821/1689 1609/497/1609
f 1690/820/1690 1607/500/1607 1612/501/1612
f 1536/434/1536 1604/513/1604 1691/829/1691
f 1678/795/1678 1558/447/1558 1535/435/1535
f 1693/827/1693 1678/795/1678 1535/435/1535
f 1692/828/1692 1693/827/1693 1536/434/1536
f 1691/829/1691 1692/828/1692 1536/434/1536
f 1693/827/1693 1535/435/1535 1536/434/1536
f 1721/684/1721 1723/680/1723 1722/806/1722
f 1724/741/1724 1722/806/1722 1723/680/1723
f 1722/806/1722 1720/811/1720 1721/684/1721
f 1720/811/1720 1718/810/1718 1719/685/1719
f 1719/685/1719 1721/684/1721 1720/811/1720
f 1723/680/1723 1725/683/1725 1724/741/1724
f 1694/740/1694 1696/802/1696 1726/739/1726
f 1728/736/1728 1727/738/1727 1696/802/1696
f 1696/802/1696 1727/738/1727 1726/739/1726
f 1694/740/1694 1724/741/1724 1725/683/1725
f 1725/683/1725 1697/693/1697 1694/740/1694
f 1717/694/1717 1719/685/1719 1718/810/1718
f 1709/697/1709 1711/695/1711 1710/815/1710
f 1712/809/1712 1710/815/1710 1711/695/1711
f 1710/815/1710 1708/814/1708 1709/697/1709
f 1708/814/1708 1707/812/1707 1706/700/1706
f 1706/700/1706 1709/697/1709 1708/814/1708
f 1711/695/1711 1713/702/1713 1712/809/1712
f 1714/705/1714 1717/694/1717 1716/808/1716
f 1718/810/1718 1716/808/1716 1717/694/1717
f 1716/808/1716 1715/807/1715 1714/705/1714
f 1714/705/1714 1715/807/1715 1712/809/1712
f 1713/702/1713 1714/705/1714 1712/809/1712
f 1736/728/1736 1737/733/1737 1750/729/1750
f 1776/708/1776 1760/696/1760 1759/699/1759
f 1760/696/1760 1776/708/1776 1777/706/1777
f 1759/699/1759 1775/712/1775 1776/708/1776
f 1759/699/1759 1758/701/1758 1774/719/1774
f 1775/712/1775 1759/699/1759 1774/719/1774
f 1777/706/1777 1761/698/1761 1760/696/1760
f 1779/711/1779 1763/703/1763 1778/707/1778
f 1763/703/1763 1779/711/1779 1780/709/1780
f 1763/703/1763 1762/704/1762 1778/707/1778
f 1762/704/1762 1761/698/1761 1777/706/1777
f 1778/707/1778 1762/704/1762 1777/706/1777
f 1774/719/1774 1758/701/1758 1773/718/1773
f 1769/692/1769 1754/717/1754 1753/689/1753
f 1755/714/1755 1754/717/1754 1769/692/1769
f 1753/689/1753 1770/691/1770 1769/692/1769
f 1695/688/1695 1697/693/1697 1768/690/1768
f 1753/689/1753 1695/688/1695 1768/690/1768
f 1771/713/1771 1755/714/1755 1769/692/1769
f 1773/718/1773 1757/720/1757 1756/716/1756
f 1758/701/1758 1757/720/1757 1773/718/1773
f 1756/716/1756 1772/715/1772 1773/718/1773
f 1755/714/1755 1771/713/1771 1772/715/1772
f 1772/715/1772 1756/716/1756 1755/714/1755
f 1772/715/1772 1771/713/1771 1787/778/1787
f 1788/777/1788 1772/715/1772 1787/778/1787
f 1787/778/1787 1771/713/1771 1769/692/1769
f 1785/782/1785 1769/692/1769 1770/691/1770
f 1769/692/1769 1785/782/1785 1787/778/1787
f 1773/718/1773 1772/715/1772 1788/777/1788
f 1774/719/1774 1790/764/1790 1791/762/1791
f 1791/762/1791 1775/712/1775 1774/719/1774
f 1790/764/1790 1774/719/1774 1773/718/1773
f 1789/768/1789 1773/718/1773 1788/777/1788
f 1773/718/1773 1789/768/1789 1790/764/1790
f 1770/691/1770 1786/775/1786 1785/782/1785
f 1766/681/1766 1765/682/1765 1781/710/1781
f 1782/781/1782 1766/681/1766 1781/710/1781
f 1781/710/1781 1765/682/1765 1764/686/1764
f 1780/709/1780 1764/686/1764 1763/703/1763
f 1764/686/1764 1780/709/1780 1781/710/1781
f 1767/687/1767 1766/681/1766 1782/781/1782
f 1768/690/1768 1784/780/1784 1770/691/1770
f 1770/691/1770 1753/689/1753 1768/690/1768
f 1784/780/1784 1768/690/1768 1767/687/1767
f 1783/779/1783 1767/687/1767 1782/781/1782
f 1767/687/1767 1783/779/1783 1784/780/1784
f 1768/690/1768 1697/693/1697 1767/687/1767
f 1751/730/1751 1752/749/1752 1750/729/1750
f 1743/743/1743 1752/749/1752 1751/730/1751
f 1750/729/1750 1752/749/1752 1749/725/1749
f 1748/724/1748 1752/749/1752 1747/723/1747
f 1749/725/1749 1752/749/1752 1748/724/1748
f 1699/748/1699 1695/688/1695 1753/689/1753
f 1700/750/1700 1755/714/1755 1756/716/1756
f 1756/716/1756 1702/752/1702 1700/750/1700
f 1755/714/1755 1700/750/1700 1699/748/1699
f 1754/717/1754 1699/748/1699 1753/689/1753
f 1699/748/1699 1754/717/1754 1755/714/1755
f 1747/723/1747 1752/749/1752 1746/726/1746
f 1740/753/1740 1751/730/1751 1739/732/1739
f 1743/743/1743 1751/730/1751 1740/753/1740
f 1738/731/1738 1739/732/1739 1751/730/1751
f 1738/731/1738 1750/729/1750 1737/733/1737
f 1751/730/1751 1750/729/1750 1738/731/1738
f 1740/753/1740 1741/742/1741 1743/743/1743
f 1745/745/1745 1752/749/1752 1744/735/1744
f 1746/726/1746 1752/749/1752 1745/745/1745
f 1744/735/1744 1752/749/1752 1742/737/1742
f 1726/739/1726 1743/743/1743 1741/742/1741
f 1742/737/1742 1752/749/1752 1743/743/1743
f 1764/686/1764 1719/685/1719 1717/694/1717
f 1721/684/1721 1719/685/1719 1764/686/1764
f 1717/694/1717 1763/703/1763 1764/686/1764
f 1717/694/1717 1714/705/1714 1762/704/1762
f 1763/703/1763 1717/694/1717 1762/704/1762
f 1765/682/1765 1721/684/1721 1764/686/1764
f 1767/687/1767 1725/683/1725 1766/681/1766
f 1697/693/1697 1725/683/1725 1767/687/1767
f 1725/683/1725 1723/680/1723 1766/681/1766
f 1723/680/1723 1721/684/1721 1765/682/1765
f 1766/681/1766 1723/680/1723 1765/682/1765
f 1762/704/1762 1714/705/1714 1761/698/1761
f 1758/701/1758 1706/700/1706 1757/720/1757
f 1709/697/1709 1706/700/1706 1758/701/1758
f 1706/700/1706 1704/751/1704 1757/720/1757
f 1702/752/1702 1756/716/1756 1757/720/1757
f 1757/720/1757 1704/751/1704 1702/752/1702
f 1759/699/1759 1709/697/1709 1758/701/1758
f 1761/698/1761 1713/702/1713 1711/695/1711
f 1714/705/1714 1713/702/1713 1761/698/1761
f 1711/695/1711 1760/696/1760 1761/698/1761
f 1709/697/1709 1759/699/1759 1760/696/1760
f 1760/696/1760 1711/695/1711 1709/697/1709
f 1621/526/1621 1620/525/1620 1622/527/1622
f 1623/521/1623 1543/419/1543 1545/420/1545
f 1621/526/1621 1618/530/1618 1620/525/1620
f 1619/538/1619 1616/532/1616 1617/536/1617
f 1618/530/1618 1596/539/1596 1620/525/1620
f 1624/524/1624 1545/420/1545 1547/421/1547
f 1626/523/1626 1627/528/1627 1625/522/1625
f 1553/450/1553 1628/529/1628 1552/448/1552
f 1545/420/1545 1624/524/1624 1626/523/1626
f 1625/522/1625 1623/521/1623 1545/420/1545
f 1626/523/1626 1625/522/1625 1545/420/1545
f 1618/530/1618 1597/540/1597 1595/541/1595
f 1615/537/1615 1613/509/1613 1614/507/1614
f 1521/477/1521 1615/537/1615 1614/507/1614
f 1589/508/1589 1584/506/1584 1614/507/1614
f 1614/507/1614 1613/509/1613 1589/508/1589
f 1584/506/1584 1599/505/1599 1614/507/1614
f 1615/537/1615 1521/477/1521 1519/425/1519
f 1590/533/1590 1591/535/1591 1617/536/1617
f 1595/541/1595 1596/539/1596 1618/530/1618
f 1617/536/1617 1616/532/1616 1590/533/1590
f 1616/532/1616 1588/531/1588 1590/533/1590
f 1591/535/1591 1593/534/1593 1617/536/1617
f 1602/515/1602 1637/149/1637 1636/147/1636
f 1637/149/1637 1602/515/1602 1606/503/1606
f 1636/147/1636 1600/516/1600 1602/515/1602
f 1635/146/1635 1599/505/1599 1600/516/1600
f 1600/516/1600 1636/147/1636 1635/146/1635
f 1606/503/1606 1638/150/1638 1637/149/1637
f 1611/499/1611 1640/213/1640 1610/498/1610
f 1641/211/1641 1640/213/1640 1611/499/1611
f 1640/213/1640 1639/151/1639 1610/498/1610
f 1639/151/1639 1638/150/1638 1606/503/1606
f 1610/498/1610 1639/151/1639 1606/503/1606
f 1599/505/1599 1635/146/1635 1634/148/1634
f 1522/483/1522 1631/159/1631 1526/453/1526
f 1632/160/1632 1631/159/1631 1522/483/1522
f 1631/159/1631 1630/155/1630 1526/453/1526
f 1629/153/1629 1528/431/1528 1526/453/1526
f 1526/453/1526 1630/155/1630 1629/153/1629
f 1513/481/1513 1632/160/1632 1522/483/1522
f 1614/507/1614 1634/148/1634 1633/152/1633
f 1634/148/1634 1614/507/1614 1599/505/1599
f 1633/152/1633 1521/477/1521 1614/507/1614
f 1632/160/1632 1513/481/1513 1521/477/1521
f 1521/477/1521 1633/152/1633 1632/160/1632
f 1613/509/1613 1592/511/1592 1589/508/1589
f 1588/531/1588 1587/519/1587 1584/506/1584
f 1588/531/1588 1584/506/1584 1589/508/1589
f 1584/506/1584 1587/519/1587 1586/518/1586
f 1584/506/1584 1585/514/1585 1583/517/1583
f 1584/506/1584 1586/518/1586 1585/514/1585
f 1590/533/1590 1588/531/1588 1589/508/1589
f 1593/534/1593 1592/511/1592 1594/510/1594
f 1595/541/1595 1593/534/1593 1594/510/1594
f 1593/534/1593 1591/535/1591 1592/511/1592
f 1591/535/1591 1590/533/1590 1589/508/1589
f 1592/511/1592 1591/535/1591 1589/508/1589
f 1575/546/1575 1516/495/1516 1582/559/1582
f 1525/486/1525 1579/548/1579 1524/485/1524
f 1579/548/1579 1525/486/1525 1559/439/1559
f 1578/547/1578 1524/485/1524 1579/548/1579
f 1576/549/1576 1523/482/1523 1578/547/1578
f 1524/485/1524 1578/547/1578 1523/482/1523
f 1527/427/1527 1559/439/1559 1525/486/1525
f 1582/559/1582 1514/496/1514 1581/558/1581
f 1514/496/1514 1582/559/1582 1516/495/1516
f 1581/558/1581 1514/496/1514 1580/557/1580
f 1580/557/1580 1511/484/1511 1577/550/1577
f 1511/484/1511 1580/557/1580 1514/496/1514
f 1604/513/1604 1605/512/1605 1607/500/1607
f 1609/497/1609 1610/498/1610 1606/503/1606
f 1605/512/1605 1608/502/1608 1607/500/1607
f 1604/513/1604 1536/434/1536 1603/520/1603
f 1601/504/1601 1606/503/1606 1602/515/1602
f 1606/503/1606 1601/504/1601 1609/497/1609
f 1611/499/1611 1612/501/1612 1608/502/1608
f 1613/509/1613 1594/510/1594 1592/511/1592
f 1612/501/1612 1607/500/1607 1608/502/1608
f 1609/497/1609 1612/501/1612 1611/499/1611
f 1610/498/1610 1609/497/1609 1611/499/1611
f 1603/520/1603 1605/512/1605 1604/513/1604
f 1583/517/1583 1599/505/1599 1584/506/1584
f 1583/517/1583 1600/516/1600 1599/505/1599
f 1598/556/1598 1596/539/1596 1594/510/1594
f 1595/541/1595 1594/510/1594 1596/539/1596
f 1595/541/1595 1597/540/1597 1593/534/1593
f 1586/518/1586 1587/519/1587 1601/504/1601
f 1583/517/1583 1585/514/1585 1602/515/1602
f 1603/520/1603 1536/434/1536 1530/432/1530
f 1602/515/1602 1600/516/1600 1583/517/1583
f 1585/514/1585 1586/518/1586 1601/504/1601
f 1585/514/1585 1601/504/1601 1602/515/1602
f 1608/502/1608 1641/211/1641 1611/499/1611
f 1674/791/1674 1673/792/1673 1622/527/1622
f 1658/789/1658 1674/791/1674 1622/527/1622
f 1622/527/1622 1673/792/1673 1621/526/1621
f 1621/526/1621 1672/799/1672 1618/530/1618
f 1673/792/1673 1672/799/1672 1621/526/1621
f 1674/791/1674 1658/789/1658 1627/528/1627
f 1677/794/1677 1676/793/1676 1626/523/1626
f 1624/524/1624 1677/794/1677 1626/523/1626
f 1626/523/1626 1676/793/1676 1675/790/1675
f 1627/528/1627 1675/790/1675 1674/791/1674
f 1675/790/1675 1627/528/1627 1626/523/1626
f 1672/799/1672 1671/800/1671 1618/530/1618
f 1667/788/1667 1619/538/1619 1617/536/1617
f 1617/536/1617 1668/797/1668 1667/788/1667
f 1619/538/1619 1667/788/1667 1666/787/1666
f 1628/529/1628 1666/787/1666 1665/786/1665
f 1666/787/1666 1628/529/1628 1619/538/1619
f 1668/797/1668 1617/536/1617 1593/534/1593
f 1670/798/1670 1597/540/1597 1618/530/1618
f 1618/530/1618 1671/800/1671 1670/798/1670
f 1597/540/1597 1670/798/1670 1669/796/1669
f 1593/534/1593 1669/796/1669 1668/797/1668
f 1669/796/1669 1593/534/1593 1597/540/1597
f 1684/822/1684 1685/819/1685 1588/531/1588
f 1587/519/1587 1588/531/1588 1685/819/1685
f 1588/531/1588 1616/532/1616 1684/822/1684
f 1616/532/1616 1619/538/1619 1683/826/1683
f 1683/826/1683 1684/822/1684 1616/532/1616
f 1685/819/1685 1686/817/1686 1587/519/1587
f 1687/816/1687 1688/818/1688 1601/504/1601
f 1689/821/1689 1612/501/1612 1609/497/1609
f 1688/818/1688 1609/497/1609 1601/504/1601
f 1687/816/1687 1601/504/1601 1587/519/1587
f 1686/817/1686 1687/816/1687 1587/519/1587
f 1682/825/1682 1683/826/1683 1619/538/1619
f 1678/795/1678 1679/801/1679 1556/451/1556
f 1680/824/1680 1555/452/1555 1556/451/1556
f 1556/451/1556 1558/447/1558 1678/795/1678
f 1677/794/1677 1624/524/1624 1547/421/1547
f 1547/421/1547 1662/785/1662 1677/794/1677
f 1679/801/1679 1680/824/1680 1556/451/1556
f 1681/823/1681 1682/825/1682 1628/529/1628
f 1619/538/1619 1628/529/1628 1682/825/1682
f 1628/529/1628 1553/450/1553 1681/823/1681
f 1681/823/1681 1553/450/1553 1555/452/1555
f 1680/824/1680 1681/823/1681 1555/452/1555
f 1665/786/1665 1552/448/1552 1628/529/1628
f 1649/328/1649 1519/425/1519 1648/332/1648
f 1519/425/1519 1649/328/1649 1615/537/1615
f 1537/417/1537 1648/332/1648 1519/425/1519
f 1647/340/1647 1648/332/1648 1539/415/1539
f 1648/332/1648 1537/417/1537 1539/415/1539
f 1650/329/1650 1615/537/1615 1649/328/1649
f 1652/336/1652 1594/510/1594 1651/334/1651
f 1594/510/1594 1652/336/1652 1598/556/1598
f 1613/509/1613 1651/334/1651 1594/510/1594
f 1615/537/1615 1650/329/1650 1613/509/1613
f 1651/334/1651 1613/509/1613 1650/329/1650
f 1647/340/1647 1539/415/1539 1541/414/1541
f 1603/520/1603 1643/215/1643 1642/212/1642
f 1644/214/1644 1643/215/1643 1603/520/1603
f 1642/212/1642 1605/512/1605 1603/520/1603
f 1641/211/1641 1608/502/1608 1605/512/1605
f 1605/512/1605 1642/212/1642 1641/211/1641
f 1530/432/1530 1644/214/1644 1603/520/1603
f 1646/349/1646 1541/414/1541 1645/351/1645
f 1646/349/1646 1647/340/1647 1541/414/1541
f 1543/419/1543 1645/351/1645 1541/414/1541
f 1644/214/1644 1530/432/1530 1528/431/1528
f 1528/431/1528 1629/153/1629 1644/214/1644
f 1623/521/1623 1661/354/1661 1543/419/1543
f 1645/351/1645 1543/419/1543 1661/354/1661
f 1661/354/1661 1623/521/1623 1625/522/1625
f 1660/355/1660 1625/522/1625 1659/359/1659
f 1660/355/1660 1661/354/1661 1625/522/1625
f 1662/785/1662 1547/421/1547 1548/423/1548
f 1665/786/1665 1664/784/1664 1550/449/1550
f 1552/448/1552 1665/786/1665 1550/449/1550
f 1550/449/1550 1664/784/1664 1548/423/1548
f 1548/423/1548 1663/783/1663 1662/785/1662
f 1664/784/1664 1663/783/1663 1548/423/1548
f 1627/528/1627 1659/359/1659 1625/522/1625
f 1654/362/1654 1655/360/1655 1596/539/1596
f 1655/360/1655 1620/525/1620 1596/539/1596
f 1654/362/1654 1596/539/1596 1653/337/1653
f 1653/337/1653 1598/556/1598 1652/336/1652
f 1598/556/1598 1653/337/1653 1596/539/1596
f 1655/360/1655 1656/365/1656 1620/525/1620
f 1658/789/1658 1657/366/1657 1627/528/1627
f 1659/359/1659 1627/528/1627 1657/366/1657
f 1657/366/1657 1658/789/1658 1622/527/1622
f 1656/365/1656 1622/527/1622 1620/525/1620
f 1656/365/1656 1657/366/1657 1622/527/1622
f 2137/244/2137 2136/248/2136 2152/295/2152
f 2674/987/2674 993/988/993 994/973/994
f 2675/982/2675 2674/987/2674 2666/971/2666
f 2666/971/2666 2674/987/2674 994/973/994
f 991/986/991 2673/985/2673 2667/972/2667
f 991/986/991 2667/972/2667 994/973/994
f 2676/944/2676 2663/981/2663 2662/978/2662
f 2662/978/2662 2677/983/2677 2676/944/2676
f 2663/981/2663 2676/944/2676 2675/982/2675
f 2664/979/2664 2675/982/2675 2666/971/2666
f 2675/982/2675 2664/979/2664 2663/981/2663
f 2673/985/2673 2665/980/2665 2667/972/2667
f 2654/970/2654 2656/967/2656 2668/964/2668
f 2668/964/2668 2670/962/2670 2654/970/2654
f 2670/962/2670 2652/960/2652 2654/970/2654
f 2651/961/2651 2652/960/2652 2670/962/2670
f 2670/962/2670 2671/958/2671 2651/961/2651
f 2661/968/2661 2673/985/2673 2672/969/2672
f 2673/985/2673 2661/968/2661 2665/980/2665
f 2672/969/2672 2668/964/2668 2658/966/2658
f 2656/967/2656 2658/966/2658 2668/964/2668
f 2658/966/2658 2661/968/2661 2672/969/2672
f 2678/948/2678 2679/949/2679 2675/982/2675
f 2683/943/2683 2681/984/2681 2684/1049/2684
f 2684/1049/2684 2686/951/2686 2683/943/2683
f 2651/961/2651 2685/1047/2685 2653/1012/2653
f 2653/1012/2653 2684/1049/2684 2655/977/2655
f 2685/1047/2685 2684/1049/2684 2653/1012/2653
f 2649/1013/2649 2688/1045/2688 2685/1047/2685
f 2688/1045/2688 2649/1013/2649 965/965/965
f 2685/1047/2685 2651/961/2651 2649/1013/2649
f 2686/951/2686 2684/1049/2684 2685/1047/2685
f 2685/1047/2685 2687/916/2687 2686/951/2686
f 2684/1049/2684 2681/984/2681 2655/977/2655
f 2660/975/2660 2680/936/2680 2677/983/2677
f 2657/976/2657 2681/984/2681 2659/974/2659
f 2680/936/2680 2676/944/2676 2677/983/2677
f 2676/944/2676 2678/948/2678 2675/982/2675
f 2677/983/2677 2662/978/2662 2660/975/2660
f 2682/937/2682 2659/974/2659 2681/984/2681
f 2681/984/2681 2683/943/2683 2682/937/2682
f 2655/977/2655 2681/984/2681 2657/976/2657
f 2682/937/2682 2680/936/2680 2660/975/2660
f 2659/974/2659 2682/937/2682 2660/975/2660
f 2671/958/2671 987/957/987 2650/959/2650
f 2644/1016/2644 2643/1017/2643 2647/852/2647
f 2630/996/2630 2648/1008/2648 2629/1005/2629
f 2644/1016/2644 2647/852/2647 2646/849/2646
f 2627/1006/2627 2644/1016/2644 2646/849/2646
f 2644/1016/2644 2627/1006/2627 2645/1010/2645
f 2628/995/2628 2627/1006/2627 2646/849/2646
f 2624/847/2624 2628/995/2628 2646/849/2646
f 2630/996/2630 2629/1005/2629 2628/995/2628
f 2648/1008/2648 2630/996/2630 2641/1009/2641
f 2648/1008/2648 2645/1010/2645 2629/1005/2629
f 2645/1010/2645 2627/1006/2627 2629/1005/2629
f 2634/993/2634 2638/998/2638 2637/999/2637
f 2634/993/2634 2631/992/2631 2638/998/2638
f 2638/998/2638 2631/992/2631 2626/994/2626
f 2618/1000/2618 2626/994/2626 2625/1001/2625
f 2638/998/2638 2626/994/2626 2618/1000/2618
f 2642/1011/2642 2640/1014/2640 2630/996/2630
f 2644/1016/2644 2645/1010/2645 2643/1017/2643
f 2640/1014/2640 2641/1009/2641 2630/996/2630
f 2639/1015/2639 2636/991/2636 2635/989/2635
f 2633/990/2633 2636/991/2636 2632/997/2632
f 2632/997/2632 2642/1011/2642 2630/996/2630
f 2665/980/2665 2661/968/2661 2664/979/2664
f 2665/980/2665 2664/979/2664 2666/971/2666
f 2661/968/2661 2663/981/2663 2664/979/2664
f 2661/968/2661 2660/975/2660 2662/978/2662
f 2661/968/2661 2662/978/2662 2663/981/2663
f 965/965/965 2650/959/2650 987/957/987
f 2650/959/2650 2651/961/2651 2671/958/2671
f 2669/963/2669 2670/962/2670 2668/964/2668
f 2667/972/2667 2665/980/2665 2666/971/2666
f 2667/972/2667 2666/971/2666 994/973/994
f 2661/968/2661 2658/966/2658 2660/975/2660
f 2653/1012/2653 2655/977/2655 2654/970/2654
f 2654/970/2654 2652/960/2652 2653/1012/2653
f 2651/961/2651 2653/1012/2653 2652/960/2652
f 2650/959/2650 965/965/965 2649/1013/2649
f 2651/961/2651 2650/959/2650 2649/1013/2649
f 2658/966/2658 2656/967/2656 2657/976/2657
f 2658/966/2658 2659/974/2659 2660/975/2660
f 2657/976/2657 2659/974/2659 2658/966/2658
f 2655/977/2655 2657/976/2657 2656/967/2656
f 2656/967/2656 2654/970/2654 2655/977/2655
f 2716/1024/2716 2615/1003/2615 2715/1019/2715
f 2620/1007/2620 2714/1022/2714 2621/877/2621
f 2715/1019/2715 2615/1003/2615 2611/1004/2611
f 2716/1024/2716 2706/1025/2706 2616/1002/2616
f 2716/1024/2716 2715/1019/2715 2704/1020/2704
f 2719/1035/2719 2720/1042/2720 2718/1041/2718
f 2720/1042/2720 2719/1035/2719 2721/1034/2721
f 2620/1007/2620 2717/1036/2717 2714/1022/2714
f 2714/1022/2714 2717/1036/2717 2707/1023/2707
f 2717/1036/2717 2620/1007/2620 2623/886/2623
f 2706/1025/2706 2716/1024/2716 2704/1020/2704
f 2713/1021/2713 2614/879/2614 2714/1022/2714
f 2709/1018/2709 2713/1021/2713 2707/1023/2707
f 2614/879/2614 2713/1021/2713 2611/1004/2611
f 2713/1021/2713 2714/1022/2714 2707/1023/2707
f 2714/1022/2714 2614/879/2614 2621/877/2621
f 2716/1024/2716 2616/1002/2616 2615/1003/2615
f 2616/1002/2616 2706/1025/2706 2637/999/2637
f 2709/1018/2709 2715/1019/2715 2713/1021/2713
f 2713/1021/2713 2715/1019/2715 2611/1004/2611
f 2715/1019/2715 2709/1018/2709 2704/1020/2704
f 2712/1031/2712 2719/1035/2719 2718/1041/2718
f 2701/1040/2701 2703/1030/2703 2724/1039/2724
f 2725/874/2725 2726/887/2726 2488/875/2488
f 2724/1039/2724 2703/1030/2703 2712/1031/2712
f 2724/1039/2724 2712/1031/2712 2718/1041/2718
f 2701/1040/2701 2639/1015/2639 2635/989/2635
f 2727/889/2727 2612/888/2612 2617/890/2617
f 2727/889/2727 2617/890/2617 2728/891/2728
f 2726/887/2726 2486/858/2486 2488/875/2488
f 2726/887/2726 2613/880/2613 2612/888/2612
f 2613/880/2613 2726/887/2726 2725/874/2725
f 2696/1033/2696 2721/1034/2721 2723/1032/2723
f 2717/1036/2717 2722/1037/2722 2707/1023/2707
f 2722/1037/2722 2723/1032/2723 2719/1035/2719
f 2722/1037/2722 2710/1027/2710 2707/1023/2707
f 2722/1037/2722 2719/1035/2719 2712/1031/2712
f 2722/1037/2722 2712/1031/2712 2710/1027/2710
f 2723/1032/2723 2721/1034/2721 2719/1035/2719
f 2721/1034/2721 2696/1033/2696 2695/1038/2695
f 2696/1033/2696 2723/1032/2723 2623/886/2623
f 2723/1032/2723 2717/1036/2717 2623/886/2623
f 2717/1036/2717 2723/1032/2723 2722/1037/2722
f 2711/1028/2711 2703/1030/2703 2702/1029/2702
f 991/986/991 987/957/987 2692/1048/2692
f 2694/896/2694 2695/1038/2695 2693/884/2693
f 987/957/987 2671/958/2671 2692/1048/2692
f 2671/958/2671 2670/962/2670 2669/963/2669
f 2692/1048/2692 2671/958/2671 2669/963/2669
f 2619/893/2619 2625/1001/2625 2698/1050/2698
f 2625/1001/2625 2624/847/2624 2698/1050/2698
f 2694/896/2694 2693/884/2693 2697/899/2697
f 2693/884/2693 2696/1033/2696 2623/886/2623
f 2696/1033/2696 2693/884/2693 2695/1038/2695
f 2669/963/2669 2668/964/2668 2672/969/2672
f 2690/917/2690 2688/1045/2688 2689/1046/2689
f 1013/920/1013 2689/1046/2689 965/965/965
f 2688/1045/2688 2690/917/2690 2687/916/2687
f 965/965/965 2689/1046/2689 2688/1045/2688
f 2687/916/2687 2685/1047/2685 2688/1045/2688
f 2673/985/2673 2692/1048/2692 2669/963/2669
f 2669/963/2669 2672/969/2672 2673/985/2673
f 2673/985/2673 991/986/991 2692/1048/2692
f 2689/1046/2689 2691/918/2691 2690/917/2690
f 2691/918/2691 2689/1046/2689 1013/920/1013
f 2624/847/2624 2699/848/2699 2698/1050/2698
f 2709/1018/2709 2702/1029/2702 2704/1020/2704
f 2708/1026/2708 2702/1029/2702 2709/1018/2709
f 2708/1026/2708 2709/1018/2709 2707/1023/2707
f 2702/1029/2702 2705/1043/2705 2704/1020/2704
f 2705/1043/2705 2702/1029/2702 2700/1044/2700
f 2712/1031/2712 2711/1028/2711 2710/1027/2710
f 2711/1028/2711 2712/1031/2712 2703/1030/2703
f 2710/1027/2710 2711/1028/2711 2708/1026/2708
f 2710/1027/2710 2708/1026/2708 2707/1023/2707
f 2708/1026/2708 2711/1028/2711 2702/1029/2702
f 2705/1043/2705 2700/1044/2700 2634/993/2634
f 2700/1044/2700 2701/1040/2701 2635/989/2635
f 2703/1030/2703 2700/1044/2700 2702/1029/2702
f 2619/893/2619 2618/1000/2618 2625/1001/2625
f 2699/848/2699 2619/893/2619 2698/1050/2698
f 2618/1000/2618 2616/1002/2616 2637/999/2637
f 2706/1025/2706 2634/993/2634 2637/999/2637
f 2705/1043/2705 2634/993/2634 2706/1025/2706
f 2705/1043/2705 2706/1025/2706 2704/1020/2704
f 2700/1044/2700 2703/1030/2703 2701/1040/2701
f 2700/1044/2700 2635/989/2635 2634/993/2634
f 2485/1294/2485 2487/1297/2487 2486/858/2486
f 2486/858/2486 2487/1297/2487 2488/875/2488
f 2487/1297/2487 2485/1294/2485 2472/1282/2472
f 2486/858/2486 2484/855/2484 2485/1294/2485
f 2470/1291/2470 2472/1282/2472 2485/1294/2485
f 2490/873/2490 2489/1332/2489 2448/1278/2448
f 2489/1332/2489 2490/873/2490 2488/875/2488
f 2489/1332/2489 2488/875/2488 2487/1297/2487
f 2448/1278/2448 2489/1332/2489 2472/1282/2472
f 2489/1332/2489 2487/1297/2487 2472/1282/2472
f 2483/1293/2483 2485/1294/2485 2484/855/2484
f 2465/1296/2465 2481/1295/2481 2445/1301/2445
f 2464/1292/2464 2483/1293/2483 2465/1296/2465
f 2482/857/2482 2479/834/2479 2477/1298/2477
f 2481/1295/2481 2477/1298/2477 2445/1301/2445
f 2481/1295/2481 2482/857/2482 2477/1298/2477
f 2464/1292/2464 2470/1291/2470 2483/1293/2483
f 2485/1294/2485 2483/1293/2483 2470/1291/2470
f 2484/855/2484 2482/857/2482 2481/1295/2481
f 2483/1293/2483 2481/1295/2481 2465/1296/2465
f 2483/1293/2483 2484/855/2484 2481/1295/2481
f 2448/1278/2448 2449/1368/2449 2490/873/2490
f 2526/1367/2526 3015/1366/3015 2517/1365/2517
f 2519/1358/2519 2517/1365/2517 2569/1363/2569
f 3015/1366/3015 2569/1363/2569 2517/1365/2517
f 2497/1359/2497 2519/1358/2519 2496/1345/2496
f 2496/1345/2496 2519/1358/2519 2569/1363/2569
f 2574/1377/2574 1510/490/1510 3032/1378/3032
f 3032/1378/3032 2573/1371/2573 2574/1377/2574
f 2570/1364/2570 1508/492/1508 1510/490/1510
f 2571/1342/2571 2572/1343/2572 2570/1364/2570
f 1508/492/1508 2570/1364/2570 2572/1343/2572
f 2511/1356/2511 2492/1355/2492 2494/1357/2494
f 2475/863/2475 2491/864/2491 2425/1281/2425
f 2493/645/2493 2494/1357/2494 2492/1355/2492
f 2455/1321/2455 2425/1281/2425 2491/864/2491
f 2491/864/2491 2490/873/2490 2449/1368/2449
f 2455/1321/2455 2491/864/2491 2449/1368/2449
f 2511/1356/2511 2494/1357/2494 3013/1361/3013
f 3013/1361/3013 2501/1360/2501 2511/1356/2511
f 2496/1345/2496 2495/1362/2495 2497/1359/2497
f 2492/1355/2492 2495/1362/2495 2493/645/2493
f 2496/1345/2496 2493/645/2493 2495/1362/2495
f 2478/1299/2478 2480/846/2480 2476/871/2476
f 2381/1284/2381 2468/1285/2468 2416/1289/2416
f 2419/1290/2419 2379/1287/2379 2417/1288/2417
f 2417/1288/2417 2381/1284/2381 2416/1289/2416
f 2471/1286/2471 2469/1328/2469 2467/1326/2467
f 2471/1286/2471 2470/1291/2470 2469/1328/2469
f 2471/1286/2471 2378/1283/2378 2470/1291/2470
f 2472/1282/2472 2470/1291/2470 2378/1283/2378
f 2378/1283/2378 2471/1286/2471 2468/1285/2468
f 2379/1287/2379 2381/1284/2381 2417/1288/2417
f 2381/1284/2381 2378/1283/2378 2468/1285/2468
f 2468/1285/2468 2471/1286/2471 2467/1326/2467
f 2467/1326/2467 2457/1306/2457 2414/1327/2414
f 2416/1289/2416 2468/1285/2468 2414/1327/2414
f 2409/1310/2409 2414/1327/2414 2457/1306/2457
f 2445/1301/2445 2466/1329/2466 2465/1296/2465
f 2466/1329/2466 2445/1301/2445 2444/1330/2444
f 2461/1312/2461 2469/1328/2469 2464/1292/2464
f 2470/1291/2470 2464/1292/2464 2469/1328/2469
f 2469/1328/2469 2461/1312/2461 2467/1326/2467
f 2468/1285/2468 2467/1326/2467 2414/1327/2414
f 2457/1306/2457 2467/1326/2467 2461/1312/2461
f 2380/1273/2380 2472/1282/2472 2378/1283/2378
f 2476/871/2476 2475/863/2475 2430/1279/2430
f 2430/1279/2430 2436/1300/2436 2476/871/2476
f 2428/1280/2428 2430/1279/2430 2475/863/2475
f 2451/1274/2451 2446/1270/2446 2474/1271/2474
f 2425/1281/2425 2428/1280/2428 2475/863/2475
f 2480/846/2480 2478/1299/2478 2477/1298/2477
f 2478/1299/2478 2476/871/2476 2436/1300/2436
f 2479/834/2479 2480/846/2480 2477/1298/2477
f 2477/1298/2477 2478/1299/2478 2445/1301/2445
f 2478/1299/2478 2436/1300/2436 2445/1301/2445
f 2448/1278/2448 2472/1282/2472 2380/1273/2380
f 2424/1275/2424 2474/1271/2474 2422/1276/2422
f 2474/1271/2474 2473/1272/2473 2422/1276/2422
f 2473/1272/2473 2380/1273/2380 2379/1287/2379
f 2419/1290/2419 2422/1276/2422 2379/1287/2379
f 2473/1272/2473 2379/1287/2379 2422/1276/2422
f 2446/1270/2446 2380/1273/2380 2473/1272/2473
f 2446/1270/2446 2448/1278/2448 2380/1273/2380
f 2474/1271/2474 2446/1270/2446 2473/1272/2473
f 2400/1277/2400 2451/1274/2451 2424/1275/2424
f 2451/1274/2451 2474/1271/2474 2424/1275/2424
f 2608/1348/2608 2609/1349/2609 2604/1350/2604
f 2593/1347/2593 2608/1348/2608 1508/492/1508
f 2609/1349/2609 2593/1347/2593 2595/1339/2595
f 2603/1351/2603 2607/1352/2607 2604/1350/2604
f 2603/1351/2603 2590/632/2590 2607/1352/2607
f 2599/1338/2599 2606/1353/2606 2604/1350/2604
f 2606/1353/2606 2599/1338/2599 2610/659/2610
f 2606/1353/2606 2610/659/2610 2605/661/2605
f 2608/1348/2608 2593/1347/2593 2609/1349/2609
f 2610/659/2610 2599/1338/2599 2598/653/2598
f 2608/1348/2608 2607/1352/2607 2591/1344/2591
f 2603/1351/2603 2602/1354/2602 2601/631/2601
f 2602/1354/2602 2605/661/2605 2600/630/2600
f 2602/1354/2602 2603/1351/2603 2604/1350/2604
f 2601/631/2601 2602/1354/2602 2600/630/2600
f 2603/1351/2603 2601/631/2601 2590/632/2590
f 2608/1348/2608 2591/1344/2591 1508/492/1508
f 2607/1352/2607 2608/1348/2608 2604/1350/2604
f 2591/1344/2591 2607/1352/2607 2590/632/2590
f 2606/1353/2606 2602/1354/2602 2604/1350/2604
f 2606/1353/2606 2605/661/2605 2602/1354/2602
f 2609/1349/2609 2599/1338/2599 2604/1350/2604
f 2628/995/2628 2626/994/2626 2631/992/2631
f 2630/996/2630 2633/990/2633 2632/997/2632
f 2628/995/2628 2631/992/2631 2630/996/2630
f 2628/995/2628 2629/1005/2629 2627/1006/2627
f 2626/994/2626 2628/995/2628 2624/847/2624
f 2633/990/2633 2630/996/2630 2631/992/2631
f 2638/998/2638 2618/1000/2618 2637/999/2637
f 2633/990/2633 2631/992/2631 2634/993/2634
f 2635/989/2635 2633/990/2633 2634/993/2634
f 2633/990/2633 2635/989/2635 2636/991/2636
f 2625/1001/2625 2626/994/2626 2624/847/2624
f 2612/888/2612 2611/1004/2611 2615/1003/2615
f 2615/1003/2615 2616/1002/2616 2612/888/2612
f 2613/880/2613 2614/879/2614 2611/1004/2611
f 2599/1338/2599 2609/1349/2609 2595/1339/2595
f 2612/888/2612 2613/880/2613 2611/1004/2611
f 2621/877/2621 2622/900/2622 2620/1007/2620
f 2622/900/2622 2623/886/2623 2620/1007/2620
f 2618/1000/2618 2617/890/2617 2616/1002/2616
f 2612/888/2612 2616/1002/2616 2617/890/2617
f 2619/893/2619 2617/890/2617 2618/1000/2618
f 2596/1334/2596 2597/1336/2597 2595/1339/2595
f 2573/1371/2573 3033/1370/3033 1374/1372/1374
f 1374/1372/1374 2585/1374/2585 3026/1376/3026
f 3033/1370/3033 2585/1374/2585 1374/1372/1374
f 3034/1369/3034 1510/490/1510 2496/1345/2496
f 2496/1345/2496 2569/1363/2569 3034/1369/3034
f 2493/645/2493 2496/1345/2496 2590/632/2590
f 2496/1345/2496 2591/1344/2591 2590/632/2590
f 2587/651/2587 2589/650/2589 2588/1074/2588
f 3026/1376/3026 1418/1375/1418 1374/1372/1374
f 2587/651/2587 2588/1074/2588 2586/1071/2586
f 2576/660/2576 2577/639/2577 3024/1373/3024
f 1423/1379/1423 2575/1380/2575 1374/1372/1374
f 2575/1380/2575 2573/1371/2573 1374/1372/1374
f 2575/1380/2575 1423/1379/1423 1387/1346/1387
f 2570/1364/2570 1510/490/1510 2574/1377/2574
f 2570/1364/2570 2574/1377/2574 2571/1342/2571
f 2576/660/2576 2494/1357/2494 2493/645/2493
f 3024/1373/3024 2494/1357/2494 2576/660/2576
f 2574/1377/2574 2575/1380/2575 2571/1342/2571
f 2575/1380/2575 2574/1377/2574 2573/1371/2573
f 1387/1346/1387 2571/1342/2571 2575/1380/2575
f 1509/491/1509 2496/1345/2496 1510/490/1510
f 2596/1334/2596 2594/1333/2594 1377/1335/1377
f 2588/1074/2588 2597/1336/2597 2586/1071/2586
f 1372/656/1372 2596/1334/2596 1392/1337/1392
f 1392/1337/1392 2596/1334/2596 1377/1335/1377
f 2596/1334/2596 1372/656/1372 2586/1071/2586
f 2596/1334/2596 2595/1339/2595 2594/1333/2594
f 2597/1336/2597 2596/1334/2596 2586/1071/2586
f 2599/1338/2599 2597/1336/2597 2588/1074/2588
f 2599/1338/2599 2588/1074/2588 2598/653/2598
f 2597/1336/2597 2599/1338/2599 2595/1339/2595
f 2594/1333/2594 2592/1340/2592 1390/1341/1390
f 2572/1343/2572 2571/1342/2571 2592/1340/2592
f 2571/1342/2571 1387/1346/1387 1390/1341/1390
f 2592/1340/2592 2571/1342/2571 1390/1341/1390
f 2591/1344/2591 1509/491/1509 1508/492/1508
f 1509/491/1509 2591/1344/2591 2496/1345/2496
f 2595/1339/2595 2593/1347/2593 2592/1340/2592
f 2594/1333/2594 1390/1341/1390 1377/1335/1377
f 2595/1339/2595 2592/1340/2592 2594/1333/2594
f 2593/1347/2593 2572/1343/2572 2592/1340/2592
f 2593/1347/2593 1508/492/1508 2572/1343/2572
f 2729/882/2729 2727/889/2727 2728/891/2728
f 2642/1011/2642 2830/1055/2830 2812/1056/2812
f 2830/1055/2830 2642/1011/2642 2632/997/2632
f 2632/997/2632 2814/1054/2814 2830/1055/2830
f 2824/666/2824 2827/1057/2827 2823/1059/2823
f 2829/668/2829 1504/488/1504 2812/1056/2812
f 2814/1054/2814 2808/674/2808 2831/673/2831
f 2832/1053/2832 996/1060/996 993/988/993
f 2830/1055/2830 2831/673/2831 2829/668/2829
f 2830/1055/2830 2829/668/2829 2812/1056/2812
f 2831/673/2831 2830/1055/2830 2814/1054/2814
f 2827/1057/2827 2824/666/2824 2825/1058/2825
f 2817/566/2817 2819/1075/2819 2643/1017/2643
f 2819/1075/2819 2824/666/2824 2823/1059/2823
f 2817/566/2817 2643/1017/2643 2815/1073/2815
f 2643/1017/2643 2648/1008/2648 2815/1073/2815
f 2648/1008/2648 2643/1017/2643 2645/1010/2645
f 2822/1069/2822 2828/1063/2828 2821/1064/2821
f 2827/1057/2827 2828/1063/2828 2822/1069/2822
f 2827/1057/2827 2822/1069/2822 2823/1059/2823
f 2824/666/2824 2819/1075/2819 2817/566/2817
f 2824/666/2824 2826/591/2826 2825/1058/2825
f 2674/987/2674 2832/1053/2832 993/988/993
f 2809/579/2809 2724/1039/2724 2718/1041/2718
f 2701/1040/2701 2724/1039/2724 2839/1068/2839
f 2724/1039/2724 2809/579/2809 2839/1068/2839
f 2720/1042/2720 2809/579/2809 2718/1041/2718
f 2720/1042/2720 2835/578/2835 2809/579/2809
f 2826/591/2826 2840/1061/2840 2825/1058/2825
f 2840/1061/2840 2842/597/2842 2841/599/2841
f 2694/896/2694 2742/897/2742 2834/628/2834
f 2701/1040/2701 2839/1068/2839 2639/1015/2639
f 2639/1015/2639 2839/1068/2839 2809/579/2809
f 2836/1052/2836 2721/1034/2721 2695/1038/2695
f 2833/1051/2833 2694/896/2694 2834/628/2834
f 2720/1042/2720 2836/1052/2836 2835/578/2835
f 2694/896/2694 2833/1051/2833 2695/1038/2695
f 2679/949/2679 2832/1053/2832 2674/987/2674
f 2675/982/2675 2679/949/2679 2674/987/2674
f 2838/583/2838 2837/577/2837 2833/1051/2833
f 2721/1034/2721 2836/1052/2836 2720/1042/2720
f 2836/1052/2836 2833/1051/2833 2837/577/2837
f 2836/1052/2836 2837/577/2837 2835/578/2835
f 2833/1051/2833 2836/1052/2836 2695/1038/2695
f 2648/1008/2648 2641/1009/2641 2815/1073/2815
f 2774/947/2774 2761/840/2761 2755/836/2755
f 2761/840/2761 2774/947/2774 1275/950/1275
f 2755/836/2755 2772/945/2772 2774/947/2774
f 2754/856/2754 2732/853/2732 2770/946/2770
f 2755/836/2755 2754/856/2754 2770/946/2770
f 2587/651/2587 2586/1071/2586 2806/655/2806
f 2808/674/2808 2639/1015/2639 2807/1070/2807
f 2586/1071/2586 1372/656/1372 2806/655/2806
f 1275/950/1275 1244/842/1244 2761/840/2761
f 2598/653/2598 2588/1074/2588 2589/650/2589
f 2770/946/2770 2732/853/2732 2748/869/2748
f 2740/895/2740 2736/839/2736 2794/912/2794
f 2798/930/2798 2794/912/2794 2736/839/2736
f 2794/912/2794 2741/894/2741 2740/895/2740
f 2804/927/2804 2805/925/2805 2799/926/2799
f 1357/921/1357 2805/925/2805 2804/927/2804
f 1356/929/1356 2803/928/2803 2762/843/2762
f 1247/872/1247 1356/929/1356 2762/843/2762
f 2762/843/2762 2803/928/2803 2758/833/2758
f 2758/833/2758 2798/930/2798 2736/839/2736
f 2803/928/2803 2798/930/2798 2758/833/2758
f 2809/579/2809 2807/1070/2807 2639/1015/2639
f 1504/488/1504 1503/494/1503 2812/1056/2812
f 2811/1072/2811 2813/560/2813 2818/562/2818
f 2642/1011/2642 2811/1072/2811 2640/1014/2640
f 2640/1014/2640 2811/1072/2811 2818/562/2818
f 2811/1072/2811 2642/1011/2642 2812/1056/2812
f 2819/1075/2819 2822/1069/2822 2820/1062/2820
f 2643/1017/2643 2819/1075/2819 2647/852/2647
f 2822/1069/2822 2819/1075/2819 2823/1059/2823
f 2819/1075/2819 2820/1062/2820 2647/852/2647
f 2820/1062/2820 2822/1069/2822 2821/1064/2821
f 2640/1014/2640 2816/567/2816 2641/1009/2641
f 2813/560/2813 2812/1056/2812 1503/494/1503
f 2814/1054/2814 2639/1015/2639 2808/674/2808
f 2812/1056/2812 2813/560/2813 2811/1072/2811
f 2808/674/2808 2807/1070/2807 2810/586/2810
f 2809/579/2809 2810/586/2810 2807/1070/2807
f 2641/1009/2641 2816/567/2816 2815/1073/2815
f 2816/567/2816 2640/1014/2640 2818/562/2818
f 2816/567/2816 2817/566/2817 2815/1073/2815
f 2814/1054/2814 2636/991/2636 2639/1015/2639
f 2632/997/2632 2636/991/2636 2814/1054/2814
f 2868/658/2868 2864/606/2864 2867/584/2867
f 2863/588/2863 2870/1079/2870 2869/679/2869
f 2864/606/2864 2868/658/2868 2865/1077/2865
f 2867/584/2867 2838/583/2838 2866/662/2866
f 2868/658/2868 2867/584/2867 2866/662/2866
f 2873/469/2873 2874/678/2874 2871/1078/2871
f 2874/678/2874 2873/469/2873 2875/585/2875
f 2865/1077/2865 2872/1076/2872 2870/1079/2870
f 2865/1077/2865 2870/1079/2870 2863/588/2863
f 2870/1079/2870 2872/1076/2872 2871/1078/2871
f 2864/606/2864 2865/1077/2865 2863/588/2863
f 2857/1088/2857 2855/646/2855 2805/925/2805
f 2858/635/2858 2857/1088/2857 1328/1089/1328
f 2855/646/2855 2854/1084/2854 2805/925/2805
f 1357/921/1357 1328/1089/1328 2805/925/2805
f 2857/1088/2857 2805/925/2805 1328/1089/1328
f 2861/625/2861 2862/454/2862 2860/648/2860
f 2838/583/2838 2833/1051/2833 2834/628/2834
f 2858/635/2858 2859/634/2859 2857/1088/2857
f 1330/640/1330 2858/635/2858 1328/1089/1328
f 2859/634/2859 2855/646/2855 2857/1088/2857
f 2874/678/2874 2870/1079/2870 2871/1078/2871
f 2884/615/2884 2861/625/2861 2860/648/2860
f 2885/455/2885 2862/454/2862 2861/625/2861
f 2884/615/2884 2860/648/2860 2751/616/2751
f 2872/1076/2872 2881/652/2881 2883/649/2883
f 2873/469/2873 2871/1078/2871 2882/654/2882
f 2813/560/2813 2888/568/2888 2889/561/2889
f 2888/568/2888 2813/560/2813 2886/617/2886
f 2886/617/2886 2813/560/2813 1503/494/1503
f 2886/617/2886 1503/494/1503 1506/493/1506
f 2888/568/2888 2886/617/2886 2887/569/2887
f 2881/652/2881 2872/1076/2872 2865/1077/2865
f 2873/469/2873 2879/580/2879 2875/585/2875
f 2879/580/2879 2873/469/2873 2877/468/2877
f 2879/580/2879 2877/468/2877 2876/581/2876
f 2870/1079/2870 2874/678/2874 2869/679/2869
f 2877/468/2877 2878/475/2878 2876/581/2876
f 2872/1076/2872 2883/649/2883 2871/1078/2871
f 2883/649/2883 2881/652/2881 2589/650/2589
f 2871/1078/2871 2883/649/2883 2882/654/2882
f 2838/583/2838 2880/629/2880 2866/662/2866
f 2868/658/2868 2881/652/2881 2865/1077/2865
f 2805/925/2805 2854/1084/2854 2801/924/2801
f 2846/1066/2846 2847/1080/2847 2843/676/2843
f 1279/1065/1279 2848/1085/2848 2846/1066/2846
f 2843/676/2843 2845/675/2845 2846/1066/2846
f 2845/675/2845 1276/677/1276 1279/1065/1279
f 1279/1065/1279 2846/1066/2846 2845/675/2845
f 1284/1086/1284 2850/1087/2850 2848/1085/2848
f 2849/1083/2849 2848/1085/2848 2850/1087/2850
f 2848/1085/2848 1279/1065/1279 1284/1086/1284
f 2847/1080/2847 2846/1066/2846 2848/1085/2848
f 2848/1085/2848 2849/1083/2849 2847/1080/2847
f 2844/1067/2844 2763/862/2763 2751/616/2751
f 2840/1061/2840 2828/1063/2828 2825/1058/2825
f 2828/1063/2828 2820/1062/2820 2821/1064/2821
f 2749/850/2749 2647/852/2647 2841/599/2841
f 2842/597/2842 2840/1061/2840 2826/591/2826
f 2750/670/2750 2749/850/2749 2841/599/2841
f 2828/1063/2828 2827/1057/2827 2825/1058/2825
f 2843/676/2843 2844/1067/2844 2751/616/2751
f 2647/852/2647 2840/1061/2840 2841/599/2841
f 2820/1062/2820 2840/1061/2840 2647/852/2647
f 2840/1061/2840 2820/1062/2820 2828/1063/2828
f 2850/1087/2850 2832/1053/2832 2849/1083/2849
f 2854/1084/2854 2855/646/2855 2853/643/2853
f 2856/647/2856 2854/1084/2854 2853/643/2853
f 2764/859/2764 2763/862/2763 2778/939/2778
f 2763/862/2763 2844/1067/2844 2852/1081/2852
f 2778/939/2778 2763/862/2763 2852/1081/2852
f 2854/1084/2854 2856/647/2856 2800/932/2800
f 2801/924/2801 2854/1084/2854 2800/932/2800
f 2800/932/2800 2856/647/2856 2742/897/2742
f 1502/461/1502 2834/628/2834 2742/897/2742
f 2856/647/2856 1502/461/1502 2742/897/2742
f 2775/940/2775 2778/939/2778 2851/1082/2851
f 2679/949/2679 2851/1082/2851 2832/1053/2832
f 2775/940/2775 2851/1082/2851 2679/949/2679
f 2851/1082/2851 2849/1083/2849 2832/1053/2832
f 1284/1086/1284 996/1060/996 2850/1087/2850
f 2832/1053/2832 2850/1087/2850 996/1060/996
f 2852/1081/2852 2844/1067/2844 2847/1080/2847
f 2778/939/2778 2852/1081/2852 2851/1082/2851
f 2844/1067/2844 2843/676/2843 2847/1080/2847
f 2852/1081/2852 2847/1080/2847 2849/1083/2849
f 2851/1082/2851 2852/1081/2852 2849/1083/2849
f 2760/835/2760 2752/844/2752 2479/834/2479
f 1244/842/1244 2760/835/2760 2761/840/2761
f 2761/840/2761 2760/835/2760 2755/836/2755
f 2759/832/2759 2753/831/2753 2758/833/2758
f 2760/835/2760 2479/834/2479 2755/836/2755
f 2752/844/2752 2762/843/2762 2753/831/2753
f 1247/872/1247 2762/843/2762 2752/844/2752
f 2762/843/2762 2758/833/2758 2753/831/2753
f 1245/841/1245 2752/844/2752 2760/835/2760
f 1244/842/1244 1245/841/1245 2760/835/2760
f 2758/833/2758 2757/837/2757 2759/832/2759
f 2482/857/2482 2484/855/2484 2754/856/2754
f 2479/834/2479 2482/857/2482 2754/856/2754
f 2484/855/2484 2486/858/2486 2731/854/2731
f 2752/844/2752 2753/831/2753 2480/846/2480
f 2731/854/2731 2732/853/2732 2484/855/2484
f 2756/838/2756 2757/837/2757 2736/839/2736
f 2758/833/2758 2736/839/2736 2757/837/2757
f 2736/839/2736 2735/845/2735 2756/838/2756
f 2754/856/2754 2484/855/2484 2732/853/2732
f 2755/836/2755 2479/834/2479 2754/856/2754
f 1245/841/1245 1247/872/1247 2752/844/2752
f 2743/860/2743 2765/861/2765 2766/865/2766
f 2766/865/2766 2745/870/2745 2743/860/2743
f 2765/861/2765 2743/860/2743 2764/859/2764
f 2763/862/2763 2764/859/2764 2744/851/2744
f 2744/851/2744 2764/859/2764 2743/860/2743
f 2768/868/2768 2748/869/2748 2746/867/2746
f 2748/869/2748 2768/868/2768 2769/901/2769
f 2746/867/2746 2767/866/2767 2768/868/2768
f 2745/870/2745 2766/865/2766 2767/866/2767
f 2767/866/2767 2746/867/2746 2745/870/2745
f 2751/616/2751 2763/862/2763 2744/851/2744
f 2753/831/2753 2476/871/2476 2480/846/2480
f 2488/875/2488 2490/873/2490 2735/845/2735
f 2753/831/2753 2759/832/2759 2476/871/2476
f 2759/832/2759 2757/837/2757 2475/863/2475
f 2475/863/2475 2476/871/2476 2759/832/2759
f 2757/837/2757 2756/838/2756 2491/864/2491
f 2491/864/2491 2475/863/2475 2757/837/2757
f 2756/838/2756 2735/845/2735 2491/864/2491
f 2735/845/2735 2725/874/2725 2488/875/2488
f 2490/873/2490 2491/864/2491 2735/845/2735
f 2480/846/2480 2479/834/2479 2752/844/2752
f 2735/845/2735 2737/883/2737 2734/878/2734
f 2738/885/2738 2693/884/2693 2623/886/2623
f 2737/883/2737 2735/845/2735 2736/839/2736
f 2734/878/2734 2725/874/2725 2735/845/2735
f 2725/874/2725 2734/878/2734 2733/876/2733
f 2741/894/2741 2738/885/2738 2740/895/2740
f 2742/897/2742 2694/896/2694 2739/898/2739
f 2740/895/2740 2738/885/2738 2623/886/2623
f 2694/896/2694 2697/899/2697 2739/898/2739
f 2697/899/2697 2693/884/2693 2738/885/2738
f 2725/874/2725 2733/876/2733 2613/880/2613
f 2730/881/2730 2729/882/2729 2728/891/2728
f 2729/882/2729 2731/854/2731 2486/858/2486
f 2729/882/2729 2726/887/2726 2727/889/2727
f 2727/889/2727 2726/887/2726 2612/888/2612
f 2726/887/2726 2729/882/2729 2486/858/2486
f 2621/877/2621 2733/876/2733 2734/878/2734
f 2733/876/2733 2621/877/2621 2614/879/2614
f 2733/876/2733 2614/879/2614 2613/880/2613
f 2731/854/2731 2730/881/2730 2732/853/2732
f 2730/881/2730 2731/854/2731 2729/882/2729
f 2622/900/2622 2621/877/2621 2734/878/2734
f 2748/869/2748 2730/881/2730 2747/892/2747
f 2744/851/2744 2699/848/2699 2646/849/2646
f 2730/881/2730 2748/869/2748 2732/853/2732
f 2617/890/2617 2747/892/2747 2728/891/2728
f 2747/892/2747 2730/881/2730 2728/891/2728
f 2647/852/2647 2749/850/2749 2646/849/2646
f 2699/848/2699 2624/847/2624 2646/849/2646
f 2749/850/2749 2750/670/2750 2744/851/2744
f 2749/850/2749 2744/851/2744 2646/849/2646
f 2751/616/2751 2744/851/2744 2750/670/2750
f 2746/867/2746 2747/892/2747 2619/893/2619
f 2737/883/2737 2740/895/2740 2734/878/2734
f 2699/848/2699 2744/851/2744 2743/860/2743
f 2740/895/2740 2737/883/2737 2736/839/2736
f 2622/900/2622 2740/895/2740 2623/886/2623
f 2740/895/2740 2622/900/2622 2734/878/2734
f 2619/893/2619 2747/892/2747 2617/890/2617
f 2747/892/2747 2746/867/2746 2748/869/2748
f 2619/893/2619 2745/870/2745 2746/867/2746
f 2745/870/2745 2699/848/2699 2743/860/2743
f 2699/848/2699 2745/870/2745 2619/893/2619
f 2792/906/2792 2793/904/2793 2790/907/2790
f 2771/908/2771 2790/907/2790 2793/904/2793
f 1307/919/1307 1308/903/1308 2792/906/2792
f 1013/920/1013 1307/919/1307 2691/918/2691
f 2792/906/2792 2691/918/2691 1307/919/1307
f 2773/905/2773 2793/904/2793 1310/902/1310
f 1310/902/1310 1274/909/1274 2773/905/2773
f 1308/903/1308 1310/902/1310 2793/904/2793
f 2793/904/2793 2773/905/2773 2771/908/2771
f 2793/904/2793 2792/906/2792 1308/903/1308
f 2792/906/2792 2791/913/2791 2691/918/2691
f 2788/915/2788 2687/916/2687 2690/917/2690
f 2690/917/2690 2791/913/2791 2788/915/2788
f 2769/901/2769 2787/933/2787 2790/907/2790
f 2787/933/2787 2769/901/2769 2768/868/2768
f 2789/914/2789 2790/907/2790 2787/933/2787
f 2790/907/2790 2789/914/2789 2792/906/2792
f 2791/913/2791 2690/917/2690 2691/918/2691
f 2790/907/2790 2771/908/2771 2769/901/2769
f 2789/914/2789 2788/915/2788 2791/913/2791
f 2791/913/2791 2792/906/2792 2789/914/2789
f 2697/899/2697 2738/885/2738 2739/898/2739
f 2804/927/2804 2799/926/2799 2797/931/2797
f 2802/923/2802 2804/927/2804 2797/931/2797
f 2803/928/2803 2802/923/2802 2798/930/2798
f 2799/926/2799 2801/924/2801 2796/911/2796
f 2802/923/2802 2797/931/2797 2798/930/2798
f 1355/922/1355 1357/921/1357 2802/923/2802
f 2805/925/2805 2801/924/2801 2799/926/2799
f 1357/921/1357 2804/927/2804 2802/923/2802
f 1355/922/1355 2802/923/2802 2803/928/2803
f 1356/929/1356 1355/922/1355 2803/928/2803
f 2801/924/2801 2800/932/2800 2796/911/2796
f 2795/910/2795 2796/911/2796 2739/898/2739
f 2797/931/2797 2795/910/2795 2794/912/2794
f 2739/898/2739 2741/894/2741 2795/910/2795
f 2741/894/2741 2739/898/2739 2738/885/2738
f 2794/912/2794 2795/910/2795 2741/894/2741
f 2800/932/2800 2742/897/2742 2739/898/2739
f 2796/911/2796 2800/932/2800 2739/898/2739
f 2797/931/2797 2799/926/2799 2795/910/2795
f 2798/930/2798 2797/931/2797 2794/912/2794
f 2799/926/2799 2796/911/2796 2795/910/2795
f 2787/933/2787 2785/953/2785 2789/914/2789
f 2777/938/2777 2764/859/2764 2778/939/2778
f 2779/935/2779 2776/934/2776 2680/936/2680
f 2776/934/2776 2777/938/2777 2775/940/2775
f 2680/936/2680 2776/934/2776 2676/944/2676
f 2777/938/2777 2778/939/2778 2775/940/2775
f 2780/941/2780 2781/942/2781 2776/934/2776
f 2765/861/2765 2764/859/2764 2777/938/2777
f 2781/942/2781 2777/938/2777 2776/934/2776
f 2682/937/2682 2779/935/2779 2680/936/2680
f 2779/935/2779 2780/941/2780 2776/934/2776
f 2776/934/2776 2775/940/2775 2678/948/2678
f 2771/908/2771 2772/945/2772 2755/836/2755
f 2772/945/2772 2771/908/2771 2773/905/2773
f 2771/908/2771 2755/836/2755 2770/946/2770
f 2769/901/2769 2770/946/2770 2748/869/2748
f 2770/946/2770 2769/901/2769 2771/908/2771
f 2678/948/2678 2775/940/2775 2679/949/2679
f 2676/944/2676 2776/934/2776 2678/948/2678
f 1274/909/1274 1275/950/1275 2774/947/2774
f 2773/905/2773 2774/947/2774 2772/945/2772
f 2774/947/2774 2773/905/2773 1274/909/1274
f 2781/942/2781 2765/861/2765 2777/938/2777
f 2767/866/2767 2783/955/2783 2785/953/2785
f 2785/953/2785 2787/933/2787 2767/866/2767
f 2785/953/2785 2784/954/2784 2786/952/2786
f 2784/954/2784 2785/953/2785 2783/955/2783
f 2686/951/2686 2786/952/2786 2784/954/2784
f 2785/953/2785 2786/952/2786 2788/915/2788
f 2788/915/2788 2789/914/2789 2785/953/2785
f 2687/916/2687 2788/915/2788 2786/952/2786
f 2768/868/2768 2767/866/2767 2787/933/2787
f 2786/952/2786 2686/951/2686 2687/916/2687
f 2784/954/2784 2683/943/2683 2686/951/2686
f 2766/865/2766 2781/942/2781 2782/956/2782
f 2779/935/2779 2783/955/2783 2780/941/2780
f 2780/941/2780 2782/956/2782 2781/942/2781
f 2779/935/2779 2682/937/2682 2683/943/2683
f 2781/942/2781 2766/865/2766 2765/861/2765
f 2782/956/2782 2767/866/2767 2766/865/2766
f 2783/955/2783 2767/866/2767 2782/956/2782
f 2782/956/2782 2780/941/2780 2783/955/2783
f 2683/943/2683 2784/954/2784 2779/935/2779
f 2783/955/2783 2779/935/2779 2784/954/2784
f 2286/1105/2286 2302/1104/2302 2301/1106/2301
f 2285/1107/2285 2286/1105/2286 2301/1106/2301
f 2303/1111/2303 2302/1104/2302 2286/1105/2286
f 2284/1108/2284 2285/1107/2285 2300/1109/2300
f 2300/1109/2300 2298/1129/2298 2283/1110/2283
f 2283/1110/2283 2284/1108/2284 2300/1109/2300
f 2285/1107/2285 2301/1106/2301 2300/1109/2300
f 2288/1113/2288 2289/1095/2289 2304/1112/2304
f 2290/1094/2290 2306/1097/2306 2305/1096/2305
f 2289/1095/2289 2290/1094/2290 2305/1096/2305
f 2289/1095/2289 2305/1096/2305 2304/1112/2304
f 2286/1105/2286 2287/1114/2287 2303/1111/2303
f 2304/1112/2304 2303/1111/2303 2287/1114/2287
f 2287/1114/2287 2288/1113/2288 2304/1112/2304
f 2282/1127/2282 2283/1110/2283 2298/1129/2298
f 2277/1143/2277 2278/1146/2278 2294/1102/2294
f 2279/1144/2279 2295/1103/2295 2294/1102/2294
f 2278/1146/2278 2279/1144/2279 2294/1102/2294
f 2294/1102/2294 2293/1099/2293 2277/1143/2277
f 2275/1154/2275 2276/1147/2276 2291/1092/2291
f 2293/1099/2293 2292/1093/2292 2276/1147/2276
f 2276/1147/2276 2277/1143/2277 2293/1099/2293
f 2282/1127/2282 2297/1123/2297 2281/1150/2281
f 2281/1150/2281 2266/1134/2266 2282/1127/2282
f 2298/1129/2298 2299/1126/2299 2282/1127/2282
f 2280/1151/2280 2281/1150/2281 2297/1123/2297
f 2280/1151/2280 2296/1124/2296 2295/1103/2295
f 2279/1144/2279 2280/1151/2280 2295/1103/2295
f 2297/1123/2297 2296/1124/2296 2280/1151/2280
f 2298/1129/2298 2300/1109/2300 2315/1130/2315
f 2301/1106/2301 2317/1118/2317 2316/1122/2316
f 2300/1109/2300 2301/1106/2301 2316/1122/2316
f 2300/1109/2300 2316/1122/2316 2315/1130/2315
f 2297/1123/2297 2282/1127/2282 2313/1128/2313
f 2298/1129/2298 2315/1130/2315 2314/1131/2314
f 2299/1126/2299 2298/1129/2298 2314/1131/2314
f 2320/1116/2320 2319/1115/2319 2303/1111/2303
f 2303/1111/2303 2304/1112/2304 2320/1116/2320
f 2321/1121/2321 2320/1116/2320 2304/1112/2304
f 2302/1104/2302 2303/1111/2303 2319/1115/2319
f 2302/1104/2302 2318/1117/2318 2317/1118/2317
f 2301/1106/2301 2302/1104/2302 2317/1118/2317
f 2319/1115/2319 2318/1117/2318 2302/1104/2302
f 2282/1127/2282 2299/1126/2299 2313/1128/2313
f 2293/1099/2293 2309/1098/2309 2308/1091/2308
f 2292/1093/2292 2293/1099/2293 2308/1091/2308
f 2294/1102/2294 2310/1100/2310 2309/1098/2309
f 2291/1092/2291 2292/1093/2292 2308/1091/2308
f 2307/1090/2307 2306/1097/2306 2290/1094/2290
f 2290/1094/2290 2291/1092/2291 2307/1090/2307
f 2308/1091/2308 2307/1090/2307 2291/1092/2291
f 2295/1103/2295 2296/1124/2296 2312/1125/2312
f 2297/1123/2297 2313/1128/2313 2312/1125/2312
f 2296/1124/2296 2297/1123/2297 2312/1125/2312
f 2312/1125/2312 2311/1101/2311 2295/1103/2295
f 2293/1099/2293 2294/1102/2294 2309/1098/2309
f 2311/1101/2311 2310/1100/2310 2294/1102/2294
f 2294/1102/2294 2295/1103/2295 2311/1101/2311
f 2273/1152/2273 2272/1138/2272 2222/1222/2222
f 2222/1222/2222 2224/1220/2224 2273/1152/2273
f 2274/1153/2274 2273/1152/2273 2224/1220/2224
f 2220/1234/2220 2222/1222/2222 2271/1136/2271
f 2220/1234/2220 2271/1136/2271 2270/1137/2270
f 2217/1232/2217 2220/1234/2220 2270/1137/2270
f 2222/1222/2222 2272/1138/2272 2271/1136/2271
f 2227/1217/2227 2229/1148/2229 2275/1154/2275
f 2232/1142/2232 2277/1143/2277 2276/1147/2276
f 2229/1148/2229 2232/1142/2232 2276/1147/2276
f 2229/1148/2229 2276/1147/2276 2275/1154/2275
f 2224/1220/2224 2226/1216/2226 2274/1153/2274
f 2227/1217/2227 2275/1154/2275 2274/1153/2274
f 2226/1216/2226 2227/1217/2227 2274/1153/2274
f 2215/1228/2215 2217/1232/2217 2270/1137/2270
f 2265/1245/2265 2263/1260/2263 2262/1252/2262
f 2265/1245/2265 2264/1246/2264 2263/1260/2263
f 2265/1245/2265 2255/1242/2255 2264/1246/2264
f 2265/1245/2265 2262/1252/2262 2261/1250/2261
f 2265/1245/2265 2259/1253/2259 2258/1254/2258
f 2265/1245/2265 2260/1251/2260 2259/1253/2259
f 2265/1245/2265 2261/1250/2261 2260/1251/2260
f 2269/1135/2269 2268/1132/2268 2213/1227/2213
f 2213/1227/2213 2215/1228/2215 2269/1135/2269
f 2270/1137/2270 2269/1135/2269 2215/1228/2215
f 2212/1231/2212 2213/1227/2213 2267/1133/2267
f 2212/1231/2212 2267/1133/2267 2266/1134/2266
f 2208/1139/2208 2212/1231/2212 2266/1134/2266
f 2213/1227/2213 2268/1132/2268 2267/1133/2267
f 2270/1137/2270 2271/1136/2271 2286/1105/2286
f 2272/1138/2272 2288/1113/2288 2287/1114/2287
f 2271/1136/2271 2272/1138/2272 2287/1114/2287
f 2271/1136/2271 2287/1114/2287 2286/1105/2286
f 2268/1132/2268 2269/1135/2269 2285/1107/2285
f 2286/1105/2286 2285/1107/2285 2269/1135/2269
f 2269/1135/2269 2270/1137/2270 2286/1105/2286
f 2275/1154/2275 2291/1092/2291 2290/1094/2290
f 2274/1153/2274 2275/1154/2275 2290/1094/2290
f 2276/1147/2276 2292/1093/2292 2291/1092/2291
f 2273/1152/2273 2274/1153/2274 2290/1094/2290
f 2289/1095/2289 2288/1113/2288 2272/1138/2272
f 2272/1138/2272 2273/1152/2273 2289/1095/2289
f 2290/1094/2290 2289/1095/2289 2273/1152/2273
f 2285/1107/2285 2284/1108/2284 2268/1132/2268
f 2237/1149/2237 2280/1151/2280 2279/1144/2279
f 2235/1145/2235 2237/1149/2237 2279/1144/2279
f 2281/1150/2281 2280/1151/2280 2237/1149/2237
f 2233/1141/2233 2235/1145/2235 2278/1146/2278
f 2233/1141/2233 2278/1146/2278 2277/1143/2277
f 2232/1142/2232 2233/1141/2233 2277/1143/2277
f 2235/1145/2235 2279/1144/2279 2278/1146/2278
f 2266/1134/2266 2267/1133/2267 2282/1127/2282
f 2268/1132/2268 2284/1108/2284 2283/1110/2283
f 2267/1133/2267 2268/1132/2268 2283/1110/2283
f 2267/1133/2267 2283/1110/2283 2282/1127/2282
f 2237/1149/2237 2209/1140/2209 2281/1150/2281
f 2266/1134/2266 2281/1150/2281 2209/1140/2209
f 2209/1140/2209 2208/1139/2208 2266/1134/2266
f 2304/1112/2304 2305/1096/2305 2321/1121/2321
f 2343/1189/2343 2344/1188/2344 2360/1190/2360
f 2361/1191/2361 2360/1190/2360 2344/1188/2344
f 2344/1188/2344 2345/1193/2345 2361/1191/2361
f 2360/1190/2360 2359/1192/2359 2343/1189/2343
f 2341/1166/2341 2342/1167/2342 2358/1165/2358
f 2359/1192/2359 2358/1165/2358 2342/1167/2342
f 2342/1167/2342 2343/1189/2343 2359/1192/2359
f 2364/1184/2364 2362/1194/2362 2347/1174/2347
f 2347/1174/2347 2348/1171/2348 2364/1184/2364
f 2349/1169/2349 2365/1181/2365 2364/1184/2364
f 2346/1176/2346 2347/1174/2347 2362/1194/2362
f 2346/1176/2346 2361/1191/2361 2345/1193/2345
f 2345/1193/2345 2330/1175/2330 2346/1176/2346
f 2362/1194/2362 2363/1195/2363 2346/1176/2346
f 2358/1165/2358 2357/1164/2357 2341/1166/2341
f 2353/1161/2353 2352/1168/2352 2336/1160/2336
f 2336/1160/2336 2337/1159/2337 2353/1161/2353
f 2354/1157/2354 2353/1161/2353 2337/1159/2337
f 2335/1180/2335 2336/1160/2336 2352/1168/2352
f 2335/1180/2335 2351/1179/2351 2350/1177/2350
f 2334/1178/2334 2335/1180/2335 2350/1177/2350
f 2352/1168/2352 2351/1179/2351 2335/1180/2335
f 2339/1156/2339 2340/1163/2340 2355/1155/2355
f 2357/1164/2357 2356/1162/2356 2340/1163/2340
f 2340/1163/2340 2341/1166/2341 2357/1164/2357
f 2340/1163/2340 2356/1162/2356 2355/1155/2355
f 2337/1159/2337 2338/1158/2338 2354/1157/2354
f 2339/1156/2339 2355/1155/2355 2354/1157/2354
f 2338/1158/2338 2339/1156/2339 2354/1157/2354
f 2375/1405/2375 2374/1406/2374 2358/1165/2358
f 2358/1165/2358 2359/1192/2359 2375/1405/2375
f 2376/1401/2376 2375/1405/2375 2359/1192/2359
f 2357/1164/2357 2358/1165/2358 2374/1406/2374
f 2373/1403/2373 2372/1402/2372 2356/1162/2356
f 2356/1162/2356 2357/1164/2357 2373/1403/2373
f 2374/1406/2374 2373/1403/2373 2357/1164/2357
f 2361/1191/2361 2346/1176/2346 2377/1396/2377
f 1679/801/1679 1678/795/1678 2363/1195/2363
f 2363/1195/2363 2362/1194/2362 1679/801/1679
f 2346/1176/2346 2363/1195/2363 2377/1396/2377
f 2359/1192/2359 2360/1190/2360 2376/1401/2376
f 2361/1191/2361 2377/1396/2377 2376/1401/2376
f 2360/1190/2360 2361/1191/2361 2376/1401/2376
f 2355/1155/2355 2356/1162/2356 2372/1402/2372
f 2350/1177/2350 2351/1179/2351 2366/1183/2366
f 2368/1185/2368 2367/1182/2367 2351/1179/2351
f 2351/1179/2351 2352/1168/2352 2368/1185/2368
f 2351/1179/2351 2367/1182/2367 2366/1183/2366
f 2348/1171/2348 2349/1169/2349 2364/1184/2364
f 2350/1177/2350 2366/1183/2366 2365/1181/2365
f 2349/1169/2349 2350/1177/2350 2365/1181/2365
f 2371/1404/2371 2370/1186/2370 2354/1157/2354
f 2354/1157/2354 2355/1155/2355 2371/1404/2371
f 2372/1402/2372 2371/1404/2371 2355/1155/2355
f 2353/1161/2353 2354/1157/2354 2369/1187/2369
f 2353/1161/2353 2369/1187/2369 2368/1185/2368
f 2352/1168/2352 2353/1161/2353 2368/1185/2368
f 2354/1157/2354 2370/1186/2370 2369/1187/2369
f 2314/1131/2314 2315/1130/2315 2330/1175/2330
f 2332/1172/2332 2331/1173/2331 2315/1130/2315
f 2315/1130/2315 2316/1122/2316 2332/1172/2332
f 2315/1130/2315 2331/1173/2331 2330/1175/2330
f 2312/1125/2312 2313/1128/2313 2329/1196/2329
f 2299/1126/2299 2314/1131/2314 2329/1196/2329
f 2313/1128/2313 2299/1126/2299 2329/1196/2329
f 2335/1180/2335 2334/1178/2334 2318/1117/2318
f 2318/1117/2318 2319/1115/2319 2335/1180/2335
f 2336/1160/2336 2335/1180/2335 2319/1115/2319
f 2317/1118/2317 2318/1117/2318 2333/1170/2333
f 2317/1118/2317 2333/1170/2333 2332/1172/2332
f 2316/1122/2316 2317/1118/2317 2332/1172/2332
f 2318/1117/2318 2334/1178/2334 2333/1170/2333
f 2329/1196/2329 2328/1200/2328 2312/1125/2312
f 2308/1091/2308 2324/1197/2324 2323/1120/2323
f 2307/1090/2307 2308/1091/2308 2323/1120/2323
f 2309/1098/2309 2325/1199/2325 2324/1197/2324
f 2306/1097/2306 2307/1090/2307 2322/1119/2322
f 2322/1119/2322 2321/1121/2321 2305/1096/2305
f 2305/1096/2305 2306/1097/2306 2322/1119/2322
f 2307/1090/2307 2323/1120/2323 2322/1119/2322
f 2310/1100/2310 2311/1101/2311 2327/1201/2327
f 2328/1200/2328 2327/1201/2327 2311/1101/2311
f 2311/1101/2311 2312/1125/2312 2328/1200/2328
f 2327/1201/2327 2326/1198/2326 2310/1100/2310
f 2308/1091/2308 2309/1098/2309 2324/1197/2324
f 2310/1100/2310 2326/1198/2326 2325/1199/2325
f 2309/1098/2309 2310/1100/2310 2325/1199/2325
f 2330/1175/2330 2345/1193/2345 2329/1196/2329
f 2329/1196/2329 2314/1131/2314 2330/1175/2330
f 2331/1173/2331 2347/1174/2347 2346/1176/2346
f 2328/1200/2328 2329/1196/2329 2345/1193/2345
f 2328/1200/2328 2344/1188/2344 2343/1189/2343
f 2327/1201/2327 2328/1200/2328 2343/1189/2343
f 2345/1193/2345 2344/1188/2344 2328/1200/2328
f 2332/1172/2332 2333/1170/2333 2348/1171/2348
f 2334/1178/2334 2350/1177/2350 2349/1169/2349
f 2333/1170/2333 2334/1178/2334 2349/1169/2349
f 2333/1170/2333 2349/1169/2349 2348/1171/2348
f 2330/1175/2330 2331/1173/2331 2346/1176/2346
f 2332/1172/2332 2348/1171/2348 2347/1174/2347
f 2331/1173/2331 2332/1172/2332 2347/1174/2347
f 2326/1198/2326 2327/1201/2327 2343/1189/2343
f 2321/1121/2321 2322/1119/2322 2338/1158/2338
f 2323/1120/2323 2339/1156/2339 2338/1158/2338
f 2322/1119/2322 2323/1120/2323 2338/1158/2338
f 2338/1158/2338 2337/1159/2337 2321/1121/2321
f 2319/1115/2319 2320/1116/2320 2336/1160/2336
f 2337/1159/2337 2336/1160/2336 2320/1116/2320
f 2320/1116/2320 2321/1121/2321 2337/1159/2337
f 2326/1198/2326 2342/1167/2342 2341/1166/2341
f 2325/1199/2325 2326/1198/2326 2341/1166/2341
f 2343/1189/2343 2342/1167/2342 2326/1198/2326
f 2324/1197/2324 2325/1199/2325 2340/1163/2340
f 2324/1197/2324 2340/1163/2340 2339/1156/2339
f 2323/1120/2323 2324/1197/2324 2339/1156/2339
f 2325/1199/2325 2341/1166/2341 2340/1163/2340
f 2265/1245/2265 2258/1254/2258 2257/1249/2257
f 2176/290/2176 2175/293/2175 2191/1209/2191
f 2192/1238/2192 2176/290/2176 2191/1209/2191
f 2176/290/2176 2192/1238/2192 2193/1239/2193
f 2175/293/2175 2159/283/2159 2174/281/2174
f 2173/282/2173 2189/312/2189 2190/830/2190
f 2190/830/2190 2174/281/2174 2173/282/2173
f 2174/281/2174 2190/830/2190 2175/293/2175
f 2195/1237/2195 2179/313/2179 2194/1240/2194
f 2180/315/2180 2179/313/2179 2195/1237/2195
f 2196/1236/2196 2180/315/2180 2195/1237/2195
f 2179/313/2179 2178/317/2178 2194/1240/2194
f 2193/1239/2193 2177/289/2177 2176/290/2176
f 2178/317/2178 2177/289/2177 2193/1239/2193
f 2194/1240/2194 2178/317/2178 2193/1239/2193
f 2189/312/2189 2173/282/2173 2172/286/2172
f 2184/308/2184 2168/296/2168 2183/309/2183
f 2169/302/2169 2168/296/2168 2184/308/2184
f 2185/306/2185 2169/302/2169 2184/308/2184
f 2168/296/2168 2167/297/2167 2183/309/2183
f 2182/319/2182 2166/300/2166 2165/320/2165
f 2166/300/2166 2182/319/2182 2183/309/2183
f 2183/309/2183 2167/297/2167 2166/300/2166
f 2171/303/2171 2187/310/2187 2188/311/2188
f 2188/311/2188 2172/286/2172 2171/303/2171
f 2172/286/2172 2188/311/2188 2189/312/2189
f 2187/310/2187 2171/303/2171 2170/305/2170
f 2169/302/2169 2185/306/2185 2186/307/2186
f 2186/307/2186 2170/305/2170 2169/302/2169
f 2170/305/2170 2186/307/2186 2187/310/2187
f 2206/1203/2206 2190/830/2190 2189/312/2189
f 2175/293/2175 2190/830/2190 2206/1203/2206
f 2191/1209/2191 2175/293/2175 2206/1203/2206
f 2189/312/2189 2205/1202/2205 2206/1203/2206
f 2204/1204/2204 2188/311/2188 2187/310/2187
f 2188/311/2188 2204/1204/2204 2205/1202/2205
f 2205/1202/2205 2189/312/2189 2188/311/2188
f 2193/1239/2193 1664/784/1664 1665/786/1665
f 1665/786/1665 2194/1240/2194 2193/1239/2193
f 2194/1240/2194 1665/786/1665 1666/787/1666
f 1664/784/1664 2193/1239/2193 2192/1238/2192
f 2191/1209/2191 1662/785/1662 1663/783/1663
f 1663/783/1663 2192/1238/2192 2191/1209/2191
f 2192/1238/2192 1663/783/1663 1664/784/1664
f 2187/310/2187 2203/1205/2203 2204/1204/2204
f 2183/309/2183 2182/319/2182 2198/1211/2198
f 2199/1210/2199 2183/309/2183 2198/1211/2198
f 2183/309/2183 2199/1210/2199 2200/1212/2200
f 2198/1211/2198 2182/319/2182 2197/1213/2197
f 2181/318/2181 2180/315/2180 2196/1236/2196
f 2197/1213/2197 2181/318/2181 2196/1236/2196
f 2182/319/2182 2181/318/2181 2197/1213/2197
f 2202/1214/2202 2186/307/2186 2201/1215/2201
f 2187/310/2187 2186/307/2186 2202/1214/2202
f 2203/1205/2203 2187/310/2187 2202/1214/2202
f 2186/307/2186 2185/306/2185 2201/1215/2201
f 2200/1212/2200 2184/308/2184 2183/309/2183
f 2184/308/2184 2200/1212/2200 2201/1215/2201
f 2201/1215/2201 2185/306/2185 2184/308/2184
f 2146/326/2146 2162/291/2162 2163/314/2163
f 2163/314/2163 2147/325/2147 2146/326/2146
f 2147/325/2147 2163/314/2163 2164/316/2164
f 2162/291/2162 2146/326/2146 2145/324/2145
f 2145/324/2145 2144/323/2144 2160/292/2160
f 2161/288/2161 2145/324/2145 2160/292/2160
f 2145/324/2145 2161/288/2161 2162/291/2162
f 2166/300/2166 2150/301/2150 2149/321/2149
f 2150/301/2150 2166/300/2166 2167/297/2167
f 2167/297/2167 2151/299/2151 2150/301/2150
f 2149/321/2149 2165/320/2165 2166/300/2166
f 2164/316/2164 2148/322/2148 2147/325/2147
f 2148/322/2148 2164/316/2164 2165/320/2165
f 2165/320/2165 2149/321/2149 2148/322/2148
f 2160/292/2160 2144/323/2144 2159/283/2159
f 2155/294/2155 2139/243/2139 2154/304/2154
f 2139/243/2139 2155/294/2155 2156/285/2156
f 2156/285/2156 2140/245/2140 2139/243/2139
f 2139/243/2139 2138/242/2138 2154/304/2154
f 2153/298/2153 2137/244/2137 2152/295/2152
f 2138/242/2138 2137/244/2137 2153/298/2153
f 2154/304/2154 2138/242/2138 2153/298/2153
f 2142/247/2142 2158/280/2158 2143/287/2143
f 2143/287/2143 2128/219/2128 2142/247/2142
f 2144/323/2144 2143/287/2143 2159/283/2159
f 2158/280/2158 2142/247/2142 2141/246/2141
f 2140/245/2140 2156/285/2156 2157/284/2157
f 2157/284/2157 2141/246/2141 2140/245/2140
f 2141/246/2141 2157/284/2157 2158/280/2158
f 2177/289/2177 2161/288/2161 2176/290/2176
f 2162/291/2162 2161/288/2161 2177/289/2177
f 2178/317/2178 2162/291/2162 2177/289/2177
f 2161/288/2161 2160/292/2160 2176/290/2176
f 2159/283/2159 2143/287/2143 2158/280/2158
f 2160/292/2160 2159/283/2159 2175/293/2175
f 2176/290/2176 2160/292/2160 2175/293/2175
f 2164/316/2164 2180/315/2180 2181/318/2181
f 2181/318/2181 2165/320/2165 2164/316/2164
f 2165/320/2165 2181/318/2181 2182/319/2182
f 2180/315/2180 2164/316/2164 2163/314/2163
f 2163/314/2163 2162/291/2162 2178/317/2178
f 2179/313/2179 2163/314/2163 2178/317/2178
f 2163/314/2163 2179/313/2179 2180/315/2180
f 2158/280/2158 2174/281/2174 2159/283/2159
f 2153/298/2153 2169/302/2169 2170/305/2170
f 2170/305/2170 2154/304/2154 2153/298/2153
f 2154/304/2154 2170/305/2170 2171/303/2171
f 2169/302/2169 2153/298/2153 2168/296/2168
f 2152/295/2152 2151/299/2151 2167/297/2167
f 2168/296/2168 2152/295/2152 2167/297/2167
f 2153/298/2153 2152/295/2152 2168/296/2168
f 2173/282/2173 2157/284/2157 2172/286/2172
f 2158/280/2158 2157/284/2157 2173/282/2173
f 2174/281/2174 2158/280/2158 2173/282/2173
f 2157/284/2157 2156/285/2156 2172/286/2172
f 2171/303/2171 2155/294/2155 2154/304/2154
f 2155/294/2155 2171/303/2171 2172/286/2172
f 2172/286/2172 2156/285/2156 2155/294/2155
f 1666/787/1666 2195/1237/2195 2194/1240/2194
f 2250/1261/2250 2230/1225/2230 2249/1262/2249
f 2231/1223/2231 2230/1225/2230 2250/1261/2250
f 2251/1255/2251 2231/1223/2231 2250/1261/2250
f 2230/1225/2230 2228/1219/2228 2249/1262/2249
f 2248/1257/2248 2225/1218/2225 2223/1221/2223
f 2228/1219/2228 2225/1218/2225 2248/1257/2248
f 2249/1262/2249 2228/1219/2228 2248/1257/2248
f 2238/1266/2238 2236/1267/2236 2253/1247/2253
f 2254/1243/2254 2238/1266/2238 2253/1247/2253
f 2207/1207/2207 2238/1266/2238 2254/1243/2254
f 2253/1247/2253 2236/1267/2236 2252/1248/2252
f 2234/1224/2234 2231/1223/2231 2251/1255/2251
f 2252/1248/2252 2234/1224/2234 2251/1255/2251
f 2236/1267/2236 2234/1224/2234 2252/1248/2252
f 2223/1221/2223 2247/1256/2247 2248/1257/2248
f 2214/1229/2214 2242/1265/2242 2243/1264/2243
f 2243/1264/2243 2216/1230/2216 2214/1229/2214
f 2216/1230/2216 2243/1264/2243 2244/1263/2244
f 2242/1265/2242 2214/1229/2214 2241/1268/2241
f 2210/1206/2210 2240/1269/2240 2241/1268/2241
f 2241/1268/2241 2211/1208/2211 2210/1206/2210
f 2214/1229/2214 2211/1208/2211 2241/1268/2241
f 2246/1258/2246 2221/1226/2221 2219/1233/2219
f 2221/1226/2221 2246/1258/2246 2247/1256/2247
f 2247/1256/2247 2223/1221/2223 2221/1226/2221
f 2219/1233/2219 2245/1259/2245 2246/1258/2246
f 2244/1263/2244 2218/1235/2218 2216/1230/2216
f 2218/1235/2218 2244/1263/2244 2245/1259/2245
f 2245/1259/2245 2219/1233/2219 2218/1235/2218
f 2263/1260/2263 2250/1261/2250 2249/1262/2249
f 2263/1260/2263 2251/1255/2251 2250/1261/2250
f 2251/1255/2251 2263/1260/2263 2264/1246/2264
f 2249/1262/2249 2262/1252/2262 2263/1260/2263
f 2261/1250/2261 2248/1257/2248 2260/1251/2260
f 2248/1257/2248 2261/1250/2261 2262/1252/2262
f 2262/1252/2262 2249/1262/2249 2248/1257/2248
f 2255/1242/2255 2239/1241/2239 2254/1243/2254
f 2265/1245/2265 2256/1244/2256 2255/1242/2255
f 2265/1245/2265 2257/1249/2257 2256/1244/2256
f 2255/1242/2255 2254/1243/2254 2264/1246/2264
f 2264/1246/2264 2252/1248/2252 2251/1255/2251
f 2264/1246/2264 2253/1247/2253 2252/1248/2252
f 2254/1243/2254 2253/1247/2253 2264/1246/2264
f 2248/1257/2248 2247/1256/2247 2260/1251/2260
f 2257/1249/2257 2241/1268/2241 2256/1244/2256
f 2257/1249/2257 2242/1265/2242 2241/1268/2241
f 2243/1264/2243 2242/1265/2242 2257/1249/2257
f 2241/1268/2241 2240/1269/2240 2256/1244/2256
f 2239/1241/2239 2207/1207/2207 2254/1243/2254
f 2240/1269/2240 2239/1241/2239 2255/1242/2255
f 2256/1244/2256 2240/1269/2240 2255/1242/2255
f 2259/1253/2259 2246/1258/2246 2245/1259/2245
f 2247/1256/2247 2246/1258/2246 2259/1253/2259
f 2260/1251/2260 2247/1256/2247 2259/1253/2259
f 2259/1253/2259 2245/1259/2245 2244/1263/2244
f 2258/1254/2258 2243/1264/2243 2257/1249/2257
f 2258/1254/2258 2244/1263/2244 2243/1264/2243
f 2244/1263/2244 2258/1254/2258 2259/1253/2259
f 1676/793/1676 2205/1202/2205 1675/790/1675
f 2206/1203/2206 2205/1202/2205 1676/793/1676
f 1677/794/1677 2206/1203/2206 1676/793/1676
f 2205/1202/2205 2204/1204/2204 1675/790/1675
f 1674/791/1674 2203/1205/2203 1673/792/1673
f 2204/1204/2204 2203/1205/2203 1674/791/1674
f 1675/790/1675 2204/1204/2204 1674/791/1674
f 2208/1139/2208 2210/1206/2210 2211/1208/2211
f 2211/1208/2211 2212/1231/2212 2208/1139/2208
f 2213/1227/2213 2212/1231/2212 2211/1208/2211
f 2210/1206/2210 2208/1139/2208 2207/1207/2207
f 2206/1203/2206 1677/794/1677 1662/785/1662
f 1662/785/1662 2191/1209/2191 2206/1203/2206
f 2208/1139/2208 2209/1140/2209 2207/1207/2207
f 2203/1205/2203 2202/1214/2202 1673/792/1673
f 2197/1213/2197 1668/797/1668 1669/796/1669
f 1669/796/1669 2198/1211/2198 2197/1213/2197
f 2198/1211/2198 1669/796/1669 1670/798/1670
f 1668/797/1668 2197/1213/2197 2196/1236/2196
f 2195/1237/2195 1666/787/1666 1667/788/1667
f 1667/788/1667 2196/1236/2196 2195/1237/2195
f 2196/1236/2196 1667/788/1667 1668/797/1668
f 1672/799/1672 2201/1215/2201 1671/800/1671
f 2202/1214/2202 2201/1215/2201 1672/799/1672
f 1673/792/1673 2202/1214/2202 1672/799/1672
f 2201/1215/2201 2200/1212/2200 1671/800/1671
f 1670/798/1670 2199/1210/2199 2198/1211/2198
f 2200/1212/2200 2199/1210/2199 1670/798/1670
f 1671/800/1671 2200/1212/2200 1670/798/1670
f 2233/1141/2233 2232/1142/2232 2231/1223/2231
f 2234/1224/2234 2233/1141/2233 2231/1223/2231
f 2235/1145/2235 2233/1141/2233 2234/1224/2234
f 2231/1223/2231 2232/1142/2232 2229/1148/2229
f 2229/1148/2229 2227/1217/2227 2228/1219/2228
f 2230/1225/2230 2229/1148/2229 2228/1219/2228
f 2229/1148/2229 2230/1225/2230 2231/1223/2231
f 2207/1207/2207 2209/1140/2209 2237/1149/2237
f 2210/1206/2210 2207/1207/2207 2239/1241/2239
f 2240/1269/2240 2210/1206/2210 2239/1241/2239
f 2237/1149/2237 2238/1266/2238 2207/1207/2207
f 2236/1267/2236 2235/1145/2235 2234/1224/2234
f 2237/1149/2237 2235/1145/2235 2236/1267/2236
f 2238/1266/2238 2237/1149/2237 2236/1267/2236
f 2228/1219/2228 2227/1217/2227 2225/1218/2225
f 2218/1235/2218 2217/1232/2217 2216/1230/2216
f 2217/1232/2217 2218/1235/2218 2219/1233/2219
f 2219/1233/2219 2220/1234/2220 2217/1232/2217
f 2217/1232/2217 2215/1228/2215 2216/1230/2216
f 2214/1229/2214 2213/1227/2213 2211/1208/2211
f 2215/1228/2215 2213/1227/2213 2214/1229/2214
f 2216/1230/2216 2215/1228/2215 2214/1229/2214
f 2224/1220/2224 2223/1221/2223 2225/1218/2225
f 2225/1218/2225 2226/1216/2226 2224/1220/2224
f 2227/1217/2227 2226/1216/2226 2225/1218/2225
f 2223/1221/2223 2224/1220/2224 2222/1222/2222
f 2220/1234/2220 2219/1233/2219 2221/1226/2221
f 2221/1226/2221 2222/1222/2222 2220/1234/2220
f 2222/1222/2222 2221/1226/2221 2223/1221/2223
f 1680/824/1680 1679/801/1679 2362/1194/2362
f 2385/1395/2385 2432/1409/2432 2431/1307/2431
f 2382/1308/2382 2385/1395/2385 2431/1307/2431
f 2438/1412/2438 2435/1416/2435 2434/1415/2434
f 2387/1400/2387 2389/1399/2389 2433/1407/2433
f 2387/1400/2387 2433/1407/2433 2432/1409/2432
f 2385/1395/2385 2387/1400/2387 2432/1409/2432
f 2435/1416/2435 2436/1300/2436 2430/1279/2430
f 2434/1415/2434 2435/1416/2435 2430/1279/2430
f 2429/1413/2429 2434/1415/2434 2430/1279/2430
f 2437/1408/2437 2438/1412/2438 2434/1415/2434
f 2437/1408/2437 2434/1415/2434 2429/1413/2429
f 2433/1407/2433 2437/1408/2437 2429/1413/2429
f 2389/1399/2389 2437/1408/2437 2433/1407/2433
f 2435/1416/2435 2441/1419/2441 2436/1300/2436
f 2441/1419/2441 2435/1416/2435 2439/1410/2439
f 2438/1412/2438 2439/1410/2439 2435/1416/2435
f 2442/1418/2442 2440/1411/2440 2397/1381/2397
f 2395/1384/2395 2397/1381/2397 2440/1411/2440
f 2439/1410/2439 2440/1411/2440 2441/1419/2441
f 2391/1387/2391 2393/1385/2393 2438/1412/2438
f 2391/1387/2391 2438/1412/2438 2437/1408/2437
f 2389/1399/2389 2391/1387/2391 2437/1408/2437
f 2440/1411/2440 2439/1410/2439 2395/1384/2395
f 2393/1385/2393 2395/1384/2395 2439/1410/2439
f 2439/1410/2439 2438/1412/2438 2393/1385/2393
f 2423/1427/2423 1579/548/1579 2401/1391/2401
f 1579/548/1579 2423/1427/2423 1578/547/1578
f 2421/1426/2421 1578/547/1578 2423/1427/2423
f 2415/1421/2415 1580/557/1580 2418/1425/2418
f 1577/550/1577 2418/1425/2418 1580/557/1580
f 1559/439/1559 2401/1391/2401 1579/548/1579
f 2418/1425/2418 1577/550/1577 2420/1424/2420
f 2400/1277/2400 2424/1275/2424 2423/1427/2423
f 2401/1391/2401 2400/1277/2400 2423/1427/2423
f 1578/547/1578 2421/1426/2421 1576/549/1576
f 2420/1424/2420 1576/549/1576 2421/1426/2421
f 1576/549/1576 2420/1424/2420 1577/550/1577
f 1580/557/1580 2415/1421/2415 1581/558/1581
f 2431/1307/2431 2432/1409/2432 2426/1319/2426
f 2429/1413/2429 2430/1279/2430 2428/1280/2428
f 2427/1414/2427 2429/1413/2429 2428/1280/2428
f 2433/1407/2433 2429/1413/2429 2427/1414/2427
f 2432/1409/2432 2433/1407/2433 2427/1414/2427
f 2432/1409/2432 2427/1414/2427 2426/1319/2426
f 1582/559/1582 2413/1420/2413 1575/546/1575
f 2413/1420/2413 1582/559/1582 2415/1421/2415
f 1581/558/1581 2415/1421/2415 1582/559/1582
f 2427/1414/2427 2428/1280/2428 2425/1281/2425
f 2426/1319/2426 2427/1414/2427 2425/1281/2425
f 2408/1422/2408 1575/546/1575 2413/1420/2413
f 2456/1309/2456 2431/1307/2431 2454/1318/2454
f 2431/1307/2431 2426/1319/2426 2454/1318/2454
f 2451/1274/2451 2400/1277/2400 2452/1323/2452
f 2426/1319/2426 2425/1281/2425 2455/1321/2455
f 2453/1322/2453 2456/1309/2456 2450/1320/2450
f 2456/1309/2456 2454/1318/2454 2450/1320/2450
f 2404/1324/2404 2406/1317/2406 2453/1322/2453
f 2406/1317/2406 2456/1309/2456 2453/1322/2453
f 2406/1317/2406 2382/1308/2382 2456/1309/2456
f 2399/1325/2399 2452/1323/2452 2400/1277/2400
f 2399/1325/2399 2404/1324/2404 2452/1323/2452
f 2404/1324/2404 2453/1322/2453 2452/1323/2452
f 2454/1318/2454 2426/1319/2426 2455/1321/2455
f 2447/1417/2447 2448/1278/2448 2446/1270/2446
f 2448/1278/2448 2447/1417/2447 2449/1368/2449
f 2450/1320/2450 2449/1368/2449 2447/1417/2447
f 2441/1419/2441 2444/1330/2444 2436/1300/2436
f 2445/1301/2445 2436/1300/2436 2444/1330/2444
f 2442/1418/2442 2443/1315/2443 2444/1330/2444
f 2453/1322/2453 2450/1320/2450 2452/1323/2452
f 2450/1320/2450 2454/1318/2454 2449/1368/2449
f 2454/1318/2454 2455/1321/2455 2449/1368/2449
f 2446/1270/2446 2451/1274/2451 2447/1417/2447
f 2452/1323/2452 2447/1417/2447 2451/1274/2451
f 2447/1417/2447 2452/1323/2452 2450/1320/2450
f 2463/1331/2463 2466/1329/2466 2459/1302/2459
f 2466/1329/2466 2460/1311/2460 2459/1302/2459
f 2466/1329/2466 2444/1330/2444 2460/1311/2460
f 2461/1312/2461 2464/1292/2464 2462/1313/2462
f 2465/1296/2465 2462/1313/2462 2464/1292/2464
f 2462/1313/2462 2465/1296/2465 2463/1331/2463
f 2440/1411/2440 2442/1418/2442 2441/1419/2441
f 2443/1315/2443 2442/1418/2442 2398/1314/2398
f 2397/1381/2397 2398/1314/2398 2442/1418/2442
f 2444/1330/2444 2443/1315/2443 2460/1311/2460
f 2463/1331/2463 2465/1296/2465 2466/1329/2466
f 2444/1330/2444 2441/1419/2441 2442/1418/2442
f 2463/1331/2463 2459/1302/2459 2458/1303/2458
f 2458/1303/2458 2459/1302/2459 2410/1304/2410
f 2459/1302/2459 2411/1305/2411 2410/1304/2410
f 2459/1302/2459 2460/1311/2460 2411/1305/2411
f 2382/1308/2382 2431/1307/2431 2456/1309/2456
f 2409/1310/2409 2457/1306/2457 2410/1304/2410
f 2458/1303/2458 2410/1304/2410 2457/1306/2457
f 2457/1306/2457 2461/1312/2461 2458/1303/2458
f 2462/1313/2462 2458/1303/2458 2461/1312/2461
f 2462/1313/2462 2463/1331/2463 2458/1303/2458
f 2460/1311/2460 2412/1316/2412 2411/1305/2411
f 2460/1311/2460 2443/1315/2443 2412/1316/2412
f 2443/1315/2443 2398/1314/2398 2412/1316/2412
f 2424/1275/2424 2422/1276/2422 2421/1426/2421
f 2384/1393/2384 2386/1397/2386 2385/1395/2385
f 2384/1393/2384 2385/1395/2385 2382/1308/2382
f 2383/1394/2383 2384/1393/2384 2382/1308/2382
f 2388/1398/2388 2389/1399/2389 2387/1400/2387
f 2386/1397/2386 2388/1398/2388 2387/1400/2387
f 2386/1397/2386 2387/1400/2387 2385/1395/2385
f 2363/1195/2363 1678/795/1678 1693/827/1693
f 2376/1401/2376 2377/1396/2377 1692/828/1692
f 2377/1396/2377 1693/827/1693 1692/828/1692
f 2381/1284/2381 2379/1287/2379 2378/1283/2378
f 2379/1287/2379 2380/1273/2380 2378/1283/2378
f 2377/1396/2377 2363/1195/2363 1693/827/1693
f 2388/1398/2388 2390/1392/2390 2389/1399/2389
f 2400/1277/2400 2401/1391/2401 2399/1325/2399
f 2398/1314/2398 2397/1381/2397 2396/1382/2396
f 2397/1381/2397 2395/1384/2395 2394/1383/2394
f 2403/1388/2403 2404/1324/2404 2399/1325/2399
f 2402/1390/2402 2403/1388/2403 2399/1325/2399
f 2402/1390/2402 2399/1325/2399 2401/1391/2401
f 2393/1385/2393 2391/1387/2391 2392/1386/2392
f 2390/1392/2390 2392/1386/2392 2391/1387/2391
f 2390/1392/2390 2391/1387/2391 2389/1399/2389
f 2396/1382/2396 2397/1381/2397 2394/1383/2394
f 2395/1384/2395 2393/1385/2393 2392/1386/2392
f 2394/1383/2394 2395/1384/2395 2392/1386/2392
f 2367/1182/2367 2368/1185/2368 1684/822/1684
f 1684/822/1684 1683/826/1683 2367/1182/2367
f 2366/1183/2366 2367/1182/2367 1683/826/1683
f 1686/817/1686 1685/819/1685 2369/1187/2369
f 2368/1185/2368 2369/1187/2369 1685/819/1685
f 1685/819/1685 1684/822/1684 2368/1185/2368
f 2364/1184/2364 2365/1181/2365 1681/823/1681
f 1681/823/1681 1680/824/1680 2364/1184/2364
f 2362/1194/2362 2364/1184/2364 1680/824/1680
f 1683/826/1683 1682/825/1682 2366/1183/2366
f 2365/1181/2365 2366/1183/2366 1682/825/1682
f 1682/825/1682 1681/823/1681 2365/1181/2365
f 2369/1187/2369 2370/1186/2370 1686/817/1686
f 2375/1405/2375 1691/829/1691 1690/820/1690
f 2373/1403/2373 2374/1406/2374 1689/821/1689
f 2374/1406/2374 1690/820/1690 1689/821/1689
f 2375/1405/2375 2376/1401/2376 1691/829/1691
f 2376/1401/2376 1692/828/1692 1691/829/1691
f 2374/1406/2374 2375/1405/2375 1690/820/1690
f 2372/1402/2372 1688/818/1688 1687/816/1687
f 2370/1186/2370 2371/1404/2371 1686/817/1686
f 2371/1404/2371 1687/816/1687 1686/817/1686
f 2372/1402/2372 2373/1403/2373 1688/818/1688
f 2373/1403/2373 1689/821/1689 1688/818/1688
f 2371/1404/2371 2372/1402/2372 1687/816/1687
f 2410/1304/2410 2408/1422/2408 2409/1310/2409
f 1575/546/1575 2408/1422/2408 1574/543/1574
f 2408/1422/2408 2407/1423/2407 1574/543/1574
f 2412/1316/2412 2407/1423/2407 2411/1305/2411
f 2411/1305/2411 2407/1423/2407 2408/1422/2408
f 2410/1304/2410 2411/1305/2411 2408/1422/2408
f 1571/545/1571 1572/544/1572 2396/1382/2396
f 1570/551/1570 1571/545/1571 2396/1382/2396
f 2396/1382/2396 2394/1383/2394 1570/551/1570
f 1573/542/1573 1574/543/1574 2407/1423/2407
f 1572/544/1572 1573/542/1573 2407/1423/2407
f 2407/1423/2407 2396/1382/2396 1572/544/1572
f 2407/1423/2407 2412/1316/2412 2396/1382/2396
f 2420/1424/2420 2419/1290/2419 2418/1425/2418
f 2419/1290/2419 2417/1288/2417 2418/1425/2418
f 2415/1421/2415 2418/1425/2418 2417/1288/2417
f 2423/1427/2423 2424/1275/2424 2421/1426/2421
f 2422/1276/2422 2419/1290/2419 2421/1426/2421
f 2420/1424/2420 2421/1426/2421 2419/1290/2419
f 2414/1327/2414 2409/1310/2409 2413/1420/2413
f 2408/1422/2408 2413/1420/2413 2409/1310/2409
f 2398/1314/2398 2396/1382/2396 2412/1316/2412
f 2417/1288/2417 2416/1289/2416 2415/1421/2415
f 2416/1289/2416 2414/1327/2414 2413/1420/2413
f 2415/1421/2415 2416/1289/2416 2413/1420/2413
f 1561/436/1561 1562/440/1562 2403/1388/2403
f 1561/436/1561 2403/1388/2403 2402/1390/2402
f 1560/437/1560 1561/436/1561 2402/1390/2402
f 1563/441/1563 2383/1394/2383 2405/1389/2405
f 1562/440/1562 1563/441/1563 2405/1389/2405
f 1562/440/1562 2405/1389/2405 2403/1388/2403
f 2405/1389/2405 2383/1394/2383 2406/1317/2406
f 2405/1389/2405 2406/1317/2406 2404/1324/2404
f 2403/1388/2403 2405/1389/2405 2404/1324/2404
f 1560/437/1560 2402/1390/2402 2401/1391/2401
f 1559/439/1559 1560/437/1560 2401/1391/2401
f 2383/1394/2383 2382/1308/2382 2406/1317/2406
f 1564/442/1564 2384/1393/2384 1563/441/1563
f 2392/1386/2392 2390/1392/2390 1568/554/1568
f 1567/553/1567 1568/554/1568 2390/1392/2390
f 2390/1392/2390 2388/1398/2388 1566/552/1566
f 1569/555/1569 1570/551/1570 2394/1383/2394
f 2394/1383/2394 2392/1386/2392 1569/555/1569
f 1568/554/1568 1569/555/1569 2392/1386/2392
f 2386/1397/2386 2384/1393/2384 1564/442/1564
f 1565/444/1565 2386/1397/2386 1564/442/1564
f 2384/1393/2384 2383/1394/2383 1563/441/1563
f 1567/553/1567 2390/1392/2390 1566/552/1566
f 2388/1398/2388 2386/1397/2386 1565/444/1565
f 1566/552/1566 2388/1398/2388 1565/444/1565
f 1466/1498/1466 1485/1498/1485 1486/1498/1486
f 1444/1498/1444 1490/1498/1490 1443/1498/1443
f 1485/1498/1485 1484/1498/1484 1486/1498/1486
f 1483/1498/1483 1482/1498/1482 1486/1498/1486
f 1484/1498/1484 1483/1498/1483 1486/1498/1486
f 3045/1498/3045 1489/1498/1489 1441/1498/1441
f 1489/1498/1489 1440/1498/1440 1441/1498/1441
f 1490/1498/1490 3045/1498/3045 1441/1498/1441
f 1443/1498/1443 1490/1498/1490 1442/1498/1442
f 1442/1498/1442 1490/1498/1490 1441/1498/1441
f 1482/1498/1482 1481/1498/1481 1486/1498/1486
f 1475/1498/1475 1474/1498/1474 1486/1498/1486
f 1476/1498/1476 1475/1498/1475 1486/1498/1486
f 1474/1498/1474 1473/1498/1473 1486/1498/1486
f 1472/1498/1472 1471/1498/1471 1486/1498/1486
f 1473/1498/1473 1472/1498/1472 1486/1498/1486
f 1480/1498/1480 1479/1498/1479 1486/1498/1486
f 1481/1498/1481 1480/1498/1480 1486/1498/1486
f 1479/1498/1479 1478/1498/1478 1486/1498/1486
f 1477/1498/1477 1476/1498/1476 1486/1498/1486
f 1478/1498/1478 1477/1498/1477 1486/1498/1486
f 1440/1498/1440 1489/1498/1489 3043/1498/3043
f 1434/1498/1434 1435/1498/1435 1492/1498/1492
f 1492/1498/1492 1491/1498/1491 1434/1498/1434
f 1492/1498/1492 1435/1498/1435 1436/1498/1436
f 1492/1498/1492 1436/1498/1436 1437/1498/1437
f 1437/1498/1437 1493/1498/1493 1492/1498/1492
f 1431/1498/1431 1491/1498/1491 1495/1498/1495
f 1495/1498/1495 1430/1498/1430 1431/1498/1431
f 1431/1498/1431 1432/1498/1432 1491/1498/1491
f 1433/1498/1433 1434/1498/1434 1491/1498/1491
f 1432/1498/1432 1433/1498/1433 1491/1498/1491
f 1493/1498/1493 1437/1498/1437 1438/1498/1438
f 1425/1498/1425 1429/1498/1429 1430/1498/1430
f 1425/1498/1425 1428/1498/1428 1429/1498/1429
f 1430/1498/1430 1495/1498/1495 1425/1498/1425
f 3043/1498/3043 1488/1498/1488 1440/1498/1440
f 1488/1498/1488 1439/1498/1439 1440/1498/1440
f 1488/1498/1488 1493/1498/1493 1439/1498/1439
f 1493/1498/1493 1438/1498/1438 1439/1498/1439
f 1487/1498/1487 1426/1498/1426 1427/1498/1427
f 1428/1498/1428 1425/1498/1425 1487/1498/1487
f 1487/1498/1487 1427/1498/1427 1428/1498/1428
f 1471/1498/1471 1470/1498/1470 1486/1498/1486
f 1438/1498/1438 1458/1498/1458 1459/1498/1459
f 1458/1498/1458 1438/1498/1438 1437/1498/1437
f 1459/1498/1459 1439/1498/1439 1438/1498/1438
f 1460/1498/1460 1440/1498/1440 1459/1498/1459
f 1440/1498/1440 1439/1498/1439 1459/1498/1459
f 1437/1498/1437 1457/1498/1457 1458/1498/1458
f 1436/1498/1436 1435/1498/1435 1455/1498/1455
f 1455/1498/1455 1435/1498/1435 1454/1498/1454
f 1456/1498/1456 1436/1498/1436 1455/1498/1455
f 1457/1498/1457 1437/1498/1437 1436/1498/1436
f 1436/1498/1436 1456/1498/1456 1457/1498/1457
f 1464/1498/1464 1444/1498/1444 1463/1498/1463
f 1444/1498/1444 1443/1498/1443 1463/1498/1463
f 1445/1498/1445 1444/1498/1444 1464/1498/1464
f 1426/1498/1426 1445/1498/1445 1465/1498/1465
f 1465/1498/1465 1445/1498/1445 1464/1498/1464
f 1463/1498/1463 1443/1498/1443 1442/1498/1442
f 1461/1498/1461 1441/1498/1441 1460/1498/1460
f 1441/1498/1441 1440/1498/1440 1460/1498/1460
f 1441/1498/1441 1461/1498/1461 1462/1498/1462
f 1442/1498/1442 1462/1498/1462 1463/1498/1463
f 1462/1498/1462 1442/1498/1442 1441/1498/1441
f 1427/1498/1427 1447/1498/1447 1448/1498/1448
f 1447/1498/1447 1427/1498/1427 1426/1498/1426
f 1448/1498/1448 1428/1498/1428 1427/1498/1427
f 1449/1498/1449 1429/1498/1429 1428/1498/1428
f 1428/1498/1428 1448/1498/1448 1449/1498/1449
f 1426/1498/1426 1446/1498/1446 1447/1498/1447
f 1494/1498/1494 3051/1498/3051 1444/1498/1444
f 3051/1498/3051 1490/1498/1490 1444/1498/1444
f 1445/1498/1445 1494/1498/1494 1444/1498/1444
f 1426/1498/1426 1487/1498/1487 1445/1498/1445
f 1487/1498/1487 1494/1498/1494 1445/1498/1445
f 1453/1498/1453 1433/1498/1433 1452/1498/1452
f 1433/1498/1433 1432/1498/1432 1452/1498/1452
f 1434/1498/1434 1433/1498/1433 1453/1498/1453
f 1435/1498/1435 1434/1498/1434 1454/1498/1454
f 1454/1498/1454 1434/1498/1434 1453/1498/1453
f 1452/1498/1452 1432/1498/1432 1451/1498/1451
f 1450/1498/1450 1430/1498/1430 1429/1498/1429
f 1429/1498/1429 1449/1498/1449 1450/1498/1450
f 1430/1498/1430 1450/1498/1450 1451/1498/1451
f 1432/1498/1432 1431/1498/1431 1451/1498/1451
f 1451/1498/1451 1431/1498/1431 1430/1498/1430
f 1446/1498/1446 1426/1498/1426 1465/1498/1465
f 1481/1498/1481 1461/1498/1461 1480/1498/1480
f 1461/1498/1461 1460/1498/1460 1480/1498/1480
f 1461/1498/1461 1481/1498/1481 1482/1498/1482
f 1462/1498/1462 1482/1498/1482 1483/1498/1483
f 1482/1498/1482 1462/1498/1462 1461/1498/1461
f 1480/1498/1480 1460/1498/1460 1479/1498/1479
f 1478/1498/1478 1458/1498/1458 1477/1498/1477
f 1458/1498/1458 1457/1498/1457 1477/1498/1477
f 1459/1498/1459 1458/1498/1458 1478/1498/1478
f 1460/1498/1460 1459/1498/1459 1479/1498/1479
f 1479/1498/1479 1459/1498/1459 1478/1498/1478
f 1467/1498/1467 1466/1498/1466 1486/1498/1486
f 1466/1498/1466 1446/1498/1446 1465/1498/1465
f 1468/1498/1468 1467/1498/1467 1486/1498/1486
f 1470/1498/1470 1469/1498/1469 1486/1498/1486
f 1469/1498/1469 1468/1498/1468 1486/1498/1486
f 1465/1498/1465 1485/1498/1485 1466/1498/1466
f 1463/1498/1463 1483/1498/1483 1484/1498/1484
f 1483/1498/1483 1463/1498/1463 1462/1498/1462
f 1484/1498/1484 1464/1498/1464 1463/1498/1463
f 1485/1498/1485 1465/1498/1465 1464/1498/1464
f 1464/1498/1464 1484/1498/1484 1485/1498/1485
f 1470/1498/1470 1450/1498/1450 1469/1498/1469
f 1450/1498/1450 1449/1498/1449 1469/1498/1469
f 1451/1498/1451 1450/1498/1450 1470/1498/1470
f 1451/1498/1451 1471/1498/1471 1472/1498/1472
f 1471/1498/1471 1451/1498/1451 1470/1498/1470
f 1469/1498/1469 1449/1498/1449 1448/1498/1448
f 1467/1498/1467 1447/1498/1447 1446/1498/1446
f 1446/1498/1446 1466/1498/1466 1467/1498/1467
f 1447/1498/1447 1467/1498/1467 1468/1498/1468
f 1448/1498/1448 1468/1498/1468 1469/1498/1469
f 1468/1498/1468 1448/1498/1448 1447/1498/1447
f 1456/1498/1456 1455/1498/1455 1475/1498/1475
f 1475/1498/1475 1455/1498/1455 1474/1498/1474
f 1476/1498/1476 1456/1498/1456 1475/1498/1475
f 1477/1498/1477 1457/1498/1457 1476/1498/1476
f 1457/1498/1457 1456/1498/1456 1476/1498/1476
f 1455/1498/1455 1454/1498/1454 1474/1498/1474
f 1452/1498/1452 1472/1498/1472 1473/1498/1473
f 1472/1498/1472 1452/1498/1452 1451/1498/1451
f 1473/1498/1473 1453/1498/1453 1452/1498/1452
f 1474/1498/1474 1454/1498/1454 1473/1498/1473
f 1454/1498/1454 1453/1498/1453 1473/1498/1473
f 2536/1498/2536 2537/1498/2537 2556/1498/2556
f 2536/1498/2536 2556/1498/2556 2555/1498/2555
f 2537/1498/2537 2538/1498/2538 2557/1498/2557
f 2537/1498/2537 2557/1498/2557 2556/1498/2556
f 2554/1498/2554 2534/1498/2534 2555/1498/2555
f 2534/1498/2534 2554/1498/2554 2533/1498/2533
f 2535/1498/2535 2536/1498/2536 2555/1498/2555
f 2535/1498/2535 2555/1498/2555 2534/1498/2534
f 2540/1498/2540 2541/1498/2541 2560/1498/2560
f 2540/1498/2540 2560/1498/2560 2559/1498/2559
f 2541/1498/2541 2542/1498/2542 2561/1498/2561
f 2541/1498/2541 2561/1498/2561 2560/1498/2560
f 2538/1498/2538 2539/1498/2539 2558/1498/2558
f 2538/1498/2538 2558/1498/2558 2557/1498/2557
f 2539/1498/2539 2540/1498/2540 2559/1498/2559
f 2539/1498/2539 2559/1498/2559 2558/1498/2558
f 2553/1498/2553 2533/1498/2533 2554/1498/2554
f 2516/1498/2516 2529/1498/2529 2547/1498/2547
f 2527/1498/2527 2516/1498/2516 2547/1498/2547
f 2528/1498/2528 2548/1498/2548 2529/1498/2529
f 2549/1498/2549 2529/1498/2529 2548/1498/2548
f 2525/1498/2525 2546/1498/2546 2545/1498/2545
f 2524/1498/2524 2525/1498/2525 2545/1498/2545
f 2527/1498/2527 2547/1498/2547 2546/1498/2546
f 2525/1498/2525 2527/1498/2527 2546/1498/2546
f 2532/1498/2532 2552/1498/2552 2551/1498/2551
f 2531/1498/2531 2532/1498/2532 2551/1498/2551
f 2533/1498/2533 2553/1498/2553 2552/1498/2552
f 2532/1498/2532 2533/1498/2533 2552/1498/2552
f 2530/1498/2530 2550/1498/2550 2528/1498/2528
f 2548/1498/2548 2528/1498/2528 2550/1498/2550
f 2531/1498/2531 2551/1498/2551 2530/1498/2530
f 2550/1498/2550 2530/1498/2530 2551/1498/2551
f 2557/1498/2557 2558/1498/2558 2568/1498/2568
f 2556/1498/2556 2557/1498/2557 2568/1498/2568
f 2559/1498/2559 2560/1498/2560 2568/1498/2568
f 2558/1498/2558 2559/1498/2559 2568/1498/2568
f 2553/1498/2553 2554/1498/2554 2568/1498/2568
f 2552/1498/2552 2553/1498/2553 2568/1498/2568
f 2555/1498/2555 2556/1498/2556 2568/1498/2568
f 2554/1498/2554 2555/1498/2555 2568/1498/2568
f 2565/1498/2565 2566/1498/2566 2568/1498/2568
f 2564/1498/2564 2565/1498/2565 2568/1498/2568
f 2567/1498/2567 2549/1498/2549 2568/1498/2568
f 2566/1498/2566 2567/1498/2567 2568/1498/2568
f 2561/1498/2561 2562/1498/2562 2568/1498/2568
f 2560/1498/2560 2561/1498/2561 2568/1498/2568
f 2563/1498/2563 2564/1498/2564 2568/1498/2568
f 2562/1498/2562 2563/1498/2563 2568/1498/2568
f 2551/1498/2551 2552/1498/2552 2568/1498/2568
f 2564/1498/2564 2544/1498/2544 2565/1498/2565
f 2544/1498/2544 2564/1498/2564 2543/1498/2543
f 2565/1498/2565 2545/1498/2545 2566/1498/2566
f 2545/1498/2545 2565/1498/2565 2544/1498/2544
f 2542/1498/2542 2543/1498/2543 2562/1498/2562
f 2542/1498/2542 2562/1498/2562 2561/1498/2561
f 2563/1498/2563 2543/1498/2543 2564/1498/2564
f 2543/1498/2543 2563/1498/2563 2562/1498/2562
f 2549/1498/2549 2548/1498/2548 2568/1498/2568
f 2529/1498/2529 2549/1498/2549 2547/1498/2547
f 2550/1498/2550 2551/1498/2551 2568/1498/2568
f 2548/1498/2548 2550/1498/2550 2568/1498/2568
f 2566/1498/2566 2546/1498/2546 2567/1498/2567
f 2546/1498/2546 2566/1498/2566 2545/1498/2545
f 2567/1498/2567 2547/1498/2547 2549/1498/2549
f 2547/1498/2547 2567/1498/2567 2546/1498/2546
f 2524/1498/2524 2545/1498/2545 2523/1498/2523
f 2521/1498/2521 2499/1498/2499 2522/1498/2522
f 3009/1498/3009 2499/1498/2499 2521/1498/2521
f 2499/1498/2499 3010/1498/3010 2522/1498/2522
f 3010/1498/3010 2503/1498/2503 2522/1498/2522
f 2497/1498/2497 2505/1498/2505 2519/1498/2519
f 2520/1498/2520 2519/1498/2519 2505/1498/2505
f 2521/1498/2521 2501/1498/2501 3009/1498/3009
f 2514/1498/2514 2501/1498/2501 2521/1498/2521
f 2526/1498/2526 2527/1498/2527 2525/1498/2525
f 2503/1498/2503 3017/1498/3017 2525/1498/2525
f 2517/1498/2517 2516/1498/2516 2527/1498/2527
f 2526/1498/2526 2517/1498/2517 2527/1498/2527
f 2503/1498/2503 2524/1498/2524 2523/1498/2523
f 2503/1498/2503 2523/1498/2523 2522/1498/2522
f 3017/1498/3017 2526/1498/2526 2525/1498/2525
f 2503/1498/2503 2525/1498/2525 2524/1498/2524
f 2518/1498/2518 2519/1498/2519 2520/1498/2520
f 2495/1498/2495 2492/1498/2492 2508/1498/2508
f 2508/1498/2508 2507/1498/2507 2495/1498/2495
f 2509/1498/2509 2492/1498/2492 2510/1498/2510
f 2509/1498/2509 2508/1498/2508 2492/1498/2492
f 2495/1498/2495 2504/1498/2504 2497/1498/2497
f 2505/1498/2505 2497/1498/2497 2504/1498/2504
f 2507/1498/2507 2506/1498/2506 2495/1498/2495
f 2506/1498/2506 2504/1498/2504 2495/1498/2495
f 2516/1498/2516 2517/1498/2517 2515/1498/2515
f 2511/1498/2511 2501/1498/2501 2514/1498/2514
f 2519/1498/2519 2518/1498/2518 2517/1498/2517
f 2515/1498/2515 2517/1498/2517 2518/1498/2518
f 2510/1498/2510 2492/1498/2492 2512/1498/2512
f 2511/1498/2511 2512/1498/2512 2492/1498/2492
f 2513/1498/2513 2511/1498/2511 2514/1498/2514
f 2512/1498/2512 2511/1498/2511 2513/1498/2513
f 2539/1498/2539 2512/1498/2512 2540/1498/2540
f 2512/1498/2512 2539/1498/2539 2510/1498/2510
f 2540/1498/2540 2513/1498/2513 2541/1498/2541
f 2513/1498/2513 2540/1498/2540 2512/1498/2512
f 2509/1498/2509 2510/1498/2510 2537/1498/2537
f 2509/1498/2509 2537/1498/2537 2536/1498/2536
f 2538/1498/2538 2510/1498/2510 2539/1498/2539
f 2510/1498/2510 2538/1498/2538 2537/1498/2537
f 2543/1498/2543 2522/1498/2522 2544/1498/2544
f 2522/1498/2522 2543/1498/2543 2542/1498/2542
f 2544/1498/2544 2523/1498/2523 2545/1498/2545
f 2523/1498/2523 2544/1498/2544 2522/1498/2522
f 2514/1498/2514 2521/1498/2521 2541/1498/2541
f 2514/1498/2514 2541/1498/2541 2513/1498/2513
f 2521/1498/2521 2522/1498/2522 2542/1498/2542
f 2521/1498/2521 2542/1498/2542 2541/1498/2541
f 2508/1498/2508 2509/1498/2509 2536/1498/2536
f 2520/1498/2520 2531/1498/2531 2518/1498/2518
f 2530/1498/2530 2518/1498/2518 2531/1498/2531
f 2505/1498/2505 2532/1498/2532 2520/1498/2520
f 2531/1498/2531 2520/1498/2520 2532/1498/2532
f 2515/1498/2515 2528/1498/2528 2516/1498/2516
f 2529/1498/2529 2516/1498/2516 2528/1498/2528
f 2518/1498/2518 2530/1498/2530 2515/1498/2515
f 2528/1498/2528 2515/1498/2515 2530/1498/2530
f 2507/1498/2507 2535/1498/2535 2534/1498/2534
f 2506/1498/2506 2507/1498/2507 2534/1498/2534
f 2508/1498/2508 2536/1498/2536 2535/1498/2535
f 2507/1498/2507 2508/1498/2508 2535/1498/2535
f 2504/1498/2504 2533/1498/2533 2505/1498/2505
f 2532/1498/2532 2505/1498/2505 2533/1498/2533
f 2506/1498/2506 2534/1498/2534 2533/1498/2533
f 2504/1498/2504 2506/1498/2506 2533/1498/2533
