# Blender 5.1.1
# www.blender.org
mtllib blunder.mtl
o blunderbuss
v 0.028024 0.110744 -0.010714
v 0.027121 0.116299 -0.009222
v 0.028199 0.120360 -0.005145
v 0.028789 0.121841 0.000415
v 0.028769 0.120345 0.005969
v 0.027957 0.116273 0.010028
v 0.027948 0.110715 0.011510
v 0.027949 0.105161 0.010014
v 0.027960 0.101099 0.005941
v 0.027978 0.099617 0.000383
v 0.029353 0.101112 -0.005166
v 0.029370 0.105185 -0.009228
v 0.060809 0.110720 -0.010603
v 0.061072 0.116274 -0.009106
v 0.060557 0.120337 -0.005036
v 0.059733 0.121819 0.000520
v 0.060332 0.120322 0.006076
v 0.060315 0.116250 0.010138
v 0.060306 0.110692 0.011619
v 0.060307 0.105138 0.010123
v 0.060318 0.101076 0.006051
v 0.060336 0.099594 0.000493
v 0.060356 0.101090 -0.005061
v 0.059076 0.105164 -0.009128
v 0.060800 0.110717 -0.007752
v 0.061063 0.114845 -0.006639
v 0.060550 0.117865 -0.003613
v 0.060350 0.118967 0.000518
v 0.060335 0.117854 0.004647
v 0.060323 0.114827 0.007666
v 0.060316 0.110695 0.008768
v 0.060317 0.106567 0.007656
v 0.060325 0.103547 0.004628
v 0.060338 0.102446 0.000497
v 0.060353 0.103558 -0.003632
v 0.060365 0.106585 -0.006652
v 0.063951 0.110714 -0.007741
v 0.064214 0.114843 -0.006628
v 0.063702 0.117863 -0.003602
v 0.063501 0.118964 0.000529
v 0.063487 0.117852 0.004657
v 0.063474 0.114825 0.007677
v 0.063467 0.110693 0.008778
v 0.063468 0.106564 0.007666
v 0.063476 0.103545 0.004639
v 0.063489 0.102444 0.000507
v 0.063504 0.103556 -0.003621
v 0.063517 0.106583 -0.006641
v 0.031044 0.110742 -0.010704
v 0.030141 0.116297 -0.009211
v 0.031219 0.120358 -0.005135
v 0.031818 0.121061 -0.002493
v 0.056722 0.121043 -0.002409
v 0.057537 0.120339 -0.005046
v 0.058052 0.116276 -0.009117
v 0.057789 0.110722 -0.010614
v 0.056060 0.108084 -0.009916
v 0.032395 0.108101 -0.009996
v 0.031078 0.117876 -0.019383
v 0.030167 0.122279 -0.015683
v 0.031239 0.124238 -0.010271
v 0.031837 0.123760 -0.007580
v 0.056741 0.123742 -0.007495
v 0.057557 0.124219 -0.010182
v 0.058079 0.122258 -0.015588
v 0.057824 0.117857 -0.019292
v 0.056099 0.115169 -0.019776
v 0.032434 0.115186 -0.019856
v 0.034107 0.140596 -0.023665
v 0.033186 0.140088 -0.017939
v 0.034256 0.136782 -0.013228
v 0.034848 0.134779 -0.009040
v 0.053756 0.134765 -0.008976
v 0.054578 0.136767 -0.013159
v 0.055101 0.140072 -0.017865
v 0.054857 0.140581 -0.023595
v 0.053140 0.139431 -0.026078
v 0.035470 0.139444 -0.026138
v 0.034077 0.155566 -0.011587
v 0.033161 0.153629 -0.007650
v 0.034238 0.150746 -0.004858
v 0.034839 0.147371 -0.003525
v 0.053747 0.147358 -0.003461
v 0.054560 0.150731 -0.004789
v 0.055076 0.153613 -0.007575
v 0.054827 0.155551 -0.011516
v 0.053115 0.156999 -0.014922
v 0.035445 0.157012 -0.014982
v 0.034008 0.159501 0.009731
v 0.033103 0.154530 0.009554
v 0.034197 0.150700 0.007213
v 0.034810 0.148560 0.005079
v 0.053718 0.148547 0.005143
v 0.054519 0.150685 0.007282
v 0.055019 0.154514 0.009629
v 0.054757 0.159485 0.009802
v 0.053038 0.163007 0.009036
v 0.035368 0.163020 0.008976
v 0.034376 0.143582 0.030662
v 0.033474 0.140099 0.030153
v 0.034564 0.136884 0.029060
v 0.035179 0.133877 0.026116
v 0.053214 0.133863 0.026177
v 0.054012 0.136870 0.029126
v 0.054516 0.140084 0.030224
v 0.054252 0.143568 0.030730
v 0.052533 0.148324 0.030069
v 0.035737 0.148336 0.030012
v 0.034357 0.144268 0.036451
v 0.033450 0.141038 0.037478
v 0.034535 0.137176 0.037613
v 0.035142 0.131717 0.036663
v 0.053176 0.131703 0.036724
v 0.053983 0.137162 0.037679
v 0.054491 0.141023 0.037550
v 0.054233 0.144254 0.036519
v 0.052518 0.146455 0.034141
v 0.035722 0.146468 0.034084
v 0.034345 0.147701 0.040839
v 0.033434 0.145547 0.043016
v 0.034516 0.142491 0.044433
v 0.035119 0.138313 0.044973
v 0.053153 0.138300 0.045034
v 0.053964 0.142477 0.044499
v 0.054476 0.145532 0.043087
v 0.054221 0.147687 0.040906
v 0.052505 0.148841 0.038464
v 0.035709 0.148853 0.038407
v 0.034345 0.156235 0.042598
v 0.033431 0.156916 0.046392
v 0.034508 0.156088 0.049699
v 0.035101 0.155967 0.054119
v 0.053135 0.155954 0.054180
v 0.053956 0.156073 0.049765
v 0.054473 0.156901 0.046463
v 0.054221 0.156220 0.042665
v 0.052507 0.154668 0.039258
v 0.035711 0.154681 0.039201
v 0.034368 0.159474 0.036558
v 0.033458 0.164182 0.039861
v 0.034547 0.169574 0.041064
v 0.035145 0.169331 0.043787
v 0.053180 0.169318 0.043848
v 0.053995 0.169559 0.041130
v 0.054500 0.164167 0.039932
v 0.054244 0.159460 0.036626
v 0.052534 0.159708 0.032362
v 0.035738 0.159720 0.032305
v 0.040002 0.170814 0.020631
v 0.040304 0.175521 0.023938
v 0.040033 0.177946 0.029153
v 0.040632 0.177704 0.031876
v 0.047524 0.177699 0.031900
v 0.049938 0.177939 0.029187
v 0.049769 0.175515 0.023970
v 0.050086 0.170807 0.020666
v 0.049116 0.168086 0.020421
v 0.041028 0.168092 0.020393
v 0.053137 0.147234 0.051678
v 0.035103 0.147247 0.051617
v 0.034507 0.149394 0.048408
v 0.033429 0.151502 0.045839
v 0.034342 0.152448 0.042618
v 0.035709 0.152081 0.039318
v 0.052504 0.152069 0.039375
v 0.054218 0.152433 0.042685
v 0.054471 0.151486 0.045910
v 0.053956 0.149380 0.048474
v 0.053954 0.152711 0.049785
v 0.053133 0.151569 0.053930
v 0.035098 0.151582 0.053869
v 0.034505 0.152725 0.049719
v 0.033428 0.154260 0.046684
v 0.034342 0.154476 0.043058
v 0.035709 0.153448 0.039549
v 0.052505 0.153436 0.039606
v 0.054218 0.154461 0.043126
v 0.054470 0.154245 0.046755
v 0.053554 0.163294 0.050264
v 0.034602 0.163329 0.050169
v 0.034034 0.163478 0.046446
v 0.033068 0.160515 0.043242
v 0.034117 0.158435 0.040073
v 0.035530 0.157505 0.036139
v 0.052627 0.157482 0.036212
v 0.054468 0.158395 0.040141
v 0.054863 0.160507 0.043345
v 0.054352 0.163442 0.046544
v 0.053958 0.145822 0.046905
v 0.053143 0.142626 0.048793
v 0.035109 0.142640 0.048732
v 0.034510 0.145836 0.046839
v 0.033430 0.148450 0.044826
v 0.034342 0.150029 0.042101
v 0.035708 0.150431 0.039197
v 0.052504 0.150419 0.039254
v 0.054218 0.150014 0.042168
v 0.054472 0.148435 0.044898
v 0.054484 0.143154 0.040332
v 0.053973 0.139564 0.041126
v 0.053164 0.134448 0.040908
v 0.035130 0.134461 0.040847
v 0.034525 0.139578 0.041060
v 0.033442 0.143169 0.040261
v 0.034351 0.145938 0.038622
v 0.035716 0.147436 0.036151
v 0.052512 0.147424 0.036208
v 0.054227 0.145924 0.038689
v 0.054492 0.139790 0.033903
v 0.053985 0.136188 0.033421
v 0.053179 0.131728 0.031435
v 0.035177 0.131741 0.031374
v 0.034562 0.136202 0.033355
v 0.033473 0.139805 0.033832
v 0.034375 0.143305 0.033559
v 0.035737 0.147011 0.032015
v 0.052519 0.146999 0.032071
v 0.054234 0.143291 0.033626
v 0.053969 0.140706 0.042779
v 0.053159 0.136053 0.042936
v 0.035124 0.136066 0.042875
v 0.034520 0.140720 0.042713
v 0.033438 0.144058 0.041598
v 0.034348 0.146528 0.039684
v 0.035713 0.147817 0.037251
v 0.052508 0.147804 0.037308
v 0.054224 0.146514 0.039751
v 0.054480 0.144043 0.041669
v 0.054826 0.160142 -0.001176
v 0.055075 0.156129 0.000704
v 0.054559 0.152178 0.000897
v 0.053747 0.149083 0.000523
v 0.034813 0.149097 0.000459
v 0.034201 0.152193 0.000828
v 0.033107 0.156145 0.000630
v 0.034013 0.160157 -0.001246
v 0.035373 0.163077 -0.003617
v 0.053116 0.163065 -0.003557
v 0.054845 0.147866 -0.014330
v 0.054249 0.144748 -0.010675
v 0.053440 0.141735 -0.007477
v 0.035165 0.141748 -0.007539
v 0.034581 0.144762 -0.010741
v 0.033429 0.147882 -0.014402
v 0.034320 0.149038 -0.019473
v 0.035687 0.149121 -0.022620
v 0.052914 0.149108 -0.022561
v 0.054628 0.149023 -0.019404
v 0.056642 0.130796 -0.018554
v 0.056117 0.130086 -0.012938
v 0.055297 0.128742 -0.009338
v 0.033301 0.128758 -0.009412
v 0.032706 0.130103 -0.013018
v 0.031636 0.130815 -0.018638
v 0.032553 0.128705 -0.024007
v 0.033912 0.126528 -0.025545
v 0.054675 0.126513 -0.025475
v 0.056396 0.128688 -0.023926
v 0.054810 0.160787 0.004427
v 0.055063 0.156007 0.005276
v 0.054550 0.151880 0.004161
v 0.053741 0.149210 0.002873
v 0.034804 0.149223 0.002809
v 0.034187 0.151895 0.004092
v 0.033089 0.156023 0.005201
v 0.033991 0.160802 0.004356
v 0.035349 0.164198 0.002748
v 0.053099 0.164185 0.002808
v 0.054848 0.158364 -0.006567
v 0.055098 0.155381 -0.003616
v 0.054580 0.151867 -0.002097
v 0.053765 0.148509 -0.001627
v 0.034810 0.148523 -0.001692
v 0.034201 0.151882 -0.002167
v 0.033114 0.155397 -0.003690
v 0.034025 0.158379 -0.006638
v 0.035389 0.160659 -0.009626
v 0.053139 0.160646 -0.009566
v 0.054702 0.152646 -0.015841
v 0.054934 0.151130 -0.011341
v 0.054370 0.148155 -0.008191
v 0.053561 0.144816 -0.005854
v 0.035037 0.144829 -0.005917
v 0.034447 0.148169 -0.008258
v 0.033325 0.151145 -0.011414
v 0.034227 0.152661 -0.015910
v 0.035595 0.153429 -0.019267
v 0.052989 0.153416 -0.019208
v 0.054624 0.145032 -0.022055
v 0.054836 0.144154 -0.016548
v 0.054228 0.140879 -0.012371
v 0.053422 0.138302 -0.008481
v 0.035185 0.138315 -0.008543
v 0.034607 0.140893 -0.012438
v 0.033448 0.144169 -0.016621
v 0.034336 0.145046 -0.022124
v 0.035702 0.144465 -0.024973
v 0.052908 0.144452 -0.024915
v 0.040240 0.170678 0.041881
v 0.048154 0.170670 0.041912
v 0.045228 0.175965 0.034364
v 0.041812 0.176721 0.033278
v 0.040367 0.172686 0.039022
v 0.048740 0.172753 0.038947
v 0.052152 0.174543 0.036811
v 0.053234 0.174739 0.034286
v 0.052711 0.170389 0.031486
v 0.035981 0.170388 0.031321
v 0.036014 0.174779 0.034205
v 0.036976 0.174591 0.036779
v 0.042154 0.183292 0.051434
v 0.046349 0.181030 0.051890
v 0.046061 0.189077 0.043205
v 0.043231 0.188800 0.040831
v 0.039282 0.185526 0.048246
v 0.051690 0.184154 0.047462
v 0.048752 0.182858 0.043124
v 0.047600 0.180399 0.046624
v 0.043274 0.179645 0.047688
v 0.040352 0.181269 0.045367
v 0.041777 0.183801 0.041764
v 0.045212 0.184548 0.040708
v 0.051873 0.182564 0.046258
v 0.046428 0.179357 0.050811
v 0.039234 0.180193 0.049605
v 0.037597 0.184081 0.044063
v 0.043169 0.187294 0.039500
v 0.049095 0.186525 0.040609
v 0.049858 0.176931 0.033098
v 0.049579 0.177833 0.030380
v 0.043290 0.171061 0.041343
v 0.041014 0.171893 0.040153
v 0.047616 0.171815 0.040279
v 0.045110 0.171060 0.041349
v 0.047705 0.175198 0.035461
v 0.041792 0.175218 0.035420
v 0.044316 0.175965 0.034361
v 0.040615 0.174265 0.036773
v 0.038293 0.174069 0.037293
v 0.051023 0.174077 0.037290
v 0.048768 0.174274 0.036780
v 0.040660 0.183839 0.050653
v 0.048854 0.181785 0.050820
v 0.047832 0.188529 0.043990
v 0.040707 0.188052 0.041890
v 0.039453 0.186611 0.046702
v 0.051717 0.185676 0.045295
v 0.048725 0.181336 0.045291
v 0.045095 0.179643 0.047694
v 0.040999 0.180476 0.046498
v 0.040600 0.182849 0.043118
v 0.044301 0.184549 0.040705
v 0.047690 0.183782 0.041806
v 0.051900 0.184085 0.044090
v 0.048933 0.180113 0.049741
v 0.041509 0.179361 0.050795
v 0.037349 0.182501 0.046312
v 0.040646 0.186546 0.040559
v 0.046617 0.187292 0.039511
v 0.041607 0.181034 0.051874
v 0.045895 0.183290 0.051447
v 0.046534 0.188798 0.040842
v 0.043664 0.189078 0.043197
v 0.037518 0.184091 0.047518
v 0.049951 0.185711 0.048008
v 0.039331 0.181866 0.050685
v 0.047700 0.183834 0.050676
v 0.049011 0.188032 0.041940
v 0.041833 0.188536 0.043966
v 0.037766 0.185670 0.045269
v 0.049969 0.186671 0.046641
v 0.036460 0.159549 0.036724
v 0.036057 0.164096 0.039694
v 0.052092 0.164087 0.039754
v 0.051982 0.159540 0.036783
v 0.041475 0.173232 0.021247
v 0.043286 0.175986 0.022964
v 0.049318 0.174330 0.021980
v 0.047352 0.171568 0.020282
v 0.038231 0.161258 0.037878
v 0.040308 0.159616 0.036883
v 0.039908 0.164031 0.039578
v 0.038129 0.162392 0.038570
v 0.050129 0.162379 0.038608
v 0.048242 0.164025 0.039606
v 0.048132 0.159611 0.036909
v 0.050101 0.161254 0.037921
v 0.043738 0.174342 0.019709
v 0.043550 0.171571 0.020269
v 0.043674 0.175466 0.020395
v 0.041464 0.174351 0.021941
v 0.047322 0.175463 0.020408
v 0.047422 0.175983 0.022978
v 0.047305 0.174340 0.019721
v 0.049317 0.173215 0.021298
v -0.006322 0.053279 -0.053937
v -0.006436 0.053286 -0.020347
v -0.028109 0.048160 -0.020421
v -0.027994 0.048167 -0.054387
v -0.049342 0.053311 -0.054083
v -0.048985 0.068386 -0.156258
v -0.027597 0.069950 -0.166902
v -0.005965 0.068355 -0.156112
v -0.006749 0.053149 0.071685
v -0.015022 0.045075 0.089615
v -0.028470 0.043473 0.093052
v -0.028417 0.048141 0.070517
v -0.049766 0.053180 0.071539
v -0.049643 0.053305 0.034739
v -0.028296 0.048148 0.034810
v -0.041633 0.045095 0.089524
v -0.006623 0.053274 0.034885
v -0.049456 0.053317 -0.020493
v -0.038286 0.069701 -0.165193
v -0.038669 0.048175 -0.054423
v -0.038784 0.048168 -0.020457
v -0.038971 0.048156 0.034774
v -0.039092 0.048148 0.070481
v -0.034396 0.043843 0.092248
v -0.022411 0.043834 0.092290
v -0.017582 0.048133 0.070554
v -0.017461 0.048140 0.034847
v -0.017274 0.048152 -0.020385
v -0.017159 0.048160 -0.054350
v -0.016600 0.069639 -0.164805
v -0.006439 0.048144 -0.020348
v -0.027598 0.064864 -0.167652
v -0.028467 0.038798 0.090912
v -0.049647 0.048164 0.034738
v -0.049460 0.048176 -0.020494
v -0.049344 0.048183 -0.054459
v -0.049768 0.048156 0.070444
v -0.038287 0.064614 -0.165943
v -0.034394 0.039167 0.090109
v -0.006748 0.048125 0.070590
v -0.006627 0.048133 0.034884
v -0.006324 0.048152 -0.054313
v -0.016602 0.064552 -0.165555
v -0.022404 0.039159 0.090151
v -0.048986 0.063300 -0.157008
v -0.015015 0.040399 0.087477
v -0.041632 0.040419 0.087386
v -0.005966 0.063268 -0.156862
v 0.061068 0.132856 -0.636242
v 0.049459 0.176304 -0.636225
v 0.017682 0.208127 -0.636291
v -0.025749 0.219799 -0.636423
v -0.069197 0.208190 -0.636586
v -0.101019 0.176413 -0.636735
v -0.112690 0.132982 -0.636831
v -0.101082 0.089534 -0.636848
v -0.069305 0.057711 -0.636781
v -0.025874 0.046040 -0.636649
v 0.017574 0.057648 -0.636487
v 0.049397 0.089425 -0.636338
v 0.024206 0.132126 -0.053823
v 0.017259 0.158127 -0.053813
v -0.001758 0.177171 -0.053853
v -0.027749 0.184156 -0.053932
v -0.053750 0.177209 -0.054029
v -0.072794 0.158192 -0.054118
v -0.079779 0.132201 -0.054175
v -0.072832 0.106200 -0.054186
v -0.053815 0.087155 -0.054146
v -0.027824 0.080171 -0.054067
v -0.001823 0.087117 -0.053970
v 0.017222 0.106134 -0.053880
v -0.078444 0.132712 -0.447923
v -0.071459 0.158703 -0.447866
v -0.052415 0.177720 -0.447777
v -0.026414 0.184667 -0.447679
v -0.000423 0.177682 -0.447600
v 0.018594 0.158638 -0.447560
v 0.025541 0.132636 -0.447571
v 0.018557 0.106645 -0.447628
v -0.000488 0.087628 -0.447717
v -0.026489 0.080682 -0.447815
v -0.052480 0.087666 -0.447894
v -0.071497 0.106710 -0.447933
v -0.078577 0.163171 -0.555820
v -0.056367 0.185350 -0.555716
v -0.026042 0.193452 -0.555603
v 0.004271 0.185306 -0.555511
v 0.026450 0.163095 -0.555464
v 0.034552 0.132770 -0.555476
v 0.026406 0.102457 -0.555543
v 0.004196 0.080278 -0.555647
v -0.026129 0.072176 -0.555761
v -0.056442 0.080322 -0.555853
v -0.078621 0.102533 -0.555899
v -0.086723 0.132858 -0.555887
v -0.088489 0.169036 -0.596596
v -0.062026 0.195461 -0.596472
v -0.025895 0.205114 -0.596337
v 0.010221 0.195409 -0.596227
v 0.036646 0.168945 -0.596172
v 0.046300 0.132815 -0.596186
v 0.036594 0.096698 -0.596266
v 0.010131 0.070273 -0.596390
v -0.025999 0.060620 -0.596525
v -0.062116 0.070325 -0.596635
v -0.088541 0.096789 -0.596690
v -0.098194 0.132919 -0.596676
v -0.072034 0.159169 -0.488894
v -0.052688 0.178487 -0.488803
v -0.026274 0.185544 -0.488704
v 0.000129 0.178449 -0.488624
v 0.019447 0.159103 -0.488584
v 0.026505 0.132689 -0.488594
v 0.019409 0.106285 -0.488652
v 0.000063 0.086967 -0.488743
v -0.026351 0.079910 -0.488842
v -0.052754 0.087005 -0.488922
v -0.072073 0.106352 -0.488962
v -0.079130 0.132765 -0.488952
v -0.074866 0.160917 -0.522571
v -0.054273 0.181480 -0.522475
v -0.026158 0.188992 -0.522370
v 0.001947 0.181439 -0.522284
v 0.022510 0.160846 -0.522241
v 0.030022 0.132730 -0.522252
v 0.022470 0.104625 -0.522314
v 0.001877 0.084062 -0.522411
v -0.026239 0.076551 -0.522516
v -0.054343 0.084103 -0.522601
v -0.074907 0.104696 -0.522644
v -0.082418 0.132812 -0.522633
v -0.040099 0.184327 -0.488753
v -0.040873 0.187696 -0.522421
v -0.041913 0.192055 -0.555659
v -0.044805 0.203449 -0.596403
v -0.048488 0.217796 -0.636503
v -0.012380 0.183899 -0.488659
v -0.011368 0.187241 -0.522322
v -0.010090 0.191564 -0.555551
v -0.006890 0.202864 -0.596275
v -0.002894 0.217093 -0.636349
v 0.011364 0.170131 -0.488597
v 0.013906 0.172585 -0.522255
v 0.017170 0.175757 -0.555479
v 0.025589 0.184031 -0.596190
v 0.036163 0.194446 -0.636246
v -0.063911 0.170132 -0.488852
v -0.066219 0.172586 -0.522527
v -0.069251 0.175757 -0.555772
v -0.077377 0.184032 -0.596539
v -0.087656 0.194446 -0.636666
v 0.025011 0.146276 -0.488581
v 0.028432 0.147193 -0.522239
v 0.032838 0.148370 -0.555462
v 0.044257 0.151401 -0.596169
v 0.058611 0.155207 -0.636221
v 0.024911 0.118799 -0.488617
v 0.028326 0.117946 -0.522277
v 0.032723 0.116824 -0.555503
v 0.044120 0.113816 -0.596218
v 0.058447 0.110009 -0.636280
v 0.011085 0.095053 -0.488695
v 0.013609 0.092670 -0.522360
v 0.016849 0.089562 -0.555592
v 0.025207 0.081335 -0.596324
v 0.035703 0.070950 -0.636408
v -0.012762 0.081402 -0.488794
v -0.011775 0.078139 -0.522465
v -0.010529 0.073890 -0.555705
v -0.007412 0.062661 -0.596459
v -0.003522 0.048495 -0.636570
v -0.040240 0.081503 -0.488887
v -0.041023 0.078247 -0.522564
v -0.042075 0.074006 -0.555812
v -0.044998 0.062800 -0.596586
v -0.048721 0.048661 -0.636723
v -0.063986 0.095330 -0.488949
v -0.066299 0.092964 -0.522630
v -0.069337 0.089880 -0.555884
v -0.077479 0.081713 -0.596672
v -0.087780 0.071404 -0.636826
v -0.077637 0.119177 -0.488965
v -0.080830 0.118348 -0.522647
v -0.085010 0.117258 -0.555902
v -0.096153 0.114332 -0.596693
v -0.110235 0.110631 -0.636851
v -0.077268 0.146423 -0.488928
v -0.080436 0.147350 -0.522608
v -0.084585 0.148538 -0.555860
v -0.095647 0.151601 -0.596643
v -0.109627 0.155448 -0.636791
v 0.036645 0.132914 -0.637109
v 0.028277 0.164149 -0.637097
v 0.005462 0.186982 -0.637145
v -0.026105 0.195377 -0.637240
v -0.056702 0.187202 -0.637355
v -0.079747 0.164407 -0.637463
v -0.088264 0.132672 -0.637533
v -0.079898 0.101697 -0.637545
v -0.057040 0.078836 -0.637497
v -0.025813 0.070466 -0.637402
v 0.005414 0.078831 -0.637285
v 0.028276 0.101689 -0.637178
v -0.001794 0.132144 -0.053911
v -0.005267 0.145143 -0.053906
v -0.014774 0.154664 -0.053926
v -0.027768 0.158156 -0.053965
v -0.040767 0.154683 -0.054014
v -0.050287 0.145176 -0.054059
v -0.053779 0.132182 -0.054087
v -0.050306 0.119183 -0.054092
v -0.040799 0.109662 -0.054072
v -0.027805 0.106171 -0.054033
v -0.014806 0.109644 -0.053984
v -0.005286 0.119151 -0.053940
v -0.052453 0.132662 -0.448594
v -0.048946 0.145717 -0.448559
v -0.039403 0.155225 -0.448596
v -0.026467 0.158681 -0.448548
v -0.013426 0.155184 -0.448468
v -0.003919 0.145662 -0.448454
v -0.000444 0.132657 -0.448458
v -0.003937 0.119657 -0.448487
v -0.013462 0.110145 -0.448532
v -0.026467 0.106670 -0.448580
v -0.039467 0.110163 -0.448620
v -0.048979 0.119689 -0.448640
v -0.056393 0.150674 -0.561079
v -0.043324 0.163491 -0.561013
v -0.026407 0.168011 -0.560950
v -0.008447 0.163279 -0.560898
v 0.004393 0.150437 -0.560871
v 0.009120 0.132838 -0.560878
v 0.004415 0.115243 -0.560917
v -0.008458 0.102357 -0.560977
v -0.026049 0.097634 -0.561043
v -0.043645 0.102339 -0.561096
v -0.056531 0.115212 -0.561123
v -0.061257 0.132531 -0.561119
v -0.066928 0.156898 -0.604583
v -0.049345 0.174229 -0.604497
v -0.026240 0.180402 -0.604410
v -0.002124 0.174013 -0.604339
v 0.015228 0.156652 -0.604303
v 0.021602 0.132884 -0.604312
v 0.015239 0.109123 -0.604364
v -0.002152 0.091726 -0.604446
v -0.025912 0.085355 -0.604535
v -0.049674 0.091718 -0.604607
v -0.067072 0.109110 -0.604643
v -0.073445 0.132606 -0.604636
v -0.049426 0.146420 -0.490408
v -0.039402 0.156193 -0.490361
v -0.026659 0.159597 -0.490313
v -0.012853 0.155982 -0.490272
v -0.003058 0.146190 -0.490251
v 0.000558 0.132753 -0.490256
v -0.003029 0.119318 -0.490286
v -0.012853 0.109476 -0.490332
v -0.026282 0.105864 -0.490382
v -0.039718 0.109451 -0.490423
v -0.049561 0.119275 -0.490444
v -0.053174 0.132428 -0.490439
v -0.052365 0.148232 -0.525535
v -0.041049 0.159297 -0.525482
v -0.026535 0.163175 -0.525428
v -0.010965 0.159086 -0.525381
v 0.000122 0.147999 -0.525357
v 0.004209 0.132796 -0.525363
v 0.000148 0.117596 -0.525397
v -0.010971 0.106461 -0.525449
v -0.026166 0.102378 -0.525506
v -0.041367 0.106440 -0.525552
v -0.052501 0.117558 -0.525575
v -0.056587 0.132478 -0.525570
v -0.033397 0.159267 -0.490508
v -0.034198 0.162755 -0.525490
v -0.035329 0.167488 -0.561055
v -0.038403 0.179602 -0.604547
v -0.042189 0.194231 -0.637385
v -0.019153 0.158859 -0.490424
v -0.018105 0.162320 -0.525414
v -0.016720 0.167010 -0.560950
v -0.013320 0.179020 -0.604407
v -0.009271 0.193529 -0.637219
v -0.007018 0.151833 -0.490398
v -0.004386 0.154375 -0.525381
v -0.000846 0.157816 -0.560915
v 0.008102 0.166611 -0.604358
v 0.018863 0.177228 -0.637153
v -0.045540 0.151809 -0.490523
v -0.047929 0.154351 -0.525526
v -0.051220 0.157792 -0.561079
v -0.059855 0.166587 -0.604581
v -0.070371 0.177205 -0.637447
v -0.000058 0.139624 -0.490389
v 0.003485 0.140575 -0.525372
v 0.008264 0.141851 -0.560904
v 0.020400 0.145073 -0.604343
v 0.035019 0.148948 -0.637133
v -0.000126 0.125577 -0.490407
v 0.003411 0.124693 -0.525393
v 0.008181 0.123476 -0.560928
v 0.020294 0.120280 -0.604376
v 0.034886 0.116386 -0.637176
v -0.007210 0.113445 -0.490447
v -0.004596 0.110977 -0.525438
v -0.001081 0.107604 -0.560980
v 0.007804 0.098860 -0.604446
v 0.018488 0.088254 -0.637268
v -0.019411 0.106480 -0.490498
v -0.018387 0.103101 -0.525494
v -0.017037 0.098489 -0.561046
v -0.013723 0.086556 -0.604535
v -0.009780 0.072090 -0.637385
v -0.033459 0.106549 -0.490545
v -0.034269 0.103176 -0.525548
v -0.035413 0.098573 -0.561108
v -0.038518 0.086663 -0.604619
v -0.042342 0.072225 -0.637495
v -0.045591 0.113633 -0.490577
v -0.047986 0.111183 -0.525584
v -0.051284 0.107834 -0.561150
v -0.059937 0.099154 -0.604676
v -0.070474 0.088624 -0.637569
v -0.052556 0.125834 -0.490585
v -0.055862 0.124975 -0.525593
v -0.060399 0.123791 -0.561160
v -0.072241 0.120681 -0.604689
v -0.086638 0.116891 -0.637588
v -0.052206 0.139691 -0.490535
v -0.055487 0.140651 -0.525553
v -0.059989 0.141939 -0.561099
v -0.071741 0.145194 -0.604608
v -0.086034 0.149109 -0.637496
v 0.048399 0.152497 -0.640622
v 0.050488 0.132889 -0.640625
v 0.048247 0.112777 -0.640674
v 0.040250 0.094752 -0.640710
v 0.028253 0.078455 -0.640786
v 0.012315 0.066843 -0.640841
v -0.006223 0.058727 -0.640929
v -0.025831 0.056640 -0.640983
v -0.045944 0.058881 -0.641063
v -0.063969 0.066878 -0.641099
v -0.080266 0.078875 -0.641154
v -0.091878 0.094813 -0.641158
v -0.099993 0.113352 -0.641176
v -0.102082 0.132834 -0.641142
v -0.099378 0.152703 -0.641105
v -0.091771 0.171224 -0.641058
v -0.080151 0.186975 -0.641010
v -0.063744 0.199103 -0.640926
v -0.045746 0.207595 -0.640888
v -0.025911 0.209211 -0.640785
v -0.005643 0.206882 -0.640732
v 0.012395 0.198960 -0.640669
v 0.028679 0.186986 -0.640644
v 0.040283 0.171040 -0.640611
v 0.025485 0.102126 -0.161985
v 0.024710 0.090418 0.064262
v 0.025496 0.120863 -0.161120
v 0.024728 0.115088 0.064165
v 0.028563 0.102124 -0.161975
v 0.027788 0.090415 0.064272
v 0.028574 0.120861 -0.161109
v 0.027806 0.115086 0.064175
v 0.024706 0.103045 0.068190
v 0.025506 0.110790 -0.166119
v 0.028584 0.110788 -0.166108
v 0.027784 0.103043 0.068201
v 0.027942 0.107835 0.022435
v 0.027930 0.091047 0.022413
v 0.024853 0.091049 0.022402
v 0.024878 0.126034 0.022423
v 0.027956 0.126031 0.022433
v 0.027855 0.103070 0.047283
v 0.027843 0.086433 0.047261
v 0.024765 0.086435 0.047251
v 0.024793 0.124074 0.046897
v 0.027871 0.124071 0.046908
v 0.028499 0.111565 -0.140929
v 0.028469 0.098599 -0.134899
v 0.025391 0.098601 -0.134910
v 0.025405 0.125816 -0.133138
v 0.028483 0.125814 -0.133127
v 0.028532 0.124977 -0.147736
v 0.028562 0.111589 -0.159677
v 0.028532 0.097612 -0.153769
v 0.025454 0.097614 -0.153779
v 0.025454 0.124979 -0.147747
v 0.027687 0.102712 0.059539
v 0.027811 0.086466 0.056748
v 0.024733 0.086469 0.056737
v 0.024759 0.121303 0.056608
v 0.027836 0.121300 0.056618
v 0.025478 0.124112 -0.155030
v 0.025471 0.098977 -0.158295
v 0.028549 0.098975 -0.158284
v 0.028555 0.111189 -0.163460
v 0.028556 0.124110 -0.155019
v 0.030446 0.111233 -0.136612
v 0.030445 0.116436 -0.135210
v 0.030435 0.120241 -0.131395
v 0.030418 0.121629 -0.126189
v 0.030400 0.120228 -0.120986
v 0.030384 0.116413 -0.117181
v 0.030375 0.111206 -0.115793
v 0.030376 0.106003 -0.117194
v 0.030387 0.102198 -0.121009
v 0.030403 0.100810 -0.126216
v 0.030422 0.102211 -0.131419
v 0.030438 0.106026 -0.135224
v 0.060758 0.111211 -0.136509
v 0.060757 0.116414 -0.135108
v 0.060747 0.120219 -0.131293
v 0.060731 0.121607 -0.126086
v 0.060712 0.120206 -0.120883
v 0.060696 0.116391 -0.117078
v 0.060688 0.111184 -0.115690
v 0.060689 0.105981 -0.117091
v 0.060699 0.102176 -0.120906
v 0.060716 0.100788 -0.126113
v 0.060734 0.102189 -0.131316
v 0.060750 0.106004 -0.135121
v 0.060749 0.111208 -0.133838
v 0.060749 0.115075 -0.132796
v 0.060741 0.117904 -0.129960
v 0.060729 0.118936 -0.126090
v 0.060715 0.117894 -0.122222
v 0.060703 0.115058 -0.119393
v 0.060697 0.111188 -0.118361
v 0.060698 0.107320 -0.119403
v 0.060705 0.104491 -0.122239
v 0.060717 0.103459 -0.126110
v 0.060731 0.104501 -0.129977
v 0.060743 0.107337 -0.132806
v 0.063702 0.111205 -0.133828
v 0.063701 0.115073 -0.132786
v 0.063693 0.117902 -0.129950
v 0.063681 0.118934 -0.126079
v 0.063667 0.117892 -0.122212
v 0.063655 0.115056 -0.119383
v 0.063649 0.111185 -0.118351
v 0.063650 0.107318 -0.119393
v 0.063657 0.104489 -0.122229
v 0.063670 0.103457 -0.126100
v 0.063684 0.104499 -0.129967
v 0.063695 0.107335 -0.132796
v 0.054428 0.129704 -0.114254
v 0.036246 0.129717 -0.114316
v 0.024592 0.133386 -0.059046
v 0.065712 0.133356 -0.058906
v 0.024595 0.165383 -0.053124
v 0.066095 0.165800 -0.052553
v 0.054960 0.127973 -0.112820
v 0.036238 0.127572 -0.112540
v 0.024585 0.131240 -0.057270
v 0.066244 0.131625 -0.057472
v 0.024589 0.165762 -0.051128
v 0.066247 0.165731 -0.050987
v 0.054452 0.117831 -0.123810
v 0.036270 0.117844 -0.123871
v 0.054984 0.116100 -0.122376
v 0.036262 0.115699 -0.122096
v 0.066413 0.132429 -0.107186
v 0.024757 0.132873 -0.107670
v 0.024749 0.130728 -0.105895
v 0.065869 0.130698 -0.105755
v 0.060154 0.132205 -0.111338
v 0.030504 0.132227 -0.111438
v 0.030496 0.130081 -0.109663
v 0.060687 0.130474 -0.109904
v 0.053867 0.123907 -0.118415
v 0.037366 0.124334 -0.118814
v 0.037359 0.122189 -0.117038
v 0.053323 0.122177 -0.116984
v 0.066247 0.147995 -0.054877
v 0.065715 0.149035 -0.056334
v 0.024595 0.149065 -0.056474
v 0.024588 0.147713 -0.054580
v 0.065704 0.162245 -0.050350
v 0.066248 0.162696 -0.051837
v 0.024591 0.162883 -0.052494
v 0.024584 0.162274 -0.050489
v 0.054965 0.129289 -0.113909
v 0.066249 0.132941 -0.058561
v 0.066251 0.165960 -0.051963
v 0.054420 0.127558 -0.112479
v 0.065705 0.131211 -0.057131
v 0.065706 0.165071 -0.050446
v 0.054989 0.117416 -0.123465
v 0.054444 0.115686 -0.122034
v 0.065877 0.132844 -0.107531
v 0.066409 0.131113 -0.106097
v 0.060691 0.131790 -0.110993
v 0.060147 0.130060 -0.109562
v 0.053330 0.124322 -0.118760
v 0.053863 0.122591 -0.117326
v 0.065707 0.147683 -0.054441
v 0.066251 0.148722 -0.055894
v 0.066244 0.162401 -0.050863
v 0.065711 0.162853 -0.052354
v 0.024594 0.165794 -0.052540
v 0.065715 0.165353 -0.052985
v 0.024587 0.165101 -0.050586
v 0.066089 0.165695 -0.050834
v 0.065711 0.155971 -0.053866
v 0.024592 0.156000 -0.054005
v 0.024585 0.154982 -0.052310
v 0.065705 0.154952 -0.052170
v 0.066245 0.155188 -0.052650
v 0.066249 0.155697 -0.053638
v 0.065715 0.143762 -0.057656
v 0.024596 0.143791 -0.057795
v 0.024588 0.142185 -0.055940
v 0.065708 0.142155 -0.055800
v 0.066248 0.142501 -0.056206
v 0.066252 0.143416 -0.057247
v 0.066243 0.132402 -0.057013
v 0.066248 0.133670 -0.058096
v 0.065711 0.134077 -0.058449
v 0.024591 0.134107 -0.058588
v 0.024584 0.132025 -0.056803
v 0.065704 0.131995 -0.056664
v 0.066249 0.131051 -0.058899
v 0.066253 0.132367 -0.059988
v 0.065717 0.132782 -0.060333
v 0.024597 0.132812 -0.060472
v 0.024589 0.130667 -0.058697
v 0.065709 0.130637 -0.058558
v -0.080230 0.102203 -0.162343
v -0.081005 0.090494 0.063904
v -0.080219 0.120939 -0.161478
v -0.080987 0.115165 0.063806
v -0.083307 0.102205 -0.162354
v -0.084083 0.090497 0.063893
v -0.083297 0.120942 -0.161489
v -0.084065 0.115167 0.063796
v -0.081009 0.103122 0.067832
v -0.080209 0.110867 -0.166477
v -0.083287 0.110869 -0.166488
v -0.084087 0.103124 0.067821
v -0.083928 0.107916 0.022055
v -0.083940 0.091128 0.022034
v -0.080863 0.091126 0.022044
v -0.080837 0.126110 0.022065
v -0.083915 0.126113 0.022054
v -0.084016 0.103151 0.046904
v -0.084028 0.086514 0.046882
v -0.080950 0.086512 0.046892
v -0.080922 0.124150 0.046539
v -0.084000 0.124153 0.046529
v -0.083372 0.111646 -0.141308
v -0.083402 0.098680 -0.135278
v -0.080324 0.098677 -0.135268
v -0.080310 0.125892 -0.133496
v -0.083388 0.125895 -0.133507
v -0.083339 0.125058 -0.148116
v -0.083308 0.111670 -0.160056
v -0.083338 0.097693 -0.154148
v -0.080261 0.097691 -0.154137
v -0.080261 0.125056 -0.148105
v -0.083932 0.102793 0.059160
v -0.084060 0.086548 0.056368
v -0.080982 0.086545 0.056379
v -0.080957 0.121379 0.056249
v -0.084034 0.121382 0.056239
v -0.080237 0.124189 -0.155388
v -0.080244 0.099054 -0.158653
v -0.083322 0.099056 -0.158663
v -0.083276 0.111270 -0.163839
v -0.083315 0.124191 -0.155398
v 0.043013 0.104205 -0.063980
v 0.038602 0.102306 -0.089960
v 0.065385 0.127830 -0.055590
v 0.061746 0.127518 -0.106832
v 0.024872 0.104794 -0.061088
v 0.024968 0.102316 -0.090006
v 0.024869 0.129795 -0.054961
v 0.025044 0.127545 -0.106956
v 0.039978 0.104783 -0.061036
v 0.038516 0.102273 -0.064591
v 0.040024 0.104628 -0.093934
v 0.043104 0.104240 -0.090824
v 0.064551 0.129766 -0.054827
v 0.061254 0.127250 -0.053057
v 0.064722 0.129832 -0.105470
v 0.065550 0.127893 -0.104152
v 0.024882 0.102283 -0.064638
v 0.024983 0.104639 -0.093985
v 0.024861 0.127277 -0.053180
v 0.025041 0.129861 -0.105604
v 0.064622 0.131772 -0.051843
v 0.024941 0.131800 -0.051978
v 0.024933 0.129282 -0.050197
v 0.061325 0.129256 -0.050073
v 0.065457 0.129836 -0.052606
v -0.028299 0.049169 0.079335
v -0.032105 0.048699 0.079931
v -0.034896 0.047408 0.081583
v -0.035924 0.045642 0.083850
v -0.034914 0.043875 0.086123
v -0.032136 0.042580 0.087795
v -0.028334 0.042104 0.088416
v -0.024528 0.042574 0.087820
v -0.021737 0.043865 0.086168
v -0.020709 0.045631 0.083901
v -0.021719 0.047398 0.081628
v -0.024497 0.048693 0.079957
v -0.028287 0.042944 0.074491
v -0.032093 0.042505 0.075111
v -0.034884 0.041301 0.076831
v -0.035913 0.039653 0.079190
v -0.034903 0.038005 0.081556
v -0.032125 0.036796 0.083295
v -0.028323 0.036352 0.083941
v -0.024517 0.036791 0.083320
v -0.021726 0.037995 0.081601
v -0.020697 0.039642 0.079242
v -0.021707 0.041291 0.076876
v -0.024485 0.042499 0.075137
v -0.028284 0.036368 0.072238
v -0.034499 0.035983 0.072636
v -0.039053 0.034925 0.073766
v -0.040724 0.033475 0.075325
v -0.039066 0.032024 0.076895
v -0.034521 0.030958 0.078055
v -0.028309 0.030565 0.078496
v -0.022093 0.030949 0.078097
v -0.017540 0.032008 0.076968
v -0.015869 0.033457 0.075409
v -0.017527 0.034909 0.073839
v -0.022071 0.035974 0.072678
v -0.028277 0.029555 0.068768
v -0.034179 0.029191 0.069144
v -0.038502 0.028186 0.070209
v -0.040089 0.026810 0.071680
v -0.038514 0.025431 0.073160
v -0.034200 0.024420 0.074255
v -0.028301 0.024047 0.074671
v -0.022399 0.024412 0.074295
v -0.018076 0.025417 0.073230
v -0.016489 0.026793 0.071759
v -0.018064 0.028171 0.070279
v -0.022378 0.029182 0.069184
v -0.028268 0.022209 0.064673
v -0.034170 0.021832 0.065054
v -0.038494 0.020793 0.066135
v -0.040081 0.019370 0.067626
v -0.038506 0.017945 0.069128
v -0.034191 0.016900 0.070238
v -0.028293 0.016514 0.070659
v -0.022391 0.016892 0.070278
v -0.018067 0.017931 0.069197
v -0.016480 0.019353 0.067706
v -0.018055 0.020778 0.066204
v -0.022370 0.021823 0.065094
v -0.028699 0.013946 0.059540
v -0.034122 0.013536 0.059931
v -0.038094 0.012409 0.061036
v -0.039553 0.010865 0.062559
v -0.037318 0.009320 0.064095
v -0.033710 0.008068 0.065465
v -0.028724 0.007769 0.065653
v -0.023302 0.008179 0.065262
v -0.019329 0.009307 0.064156
v -0.017871 0.010850 0.062633
v -0.019317 0.012395 0.061100
v -0.023280 0.013528 0.059968
v -0.028708 0.004376 0.053494
v -0.034683 0.003928 0.053796
v -0.039059 0.002695 0.054664
v -0.040665 0.001007 0.055864
v -0.039070 -0.000684 0.057075
v -0.034701 -0.001924 0.057972
v -0.028730 -0.002381 0.058315
v -0.022755 -0.001932 0.058013
v -0.018379 -0.000699 0.057145
v -0.016773 0.000989 0.055945
v -0.018368 0.002680 0.054734
v -0.022737 0.003919 0.053837
v -0.028683 -0.008562 0.043301
v -0.035305 -0.008818 0.043771
v -0.040155 -0.009527 0.045102
v -0.041936 -0.010498 0.046937
v -0.040169 -0.011472 0.048783
v -0.035329 -0.012188 0.050146
v -0.028711 -0.012453 0.050662
v -0.022089 -0.012198 0.050191
v -0.017238 -0.011489 0.048861
v -0.015458 -0.010517 0.047026
v -0.017225 -0.009543 0.045180
v -0.022065 -0.008828 0.043816
v -0.028186 -0.013739 0.032611
v -0.035947 -0.014063 0.032838
v -0.041630 -0.014959 0.033512
v -0.043714 -0.016188 0.034452
v -0.041639 -0.017420 0.035406
v -0.035961 -0.018325 0.036118
v -0.028202 -0.018660 0.036398
v -0.020441 -0.018336 0.036171
v -0.014758 -0.017440 0.035497
v -0.012674 -0.016211 0.034557
v -0.014749 -0.014979 0.033603
v -0.020427 -0.014074 0.032891
v -0.028137 -0.016398 0.017578
v -0.035897 -0.016885 0.017684
v -0.041580 -0.018227 0.018025
v -0.043663 -0.020063 0.018510
v -0.041586 -0.021903 0.019009
v -0.035908 -0.023253 0.019388
v -0.028149 -0.023751 0.019546
v -0.020388 -0.023264 0.019441
v -0.014705 -0.021922 0.019100
v -0.012623 -0.020086 0.018615
v -0.014699 -0.018246 0.018116
v -0.020378 -0.016896 0.017736
v -0.028080 -0.018333 0.000446
v -0.035840 -0.018810 0.000453
v -0.041522 -0.020124 0.000523
v -0.043603 -0.021923 0.000639
v -0.041526 -0.023724 0.000769
v -0.035846 -0.025046 0.000878
v -0.028087 -0.025534 0.000937
v -0.020327 -0.025058 0.000930
v -0.014645 -0.023744 0.000860
v -0.012564 -0.021945 0.000744
v -0.014641 -0.020143 0.000614
v -0.020321 -0.018821 0.000505
v -0.028020 -0.016756 -0.017054
v -0.035229 -0.017243 -0.017148
v -0.040507 -0.018584 -0.017354
v -0.042439 -0.020419 -0.017618
v -0.040508 -0.022257 -0.017870
v -0.035230 -0.023605 -0.018041
v -0.028021 -0.024102 -0.018085
v -0.020812 -0.023616 -0.017992
v -0.015534 -0.022275 -0.017785
v -0.013602 -0.020440 -0.017521
v -0.015533 -0.018602 -0.017269
v -0.020811 -0.017254 -0.017099
v -0.027964 -0.015076 -0.033213
v -0.034661 -0.015550 -0.033433
v -0.039563 -0.016854 -0.033990
v -0.041356 -0.018640 -0.034735
v -0.039560 -0.020427 -0.035467
v -0.034656 -0.021739 -0.035991
v -0.027959 -0.022222 -0.036166
v -0.021262 -0.021749 -0.035945
v -0.016360 -0.020444 -0.035388
v -0.014567 -0.018659 -0.034644
v -0.016362 -0.016871 -0.033912
v -0.021266 -0.015560 -0.033388
v -0.027917 -0.011959 -0.046255
v -0.033783 -0.012389 -0.046660
v -0.038075 -0.013571 -0.047727
v -0.039644 -0.015190 -0.049170
v -0.038068 -0.016810 -0.050602
v -0.033770 -0.017999 -0.051640
v -0.027902 -0.018437 -0.052005
v -0.022036 -0.018007 -0.051600
v -0.017744 -0.016825 -0.050533
v -0.016176 -0.015207 -0.049090
v -0.017752 -0.013586 -0.047658
v -0.022049 -0.012398 -0.046620
v -0.027870 -0.001389 -0.057942
v -0.032329 -0.001899 -0.058302
v -0.035591 -0.003299 -0.059257
v -0.036783 -0.005213 -0.060550
v -0.035585 -0.007129 -0.061834
v -0.032318 -0.008533 -0.062767
v -0.027858 -0.009049 -0.063097
v -0.023399 -0.008539 -0.062737
v -0.020137 -0.007140 -0.061782
v -0.018945 -0.005226 -0.060489
v -0.020143 -0.003310 -0.059204
v -0.023410 -0.001905 -0.058272
v -0.027855 0.006448 -0.060626
v -0.032313 0.006160 -0.061063
v -0.035575 0.005366 -0.062225
v -0.036765 0.004279 -0.063801
v -0.035566 0.003191 -0.065369
v -0.032298 0.002392 -0.066509
v -0.027837 0.002097 -0.066916
v -0.023379 0.002385 -0.066479
v -0.020117 0.003179 -0.065317
v -0.018927 0.004266 -0.063741
v -0.020126 0.005355 -0.062173
v -0.023394 0.006154 -0.061033
v -0.027844 0.014075 -0.062273
v -0.032373 0.014000 -0.062751
v -0.035686 0.013788 -0.064026
v -0.036895 0.013496 -0.065757
v -0.035675 0.013202 -0.067480
v -0.032354 0.012985 -0.068732
v -0.027821 0.012903 -0.069180
v -0.023292 0.012979 -0.068702
v -0.019979 0.013191 -0.067426
v -0.018771 0.013483 -0.065696
v -0.019990 0.013777 -0.063973
v -0.023311 0.013993 -0.062720
v -0.027839 0.021639 -0.062124
v -0.032368 0.021737 -0.062599
v -0.035681 0.021998 -0.063865
v -0.036889 0.022352 -0.065583
v -0.035669 0.022705 -0.067292
v -0.032347 0.022961 -0.068536
v -0.027815 0.023052 -0.068980
v -0.023285 0.022954 -0.068505
v -0.019973 0.022693 -0.067239
v -0.018765 0.022339 -0.065521
v -0.019985 0.021987 -0.063811
v -0.023306 0.021731 -0.062568
v -0.027837 0.029296 -0.061125
v -0.032366 0.029496 -0.061586
v -0.035679 0.030034 -0.062816
v -0.036887 0.030766 -0.064484
v -0.035666 0.031497 -0.066144
v -0.032345 0.032031 -0.067352
v -0.027812 0.032224 -0.067782
v -0.023283 0.032024 -0.067321
v -0.019970 0.031486 -0.066091
v -0.018762 0.030753 -0.064423
v -0.019983 0.030022 -0.062762
v -0.023304 0.029489 -0.061555
v -0.027836 0.036989 -0.059693
v -0.032365 0.037214 -0.060150
v -0.035678 0.037824 -0.061366
v -0.036886 0.038655 -0.063016
v -0.035666 0.039485 -0.064658
v -0.032344 0.040090 -0.065852
v -0.027811 0.040309 -0.066278
v -0.023282 0.040083 -0.065821
v -0.019970 0.039473 -0.064605
v -0.018762 0.038642 -0.062955
v -0.019982 0.037813 -0.061313
v -0.023303 0.037208 -0.060119
v -0.027835 0.044726 -0.058331
v -0.032364 0.044891 -0.058798
v -0.035677 0.045334 -0.060044
v -0.036885 0.045936 -0.061734
v -0.035665 0.046537 -0.063417
v -0.032343 0.046975 -0.064640
v -0.027811 0.047133 -0.065076
v -0.023281 0.046968 -0.064609
v -0.019969 0.046526 -0.063363
v -0.018761 0.045923 -0.061673
v -0.019981 0.045322 -0.059991
v -0.023302 0.044884 -0.058767
v -0.027832 0.051744 -0.057754
v -0.032361 0.051851 -0.058226
v -0.035674 0.052137 -0.059485
v -0.036882 0.052526 -0.061193
v -0.035662 0.052912 -0.062893
v -0.032340 0.053194 -0.064129
v -0.027808 0.053294 -0.064570
v -0.023278 0.053187 -0.064098
v -0.019966 0.052901 -0.062840
v -0.018758 0.052513 -0.061132
v -0.019978 0.052126 -0.059432
v -0.023299 0.051844 -0.058196
v -0.024063 -0.003575 0.008703
v -0.024067 0.001458 0.011058
v -0.023979 0.047912 -0.004913
v -0.023997 0.048870 0.000560
v -0.032933 -0.003569 0.008673
v -0.032938 0.001464 0.011028
v -0.032850 0.047919 -0.004944
v -0.032868 0.048876 0.000530
v -0.032913 0.001291 0.003829
v -0.032928 0.004063 0.008645
v -0.024057 0.004056 0.008675
v -0.024043 0.001284 0.003859
v -0.027034 -0.001406 0.013386
v -0.029991 -0.001404 0.013376
v -0.029986 -0.007399 0.010571
v -0.027029 -0.007401 0.010581
v -0.026952 0.050307 0.000342
v -0.029909 0.050309 0.000332
v -0.026931 0.049166 -0.006177
v -0.029888 0.049168 -0.006187
v -0.027022 0.001689 0.010548
v -0.029979 0.001691 0.010538
v -0.027005 -0.001613 0.004812
v -0.029962 -0.001611 0.004802
v -0.032890 0.011466 -0.000837
v -0.032908 0.012424 0.004636
v -0.029955 0.010308 0.005400
v -0.026999 0.010306 0.005410
v -0.024038 0.012418 0.004666
v -0.024020 0.011460 -0.000807
v -0.026977 0.009165 -0.001109
v -0.029934 0.009167 -0.001119
v -0.026976 0.039838 0.005057
v -0.029933 0.039840 0.005047
v -0.036330 0.042453 0.001596
v -0.036312 0.041495 -0.003878
v -0.029897 0.042254 -0.004977
v -0.026940 0.042252 -0.004967
v -0.020728 0.041484 -0.003825
v -0.020745 0.042441 0.001648
v -0.026959 0.054548 0.003134
v -0.029916 0.054550 0.003123
v -0.029940 0.053929 0.010115
v -0.026983 0.053927 0.010125
v -0.029940 0.051428 0.009686
v -0.029917 0.052896 0.003047
v -0.026960 0.052894 0.003057
v -0.026983 0.051425 0.009696
v -0.029936 0.047500 0.007662
v -0.029915 0.051636 0.002397
v -0.026958 0.051634 0.002407
v -0.026979 0.047498 0.007672
v -0.029913 0.050825 0.001629
v -0.026956 0.050823 0.001639
v -0.026973 0.045224 0.005436
v -0.029930 0.045227 0.005426
v 0.036295 0.126661 -0.532453
v -0.088777 0.126752 -0.532877
v -0.080783 0.126124 -0.054465
v 0.025227 0.126048 -0.054105
v -0.080794 0.111533 -0.054484
v -0.088788 0.112160 -0.532896
v 0.036284 0.112070 -0.532472
v 0.025216 0.111456 -0.054124
v -0.070985 0.127421 -0.054430
v -0.077217 0.128047 -0.532836
v 0.018200 0.127356 -0.054128
v 0.028004 0.127971 -0.532479
v -0.070996 0.111526 -0.054450
v -0.077229 0.112152 -0.532857
v 0.018188 0.111461 -0.054148
v 0.027992 0.112076 -0.532500
v -0.026449 0.098667 -0.532702
v -0.027992 0.051045 -0.054383
v -0.027937 0.127389 -0.054284
v -0.027958 0.098046 -0.054322
v -0.027896 0.184174 -0.054210
v -0.028328 0.171923 0.070678
v 0.024794 0.113797 0.070783
v 0.024783 0.097902 0.070762
v -0.028415 0.051018 0.070521
v -0.081227 0.097979 0.070402
v -0.081215 0.113874 0.070423
v -0.062932 0.077039 0.149725
v -0.028574 0.135102 0.149917
v 0.005908 0.076989 0.149959
v 0.005896 0.061094 0.149938
v -0.028664 0.009941 0.149755
v -0.062943 0.061144 0.149704
v -0.080390 0.126275 -0.170344
v -0.080401 0.111683 -0.170363
v -0.027587 0.068124 -0.170240
v 0.025609 0.111606 -0.170003
v 0.024317 0.127502 -0.169987
v 0.018592 0.127506 -0.170007
v 0.018581 0.111611 -0.170027
v -0.027565 0.098196 -0.170201
v -0.070603 0.111676 -0.170330
v -0.070592 0.127571 -0.170309
v -0.066178 0.168748 -0.053059
v -0.080775 0.143667 -0.053141
v -0.073653 0.156930 -0.054401
v -0.040706 0.182120 -0.054256
v -0.054940 0.177344 -0.053009
v -0.066607 0.155267 0.070526
v -0.041505 0.169827 0.070630
v -0.055369 0.163862 0.070576
v -0.081203 0.130186 0.070444
v -0.075218 0.144041 0.070483
v -0.003530 0.118400 0.149981
v -0.019813 0.132990 0.149944
v -0.010817 0.127008 0.149967
v 0.005919 0.093301 0.149980
v 0.002049 0.107164 0.149985
v 0.010245 0.155211 0.070787
v 0.024806 0.130109 0.070804
v 0.018841 0.143973 0.070801
v -0.014836 0.169808 0.070721
v -0.000980 0.163823 0.070760
v 0.010674 0.168692 -0.052798
v -0.014407 0.183290 -0.052864
v -0.001212 0.176245 -0.054130
v 0.023936 0.143395 -0.054087
v 0.019269 0.157455 -0.052784
v -0.053435 0.118436 0.149811
v -0.037131 0.133003 0.149885
v -0.046135 0.127034 0.149847
v -0.062920 0.093351 0.149746
v -0.059030 0.107208 0.149778
v -0.028431 0.153484 0.110298
v -0.037464 0.151385 0.110265
v -0.046967 0.145417 0.110228
v -0.054670 0.136819 0.110195
v -0.060573 0.125591 0.110164
v -0.064677 0.111734 0.110135
v -0.064690 0.096135 0.110145
v -0.064702 0.080429 0.110143
v -0.028524 0.026187 0.110383
v 0.007953 0.080377 0.110390
v 0.007963 0.096082 0.110391
v 0.007973 0.111681 0.110382
v 0.003889 0.125544 0.110383
v -0.001997 0.136780 0.110373
v -0.009688 0.145390 0.110355
v -0.019183 0.151372 0.110327
v -0.045824 0.134605 0.129661
v -0.036941 0.140572 0.129714
v -0.028498 0.142671 0.129751
v -0.019855 0.140560 0.129772
v -0.010980 0.134580 0.129779
v -0.003791 0.125973 0.129772
v 0.001711 0.114739 0.129756
v 0.005528 0.100878 0.129735
v 0.005508 0.085324 0.129765
v 0.005495 0.069632 0.129769
v -0.028589 0.018064 0.129904
v -0.062393 0.069681 0.129539
v -0.062383 0.085373 0.129534
v -0.062381 0.100928 0.129504
v -0.058544 0.114783 0.129552
v -0.053025 0.126009 0.129605
v -0.059504 0.147892 0.090907
v -0.050366 0.156491 0.090917
v -0.039091 0.162459 0.090938
v -0.028376 0.164556 0.090969
v -0.017404 0.162443 0.091012
v -0.006138 0.156458 0.091067
v 0.002988 0.147847 0.091119
v 0.009974 0.136609 0.091161
v 0.014822 0.122745 0.091185
v 0.014808 0.106771 0.091172
v 0.014796 0.090966 0.091159
v -0.028464 0.041676 0.090916
v -0.071395 0.091029 0.090867
v -0.071384 0.106833 0.090880
v -0.071375 0.122808 0.090893
v -0.066507 0.136665 0.090901
v 0.014012 0.079668 -0.170084
v -0.005917 0.068108 -0.170167
v 0.005090 0.072844 -0.170123
v 0.025600 0.099580 -0.170019
v 0.020848 0.088580 -0.170050
v -0.068849 0.079728 -0.170365
v -0.080409 0.099657 -0.170378
v -0.075673 0.088650 -0.170377
v -0.048937 0.068139 -0.170313
v -0.059937 0.072891 -0.170344
v -0.069254 0.062650 -0.054508
v -0.049342 0.051061 -0.054456
v -0.060342 0.055813 -0.054487
v -0.080814 0.082578 -0.054521
v -0.076078 0.071572 -0.054520
v -0.069678 0.062623 0.070396
v -0.081238 0.082552 0.070382
v -0.076502 0.071545 0.070384
v -0.049766 0.051034 0.070448
v -0.060766 0.055786 0.070417
v 0.013607 0.062590 -0.054227
v 0.025195 0.082502 -0.054162
v 0.020443 0.071502 -0.054192
v -0.006322 0.051030 -0.054310
v 0.004685 0.055766 -0.054266
v 0.013183 0.062563 0.070677
v -0.006746 0.051003 0.070594
v 0.004261 0.055739 0.070638
v 0.024772 0.082475 0.070742
v 0.020020 0.071475 0.070711
v -0.005707 0.021498 0.149847
v 0.005882 0.041411 0.149913
v 0.001130 0.030410 0.149882
v -0.025635 0.009938 0.149765
v -0.014629 0.014674 0.149808
v -0.051397 0.021532 0.149692
v -0.031485 0.009943 0.149745
v -0.042485 0.014695 0.149714
v -0.062957 0.041460 0.149679
v -0.058221 0.030453 0.149681
v -0.059851 0.053285 0.090894
v -0.071409 0.073218 0.090877
v -0.066674 0.062209 0.090886
v -0.039939 0.041689 0.090910
v -0.050939 0.046445 0.090902
v 0.003197 0.053239 0.091108
v -0.016731 0.041672 0.090990
v -0.005724 0.046412 0.091056
v 0.014784 0.073156 0.091169
v 0.010033 0.062154 0.091146
v -0.053167 0.037807 0.110283
v -0.033258 0.026196 0.110369
v -0.044257 0.030960 0.110326
v -0.064723 0.057748 0.110200
v -0.059990 0.046736 0.110241
v -0.050850 0.029687 0.129740
v -0.062409 0.049633 0.129607
v -0.057673 0.038619 0.129671
v -0.030939 0.018070 0.129891
v -0.041938 0.022837 0.129813
v -0.003644 0.037771 0.110452
v 0.007940 0.057696 0.110447
v 0.003191 0.046690 0.110456
v -0.023571 0.026189 0.110402
v -0.012565 0.030937 0.110434
v -0.006107 0.029655 0.129891
v -0.026036 0.018066 0.129907
v -0.015029 0.022818 0.129904
v 0.005481 0.049584 0.129837
v 0.000730 0.038577 0.129869
v -0.026517 0.054644 -0.521215
v -0.026467 0.073741 -0.532734
v -0.026490 0.063075 -0.528017
v -0.026585 0.044488 -0.501361
v -0.026548 0.048449 -0.512330
v 0.002020 0.054623 -0.521123
v 0.003816 0.044465 -0.501268
v 0.003163 0.048427 -0.512236
v 0.035926 0.086094 -0.520967
v 0.035333 0.075937 -0.501120
v 0.035659 0.079898 -0.512085
v 0.036279 0.105190 -0.532481
v 0.036132 0.094524 -0.527765
v 0.021109 0.069426 -0.521039
v 0.030582 0.064937 -0.501151
v 0.026782 0.066575 -0.512133
v 0.016079 0.062869 -0.521064
v 0.023745 0.056025 -0.501186
v 0.020686 0.058628 -0.512164
v 0.009515 0.057848 -0.521093
v 0.014823 0.049201 -0.501225
v 0.012730 0.052543 -0.512198
v -0.054679 0.054664 -0.521315
v -0.056615 0.044509 -0.501473
v -0.055887 0.048470 -0.512437
v -0.062169 0.057900 -0.521336
v -0.067615 0.049261 -0.501505
v -0.065449 0.052600 -0.512464
v -0.068726 0.062930 -0.521352
v -0.076527 0.056098 -0.501526
v -0.073395 0.058696 -0.512483
v -0.073747 0.069495 -0.521361
v -0.083351 0.065020 -0.501538
v -0.079480 0.066652 -0.512493
v -0.088539 0.086184 -0.521389
v -0.088793 0.105281 -0.532905
v -0.088691 0.094615 -0.528189
v -0.088087 0.076027 -0.501539
v -0.088338 0.079988 -0.512506
v 0.004140 0.078768 -0.532624
v 0.013562 0.073490 -0.527869
v 0.002219 0.076264 -0.532634
v 0.009923 0.068748 -0.527888
v -0.000287 0.074347 -0.532645
v 0.005175 0.065116 -0.527909
v -0.001738 0.073723 -0.532651
v 0.000386 0.063055 -0.527927
v -0.050821 0.073758 -0.532817
v -0.052990 0.063094 -0.528108
v -0.052270 0.074385 -0.532821
v -0.057776 0.065162 -0.528122
v -0.054774 0.076306 -0.532827
v -0.062519 0.068800 -0.528133
v -0.056692 0.078812 -0.532830
v -0.066151 0.073548 -0.528140
v -0.066480 0.162875 0.034830
v -0.055242 0.171470 0.034879
v -0.041378 0.177436 0.034934
v -0.028201 0.179531 0.034981
v -0.014709 0.177416 0.035024
v -0.000853 0.171431 0.035063
v 0.010372 0.162819 0.035090
v 0.018967 0.151581 0.035105
v 0.024933 0.137717 0.035107
v 0.024918 0.117671 0.035081
v 0.024907 0.101776 0.035060
v 0.024893 0.082482 0.035035
v 0.020141 0.071482 0.035005
v 0.013304 0.062570 0.034970
v 0.004382 0.055746 0.034931
v -0.006625 0.051010 0.034888
v -0.028294 0.051026 0.034814
v -0.049645 0.051042 0.034742
v -0.060645 0.055794 0.034711
v -0.069557 0.062630 0.034689
v -0.076381 0.071552 0.034678
v -0.081117 0.082559 0.034676
v -0.081103 0.101853 0.034701
v -0.081091 0.117748 0.034722
v -0.081077 0.137794 0.034748
v -0.075092 0.151649 0.034786
v -0.074902 0.155696 -0.020440
v -0.080887 0.141840 -0.020479
v -0.080900 0.123742 -0.020502
v -0.080911 0.107847 -0.020523
v -0.080930 0.082571 -0.020556
v -0.076194 0.071564 -0.020554
v -0.069370 0.062642 -0.020542
v -0.060458 0.055805 -0.020521
v -0.049458 0.051054 -0.020490
v -0.028107 0.051038 -0.020418
v -0.006437 0.051022 -0.020344
v 0.004570 0.055758 -0.020301
v 0.013491 0.062582 -0.020261
v 0.020328 0.071494 -0.020227
v 0.025080 0.082494 -0.020196
v 0.025098 0.107770 -0.020164
v 0.025110 0.123665 -0.020143
v 0.025123 0.141764 -0.020119
v 0.019157 0.155628 -0.020122
v 0.010562 0.166866 -0.020136
v -0.000663 0.175477 -0.020163
v -0.014519 0.181463 -0.020202
v -0.028011 0.183578 -0.020245
v -0.041188 0.181482 -0.020293
v -0.055052 0.175517 -0.020347
v -0.066290 0.166921 -0.020397
v -0.011935 -0.099591 0.445506
v -0.011423 -0.100865 0.440220
v -0.003462 -0.095390 0.445539
v -0.001843 -0.096127 0.440257
v 0.003633 -0.089138 0.445571
v 0.005922 -0.089302 0.440291
v 0.009120 -0.080899 0.445600
v 0.011873 -0.080389 0.440322
v 0.012904 -0.070808 0.445626
v 0.016009 -0.069388 0.440349
v -0.029778 -0.099576 0.445442
v -0.029760 -0.100848 0.440148
v -0.029591 0.146662 0.445552
v -0.029578 0.149742 0.439902
v -0.019152 0.144419 0.445584
v -0.017974 0.147245 0.439938
v 0.013020 0.099965 0.445635
v 0.016111 0.100331 0.439990
v -0.072144 -0.070747 0.445337
v -0.075210 -0.069322 0.440040
v -0.072012 0.100027 0.445346
v -0.075064 0.100397 0.439681
v -0.068374 -0.080843 0.445337
v -0.071090 -0.080329 0.440040
v -0.062899 -0.089090 0.445345
v -0.065152 -0.089251 0.440050
v -0.055812 -0.095352 0.445362
v -0.057396 -0.096087 0.440069
v -0.047346 -0.099565 0.445386
v -0.047824 -0.100839 0.440097
v -0.039768 0.144438 0.445514
v -0.040911 0.147262 0.439860
v -0.050902 0.137863 0.445468
v -0.052837 0.140208 0.439810
v -0.060013 0.128302 0.445424
v -0.062504 0.130045 0.439764
v -0.067090 0.115650 0.445384
v -0.069913 0.116775 0.439721
v 0.008121 0.115595 0.445639
v 0.010984 0.116717 0.439995
v 0.001063 0.128258 0.445631
v 0.003594 0.129998 0.439988
v -0.008034 0.137832 0.445613
v -0.006059 0.140174 0.439968
v -0.029593 0.141035 0.448829
v -0.037717 0.139262 0.448799
v -0.047425 0.133536 0.448759
v -0.055526 0.125043 0.448721
v -0.061989 0.113500 0.448684
v -0.066488 0.099233 0.448650
v -0.066611 -0.070900 0.448429
v -0.063432 -0.079428 0.448429
v -0.058735 -0.086515 0.448435
v -0.052776 -0.091790 0.448449
v -0.046184 -0.095076 0.448467
v -0.029786 -0.095088 0.448522
v -0.013111 -0.095100 0.448579
v -0.006514 -0.091823 0.448606
v -0.000547 -0.086557 0.448633
v 0.004159 -0.079477 0.448658
v 0.007351 -0.070953 0.448680
v 0.007474 0.099179 0.448901
v 0.002994 0.113453 0.448904
v -0.003452 0.125006 0.448897
v -0.011541 0.133510 0.448881
v -0.021221 0.139239 0.448855
v 0.034993 0.127965 -0.532456
v -0.087473 0.128054 -0.532871
v -0.080787 0.127287 -0.053168
v -0.079479 0.127427 -0.054459
v 0.023924 0.127352 -0.054108
v 0.025223 0.127210 -0.052808
v -0.027899 0.185405 -0.052907
v -0.079086 0.127577 -0.170338
v 0.025619 0.126198 -0.169985
v -0.065245 0.167891 -0.054358
v -0.079467 0.143470 -0.054438
v -0.074789 0.157523 -0.053102
v -0.041076 0.183309 -0.052955
v -0.054272 0.176283 -0.054310
v 0.009748 0.167836 -0.054104
v -0.014767 0.182100 -0.054168
v -0.000551 0.177304 -0.052825
v 0.025235 0.143590 -0.052781
v 0.018141 0.156864 -0.054089
vn -0.9777 -0.1526 -0.1441
vn -0.9039 0.4126 -0.1129
vn -0.9986 0.0288 -0.0446
vn -1.0000 0.0007 -0.0034
vn -0.9959 0.0266 -0.0869
vn -0.9630 -0.0679 -0.2606
vn -0.9992 0.0364 -0.0181
vn -0.9784 0.2003 0.0505
vn -0.9944 -0.0203 0.1034
vn -0.8331 -0.2658 0.4851
vn -0.9956 -0.0913 0.0188
vn -0.9038 -0.3004 -0.3049
vn 0.0008 1.0000 -0.0074
vn -0.0011 0.8597 0.5108
vn -0.0011 0.8606 0.5093
vn 0.0007 1.0000 -0.0012
vn -0.0026 0.4882 0.8727
vn -0.0026 0.4989 0.8667
vn -0.0034 -0.0013 1.0000
vn -0.0033 -0.5011 0.8654
vn -0.0023 -0.8667 0.4989
vn -0.0008 -0.9998 0.0200
vn -0.0007 -1.0000 -0.0013
vn 0.0010 -0.8744 -0.4851
vn 0.0010 -0.8754 -0.4834
vn 0.0026 -0.4829 -0.8757
vn 0.0026 -0.4944 -0.8692
vn 0.9956 -0.0401 0.0852
vn 0.9431 -0.1413 0.3009
vn 0.9981 -0.0123 0.0607
vn 0.9962 0.0834 0.0260
vn 0.9996 0.0181 0.0238
vn 1.0000 -0.0007 0.0034
vn 0.9999 -0.0033 0.0109
vn 0.9997 -0.0227 0.0084
vn 0.9809 -0.1393 -0.1356
vn 0.9840 -0.1783 -0.0015
vn 0.9995 0.0199 0.0254
vn 0.9993 0.0282 0.0252
vn 0.9842 -0.1696 -0.0500
vn 0.9950 0.0700 0.0712
vn 0.9974 0.0413 0.0598
vn 0.9824 0.1814 0.0449
vn 0.9803 0.1854 0.0683
vn 0.9986 0.0271 -0.0446
vn 0.9985 0.0491 -0.0235
vn 0.9964 -0.0253 -0.0814
vn 0.9312 -0.1784 -0.3179
vn 0.9324 -0.1412 -0.3327
vn 0.0034 -0.0123 -0.9999
vn 0.0033 0.5050 -0.8631
vn 0.0033 0.4967 -0.8679
vn 0.0034 0.0152 -0.9999
vn 0.0023 0.8736 -0.4866
vn 0.0024 0.8599 -0.5105
vn 0.0007 1.0000 0.0051
vn 0.0007 1.0000 -0.0024
vn -0.0011 0.8654 0.5011
vn 0.0011 -0.8654 -0.5011
vn 0.0026 -0.5065 -0.8623
vn 0.0026 -0.4917 -0.8707
vn 0.0034 0.0351 -0.9994
vn 0.0033 0.4985 -0.8669
vn -0.7252 0.3394 -0.5990
vn -0.5308 -0.2694 -0.8036
vn 0.0024 0.8543 -0.5198
vn -0.6887 0.7018 -0.1822
vn -0.1218 0.9912 -0.0519
vn 0.1213 0.9920 -0.0361
vn 0.0024 0.8567 -0.5158
vn 0.6878 0.7008 -0.1894
vn 0.0033 0.4979 -0.8672
vn 0.7596 0.3354 -0.5572
vn 0.0034 0.0325 -0.9995
vn 0.5131 -0.2711 -0.8144
vn 0.1037 -0.4709 -0.8761
vn -0.1034 -0.4562 -0.8838
vn -0.9957 0.0774 -0.0501
vn -0.8982 -0.1955 -0.3938
vn -0.9463 0.2705 0.1772
vn -0.6335 0.5695 0.5238
vn 0.5033 0.6675 0.5487
vn 0.9537 0.2540 0.1612
vn 0.9956 0.0891 -0.0274
vn 0.8974 -0.1958 -0.3953
vn 0.4112 -0.5943 -0.6912
vn -0.4639 -0.5811 -0.6687
vn -0.9841 0.1760 -0.0223
vn -0.8818 0.0501 -0.4689
vn -0.9432 0.2533 0.2151
vn -0.6002 0.3047 0.7395
vn 0.5713 0.3029 0.7628
vn 0.9512 0.2440 0.1890
vn 0.9846 0.1747 0.0015
vn 0.8823 0.0467 -0.4684
vn 0.3776 -0.2082 -0.9023
vn -0.4163 -0.1981 -0.8874
vn -0.9948 0.0927 0.0433
vn -0.9995 0.0190 0.0256
vn -0.9357 0.1699 -0.3092
vn -0.9237 0.1425 -0.3556
vn -0.9642 0.1220 0.2354
vn -0.9816 -0.0203 0.1897
vn -0.6118 0.0409 0.7899
vn -0.6570 -0.1228 0.7438
vn 0.5889 0.0362 0.8074
vn 0.6345 -0.1278 0.7623
vn 0.9701 0.1255 0.2077
vn 0.9868 -0.0098 0.1616
vn 0.9943 0.0893 0.0587
vn 0.9991 0.0100 0.0414
vn 0.9235 0.1429 -0.3560
vn 0.9368 0.1711 -0.3052
vn 0.4079 0.1193 -0.9052
vn 0.4307 0.3210 -0.8434
vn -0.4455 0.1218 -0.8869
vn -0.4697 0.3150 -0.8247
vn -0.9997 -0.0192 -0.0127
vn -0.9999 -0.0099 -0.0068
vn -0.9518 0.2784 -0.1284
vn -0.9513 0.2480 -0.1830
vn -0.9742 -0.2079 0.0873
vn -0.9719 -0.2296 0.0523
vn -0.6834 -0.5827 0.4398
vn -0.6774 -0.6772 0.2872
vn 0.6585 -0.5984 0.4563
vn 0.6517 -0.6968 0.2995
vn 0.9839 -0.1647 0.0696
vn 0.9827 -0.1791 0.0475
vn 0.9992 -0.0388 0.0029
vn 0.9996 -0.0272 0.0076
vn 0.9625 0.2189 -0.1600
vn 0.9616 0.2511 -0.1109
vn 0.5034 0.6890 -0.5215
vn 0.5070 0.7608 -0.4052
vn -0.5399 0.6686 -0.5114
vn -0.5402 0.7412 -0.3984
vn -0.9355 0.3048 0.1787
vn -0.9999 -0.0064 0.0153
vn -0.9974 -0.0679 -0.0244
vn -0.9539 0.2753 0.1194
vn -0.9744 -0.2038 -0.0946
vn -0.9768 -0.2006 -0.0750
vn -0.6641 -0.6772 -0.3168
vn -0.6258 -0.6878 -0.3679
vn 0.6391 -0.6995 -0.3197
vn 0.6114 -0.6982 -0.3724
vn 0.9819 -0.1743 -0.0738
vn 0.9852 -0.1623 -0.0547
vn 0.9997 -0.0206 0.0098
vn 0.9987 -0.0515 -0.0059
vn 0.9405 0.2919 0.1738
vn 0.9730 0.2100 0.0957
vn 0.4710 0.8158 0.3356
vn 0.5183 0.6975 0.4948
vn -0.5113 0.7944 0.3280
vn -0.5639 0.6790 0.4701
vn -0.9985 -0.0539 0.0039
vn -0.9510 0.3076 -0.0301
vn -0.9796 -0.2011 0.0015
vn -0.6193 -0.7703 -0.1517
vn 0.6038 -0.7830 -0.1492
vn 0.9877 -0.1562 0.0060
vn 0.9989 -0.0462 0.0090
vn 0.9681 0.2500 -0.0149
vn 0.5549 0.7619 0.3339
vn -0.5957 0.7368 0.3198
vn -0.9403 0.2984 -0.1639
vn -0.9989 -0.0395 0.0255
vn -0.9999 -0.0103 0.0031
vn -0.9215 0.3286 -0.2069
vn -0.9786 -0.1880 0.0832
vn -0.9733 -0.1883 0.1314
vn -0.6070 -0.7632 0.2214
vn -0.6450 -0.6212 0.4451
vn 0.5902 -0.7743 0.2281
vn 0.6229 -0.6343 0.4578
vn 0.9863 -0.1473 0.0741
vn 0.9842 -0.1431 0.1046
vn 0.9989 -0.0386 0.0261
vn 0.9994 -0.0260 0.0208
vn 0.9594 0.2505 -0.1297
vn 0.9369 0.2999 -0.1798
vn 0.5710 0.8169 -0.0815
vn 0.4729 0.8087 -0.3499
vn -0.6159 0.7836 -0.0819
vn -0.5134 0.7871 -0.3420
vn -0.9316 0.2126 -0.2947
vn -0.9990 -0.0266 0.0357
vn -0.9986 -0.0261 0.0459
vn -0.9385 0.1105 -0.3272
vn -0.9673 -0.1667 0.1912
vn -0.9681 -0.1281 0.2152
vn -0.6377 -0.5174 0.5707
vn -0.6271 -0.4633 0.6262
vn 0.6105 -0.5306 0.5881
vn 0.6004 -0.4740 0.6441
vn 0.9785 -0.1331 0.1576
vn 0.9794 -0.1027 0.1740
vn 0.9987 -0.0287 0.0410
vn 0.9986 -0.0228 0.0482
vn 0.9538 0.1764 -0.2433
vn 0.9604 0.0889 -0.2642
vn 0.5067 0.5270 -0.6823
vn 0.5236 0.2338 -0.8193
vn -0.5504 0.5090 -0.6618
vn -0.5647 0.2258 -0.7938
vn -0.9544 -0.1873 -0.2324
vn -0.9953 -0.0085 0.0969
vn -0.9995 -0.0250 -0.0182
vn -0.9485 -0.2554 -0.1875
vn -0.9750 0.0178 0.2214
vn -0.9728 0.1611 0.1664
vn -0.6018 0.1579 0.7828
vn -0.6317 0.4531 0.6290
vn 0.5828 0.1609 0.7966
vn 0.6009 0.4648 0.6502
vn 0.9839 0.0164 0.1777
vn 0.9762 0.1461 0.1600
vn 0.9974 -0.0158 0.0710
vn 0.9999 -0.0034 0.0106
vn 0.9725 -0.1577 -0.1716
vn 0.9602 -0.2285 -0.1605
vn 0.5733 -0.4514 -0.6838
vn 0.4704 -0.7311 -0.4941
vn -0.6096 -0.4387 -0.6602
vn -0.5338 -0.6956 -0.4809
vn -0.9254 0.3654 0.1002
vn -0.8231 0.5662 -0.0448
vn -0.9346 0.2468 -0.2561
vn -0.9937 0.1067 -0.0336
vn -0.5501 0.6597 0.5120
vn -0.3547 0.8145 0.4591
vn 0.9424 0.3099 0.1260
vn 0.8692 0.4943 -0.0156
vn 0.3669 0.7959 0.4815
vn 0.5164 0.6622 0.5429
vn 0.9964 0.0739 -0.0411
vn 0.9634 0.1251 -0.2372
vn 0.8887 -0.3885 -0.2434
vn 0.5541 -0.6342 -0.5393
vn 0.5317 -0.6206 -0.5763
vn 0.8667 -0.2712 -0.4186
vn -0.6324 -0.5534 -0.5421
vn -0.4585 -0.6184 -0.6383
vn -0.9246 -0.3117 -0.2192
vn -0.8276 -0.2236 -0.5148
vn 0.3303 0.1842 -0.9257
vn -0.2940 0.1867 -0.9374
vn -0.3099 0.7561 -0.5764
vn 0.3377 0.7580 -0.5580
vn 0.0049 -0.8129 -0.5824
vn 0.0038 -0.8136 -0.5814
vn 0.0043 -0.8236 -0.5671
vn 0.0013 -0.8259 -0.5638
vn 0.4523 0.8031 -0.3878
vn -0.4083 0.8195 -0.4021
vn -0.4497 0.8704 -0.2004
vn 0.5051 0.8433 -0.1837
vn -0.1679 0.9379 0.3037
vn 0.0249 0.9416 0.3359
vn 0.2525 0.9490 0.1887
vn -0.0014 0.8148 0.5797
vn 0.0034 0.0884 -0.9961
vn 0.0034 0.0885 -0.9961
vn -0.9973 -0.0067 0.0730
vn -0.9559 -0.0124 -0.2936
vn -0.9439 0.0742 -0.3217
vn -0.9995 -0.0135 0.0291
vn -0.9759 -0.0407 0.2145
vn -0.9706 -0.0918 0.2225
vn -0.6176 -0.2058 0.7591
vn -0.6416 -0.3779 0.6675
vn 0.5962 -0.2092 0.7751
vn 0.6168 -0.3858 0.6861
vn 0.9827 -0.0719 0.1710
vn 0.9845 -0.0319 0.1727
vn 0.9991 -0.0146 0.0410
vn 0.9983 -0.0053 0.0588
vn 0.9599 0.0596 -0.2739
vn 0.9735 -0.0121 -0.2282
vn 0.5661 -0.0323 -0.8237
vn 0.5030 0.1097 -0.8573
vn -0.6018 -0.0313 -0.7980
vn -0.5369 0.1068 -0.8368
vn -0.9991 -0.0290 0.0294
vn -0.9271 0.2938 -0.2326
vn -0.9717 -0.1807 0.1518
vn -0.6349 -0.5717 0.5196
vn 0.6113 -0.5847 0.5334
vn 0.9811 -0.1435 0.1297
vn 0.9989 -0.0326 0.0336
vn 0.9490 0.2488 -0.1938
vn 0.4836 0.7624 -0.4300
vn -0.5317 0.7362 -0.4186
vn -0.9998 -0.0193 -0.0049
vn -0.9999 -0.0097 -0.0044
vn -0.9540 0.2986 0.0267
vn -0.9550 0.2896 -0.0634
vn -0.9718 -0.2357 0.0063
vn -0.9726 -0.2265 -0.0527
vn -0.6670 -0.7398 -0.0882
vn -0.6580 -0.7444 0.1139
vn 0.6398 -0.7636 -0.0870
vn 0.6318 -0.7657 0.1206
vn 0.9812 -0.1927 0.0108
vn 0.9814 -0.1882 -0.0372
vn 0.9997 -0.0243 0.0012
vn 0.9995 -0.0297 0.0050
vn 0.9577 0.2860 0.0328
vn 0.9626 0.2656 -0.0537
vn 0.4970 0.8677 0.0027
vn 0.5089 0.8281 -0.2350
vn -0.5314 0.8471 -0.0002
vn -0.5426 0.8072 -0.2324
vn -0.9999 -0.0152 0.0021
vn -0.9998 -0.0171 -0.0142
vn -0.9490 0.2230 -0.2227
vn -0.9457 0.1904 -0.2635
vn -0.9825 -0.1119 0.1492
vn -0.9784 -0.1709 0.1161
vn -0.6865 -0.4492 0.5718
vn -0.6793 -0.2884 0.6748
vn 0.6627 -0.4601 0.5908
vn 0.6564 -0.2955 0.6941
vn 0.9883 -0.0906 0.1227
vn 0.9864 -0.1375 0.0897
vn 0.9991 -0.0423 0.0055
vn 0.9993 -0.0293 0.0211
vn 0.9560 0.2107 -0.2041
vn 0.9498 0.1861 -0.2513
vn 0.4781 0.6073 -0.6345
vn 0.4589 0.4782 -0.7488
vn -0.5152 0.5904 -0.6213
vn -0.4979 0.4651 -0.7320
vn -0.0094 0.8151 0.5793
vn -0.0014 0.8184 0.5746
vn -0.1071 0.8320 0.5444
vn -0.0671 0.8224 0.5650
vn 0.0152 0.8209 0.5708
vn -0.0013 0.8184 0.5746
vn -0.0057 0.8178 0.5755
vn 0.0976 0.8188 0.5657
vn 0.0617 0.8076 0.5866
vn 0.2243 0.8887 0.3999
vn 0.0042 -0.8062 -0.5916
vn 0.0014 -0.8091 -0.5876
vn -0.0335 0.8126 0.5819
vn -0.0646 0.8003 0.5961
vn 0.0214 0.8128 0.5821
vn 0.1168 0.8391 0.5313
vn 0.2378 -0.5771 0.7813
vn 0.2361 -0.5773 0.7816
vn -0.2804 -0.5709 0.7717
vn -0.2827 -0.5705 0.7711
vn 0.6643 -0.4435 0.6017
vn 0.9544 -0.1763 0.2408
vn 0.9518 -0.1812 0.2474
vn 0.6606 -0.4455 0.6043
vn -0.2327 0.5778 -0.7823
vn -0.2344 0.5776 -0.7820
vn 0.2475 0.5762 -0.7789
vn 0.2457 0.5765 -0.7793
vn -0.9366 0.2072 -0.2826
vn -0.9392 0.2030 -0.2769
vn -0.6562 0.4477 -0.6074
vn -0.6526 0.4496 -0.6099
vn -0.7534 -0.3917 0.5281
vn -0.7491 -0.3946 0.5320
vn -0.9842 -0.1065 0.1417
vn -0.9855 -0.1018 0.1354
vn 0.9580 0.1716 -0.2298
vn 0.6733 0.4402 -0.5940
vn 0.6771 0.4382 -0.5912
vn 0.9604 0.1666 -0.2231
vn 0.2701 0.5702 0.7758
vn 0.3893 0.6729 0.6290
vn 0.3884 0.8139 0.4321
vn 0.2685 0.9188 0.2893
vn 0.0956 0.9720 0.2146
vn -0.0932 0.9724 0.2139
vn -0.2630 0.9224 0.2828
vn -0.3796 0.8287 0.4112
vn -0.4014 0.7050 0.5847
vn -0.3111 0.5886 0.7462
vn -0.1160 0.5149 0.8494
vn 0.0950 0.5158 0.8515
vn 0.1222 -0.9822 -0.1423
vn -0.1404 -0.9756 -0.1688
vn -0.1006 -0.9840 -0.1470
vn 0.0955 -0.9867 -0.1313
vn 0.4381 -0.7984 -0.4131
vn 0.3002 -0.9297 -0.2136
vn 0.3319 -0.9159 -0.2259
vn 0.4341 -0.8206 -0.3717
vn -0.1227 -0.4410 -0.8891
vn 0.1330 -0.4528 -0.8817
vn 0.1008 -0.4408 -0.8920
vn -0.1000 -0.4343 -0.8952
vn -0.4528 -0.5923 -0.6664
vn -0.4567 -0.6344 -0.6237
vn -0.3126 -0.4870 -0.8156
vn -0.3498 -0.4938 -0.7961
vn -0.3560 -0.8904 -0.2836
vn -0.3219 -0.9087 -0.2659
vn -0.4566 -0.7670 -0.4508
vn -0.4554 -0.7785 -0.4319
vn 0.3148 -0.5103 -0.8003
vn 0.4437 -0.6645 -0.6013
vn 0.4416 -0.6281 -0.6407
vn 0.3430 -0.5176 -0.7839
vn 0.2150 -0.1832 0.9593
vn -0.2558 -0.1757 0.9506
vn -0.2876 -0.5075 0.8123
vn 0.2408 -0.5180 0.8208
vn 0.8639 0.1825 0.4694
vn 0.6047 -0.0607 0.7941
vn 0.6617 -0.3840 0.6439
vn 0.9536 -0.1041 0.2824
vn -0.2093 0.8650 -0.4561
vn 0.2194 0.8643 -0.4526
vn 0.2465 0.6493 -0.7194
vn -0.2328 0.6494 -0.7239
vn -0.9337 0.2739 -0.2305
vn -0.8474 0.5309 -0.0094
vn -0.5908 0.7481 -0.3022
vn -0.6456 0.5205 -0.5589
vn -0.7504 -0.3269 0.5744
vn -0.6855 -0.0106 0.7280
vn -0.8934 0.2511 0.3725
vn -0.9833 -0.0314 0.1790
vn 0.6074 0.7412 -0.2858
vn 0.8649 0.5002 0.0408
vn 0.9542 0.2426 -0.1752
vn 0.6661 0.5143 -0.5403
vn -0.0145 0.5801 -0.8144
vn -0.0160 0.7400 -0.6725
vn -0.0006 0.5436 -0.8393
vn 0.0156 0.5738 -0.8188
vn 0.0394 0.5306 -0.8467
vn 0.0235 0.7419 -0.6701
vn 0.0146 0.5740 -0.8187
vn 0.0223 0.7406 -0.6716
vn 0.0069 0.8459 -0.5333
vn -0.0019 0.8442 -0.5360
vn -0.0152 0.5813 -0.8136
vn -0.0173 0.7412 -0.6711
vn -0.0024 0.5446 -0.8387
vn 0.0371 0.5271 -0.8490
vn 0.0069 0.8490 -0.5284
vn -0.0021 0.8473 -0.5311
vn -0.8865 -0.2740 -0.3730
vn -0.9453 0.3234 0.0421
vn -0.8425 0.5030 -0.1927
vn -0.8193 -0.0526 -0.5710
vn -0.0014 0.8118 0.5839
vn 0.9371 0.3032 0.1731
vn 0.9109 -0.3134 -0.2683
vn 0.8611 -0.0866 -0.5010
vn 0.8724 0.4746 -0.1169
vn 0.3796 -0.7426 -0.5518
vn -0.3842 -0.7122 -0.5875
vn -0.3012 -0.5104 -0.8054
vn 0.3323 -0.5231 -0.7848
vn -0.4666 0.8836 -0.0401
vn 0.4676 0.8837 0.0191
vn -0.7324 0.6145 0.2932
vn 0.7139 0.5847 0.3854
vn -0.0007 -1.0000 -0.0002
vn -0.0005 -0.9973 -0.0732
vn -0.0002 -0.9893 -0.1458
vn 0.0019 -0.9094 -0.4159
vn 0.0017 -0.9093 -0.4162
vn 0.0001 -0.9771 -0.2130
vn -0.0001 -0.9836 -0.1803
vn -0.0001 -0.9771 -0.2130
vn -0.0001 -0.9836 -0.1804
vn -0.0004 -0.9094 -0.4159
vn -0.0002 -0.9093 -0.4162
vn -0.0000 -0.9770 -0.2131
vn 0.0008 -0.9092 -0.4165
vn -0.6450 0.1116 -0.7560
vn -0.4174 0.1326 -0.8990
vn -0.4175 0.1326 -0.8990
vn 0.4264 0.1318 -0.8949
vn 0.0151 0.1458 -0.9892
vn 0.6994 -0.2900 0.6533
vn 0.7001 -0.2960 0.6498
vn 0.2562 -0.4018 0.8792
vn 0.2559 -0.4020 0.8792
vn 0.9771 -0.0450 0.2079
vn 0.9772 -0.0519 0.2058
vn -0.9786 -0.0435 0.2012
vn -0.9787 -0.0504 0.1991
vn -0.7065 -0.2881 0.6465
vn -0.7072 -0.2941 0.6430
vn -0.2670 -0.4010 0.8763
vn -0.2672 -0.4010 0.8762
vn -0.0051 -0.4162 0.9092
vn 0.6369 0.1123 -0.7627
vn 0.9499 -0.0027 0.3125
vn 0.9383 -0.0026 0.3459
vn 0.9063 0.2403 0.3476
vn 0.9176 0.2434 0.3144
vn 0.8238 0.4728 0.3127
vn 0.8137 0.4671 0.3461
vn 0.6643 0.6618 0.3474
vn 0.6726 0.6700 0.3142
vn 0.4748 0.8229 0.3120
vn 0.4690 0.8129 0.3454
vn 0.2442 0.9059 0.3460
vn 0.2473 0.9171 0.3127
vn 0.0133 0.9505 0.3105
vn 0.0126 0.9389 0.3440
vn -0.2433 0.9059 0.3465
vn -0.2462 0.9172 0.3132
vn -0.4877 0.8166 0.3086
vn -0.4816 0.8068 0.3421
vn -0.6659 0.6627 0.3426
vn -0.6739 0.6710 0.3093
vn -0.8293 0.4668 0.3072
vn -0.8192 0.4614 0.3405
vn -0.9085 0.2434 0.3397
vn -0.9195 0.2464 0.3063
vn -0.9519 0.0121 0.3062
vn -0.9405 0.0115 0.3395
vn -0.9086 -0.2412 0.3409
vn -0.9197 -0.2442 0.3076
vn -0.8257 -0.4739 0.3059
vn -0.8158 -0.4682 0.3394
vn -0.6667 -0.6627 0.3411
vn -0.6747 -0.6708 0.3078
vn -0.4785 -0.8228 0.3066
vn -0.4728 -0.8129 0.3401
vn -0.2464 -0.9067 0.3423
vn -0.2493 -0.9178 0.3090
vn -0.0034 -0.9514 0.3081
vn -0.0034 -0.9399 0.3415
vn 0.2396 -0.9079 0.3439
vn 0.2427 -0.9190 0.3106
vn 0.4724 -0.8251 0.3099
vn 0.4666 -0.8151 0.3433
vn 0.6611 -0.6660 0.3456
vn 0.6694 -0.6741 0.3124
vn 0.8213 -0.4779 0.3115
vn 0.8113 -0.4721 0.3449
vn 0.9051 -0.2457 0.3470
vn 0.9164 -0.2486 0.3138
vn 0.9994 -0.0008 0.0341
vn 0.8659 0.4991 0.0344
vn 0.8664 0.4994 0.0036
vn 0.5001 0.8653 0.0334
vn 0.5006 0.8657 0.0028
vn 0.0020 0.9994 0.0334
vn 0.0007 1.0000 0.0013
vn -0.5005 0.8652 0.0315
vn -0.4994 0.8664 -0.0006
vn -0.8659 0.4995 0.0267
vn -0.8657 0.5006 -0.0023
vn -0.9997 0.0019 0.0258
vn -0.8661 -0.4992 0.0272
vn -0.8664 -0.4994 -0.0036
vn -0.5005 -0.8653 0.0279
vn -0.5006 -0.8657 -0.0028
vn -0.0008 -0.9996 0.0295
vn 0.4990 -0.8660 0.0313
vn 0.4994 -0.8664 0.0006
vn 0.8651 -0.5004 0.0330
vn 0.8657 -0.5006 0.0023
vn 0.9452 0.2507 0.2093
vn 0.8484 0.4869 0.2079
vn 0.8611 0.4941 0.1199
vn 0.9595 0.2546 0.1205
vn 0.6929 0.6900 0.2091
vn 0.4892 0.8472 0.2072
vn 0.4966 0.8597 0.1191
vn 0.7035 0.7004 0.1202
vn 0.2550 0.9444 0.2077
vn 0.0141 0.9785 0.2057
vn 0.0145 0.9930 0.1176
vn 0.2591 0.9585 0.1189
vn -0.2532 0.9449 0.2076
vn -0.5017 0.8407 0.2037
vn -0.5086 0.8532 0.1157
vn -0.2567 0.9592 0.1180
vn -0.6935 0.6910 0.2041
vn -0.8533 0.4807 0.2023
vn -0.8654 0.4879 0.1140
vn -0.7035 0.7013 0.1153
vn -0.9460 0.2538 0.2015
vn -0.9795 0.0126 0.2012
vn -0.9935 0.0128 0.1129
vn -0.9596 0.2576 0.1133
vn -0.9466 -0.2513 0.2022
vn -0.8496 -0.4876 0.2009
vn -0.8617 -0.4947 0.1127
vn -0.9603 -0.2549 0.1133
vn -0.6943 -0.6906 0.2025
vn -0.4922 -0.8468 0.2017
vn -0.4991 -0.8591 0.1135
vn -0.7043 -0.7007 0.1136
vn -0.2563 -0.9449 0.2037
vn -0.0031 -0.9791 0.2032
vn -0.0028 -0.9934 0.1150
vn -0.2598 -0.9588 0.1148
vn 0.2503 -0.9461 0.2054
vn 0.4867 -0.8492 0.2050
vn 0.4941 -0.8615 0.1169
vn 0.2543 -0.9601 0.1165
vn 0.6896 -0.6939 0.2072
vn 0.8458 -0.4918 0.2067
vn 0.8585 -0.4988 0.1186
vn 0.7002 -0.7041 0.1184
vn 0.9439 -0.2558 0.2087
vn 0.9782 -0.0026 0.2078
vn 0.9928 -0.0025 0.1197
vn 0.9583 -0.2595 0.1198
vn 0.9980 -0.0025 0.0639
vn 0.9642 0.2558 0.0695
vn 0.8656 0.4967 0.0641
vn 0.7070 0.7038 0.0693
vn 0.4993 0.8641 0.0634
vn 0.2605 0.9631 0.0679
vn 0.0148 0.9980 0.0619
vn -0.2578 0.9638 0.0675
vn -0.5110 0.8575 0.0599
vn -0.7066 0.7047 0.0643
vn -0.8696 0.4904 0.0583
vn -0.9639 0.2589 0.0618
vn -0.9983 0.0130 0.0572
vn -0.9647 -0.2560 0.0623
vn -0.8658 -0.4971 0.0570
vn -0.7075 -0.7040 0.0626
vn -0.5014 -0.8633 0.0577
vn -0.2608 -0.9633 0.0638
vn -0.0026 -0.9982 0.0592
vn 0.2557 -0.9645 0.0655
vn 0.4968 -0.8657 0.0611
vn 0.7036 -0.7073 0.0674
vn 0.8630 -0.5013 0.0628
vn 0.9630 -0.2607 0.0689
vn -0.8775 -0.2326 -0.4193
vn -0.9089 0.0027 -0.4169
vn -0.9373 0.0028 -0.3486
vn -0.9047 -0.2398 -0.3522
vn -0.6433 -0.6407 -0.4191
vn -0.7883 -0.4524 -0.4171
vn -0.8129 -0.4664 -0.3488
vn -0.6633 -0.6604 -0.3520
vn -0.2357 -0.8775 -0.4177
vn -0.4539 -0.7878 -0.4164
vn -0.4681 -0.8122 -0.3482
vn -0.2430 -0.9045 -0.3504
vn 0.2358 -0.8768 -0.4190
vn -0.0148 -0.9097 -0.4150
vn -0.0171 -0.9380 -0.3462
vn 0.2428 -0.9039 -0.3520
vn 0.6443 -0.6429 -0.4143
vn 0.4694 -0.7803 -0.4132
vn 0.4851 -0.8038 -0.3443
vn 0.6633 -0.6630 -0.3470
vn 0.8807 -0.2356 -0.4109
vn 0.7950 -0.4456 -0.4117
vn 0.8195 -0.4584 -0.3439
vn 0.9073 -0.2429 -0.3433
vn 0.8802 0.2344 -0.4127
vn 0.9117 -0.0130 -0.4107
vn 0.9393 -0.0148 -0.3428
vn 0.9068 0.2418 -0.3454
vn 0.6461 0.6419 -0.4130
vn 0.7909 0.4538 -0.4106
vn 0.8151 0.4676 -0.3421
vn 0.6656 0.6614 -0.3457
vn 0.2390 0.8783 -0.4141
vn 0.4585 0.7878 -0.4112
vn 0.4725 0.8119 -0.3428
vn 0.2461 0.9051 -0.3468
vn -0.2317 0.8795 -0.4157
vn 0.0037 0.9109 -0.4126
vn 0.0036 0.9389 -0.3442
vn -0.2390 0.9063 -0.3485
vn -0.6399 0.6452 -0.4174
vn -0.4518 0.7901 -0.4143
vn -0.4659 0.8144 -0.3460
vn -0.6598 0.6649 -0.3502
vn -0.8763 0.2382 -0.4187
vn -0.7858 0.4577 -0.4159
vn -0.8103 0.4718 -0.3476
vn -0.9034 0.2454 -0.3516
vn -0.8661 -0.4992 -0.0271
vn -0.9996 0.0007 -0.0268
vn -0.5000 -0.8656 -0.0260
vn -0.0017 -0.9997 -0.0263
vn 0.5000 -0.8657 -0.0244
vn 0.4994 -0.8664 0.0005
vn 0.8658 -0.5001 -0.0191
vn 0.9998 -0.0015 -0.0183
vn 0.8661 0.4995 -0.0199
vn 0.5006 0.8655 -0.0206
vn 0.0008 0.9998 -0.0221
vn -0.4992 0.8662 -0.0240
vn -0.8653 0.5005 -0.0257
vn -0.8613 -0.4937 -0.1203
vn -0.8486 -0.4866 -0.2076
vn -0.9450 -0.2505 -0.2102
vn -0.9595 -0.2542 -0.1215
vn -0.4960 -0.8601 -0.1196
vn -0.4887 -0.8476 -0.2070
vn -0.6931 -0.6896 -0.2099
vn -0.7039 -0.6999 -0.1212
vn -0.0224 -0.9928 -0.1179
vn -0.0205 -0.9785 -0.2050
vn -0.2540 -0.9445 -0.2085
vn -0.2579 -0.9587 -0.1199
vn 0.5154 -0.8491 -0.1159
vn 0.5072 -0.8376 -0.2030
vn 0.2531 -0.9446 -0.2090
vn 0.2567 -0.9591 -0.1192
vn 0.8676 -0.4839 -0.1146
vn 0.8551 -0.4774 -0.2024
vn 0.6914 -0.6928 -0.2049
vn 0.7012 -0.7035 -0.1163
vn 0.9934 -0.0182 -0.1135
vn 0.9794 -0.0170 -0.2013
vn 0.9460 -0.2535 -0.2019
vn 0.9596 -0.2573 -0.1140
vn 0.8619 0.4944 -0.1132
vn 0.8498 0.4874 -0.2006
vn 0.9460 0.2525 -0.2031
vn 0.9598 0.2563 -0.1143
vn 0.4993 0.8589 -0.1139
vn 0.4924 0.8467 -0.2014
vn 0.6944 0.6903 -0.2034
vn 0.7045 0.7004 -0.1146
vn 0.0031 0.9933 -0.1154
vn 0.0033 0.9792 -0.2029
vn 0.2565 0.9447 -0.2046
vn 0.2601 0.9586 -0.1157
vn -0.4938 0.8616 -0.1173
vn -0.4865 0.8494 -0.2047
vn -0.2500 0.9460 -0.2063
vn -0.2540 0.9600 -0.1175
vn -0.8583 0.4991 -0.1190
vn -0.8458 0.4920 -0.2064
vn -0.6893 0.6940 -0.2081
vn -0.6998 0.7043 -0.1193
vn -0.9928 0.0028 -0.1201
vn -0.9782 0.0028 -0.2075
vn -0.9437 0.2560 -0.2095
vn -0.9581 0.2598 -0.1208
vn -0.9645 -0.2555 -0.0665
vn -0.9980 0.0028 -0.0632
vn -0.8659 -0.4962 -0.0634
vn -0.7077 -0.7034 -0.0663
vn -0.4986 -0.8645 -0.0627
vn -0.2595 -0.9636 -0.0648
vn -0.0238 -0.9979 -0.0610
vn 0.2578 -0.9640 -0.0646
vn 0.5187 -0.8529 -0.0590
vn 0.7044 -0.7071 -0.0613
vn 0.8720 -0.4860 -0.0577
vn 0.9642 -0.2586 -0.0587
vn 0.9982 -0.0190 -0.0566
vn 0.9644 0.2575 -0.0595
vn 0.8661 0.4968 -0.0563
vn 0.7079 0.7038 -0.0596
vn 0.5017 0.8631 -0.0570
vn 0.2613 0.9633 -0.0608
vn 0.0030 0.9983 -0.0586
vn -0.2553 0.9648 -0.0626
vn -0.4965 0.8659 -0.0604
vn -0.7035 0.7078 -0.0644
vn -0.8629 0.5016 -0.0621
vn -0.9630 0.2611 -0.0659
vn 0.3838 0.0003 -0.9234
vn 0.0937 0.0011 -0.9956
vn 0.1001 0.0269 -0.9946
vn 0.3715 0.0990 -0.9231
vn 0.3334 0.1906 -0.9233
vn 0.0817 0.0462 -0.9956
vn 0.0744 0.0720 -0.9946
vn 0.2733 0.2701 -0.9232
vn 0.1935 0.3308 -0.9237
vn 0.0486 0.0798 -0.9956
vn 0.0293 0.0970 -0.9949
vn 0.1027 0.3689 -0.9238
vn 0.0095 0.3824 -0.9240
vn 0.0055 0.0895 -0.9960
vn -0.0241 0.1043 -0.9943
vn -0.0957 0.3712 -0.9236
vn -0.1925 0.3284 -0.9247
vn -0.0425 0.0766 -0.9962
vn -0.0668 0.0712 -0.9952
vn -0.2665 0.2702 -0.9252
vn -0.3280 0.1875 -0.9259
vn -0.0780 0.0465 -0.9959
vn -0.0870 0.0256 -0.9959
vn -0.3632 0.0997 -0.9264
vn -0.3769 0.0067 -0.9262
vn -0.0893 0.0032 -0.9960
vn -0.0933 -0.0243 -0.9953
vn -0.3653 -0.0966 -0.9259
vn -0.3270 -0.1883 -0.9261
vn -0.0749 -0.0436 -0.9962
vn -0.0676 -0.0693 -0.9953
vn -0.2670 -0.2677 -0.9258
vn -0.1880 -0.3280 -0.9258
vn -0.0420 -0.0768 -0.9962
vn -0.0228 -0.0953 -0.9952
vn -0.0964 -0.3667 -0.9253
vn 0.0022 -0.3795 -0.9252
vn 0.0031 -0.0890 -0.9960
vn 0.0290 -0.0954 -0.9950
vn 0.1009 -0.3672 -0.9246
vn 0.1927 -0.3290 -0.9245
vn 0.0483 -0.0770 -0.9959
vn 0.0739 -0.0696 -0.9948
vn 0.2720 -0.2690 -0.9239
vn 0.3324 -0.1900 -0.9238
vn 0.0814 -0.0440 -0.9957
vn 0.1000 -0.0248 -0.9947
vn 0.3711 -0.0983 -0.9234
vn -0.2462 0.0019 -0.9692
vn -0.2365 -0.0624 -0.9696
vn -0.2131 -0.1229 -0.9693
vn -0.1725 -0.1737 -0.9696
vn -0.1216 -0.2147 -0.9691
vn -0.0615 -0.2384 -0.9692
vn 0.0001 -0.2482 -0.9687
vn 0.0669 -0.2369 -0.9692
vn 0.1304 -0.2134 -0.9682
vn 0.1789 -0.1743 -0.9683
vn 0.2205 -0.1217 -0.9678
vn 0.2444 -0.0636 -0.9676
vn 0.2528 -0.0014 -0.9675
vn 0.2431 0.0651 -0.9678
vn 0.2196 0.1255 -0.9675
vn 0.1791 0.1762 -0.9679
vn 0.1285 0.2170 -0.9677
vn 0.0681 0.2407 -0.9682
vn 0.0039 0.2507 -0.9680
vn -0.0603 0.2410 -0.9686
vn -0.1209 0.2176 -0.9685
vn -0.1717 0.1771 -0.9691
vn -0.2125 0.1265 -0.9689
vn -0.2362 0.0660 -0.9695
vn 1.0000 0.0019 0.0061
vn 0.9999 -0.0005 0.0110
vn 1.0000 -0.0010 0.0061
vn 1.0000 -0.0003 0.0032
vn 0.0010 -0.8777 -0.4792
vn 0.0022 -0.6090 -0.7932
vn -0.0034 0.0105 0.9999
vn -0.0035 -0.2970 0.9549
vn -0.0009 0.8856 0.4645
vn -0.0024 0.5668 0.8239
vn 0.0034 0.4446 -0.8957
vn 0.0029 0.6966 -0.7174
vn 1.0000 -0.0077 -0.0051
vn 0.9999 -0.0009 -0.0111
vn 1.0000 -0.0004 0.0015
vn 1.0000 -0.0040 0.0040
vn 0.0027 -0.4306 -0.9025
vn 1.0000 -0.0007 0.0069
vn -0.0004 -0.9959 -0.0899
vn -0.0003 -0.9933 -0.1155
vn 0.0008 0.9996 -0.0293
vn 0.0006 0.9992 0.0392
vn 0.0001 0.9840 0.1780
vn 1.0000 0.0037 0.0045
vn -0.0015 -0.9705 0.2410
vn -0.0007 -1.0000 0.0021
vn 0.0010 0.9961 -0.0877
vn 1.0000 -0.0002 0.0003
vn -0.0003 -0.9928 -0.1201
vn 0.0017 0.9541 -0.2996
vn 1.0000 -0.0010 0.0032
vn 1.0000 0.0067 -0.0040
vn -0.0022 -0.8855 0.4647
vn 1.0000 -0.0033 0.0053
vn 0.0034 0.0013 -1.0000
vn 0.0033 0.5011 -0.8654
vn 0.0023 0.8667 -0.4989
vn 0.0026 -0.4989 -0.8667
vn 0.0029 0.7176 -0.6965
vn 0.0016 0.9644 -0.2645
vn 0.3177 0.6119 -0.7243
vn 0.2643 0.5704 -0.7777
vn 0.0027 0.7688 -0.6395
vn 0.0034 0.3179 -0.9481
vn 0.3599 0.2713 -0.8927
vn 0.4147 0.7003 -0.5811
vn 0.5562 -0.2623 -0.7885
vn 0.4861 -0.6923 -0.5333
vn 0.7772 -0.6004 -0.1884
vn 0.7320 -0.0983 -0.6742
vn 0.9500 0.2415 -0.1977
vn 0.9355 0.1300 -0.3286
vn 0.8778 -0.1173 0.4645
vn 0.8937 -0.3385 0.2945
vn -0.1121 0.9647 -0.2383
vn -0.0002 0.9569 -0.2904
vn -0.0001 0.9997 0.0241
vn -0.0001 0.9736 0.2282
vn -0.0785 0.9905 0.1130
vn -0.8788 0.4653 0.1059
vn 0.2527 -0.9669 -0.0358
vn -0.0016 -0.9644 0.2645
vn -0.0029 -0.7176 0.6965
vn 0.2894 -0.7711 0.5672
vn 0.3327 -0.3053 0.8922
vn -0.0034 -0.3058 0.9521
vn -0.0028 -0.7596 0.6504
vn 0.3550 -0.7101 0.6081
vn 0.3479 0.5836 -0.7337
vn 0.0031 0.6282 -0.7781
vn 0.9169 -0.2550 0.3070
vn 0.9145 0.2434 -0.3232
vn -0.9870 -0.1005 -0.1256
vn -0.9995 -0.0185 -0.0266
vn -1.0000 0.0055 0.0024
vn -0.0031 -0.6282 0.7781
vn 0.3456 -0.5882 0.7311
vn 0.0014 0.9819 -0.1893
vn 0.3617 0.9192 -0.1556
vn 0.4771 0.7201 -0.5038
vn 0.0009 0.9990 -0.0449
vn -0.5000 -0.5511 -0.6680
vn -0.5296 -0.5397 -0.6544
vn -0.5249 -0.5416 -0.6566
vn 0.9315 0.3550 -0.0794
vn 0.8877 -0.4552 0.0684
vn 0.8123 -0.5167 -0.2704
vn 0.8766 0.1552 -0.4555
vn 0.3420 -0.9197 0.1931
vn -0.0014 -0.9819 0.1893
vn -0.0009 -0.9990 0.0449
vn 0.3402 -0.9319 -0.1254
vn -0.5535 -0.5298 -0.6426
vn 0.4298 0.5995 -0.6752
vn 0.0031 0.6143 -0.7890
vn 0.8883 -0.1765 0.4241
vn 0.9444 0.2874 -0.1597
vn -0.9909 0.0879 0.1020
vn -0.0031 -0.6143 0.7890
vn 0.3759 -0.5277 0.7618
vn 0.0035 0.2755 -0.9613
vn 0.2580 0.2696 -0.9278
vn 0.3657 0.2664 -0.8918
vn 0.0035 0.2895 -0.9572
vn 0.9162 0.1087 -0.3857
vn 0.8694 0.1485 -0.4713
vn 0.9179 -0.1057 0.3824
vn 0.9196 -0.1065 0.3782
vn 0.3720 -0.2512 0.8936
vn -0.0035 -0.2703 0.9628
vn -0.0035 -0.2686 0.9632
vn 0.3666 -0.2472 0.8969
vn 0.0031 -0.2447 -0.9696
vn 0.5158 -0.2104 -0.8305
vn 0.4025 -0.0141 -0.9153
vn 0.0034 -0.0155 -0.9999
vn 0.9391 0.0144 -0.3434
vn 0.9918 -0.0058 -0.1280
vn 0.9409 0.0109 0.3386
vn 0.9079 -0.0379 0.4175
vn 0.3066 0.2190 0.9263
vn -0.0029 0.3529 0.9356
vn -0.0034 -0.1051 0.9945
vn 0.3645 -0.1013 0.9257
vn 0.9117 -0.0664 -0.4054
vn 0.5204 0.1970 0.8309
vn 0.3440 -0.1432 0.9280
vn 0.9154 -0.0716 0.3960
vn 0.8995 0.0629 -0.4324
vn 0.3462 0.1608 -0.9243
vn -0.0003 0.8165 -0.5773
vn 0.0029 0.6935 -0.7205
vn -0.0022 0.6334 0.7739
vn 0.0035 0.1629 -0.9866
vn -0.0035 -0.1623 0.9867
vn -1.0000 0.0034 -0.0007
vn -1.0000 0.0011 -0.0036
vn -1.0000 0.0004 -0.0007
vn -1.0000 0.0009 0.0042
vn -0.0034 -0.2970 0.9549
vn 0.0029 0.6966 -0.7175
vn -0.9999 -0.0062 -0.0119
vn -1.0000 -0.0025 -0.0028
vn -1.0000 0.0010 -0.0053
vn -0.9998 0.0005 -0.0179
vn -1.0000 0.0008 0.0001
vn -1.0000 0.0052 -0.0022
vn -1.0000 0.0012 -0.0065
vn -1.0000 0.0005 -0.0036
vn -0.9999 0.0081 -0.0107
vn -0.0015 -0.9705 0.2411
vn -1.0000 -0.0018 -0.0015
vn 0.5275 -0.8047 0.2725
vn 0.5230 -0.8214 -0.2276
vn 0.6309 -0.6273 -0.4565
vn 0.5704 -0.7370 0.3625
vn -1.0000 0.0062 0.0043
vn -1.0000 0.0061 0.0042
vn 0.1630 -0.9500 0.2664
vn -0.0017 -0.9532 0.3024
vn 0.0002 -0.9651 -0.2618
vn 0.1657 -0.9600 -0.2257
vn 0.1704 -0.7314 -0.6603
vn 0.0019 -0.7024 -0.7117
vn 0.0026 -0.4928 -0.8702
vn 0.3686 -0.6190 -0.6935
vn 0.0017 0.9574 -0.2889
vn 0.0017 0.9561 -0.2931
vn 0.2855 -0.7183 0.6345
vn -0.0031 -0.6101 0.7923
vn -0.0031 -0.6025 0.7981
vn 0.1695 -0.6410 0.7486
vn 0.4915 -0.5491 0.6760
vn 0.5303 -0.1029 0.8415
vn 0.2481 -0.7456 0.6185
vn 0.5711 -0.2807 -0.7714
vn 0.9188 0.3947 0.0036
vn 0.8570 0.4606 -0.2311
vn 0.9008 0.4245 -0.0918
vn 0.0033 0.5042 -0.8636
vn -0.0023 0.5775 0.8164
vn 0.0025 0.8299 -0.5579
vn -0.9998 0.0136 0.0148
vn -0.0025 -0.8299 0.5579
vn 0.8055 0.4827 -0.3438
vn -0.3608 0.5226 -0.7724
vn -0.4083 0.5601 -0.7208
vn 0.0031 0.6141 -0.7892
vn 0.0154 0.4888 -0.8723
vn -0.7553 0.5162 -0.4039
vn -0.8050 0.3634 -0.4689
vn -0.9593 0.2276 0.1674
vn -0.7659 -0.2651 0.5857
vn -0.8087 -0.3622 0.4635
vn -0.3831 -0.5639 0.7316
vn -0.4140 -0.5595 0.7180
vn -0.0141 -0.6407 0.7677
vn -0.0031 -0.6141 0.7892
vn 0.3678 -0.5352 0.7605
vn 0.4083 -0.5601 0.7208
vn 0.7625 -0.1967 0.6163
vn 0.8050 -0.3634 0.4689
vn 0.9569 0.2505 0.1473
vn 0.7538 0.4667 -0.4626
vn 0.8087 0.3622 -0.4635
vn 0.3740 0.4864 -0.7896
vn 0.4140 0.5595 -0.7180
vn -0.2189 0.4236 -0.8790
vn 0.0128 0.3985 -0.9171
vn -0.6256 0.4930 -0.6046
vn -0.9791 0.1652 0.1187
vn -0.6057 -0.2892 0.7412
vn -0.2435 -0.5114 0.8242
vn -0.0110 -0.5913 0.8064
vn 0.2242 -0.5511 0.8037
vn 0.6076 -0.3324 0.7213
vn 0.9805 0.1689 0.1003
vn 0.6288 0.5292 -0.5697
vn 0.2469 0.4699 -0.8475
vn -0.1981 0.4576 -0.8668
vn 0.0032 0.4701 -0.8826
vn -0.5595 0.3733 -0.7400
vn -0.9990 -0.0322 -0.0297
vn -0.5713 -0.4132 0.7091
vn -0.2058 -0.4797 0.8529
vn -0.0032 -0.4881 0.8728
vn 0.1996 -0.4808 0.8538
vn 0.5661 -0.4153 0.7121
vn 0.9992 -0.0338 -0.0222
vn 0.5653 0.3738 -0.7354
vn 0.2045 0.4581 -0.8651
vn -0.2076 0.4913 -0.8459
vn 0.0034 0.5059 -0.8626
vn -0.5789 0.3963 -0.7126
vn -0.9994 -0.0327 -0.0127
vn -0.5947 -0.4193 0.6860
vn -0.2091 -0.4704 0.8573
vn -0.0008 -0.4850 0.8745
vn 0.2105 -0.4864 0.8480
vn 0.5871 -0.4339 0.6834
vn 0.9982 -0.0546 -0.0261
vn 0.5870 0.3770 -0.7164
vn 0.2150 0.4856 -0.8473
vn -0.2270 0.5263 -0.8194
vn 0.0020 0.5313 -0.8472
vn -0.6109 0.4374 -0.6599
vn -0.9925 -0.0343 0.1175
vn -0.5633 -0.4444 0.6966
vn -0.2474 -0.5252 0.8142
vn 0.0136 -0.5391 0.8421
vn 0.2226 -0.5276 0.8198
vn 0.5991 -0.4337 0.6730
vn 0.9997 -0.0249 -0.0037
vn 0.6050 0.4025 -0.6870
vn 0.2286 0.5085 -0.8302
vn -0.1999 0.5734 -0.7945
vn 0.0049 0.5781 -0.8159
vn -0.5765 0.5102 -0.6383
vn -0.9955 0.0545 0.0774
vn -0.5581 -0.4471 0.6990
vn -0.2119 -0.5711 0.7931
vn -0.0022 -0.5967 0.8024
vn 0.1980 -0.5754 0.7936
vn 0.5577 -0.4577 0.6925
vn 0.9960 0.0522 0.0721
vn 0.5819 0.5122 -0.6317
vn 0.2093 0.5761 -0.7901
vn -0.1721 0.7803 -0.6013
vn 0.0037 0.7837 -0.6211
vn -0.5160 0.7107 -0.4781
vn -0.9942 -0.0463 0.0968
vn -0.5147 -0.6488 0.5605
vn -0.1794 -0.7654 0.6181
vn -0.0047 -0.7821 0.6231
vn 0.1707 -0.7619 0.6248
vn 0.5092 -0.6367 0.5791
vn 0.9913 -0.0008 0.1315
vn 0.5120 0.7211 -0.4668
vn 0.1779 0.7809 -0.5988
vn -0.1233 0.9430 -0.3092
vn 0.0022 0.9519 -0.3065
vn -0.4047 0.8720 -0.2755
vn -0.9980 -0.0202 0.0592
vn -0.4071 -0.8482 0.3389
vn -0.1262 -0.9292 0.3474
vn -0.0012 -0.9386 0.3450
vn 0.1235 -0.9312 0.3430
vn 0.4062 -0.8491 0.3376
vn 0.9960 -0.0122 0.0889
vn 0.4055 0.8815 -0.2419
vn 0.1269 0.9479 -0.2921
vn -0.1488 0.9784 -0.1436
vn 0.0001 0.9895 -0.1445
vn -0.4680 0.8734 -0.1347
vn -0.9996 -0.0266 0.0047
vn -0.4626 -0.8728 0.1552
vn -0.1495 -0.9714 0.1842
vn -0.0005 -0.9813 0.1924
vn 0.1485 -0.9703 0.1908
vn 0.4609 -0.8714 0.1682
vn 0.9993 -0.0338 0.0125
vn 0.4707 0.8707 -0.1425
vn 0.1495 0.9774 -0.1494
vn -0.1468 0.9890 -0.0155
vn 0.0005 0.9999 -0.0114
vn -0.4643 0.8853 -0.0262
vn -0.9985 -0.0433 -0.0329
vn -0.4533 -0.8914 -0.0006
vn -0.1463 -0.9892 0.0089
vn -0.0005 -0.9999 0.0101
vn 0.1452 -0.9894 0.0071
vn 0.4520 -0.8920 -0.0023
vn 0.9986 -0.0462 -0.0272
vn 0.4656 0.8848 -0.0182
vn 0.1479 0.9889 -0.0114
vn -0.1594 0.9832 0.0888
vn -0.0004 0.9954 0.0956
vn -0.4853 0.8726 0.0560
vn -0.9983 0.0044 -0.0583
vn -0.4857 -0.8677 -0.1064
vn -0.1588 -0.9827 -0.0948
vn 0.0003 -0.9959 -0.0902
vn 0.1593 -0.9828 -0.0932
vn 0.4854 -0.8683 -0.1021
vn 0.9987 -0.0015 -0.0519
vn 0.4863 0.8719 0.0579
vn 0.1590 0.9832 0.0892
vn -0.1762 0.9722 0.1542
vn -0.0009 0.9861 0.1663
vn -0.5183 0.8493 0.1004
vn -0.9970 -0.0038 -0.0779
vn -0.5183 -0.8356 -0.1821
vn -0.1743 -0.9691 -0.1744
vn 0.0008 -0.9854 -0.1701
vn 0.1759 -0.9688 -0.1749
vn 0.5192 -0.8351 -0.1817
vn 0.9973 -0.0100 -0.0724
vn 0.5196 0.8479 0.1052
vn 0.1750 0.9720 0.1570
vn -0.2261 0.8755 0.4270
vn -0.0035 0.8880 0.4599
vn -0.6053 0.7457 0.2784
vn -0.9907 -0.0069 -0.1358
vn -0.5866 -0.6870 -0.4289
vn -0.2161 -0.8615 -0.4595
vn 0.0035 -0.8891 -0.4576
vn 0.2224 -0.8581 -0.4629
vn 0.5882 -0.6852 -0.4295
vn 0.9913 -0.0207 -0.1298
vn 0.6065 0.7407 0.2891
vn 0.2207 0.8735 0.4339
vn -0.2844 0.5280 0.8002
vn -0.0046 0.5454 0.8382
vn -0.7036 0.4235 0.5705
vn -0.9859 0.0337 -0.1641
vn -0.6335 -0.3776 -0.6754
vn -0.2631 -0.5316 -0.8051
vn 0.0049 -0.5684 -0.8227
vn 0.2722 -0.5394 -0.7969
vn 0.6388 -0.3898 -0.6633
vn 0.9859 0.0270 -0.1652
vn 0.7037 0.4321 0.5639
vn 0.2778 0.5360 0.7972
vn -0.2468 0.2565 0.9345
vn -0.0028 0.2664 0.9639
vn -0.6384 0.2002 0.7432
vn -0.9997 -0.0045 -0.0248
vn -0.6247 -0.2094 -0.7522
vn -0.2394 -0.2592 -0.9357
vn 0.0029 -0.2667 -0.9638
vn 0.2452 -0.2602 -0.9339
vn 0.6297 -0.2115 -0.7475
vn 0.9998 -0.0065 -0.0169
vn 0.6336 0.2003 0.7473
vn 0.2413 0.2570 0.9358
vn -0.2392 0.0920 0.9666
vn -0.0031 0.0955 0.9954
vn -0.6318 0.0699 0.7720
vn -0.9990 -0.0073 -0.0442
vn -0.6061 -0.0785 -0.7915
vn -0.2286 -0.0926 -0.9691
vn 0.0032 -0.0940 -0.9956
vn 0.2348 -0.0922 -0.9677
vn 0.6112 -0.0781 -0.7876
vn 0.9993 -0.0081 -0.0368
vn 0.6264 0.0681 0.7765
vn 0.2331 0.0908 0.9682
vn -0.2362 -0.0719 0.9690
vn -0.0034 -0.0742 0.9972
vn -0.6232 -0.0577 0.7799
vn -0.9997 -0.0003 -0.0238
vn -0.6079 0.0598 -0.7917
vn -0.2275 0.0733 -0.9710
vn 0.0034 0.0751 -0.9972
vn 0.2342 0.0730 -0.9694
vn 0.6134 0.0589 -0.7876
vn 0.9999 -0.0018 -0.0171
vn 0.6178 -0.0586 0.7841
vn 0.2296 -0.0723 0.9706
vn -0.2385 -0.1512 0.9593
vn -0.0035 -0.1558 0.9878
vn -0.6247 -0.1215 0.7713
vn -0.9999 -0.0002 -0.0139
vn -0.6146 0.1236 -0.7791
vn -0.2309 0.1526 -0.9609
vn 0.0035 0.1567 -0.9876
vn 0.2376 0.1522 -0.9594
vn 0.6201 0.1227 -0.7749
vn 1.0000 -0.0016 -0.0071
vn 0.6193 -0.1224 0.7755
vn 0.2318 -0.1515 0.9609
vn -0.2391 -0.1731 0.9554
vn -0.0035 -0.1783 0.9840
vn -0.6237 -0.1393 0.7692
vn -1.0000 0.0009 -0.0015
vn -0.6191 0.1399 -0.7728
vn -0.2325 0.1732 -0.9570
vn 0.0035 0.1781 -0.9840
vn 0.2393 0.1729 -0.9554
vn 0.6245 0.1390 -0.7686
vn 1.0000 -0.0006 0.0053
vn 0.6182 -0.1402 0.7734
vn 0.2324 -0.1734 0.9570
vn -0.2362 -0.1248 0.9637
vn -0.0035 -0.1284 0.9917
vn -0.6168 -0.1007 0.7807
vn -0.9999 0.0021 0.0142
vn -0.6194 0.0999 -0.7787
vn -0.2310 0.1236 -0.9651
vn 0.0035 0.1271 -0.9919
vn 0.2378 0.1233 -0.9635
vn 0.6248 0.0990 -0.7744
vn 0.9998 0.0007 0.0210
vn 0.6113 -0.1016 0.7848
vn 0.2294 -0.1252 0.9652
vn -0.2372 -0.0794 0.9682
vn -0.0034 -0.0819 0.9966
vn -0.6297 -0.0633 0.7742
vn -0.9985 0.0050 -0.0551
vn -0.5986 0.0659 -0.7984
vn -0.2252 0.0799 -0.9710
vn 0.0034 0.0819 -0.9966
vn 0.2319 0.0795 -0.9695
vn 0.6041 0.0650 -0.7943
vn 0.9988 0.0035 -0.0483
vn 0.6243 -0.0642 0.7785
vn 0.2305 -0.0798 0.9698
vn -0.0015 0.7892 0.6141
vn -0.0000 0.9751 0.2218
vn 0.9614 -0.1159 0.2495
vn 0.8928 -0.1902 0.4082
vn -0.9633 -0.1145 0.2429
vn -0.8959 -0.1889 0.4021
vn -0.0034 -0.4238 0.9058
vn 0.0081 0.6176 0.7864
vn 0.0197 0.6756 0.7370
vn -0.0237 0.6757 0.7368
vn -0.0125 0.6176 0.7864
vn -0.2007 0.9649 -0.1695
vn -0.1485 0.9594 -0.2396
vn 0.1515 0.9592 -0.2386
vn 0.2032 0.9646 -0.1681
vn -0.1798 -0.6132 -0.7692
vn -0.1493 -0.3138 -0.9377
vn 0.1552 -0.3140 -0.9366
vn 0.1841 -0.6135 -0.7679
vn 0.9983 -0.0573 0.0133
vn 0.9986 -0.0508 0.0121
vn -0.9986 -0.0523 0.0059
vn -0.9982 -0.0592 0.0071
vn 0.0004 0.9961 0.0885
vn 0.0004 0.9961 0.0884
vn -0.1270 -0.7000 -0.7028
vn 0.1307 -0.7002 -0.7019
vn -0.7503 -0.2807 0.5986
vn 0.7458 -0.2818 0.6036
vn -0.0597 0.5445 0.8366
vn 0.0700 0.6740 0.7354
vn -0.0740 0.6741 0.7349
vn 0.0548 0.5444 0.8370
vn -0.6747 0.7267 -0.1294
vn -0.6934 0.7093 -0.1264
vn 0.7036 0.7003 -0.1203
vn 0.6844 0.7185 -0.1235
vn -0.2687 -0.5164 -0.8131
vn -0.2436 -0.1994 -0.9492
vn 0.2681 -0.1312 -0.9544
vn 0.1676 -0.1028 -0.9805
vn 0.0999 -0.1278 -0.9868
vn 0.1419 -0.1708 -0.9750
vn -0.2039 0.3840 0.9005
vn -0.3957 0.2117 0.8936
vn -0.1993 0.0591 0.9782
vn -0.1368 0.4071 0.9031
vn 0.1682 0.1378 0.9761
vn 0.0201 0.2981 0.9543
vn -0.4174 -0.6407 -0.6445
vn 0.2735 -0.5168 -0.8112
vn 0.4208 -0.6413 -0.6416
vn -0.0914 -0.1273 -0.9876
vn 0.9857 0.1667 -0.0260
vn 0.9831 0.1810 -0.0285
vn -0.9809 0.1911 -0.0366
vn -0.9838 0.1761 -0.0340
vn -0.0261 0.2982 0.9542
vn -0.1563 -0.1022 -0.9824
vn 0.2502 -0.1998 -0.9473
vn -0.1742 0.1378 0.9750
vn 0.4002 0.2103 0.8920
vn 0.1978 0.0580 0.9785
vn -0.1355 -0.1706 -0.9760
vn -0.2591 -0.1294 -0.9571
vn 0.2008 0.3828 0.9017
vn 0.1313 0.4069 0.9040
vn 0.0025 0.8279 -0.5609
vn -0.0034 -0.4110 0.9116
vn 0.0034 0.0463 -0.9989
vn 0.0035 0.2581 -0.9661
vn 0.0035 0.2580 -0.9661
vn -0.0035 -0.1691 0.9856
vn -0.0034 -0.3173 0.9483
vn 0.0032 0.5788 -0.8155
vn -0.0032 -0.5863 0.8101
vn 0.9269 -0.3253 -0.1871
vn 0.8748 -0.3387 -0.3464
vn 0.8170 -0.2773 -0.5056
vn 0.7093 -0.0849 -0.6998
vn 0.7186 0.0004 -0.6954
vn 0.9999 -0.0007 0.0164
vn 0.9818 -0.1896 0.0095
vn 0.9648 -0.2583 -0.0498
vn -0.8253 -0.2663 -0.4980
vn -0.8914 -0.3131 -0.3277
vn -0.9457 -0.2818 -0.1620
vn -0.9738 -0.2268 -0.0141
vn -0.9821 -0.1882 0.0031
vn -1.0000 0.0007 0.0099
vn -0.7140 0.0014 -0.7001
vn -0.7059 -0.0790 -0.7039
vn 0.2026 -0.9787 -0.0339
vn -0.0006 -0.9993 -0.0375
vn -0.0003 -0.9906 -0.1371
vn 0.2002 -0.9706 -0.1335
vn 0.4043 0.9035 0.1423
vn -0.0025 0.9875 0.1577
vn -0.0023 0.9767 0.2147
vn 0.3560 0.9091 0.2164
vn 0.7271 0.2984 -0.6183
vn 0.4019 0.3995 -0.8240
vn 0.9561 0.1079 -0.2723
vn 0.9507 0.2956 -0.0940
vn -0.9774 -0.2103 -0.0195
vn -0.9795 -0.2014 -0.0034
vn 0.2014 -0.9795 0.0005
vn 0.1994 -0.9774 -0.0705
vn 0.9236 0.3831 0.0157
vn -0.9496 0.2970 -0.1005
vn -0.9231 0.3845 0.0096
vn 0.1505 -0.1312 -0.9799
vn 0.1598 -0.1559 -0.9748
vn 0.1151 -0.1900 -0.9750
vn 0.0495 -0.2228 -0.9736
vn 0.0032 -0.2061 -0.9785
vn -0.9644 0.1482 0.2188
vn -0.9926 0.1205 -0.0159
vn -0.9994 0.0008 -0.0344
vn -0.9939 0.0006 0.1106
vn -0.9732 -0.2000 -0.1135
vn -0.9676 -0.1804 0.1764
vn -0.2038 -0.9784 -0.0352
vn -0.2003 -0.9771 -0.0718
vn -0.7226 0.2995 -0.6231
vn -0.3958 0.4002 -0.8265
vn 1.0000 -0.0007 -0.0074
vn 0.9998 -0.0007 -0.0183
vn -0.9999 0.0007 -0.0147
vn 0.2970 0.9549 0.0019
vn 0.0113 0.9999 -0.0002
vn 0.0108 0.9999 -0.0013
vn 0.2567 0.9665 -0.0034
vn -0.0037 0.2925 0.9563
vn -0.1082 0.2667 0.9577
vn -0.1804 0.2222 0.9582
vn -0.2311 0.1672 0.9585
vn -0.2604 0.1100 0.9592
vn -0.2858 0.0426 0.9573
vn -0.2803 -0.0576 0.9582
vn -0.2583 -0.1354 0.9565
vn -0.2274 -0.2013 0.9528
vn -0.1738 -0.2591 0.9501
vn -0.0768 -0.3187 0.9447
vn -0.0034 -0.2968 0.9549
vn 0.0700 -0.3189 0.9452
vn 0.1670 -0.2594 0.9512
vn 0.2207 -0.2018 0.9542
vn 0.2517 -0.1359 0.9582
vn 0.2735 -0.0583 0.9601
vn 0.2792 0.0426 0.9593
vn 0.2541 0.1097 0.9609
vn 0.2249 0.1670 0.9600
vn 0.1743 0.2220 0.9594
vn 0.1016 0.2671 0.9583
vn -0.2604 0.9044 -0.3379
vn -0.2778 0.9587 0.0609
vn -0.0013 0.9979 0.0644
vn -0.0001 0.9435 -0.3314
vn -0.2284 -0.9719 -0.0562
vn -0.1866 -0.9112 -0.3672
vn 0.0006 -0.9300 -0.3676
vn -0.0005 -0.9979 -0.0644
vn -0.0432 -0.2227 -0.9739
vn -0.1088 -0.1898 -0.9758
vn -0.1535 -0.1557 -0.9758
vn -0.1395 -0.1322 -0.9813
vn -0.2792 0.9602 0.0003
vn -0.2791 0.9602 -0.0029
vn 0.0103 0.9999 0.0013
vn -0.9541 0.1094 -0.2788
vn -0.9790 0.2038 0.0099
vn -0.9105 0.1917 -0.3663
vn 0.9661 -0.1822 0.1827
vn 0.9737 -0.2014 -0.1068
vn 0.9996 -0.0007 -0.0277
vn 0.9996 -0.0007 -0.0276
vn 0.9928 0.1194 -0.0088
vn 0.9632 0.1475 0.2248
vn 0.0023 0.4287 -0.9034
vn 0.1193 0.4034 -0.9072
vn 0.2137 0.3611 -0.9077
vn 0.2969 0.2961 -0.9078
vn 0.3583 0.2105 -0.9096
vn 0.6160 0.3648 -0.6982
vn 0.4145 0.0883 -0.9057
vn -0.6108 0.3658 -0.7023
vn -0.4083 0.0888 -0.9085
vn -0.3518 0.2110 -0.9120
vn -0.2904 0.2965 -0.9098
vn -0.2070 0.3614 -0.9091
vn -0.1130 0.4032 -0.9081
vn 0.2736 0.9522 0.1361
vn -0.0016 0.9901 0.1402
vn -0.0020 0.9618 0.2737
vn 0.2714 0.9219 0.2764
vn 0.9217 -0.0010 0.3880
vn 0.9217 -0.0008 0.3878
vn 0.9739 -0.0010 0.2272
vn 0.9738 -0.0010 0.2272
vn -0.9672 -0.1723 0.1865
vn -0.9403 -0.1839 0.2865
vn -0.9244 0.0006 0.3813
vn -0.9754 0.0004 0.2205
vn 0.1791 -0.8648 -0.4692
vn 0.0012 -0.8522 -0.5233
vn -0.0000 -0.9771 -0.2130
vn 0.2319 -0.9607 -0.1525
vn 0.9792 -0.2028 0.0033
vn 0.9657 -0.1737 0.1932
vn -0.2736 0.9219 0.2745
vn -0.2935 0.8542 0.4292
vn -0.0027 0.9061 0.4231
vn -0.2028 -0.9792 -0.0009
vn -0.2323 -0.9604 -0.1540
vn -0.9244 0.0003 0.3815
vn -0.8865 0.1534 0.4365
vn -0.9497 0.1881 0.2503
vn 0.9772 0.2095 0.0346
vn 0.9482 0.1867 0.2569
vn 0.3698 0.8383 0.4007
vn -0.0033 0.9046 0.4263
vn 0.9783 -0.2045 -0.0334
vn 0.9986 -0.0006 0.0529
vn -0.9989 0.0005 0.0459
vn -0.9989 0.0008 0.0461
vn -0.1813 -0.9114 -0.3694
vn 0.0006 -0.9244 -0.3815
vn 0.9986 -0.0009 0.0527
vn 0.9858 0.1269 0.1098
vn 0.2275 -0.9723 -0.0545
vn 0.1877 -0.9115 -0.3659
vn -0.3582 0.9087 0.2145
vn -0.4062 0.9032 0.1385
vn 0.9772 -0.2117 -0.0129
vn -0.2007 -0.9703 -0.1348
vn -0.9997 0.0008 -0.0260
vn 0.2989 0.9543 0.0023
vn -0.2426 0.9701 -0.0000
vn 0.6085 0.7629 0.2185
vn 0.6698 0.7343 0.1099
vn 0.7861 0.5775 0.2206
vn 0.8403 0.5373 0.0717
vn -0.2749 0.9521 0.1341
vn -0.4998 0.8578 0.1203
vn -0.4949 0.8217 0.2825
vn -0.7007 0.7066 0.0985
vn -0.6863 0.6674 0.2889
vn -0.8616 0.5066 0.0298
vn -0.8042 0.4748 -0.3576
vn -0.7057 0.7072 0.0433
vn -0.6607 0.6647 -0.3489
vn 0.9368 0.3480 0.0352
vn 0.8958 0.3846 0.2227
vn 0.2770 0.9588 0.0628
vn 0.5053 0.8611 0.0573
vn 0.4765 0.8110 -0.3393
vn 0.2626 0.9046 -0.3359
vn 0.7064 0.7062 0.0480
vn 0.6640 0.6637 -0.3444
vn -0.3736 0.8380 0.3978
vn -0.6291 0.6976 0.3429
vn -0.6696 0.7354 0.1041
vn -0.8068 0.5238 0.2734
vn -0.8401 0.5386 0.0648
vn -0.7923 0.3871 0.4716
vn -0.8326 0.4747 0.2854
vn -0.6780 0.5668 0.4680
vn 0.8582 0.5076 0.0760
vn 0.8313 0.4735 0.2912
vn 0.7011 0.7056 0.1032
vn 0.6853 0.6664 0.2936
vn 0.2899 0.8544 0.4313
vn 0.5102 0.7308 0.4534
vn 0.4942 0.8210 0.2859
vn 0.6756 0.5657 0.4728
vn 0.9152 0.3459 0.2067
vn 0.8057 0.5226 0.2788
vn -0.6087 0.7636 0.2151
vn -0.7866 0.5785 0.2160
vn -0.8966 0.3858 0.2174
vn -0.9366 0.3493 0.0279
vn 0.9728 -0.0004 0.2316
vn 0.9728 -0.0007 0.2315
vn -0.9723 -0.2205 0.0771
vn -0.9783 -0.2031 -0.0400
vn -0.9744 0.0010 0.2249
vn 0.1825 -0.9116 -0.3682
vn 0.0011 -0.8612 -0.5083
vn 0.1763 -0.8657 -0.4685
vn -0.3323 0.8098 0.4834
vn -0.0033 0.8678 0.4970
vn -0.9744 0.0007 0.2247
vn -0.9864 0.1284 0.1031
vn -0.9459 0.1354 0.2949
vn 0.3280 0.8101 0.4860
vn 0.9380 -0.1852 0.2931
vn 0.9715 -0.2219 0.0839
vn -0.1743 -0.8655 -0.4697
vn -0.1771 -0.8644 -0.4706
vn 0.8837 0.1521 0.4427
vn 0.9440 0.1341 0.3014
vn -0.5123 0.7316 0.4498
vn -0.5682 0.6823 0.4600
vn -0.7406 0.5207 0.4248
vn -0.9161 0.3472 0.2005
vn -0.8561 0.3516 0.3786
vn 0.6278 0.6967 0.3471
vn 0.5661 0.6814 0.4639
vn 0.7384 0.5196 0.4299
vn 0.7896 0.3859 0.4772
vn 0.8540 0.3504 0.3845
vn 0.8657 -0.5005 -0.0045
vn 0.8532 -0.5010 -0.1453
vn 0.7106 -0.7035 -0.0148
vn 0.7001 -0.7008 -0.1364
vn -0.8424 -0.5239 -0.1259
vn -0.8664 -0.4993 -0.0102
vn -0.7003 -0.6999 -0.1409
vn -0.7115 -0.7024 -0.0195
vn 0.5011 -0.8553 -0.1317
vn 0.5081 -0.8609 -0.0242
vn -0.8630 -0.5052 -0.0030
vn -0.8690 -0.4844 0.1014
vn -0.7076 -0.7066 -0.0026
vn -0.7244 -0.6889 0.0235
vn 0.5052 -0.8630 0.0015
vn 0.5240 -0.8498 -0.0578
vn 0.7066 -0.7076 0.0022
vn 0.7233 -0.6900 0.0285
vn 0.8849 -0.4563 0.0933
vn 0.8418 -0.4935 -0.2186
vn 0.7516 -0.6590 0.0283
vn 0.6777 -0.6769 -0.2873
vn -0.5028 -0.8619 -0.0649
vn -0.5092 -0.8602 -0.0275
vn -0.7035 -0.7086 -0.0546
vn 0.5020 -0.8627 -0.0615
vn 0.7028 -0.7096 -0.0498
vn -0.5576 -0.8296 -0.0287
vn -0.4758 -0.8116 -0.3391
vn -0.7527 -0.6580 0.0229
vn -0.6767 -0.6759 -0.2920
vn -0.8650 -0.4994 0.0490
vn -0.7030 -0.6968 -0.1424
vn 0.4825 -0.8203 -0.3071
vn 0.7030 -0.6979 -0.1373
vn 0.8623 -0.5065 0.0028
vn 0.8593 -0.5103 -0.0348
vn -0.5065 -0.8623 -0.0019
vn 0.8495 -0.5016 -0.1634
vn 0.6823 -0.6872 -0.2495
vn -0.4762 -0.8197 -0.3183
vn -0.6817 -0.6862 -0.2539
vn -0.8410 -0.4923 -0.2244
vn -0.8862 -0.4551 0.0870
vn 0.4769 -0.8123 -0.3358
vn 0.5566 -0.8304 -0.0247
vn -0.8598 -0.5090 -0.0407
vn -0.5015 -0.8546 -0.1349
vn -0.8508 -0.5109 -0.1228
vn -0.8492 -0.5004 -0.1689
vn -0.6752 -0.6875 -0.2675
vn 0.4646 -0.8024 -0.3747
vn 0.4771 -0.8204 -0.3152
vn 0.6759 -0.6885 -0.2629
vn 0.8509 -0.5122 -0.1170
vn 0.8639 -0.5007 0.0551
vn -0.4632 -0.8017 -0.3778
vn -0.4815 -0.8195 -0.3108
vn 0.8675 -0.4856 0.1074
vn -0.5248 -0.8490 -0.0614
vn 0.0009 -0.8881 -0.4597
vn 0.1809 -0.8703 -0.4581
vn 0.0018 -0.7314 -0.6820
vn 0.1506 -0.7186 -0.6790
vn 0.3985 -0.3460 -0.8494
vn 0.5824 -0.4570 -0.6723
vn 0.3739 -0.3711 -0.8500
vn 0.5202 -0.5186 -0.6786
vn 0.2689 -0.4537 -0.8496
vn 0.3738 -0.6342 -0.6768
vn 0.1092 -0.5147 -0.8504
vn 0.0025 -0.5207 -0.8538
vn -0.1042 -0.5146 -0.8511
vn -0.1470 -0.7184 -0.6800
vn -0.2638 -0.4534 -0.8514
vn -0.3702 -0.6337 -0.6793
vn -0.3687 -0.3706 -0.8525
vn -0.5164 -0.5179 -0.6820
vn -0.3822 -0.3571 -0.8523
vn -0.5585 -0.4798 -0.6767
vn -0.1790 -0.8701 -0.4593
vn 0.7409 -0.5018 -0.4464
vn 0.6287 -0.6282 -0.4584
vn -0.7134 -0.5369 -0.4504
vn -0.6266 -0.6273 -0.4624
vn 0.4512 -0.7678 -0.4549
vn -0.4492 -0.7672 -0.4578
vn -0.9771 0.2109 0.0279
vn 0.9792 0.2024 0.0165
vn -0.5044 0.8618 0.0539
vn -0.8580 0.5089 0.0701
vn 0.5002 0.8570 0.1237
vn 0.8622 0.5054 0.0356
vn 0.9133 0.1904 -0.3601
vn -0.4730 0.8117 -0.3425
vn 0.8073 0.4736 -0.3521
vn -0.0035 0.7339 0.6793
vn 0.2649 0.6821 0.6816
vn -0.7241 -0.1455 0.6742
vn -0.7237 0.1111 0.6811
vn -0.2701 0.6817 0.6799
vn -0.4575 0.5724 0.6805
vn -0.5903 0.4333 0.6811
vn -0.6717 0.2884 0.6824
vn -0.6837 -0.3578 0.6361
vn -0.5969 -0.5297 0.6026
vn -0.4533 -0.6810 0.5751
vn -0.1898 -0.8098 0.5551
vn -0.0024 -0.8239 0.5667
vn 0.1850 -0.8101 0.5563
vn 0.4484 -0.6818 0.5780
vn 0.5921 -0.5307 0.6064
vn 0.6789 -0.3589 0.6405
vn 0.7193 -0.1473 0.6789
vn 0.7191 0.1107 0.6860
vn 0.6675 0.2875 0.6869
vn 0.5863 0.4325 0.6849
vn 0.4538 0.5718 0.6835
vn 0.7076 0.7065 0.0125
vn -0.7066 0.7076 0.0078
vt 0.420360 0.033961
vt 0.428499 0.034075
vt 0.435488 0.037722
vt 0.439446 0.043924
vt 0.439315 0.051019
vt 0.435128 0.057106
vt 0.428012 0.060554
vt 0.419866 0.060440
vt 0.412875 0.056793
vt 0.408911 0.050591
vt 0.409047 0.043496
vt 0.413240 0.037409
vt 0.996577 0.003290
vt 0.996615 0.006670
vt 0.937168 0.006722
vt 0.938297 0.003340
vt 0.998143 0.015873
vt 0.937200 0.015926
vt 0.998160 0.028433
vt 0.937217 0.028486
vt 0.998158 0.040985
vt 0.937215 0.041038
vt 0.998137 0.050165
vt 0.937194 0.050218
vt 0.998104 0.053513
vt 0.937161 0.053566
vt 0.436237 0.511251
vt 0.439764 0.491888
vt 0.519265 0.492255
vt 0.519214 0.511634
vt 0.439806 0.477715
vt 0.515982 0.478066
vt 0.350230 0.503176
vt 0.360103 0.485924
vt 0.377519 0.475774
vt 0.397823 0.475454
vt 0.415574 0.485047
vt 0.426012 0.501983
vt 0.426340 0.521722
vt 0.416471 0.538976
vt 0.399048 0.549122
vt 0.378740 0.549441
vt 0.360989 0.539847
vt 0.350551 0.522912
vt 0.172350 0.032073
vt 0.181439 0.018012
vt 0.188099 0.023561
vt 0.181342 0.034012
vt 0.197473 0.009741
vt 0.200016 0.017412
vt 0.216159 0.009478
vt 0.213911 0.017218
vt 0.232506 0.017299
vt 0.226058 0.023030
vt 0.242115 0.031101
vt 0.233202 0.033289
vt 0.242417 0.047188
vt 0.233426 0.045248
vt 0.233332 0.061250
vt 0.226672 0.055701
vt 0.217293 0.069518
vt 0.214749 0.061848
vt 0.198598 0.069778
vt 0.200852 0.062041
vt 0.182257 0.061960
vt 0.188705 0.056229
vt 0.172635 0.048152
vt 0.181562 0.045969
vt 0.477740 0.454290
vt 0.485023 0.454652
vt 0.485019 0.458976
vt 0.477736 0.458614
vt 0.490350 0.453948
vt 0.490346 0.458272
vt 0.502195 0.411836
vt 0.509490 0.411759
vt 0.509315 0.416081
vt 0.502020 0.416158
vt 0.516769 0.411937
vt 0.516594 0.416258
vt 0.512690 0.475775
vt 0.507350 0.475792
vt 0.507346 0.471468
vt 0.512686 0.471451
vt 0.500062 0.475801
vt 0.500058 0.471477
vt 0.492779 0.475800
vt 0.492775 0.471476
vt 0.487453 0.475789
vt 0.487449 0.471465
vt 0.533089 0.475830
vt 0.525801 0.475812
vt 0.525820 0.471488
vt 0.533108 0.471506
vt 0.518518 0.475792
vt 0.518537 0.471468
vt 0.513192 0.475775
vt 0.513210 0.471451
vt 0.470453 0.453694
vt 0.470448 0.458018
vt 0.535467 0.772946
vt 0.533790 0.760787
vt 0.539263 0.760765
vt 0.540940 0.772924
vt 0.518574 0.513092
vt 0.515809 0.527315
vt 0.508064 0.527351
vt 0.510829 0.513128
vt 0.514296 0.546715
vt 0.506528 0.536568
vt 0.434945 0.547081
vt 0.442666 0.536863
vt 0.432832 0.527698
vt 0.440577 0.527662
vt 0.431509 0.513493
vt 0.439254 0.513458
vt 0.595313 0.760543
vt 0.594877 0.772710
vt 0.589404 0.772731
vt 0.589840 0.760564
vt 0.591776 0.784896
vt 0.586290 0.778526
vt 0.537947 0.785110
vt 0.543407 0.778696
vt 0.740576 0.137067
vt 0.740576 0.146679
vt 0.723777 0.146679
vt 0.723777 0.137067
vt 0.740576 0.153957
vt 0.723777 0.153957
vt 0.740576 0.161954
vt 0.723777 0.161954
vt 0.442616 0.519116
vt 0.506478 0.518821
vt 0.740616 0.161939
vt 0.740616 0.153962
vt 0.723763 0.153962
vt 0.723763 0.161939
vt 0.740616 0.146654
vt 0.723763 0.146654
vt 0.740616 0.137056
vt 0.723763 0.137056
vt 0.740616 0.129546
vt 0.723763 0.129546
vt 0.520245 0.509876
vt 0.580931 0.510156
vt 0.580832 0.544559
vt 0.520146 0.544279
vt 0.740576 0.129543
vt 0.723777 0.129543
vt 0.710928 0.146679
vt 0.710928 0.137067
vt 0.710928 0.153957
vt 0.710928 0.161954
vt 0.299452 0.548096
vt 0.320014 0.552257
vt 0.320080 0.615615
vt 0.299527 0.619833
vt 0.710788 0.153962
vt 0.710788 0.161939
vt 0.710788 0.146654
vt 0.710788 0.137056
vt 0.710788 0.129546
vt 0.187610 0.615424
vt 0.228749 0.619878
vt 0.228695 0.682415
vt 0.187547 0.686703
vt 0.710928 0.129543
vt 0.697903 0.146679
vt 0.689766 0.146679
vt 0.689766 0.137067
vt 0.697903 0.137067
vt 0.697903 0.153957
vt 0.689766 0.153957
vt 0.697903 0.161954
vt 0.689766 0.161954
vt 0.344786 0.556694
vt 0.359330 0.557658
vt 0.359385 0.610191
vt 0.344843 0.611160
vt 0.697840 0.153962
vt 0.689678 0.153962
vt 0.689678 0.161939
vt 0.697840 0.161939
vt 0.697840 0.146654
vt 0.689678 0.146654
vt 0.697840 0.137056
vt 0.689678 0.137056
vt 0.697840 0.129546
vt 0.689678 0.129546
vt 0.275594 0.624571
vt 0.293806 0.625268
vt 0.293761 0.677093
vt 0.275548 0.677791
vt 0.689766 0.129543
vt 0.697903 0.129543
vt 0.670097 0.146679
vt 0.662733 0.146679
vt 0.662733 0.137067
vt 0.670097 0.137067
vt 0.670097 0.153957
vt 0.662733 0.153957
vt 0.670097 0.161954
vt 0.662733 0.161954
vt 0.400051 0.554032
vt 0.406211 0.553909
vt 0.406962 0.614685
vt 0.400800 0.614656
vt 0.669994 0.153962
vt 0.662694 0.153962
vt 0.662694 0.161939
vt 0.669994 0.161939
vt 0.669994 0.146654
vt 0.662694 0.146654
vt 0.669994 0.137056
vt 0.662694 0.137056
vt 0.669994 0.129546
vt 0.662694 0.129546
vt 0.348690 0.622730
vt 0.368117 0.622560
vt 0.368335 0.676024
vt 0.348907 0.675950
vt 0.662733 0.129543
vt 0.670097 0.129543
vt 0.643108 0.137067
vt 0.643108 0.146679
vt 0.623099 0.146679
vt 0.623099 0.137067
vt 0.643108 0.153957
vt 0.623099 0.153957
vt 0.643108 0.161954
vt 0.623099 0.161954
vt 0.429720 0.614441
vt 0.428971 0.553817
vt 0.499694 0.554687
vt 0.500408 0.612510
vt 0.643063 0.161939
vt 0.643063 0.153962
vt 0.623018 0.153962
vt 0.623018 0.161939
vt 0.643063 0.146654
vt 0.623018 0.146654
vt 0.643063 0.137056
vt 0.623018 0.137056
vt 0.643063 0.129546
vt 0.623018 0.129546
vt 0.435803 0.675719
vt 0.435586 0.622499
vt 0.511887 0.623610
vt 0.512093 0.674199
vt 0.643108 0.129543
vt 0.623099 0.129543
vt 0.603074 0.146679
vt 0.603074 0.137067
vt 0.603074 0.153957
vt 0.603074 0.161954
vt 0.517370 0.554612
vt 0.518083 0.612332
vt 0.603026 0.153962
vt 0.603026 0.161939
vt 0.603026 0.146654
vt 0.603026 0.137056
vt 0.603026 0.129546
vt 0.519149 0.623607
vt 0.519356 0.674156
vt 0.603074 0.129543
vt 0.597089 0.137067
vt 0.597089 0.146679
vt 0.591438 0.146679
vt 0.591438 0.137067
vt 0.597089 0.153957
vt 0.591438 0.153957
vt 0.597089 0.161954
vt 0.591438 0.161954
vt 0.535149 0.554432
vt 0.549210 0.554322
vt 0.549925 0.612145
vt 0.535863 0.612255
vt 0.597063 0.153962
vt 0.591393 0.153962
vt 0.591393 0.161939
vt 0.597063 0.161939
vt 0.597063 0.146654
vt 0.591393 0.146654
vt 0.597063 0.137056
vt 0.591393 0.137056
vt 0.597063 0.129546
vt 0.591393 0.129546
vt 0.526655 0.623564
vt 0.534153 0.623545
vt 0.534359 0.674134
vt 0.526861 0.674153
vt 0.591438 0.129543
vt 0.597089 0.129543
vt 0.583742 0.137067
vt 0.583742 0.146679
vt 0.580173 0.146679
vt 0.580173 0.137067
vt 0.583742 0.153957
vt 0.580173 0.153957
vt 0.583742 0.161954
vt 0.580173 0.161954
vt 0.566939 0.553391
vt 0.581481 0.553422
vt 0.581525 0.611247
vt 0.566983 0.611217
vt 0.583711 0.153962
vt 0.580179 0.153962
vt 0.580179 0.161939
vt 0.583711 0.161939
vt 0.583711 0.146654
vt 0.580179 0.146654
vt 0.583711 0.137056
vt 0.580179 0.137056
vt 0.583711 0.129546
vt 0.580179 0.129546
vt 0.526813 0.404450
vt 0.529598 0.404448
vt 0.529576 0.427492
vt 0.526792 0.427494
vt 0.580173 0.129543
vt 0.583742 0.129543
vt 0.565406 0.137067
vt 0.565406 0.146679
vt 0.559340 0.146679
vt 0.559340 0.137067
vt 0.565406 0.153957
vt 0.559340 0.153957
vt 0.565406 0.161954
vt 0.559340 0.161954
vt 0.626280 0.553450
vt 0.650954 0.552106
vt 0.651074 0.612872
vt 0.626324 0.611275
vt 0.565423 0.153962
vt 0.559331 0.153962
vt 0.559331 0.161939
vt 0.565423 0.161939
vt 0.565423 0.146654
vt 0.559331 0.146654
vt 0.565423 0.137056
vt 0.559331 0.137056
vt 0.565423 0.129546
vt 0.559331 0.129546
vt 0.537093 0.404452
vt 0.542075 0.404203
vt 0.542035 0.427662
vt 0.537071 0.427496
vt 0.565406 0.129543
vt 0.559340 0.129543
vt 0.550391 0.153957
vt 0.533813 0.153957
vt 0.533813 0.146679
vt 0.550391 0.146679
vt 0.550391 0.161954
vt 0.533813 0.161954
vt 0.550410 0.153962
vt 0.533747 0.153962
vt 0.533747 0.161939
vt 0.550410 0.161939
vt 0.550410 0.146654
vt 0.533747 0.146654
vt 0.550410 0.137056
vt 0.550410 0.129546
vt 0.534072 0.129546
vt 0.534072 0.137056
vt 0.656865 0.510384
vt 0.691388 0.510547
vt 0.680515 0.544554
vt 0.663890 0.544476
vt 0.550391 0.129543
vt 0.550391 0.137067
vt 0.534072 0.137067
vt 0.534072 0.129543
vt 0.538493 0.438698
vt 0.538489 0.443592
vt 0.536506 0.443681
vt 0.536511 0.438675
vt 0.652773 0.477454
vt 0.687160 0.477925
vt 0.678275 0.499004
vt 0.658820 0.498912
vt 0.361892 0.397995
vt 0.362055 0.438058
vt 0.335479 0.439202
vt 0.335309 0.397279
vt 0.321603 0.436669
vt 0.321484 0.407494
vt 0.329226 0.398795
vt 0.679428 0.551914
vt 0.700155 0.551817
vt 0.711736 0.597289
vt 0.670882 0.597481
vt 0.528655 0.785927
vt 0.528594 0.763841
vt 0.533531 0.765941
vt 0.533579 0.783656
vt 0.569865 0.146679
vt 0.569865 0.137067
vt 0.574828 0.137067
vt 0.574828 0.146679
vt 0.569865 0.153957
vt 0.574828 0.153957
vt 0.569865 0.161954
vt 0.574828 0.161954
vt 0.611543 0.553457
vt 0.611587 0.611282
vt 0.597014 0.611268
vt 0.596970 0.553442
vt 0.574913 0.153962
vt 0.569791 0.153962
vt 0.569791 0.161939
vt 0.574913 0.161939
vt 0.574913 0.146654
vt 0.569791 0.146654
vt 0.574913 0.137056
vt 0.569791 0.137056
vt 0.569791 0.129546
vt 0.574913 0.129546
vt 0.534918 0.404449
vt 0.534897 0.427494
vt 0.532486 0.427493
vt 0.532507 0.404449
vt 0.569865 0.129543
vt 0.574828 0.129543
vt 0.260599 0.383557
vt 0.260911 0.459893
vt 0.228393 0.462190
vt 0.227908 0.381971
vt 0.656673 0.499392
vt 0.691816 0.499599
vt 0.586845 0.146679
vt 0.586845 0.137067
vt 0.586845 0.153957
vt 0.586845 0.161954
vt 0.556028 0.554269
vt 0.556742 0.612092
vt 0.586794 0.153962
vt 0.586794 0.161939
vt 0.586794 0.146654
vt 0.586794 0.137056
vt 0.586794 0.129546
vt 0.538142 0.623535
vt 0.538348 0.674124
vt 0.586845 0.129543
vt 0.542336 0.623526
vt 0.542543 0.674115
vt 0.656250 0.146679
vt 0.649661 0.146679
vt 0.649661 0.137067
vt 0.656250 0.137067
vt 0.656250 0.153957
vt 0.649661 0.153957
vt 0.649661 0.161954
vt 0.656250 0.161954
vt 0.421339 0.553827
vt 0.422089 0.614544
vt 0.414191 0.614597
vt 0.413441 0.553890
vt 0.656200 0.153962
vt 0.649671 0.153962
vt 0.649671 0.161939
vt 0.656200 0.161939
vt 0.649671 0.146654
vt 0.656200 0.146654
vt 0.649671 0.137056
vt 0.656200 0.137056
vt 0.649671 0.129546
vt 0.656200 0.129546
vt 0.412998 0.622439
vt 0.413217 0.675903
vt 0.390131 0.675955
vt 0.389913 0.622513
vt 0.649661 0.129543
vt 0.656250 0.129543
vt 0.683373 0.146679
vt 0.676770 0.146679
vt 0.676770 0.137067
vt 0.683373 0.137067
vt 0.683373 0.153957
vt 0.676770 0.153957
vt 0.676770 0.161954
vt 0.683373 0.161954
vt 0.386118 0.557256
vt 0.386173 0.610616
vt 0.373503 0.610247
vt 0.373448 0.557606
vt 0.683278 0.153962
vt 0.676748 0.153962
vt 0.676748 0.161939
vt 0.683278 0.161939
vt 0.676748 0.146654
vt 0.683278 0.146654
vt 0.676748 0.137056
vt 0.683278 0.137056
vt 0.676748 0.129546
vt 0.683278 0.129546
vt 0.333148 0.623180
vt 0.333362 0.675573
vt 0.310648 0.677110
vt 0.310693 0.625223
vt 0.676770 0.129543
vt 0.683373 0.129543
vt 0.270467 0.404829
vt 0.273334 0.417712
vt 0.273365 0.425418
vt 0.270623 0.438328
vt 0.296457 0.387905
vt 0.294020 0.392686
vt 0.285575 0.402348
vt 0.278785 0.407108
vt 0.314461 0.431674
vt 0.308945 0.421074
vt 0.308929 0.417216
vt 0.296622 0.452141
vt 0.294003 0.446570
vt 0.296650 0.436740
vt 0.303547 0.431756
vt 0.523721 0.153957
vt 0.523721 0.146679
vt 0.309739 0.456213
vt 0.315381 0.397614
vt 0.309327 0.383328
vt 0.523828 0.146654
vt 0.523828 0.153962
vt 0.649094 0.453340
vt 0.692345 0.453544
vt 0.303337 0.406729
vt 0.296618 0.402231
vt 0.279427 0.435050
vt 0.285190 0.437791
vt 0.500563 0.458643
vt 0.515704 0.458664
vt 0.515706 0.461161
vt 0.500565 0.461141
vt 0.528735 0.448803
vt 0.531557 0.448381
vt 0.534674 0.462824
vt 0.531852 0.463245
vt 0.496142 0.420988
vt 0.509763 0.426132
vt 0.509057 0.427255
vt 0.495437 0.422112
vt 0.461841 0.465279
vt 0.480652 0.464648
vt 0.480709 0.466918
vt 0.461899 0.467549
vt 0.461706 0.459614
vt 0.480516 0.458983
vt 0.480560 0.460878
vt 0.461750 0.461509
vt 0.536143 0.447692
vt 0.538932 0.447272
vt 0.542049 0.461714
vt 0.539261 0.462135
vt 0.920705 0.516589
vt 0.922232 0.496821
vt 0.928360 0.491170
vt 0.950448 0.488769
vt 0.962342 0.492550
vt 0.973650 0.501966
vt 0.978772 0.512326
vt 0.977540 0.532881
vt 0.971327 0.539859
vt 0.953921 0.544253
vt 0.943346 0.541551
vt 0.925692 0.526852
vt 0.498134 0.446883
vt 0.498164 0.440135
vt 0.503644 0.442557
vt 0.503633 0.445055
vt 0.506166 0.454354
vt 0.500022 0.450320
vt 0.505521 0.448492
vt 0.507871 0.450035
vt 0.514990 0.426388
vt 0.512320 0.430638
vt 0.509930 0.420545
vt 0.514205 0.417583
vt 0.515756 0.422826
vt 0.510529 0.422570
vt 0.505743 0.439435
vt 0.500263 0.437013
vt 0.506070 0.434427
vt 0.507738 0.438546
vt 0.509190 0.433232
vt 0.503151 0.435224
vt 0.503639 0.430604
vt 0.505926 0.429850
vt 0.898410 0.509211
vt 0.873207 0.495065
vt 0.877355 0.486474
vt 0.903496 0.501150
vt 0.631472 0.520718
vt 0.629498 0.506635
vt 0.634467 0.505052
vt 0.636527 0.519647
vt 0.986433 0.494012
vt 0.970850 0.481038
vt 0.976501 0.475275
vt 0.992769 0.488821
vt 0.469592 0.446736
vt 0.473110 0.446680
vt 0.473006 0.452351
vt 0.469477 0.452614
vt 0.469789 0.437449
vt 0.473296 0.437600
vt 0.473188 0.442909
vt 0.469670 0.442966
vt 0.634752 0.543838
vt 0.632759 0.529790
vt 0.637814 0.528719
vt 0.639890 0.543283
vt 0.502032 0.464263
vt 0.517173 0.464284
vt 0.501895 0.455206
vt 0.517037 0.455226
vt 0.492306 0.424706
vt 0.496908 0.417426
vt 0.511694 0.450073
vt 0.509989 0.454392
vt 0.511705 0.438887
vt 0.510038 0.434767
vt 0.914698 0.512382
vt 0.909612 0.520442
vt 0.862945 0.483800
vt 0.858797 0.492392
vt 0.518096 0.423808
vt 0.517330 0.427370
vt 0.514773 0.431441
vt 0.511642 0.434035
vt 0.889697 0.519066
vt 0.869812 0.507901
vt 0.918073 0.540665
vt 0.904494 0.543193
vt 0.897768 0.527158
vt 0.991981 0.533681
vt 0.993491 0.508287
vt 0.860351 0.506146
vt 0.848326 0.510401
vt 0.842954 0.498011
vt 0.954215 0.475750
vt 0.926248 0.478781
vt 0.475991 0.443258
vt 0.475938 0.445847
vt 0.628504 0.529026
vt 0.627692 0.523302
vt 0.487166 0.475956
vt 0.482583 0.475725
vt 0.478935 0.472918
vt 0.485580 0.468065
vt 0.478757 0.471097
vt 0.481890 0.468272
vt 0.497851 0.427249
vt 0.493603 0.427492
vt 0.486812 0.427696
vt 0.460734 0.427347
vt 0.472111 0.427734
vt 0.465318 0.427575
vt 0.450520 0.468050
vt 0.454508 0.468268
vt 0.457820 0.471095
vt 0.450048 0.475940
vt 0.457766 0.472902
vt 0.454298 0.475720
vt 0.707436 0.597762
vt 0.699525 0.598215
vt 0.683444 0.598291
vt 0.675530 0.597929
vt 0.520557 0.498677
vt 0.520830 0.494058
vt 0.573354 0.494404
vt 0.573107 0.498986
vt 0.485367 0.450510
vt 0.478070 0.450529
vt 0.633648 0.453209
vt 0.636919 0.452052
vt 0.646275 0.522361
vt 0.643031 0.523507
vt 0.486963 0.428004
vt 0.500764 0.428041
vt 0.495046 0.450836
vt 0.488339 0.450818
vt 0.475100 0.468460
vt 0.475791 0.475552
vt 0.461089 0.475546
vt 0.461298 0.468454
vt 0.540447 0.446698
vt 0.543376 0.443851
vt 0.478754 0.454053
vt 0.474856 0.451933
vt 0.488709 0.451879
vt 0.485190 0.454036
vt 0.543381 0.438633
vt 0.540477 0.435938
vt 0.577972 0.499006
vt 0.578242 0.494426
vt 0.643913 0.530164
vt 0.647181 0.529008
vt 0.520146 0.505353
vt 0.572634 0.505680
vt 0.521209 0.487363
vt 0.573696 0.487690
vt 0.628874 0.454922
vt 0.638246 0.525238
vt 0.641713 0.450378
vt 0.651084 0.520694
vt 0.732482 0.266599
vt 0.683674 0.266434
vt 0.683727 0.250955
vt 0.732535 0.251120
vt 0.536156 0.311903
vt 0.523317 0.296618
vt 0.683569 0.297164
vt 0.683517 0.312415
vt 0.683621 0.281913
vt 0.520861 0.281347
vt 0.523874 0.265638
vt 0.887477 0.263371
vt 0.891320 0.273928
vt 0.863159 0.267039
vt 0.863212 0.251560
vt 0.811745 0.297596
vt 0.863054 0.297769
vt 0.863002 0.313020
vt 0.811692 0.312847
vt 0.887347 0.301397
vt 0.891260 0.291057
vt 0.811849 0.266866
vt 0.811902 0.251387
vt 0.732377 0.297329
vt 0.732325 0.312580
vt 0.811797 0.282345
vt 0.863106 0.282518
vt 0.892414 0.282588
vt 0.732429 0.282078
vt 0.536366 0.250443
vt 0.748062 0.447206
vt 0.748064 0.439904
vt 0.805098 0.439914
vt 0.804466 0.447197
vt 0.526798 0.464185
vt 0.517736 0.464479
vt 0.517077 0.452099
vt 0.526139 0.451805
vt 0.582318 0.426929
vt 0.755865 0.415671
vt 0.755895 0.422973
vt 0.582978 0.434209
vt 0.460312 0.428382
vt 0.469285 0.428384
vt 0.468735 0.443471
vt 0.459763 0.443469
vt 0.452387 0.426115
vt 0.460635 0.426125
vt 0.458446 0.436263
vt 0.450199 0.436254
vt 0.567008 0.428904
vt 0.595363 0.439876
vt 0.593525 0.447011
vt 0.563418 0.435545
vt 0.904680 0.431765
vt 0.905280 0.424481
vt 0.965092 0.428007
vt 0.966337 0.435233
vt 0.994377 0.418724
vt 0.997410 0.425560
vt 0.452421 0.462635
vt 0.450214 0.452704
vt 0.458461 0.452706
vt 0.460669 0.462636
vt 0.655320 0.439887
vt 0.655318 0.447189
vt 0.812161 0.426310
vt 0.812761 0.419026
vt 0.469175 0.458136
vt 0.460203 0.458135
vt 0.449563 0.444571
vt 0.457809 0.444577
vt 0.977294 0.461384
vt 0.976035 0.468608
vt 0.501600 0.452078
vt 0.499335 0.464006
vt 0.490363 0.462977
vt 0.492628 0.451050
vt 0.087677 0.977334
vt 0.038400 0.992484
vt 0.029041 0.972645
vt 0.080167 0.960663
vt 0.074941 0.943088
vt 0.022602 0.952019
vt 0.018043 0.932048
vt 0.071165 0.925710
vt 0.068860 0.907802
vt 0.015360 0.911793
vt 0.013656 0.892276
vt 0.067400 0.890303
vt 0.067068 0.872338
vt 0.013299 0.872321
vt 0.013410 0.852549
vt 0.067215 0.854514
vt 0.068906 0.836724
vt 0.015413 0.832699
vt 0.018153 0.812429
vt 0.071259 0.818802
vt 0.075015 0.801458
vt 0.022682 0.792496
vt 0.029236 0.772215
vt 0.080324 0.784170
vt 0.088215 0.978118
vt 0.038937 0.993264
vt 0.029581 0.973424
vt 0.080708 0.961446
vt 0.075488 0.943871
vt 0.023148 0.952799
vt 0.018600 0.932837
vt 0.071721 0.926497
vt 0.069414 0.908588
vt 0.015914 0.912586
vt 0.014170 0.893041
vt 0.067923 0.891059
vt 0.067604 0.873109
vt 0.013832 0.873111
vt 0.014128 0.853663
vt 0.067886 0.855559
vt 0.069389 0.837630
vt 0.015887 0.833637
vt 0.018466 0.813864
vt 0.071604 0.820117
vt 0.075438 0.802347
vt 0.023096 0.793426
vt 0.029335 0.773264
vt 0.080500 0.785155
vt 0.757155 0.948100
vt 0.263532 0.947458
vt 0.261731 0.922235
vt 0.756507 0.922894
vt 0.260009 0.897220
vt 0.755346 0.897758
vt 0.259346 0.872330
vt 0.754844 0.872573
vt 0.260030 0.847436
vt 0.755374 0.847390
vt 0.261793 0.822489
vt 0.756580 0.822100
vt 0.263622 0.797339
vt 0.757230 0.796738
vt 0.757804 0.947959
vt 0.264130 0.948331
vt 0.262307 0.923156
vt 0.757097 0.922668
vt 0.260554 0.898112
vt 0.755875 0.897650
vt 0.259876 0.873076
vt 0.755347 0.872865
vt 0.260531 0.848042
vt 0.755849 0.848080
vt 0.262252 0.822935
vt 0.757030 0.823192
vt 0.264041 0.797693
vt 0.757733 0.798033
vt 0.130784 0.949191
vt 0.126883 0.934149
vt 0.168368 0.928661
vt 0.171261 0.942475
vt 0.124009 0.919128
vt 0.122158 0.903533
vt 0.164659 0.900757
vt 0.166154 0.914955
vt 0.121009 0.888164
vt 0.120704 0.872348
vt 0.163461 0.872351
vt 0.163729 0.886762
vt 0.120896 0.856648
vt 0.122189 0.841029
vt 0.164680 0.843837
vt 0.163659 0.858056
vt 0.124083 0.825423
vt 0.126956 0.810435
vt 0.168439 0.815956
vt 0.166213 0.829631
vt 0.130899 0.795627
vt 0.136179 0.781215
vt 0.174946 0.788843
vt 0.171358 0.802349
vt 0.131325 0.949978
vt 0.127431 0.934933
vt 0.168919 0.929459
vt 0.171805 0.943276
vt 0.124564 0.919913
vt 0.122712 0.904312
vt 0.165215 0.901539
vt 0.166710 0.915749
vt 0.121544 0.888912
vt 0.121251 0.873102
vt 0.164016 0.873091
vt 0.164275 0.887507
vt 0.121514 0.857628
vt 0.122688 0.841892
vt 0.165193 0.844642
vt 0.164249 0.858986
vt 0.124468 0.826622
vt 0.127383 0.811268
vt 0.168869 0.816720
vt 0.166631 0.830740
vt 0.131157 0.796547
vt 0.136570 0.781940
vt 0.175307 0.789514
vt 0.171662 0.803209
vt 0.087741 0.767320
vt 0.088148 0.768098
vt 0.214570 0.950556
vt 0.212593 0.937845
vt 0.210484 0.924806
vt 0.208814 0.911976
vt 0.207722 0.898719
vt 0.206864 0.885722
vt 0.206768 0.872337
vt 0.206815 0.859098
vt 0.207739 0.845924
vt 0.208863 0.832657
vt 0.210543 0.819858
vt 0.212684 0.806993
vt 0.214667 0.794147
vt 0.215110 0.951400
vt 0.213148 0.938685
vt 0.211041 0.925639
vt 0.209372 0.912800
vt 0.208281 0.899521
vt 0.207411 0.886480
vt 0.207324 0.873080
vt 0.207390 0.859973
vt 0.208260 0.846635
vt 0.209306 0.833646
vt 0.210993 0.820508
vt 0.213027 0.807748
vt 0.215007 0.794739
vt 0.174860 0.955858
vt 0.136104 0.963466
vt 0.038866 0.752964
vt 0.175392 0.956662
vt 0.136638 0.964254
vt 0.038465 0.752150
vt 0.743445 0.713103
vt 0.743797 0.725156
vt 0.704892 0.725177
vt 0.704595 0.715606
vt 0.738649 0.688893
vt 0.741330 0.700816
vt 0.703090 0.705615
vt 0.701050 0.696093
vt 0.727295 0.665968
vt 0.733624 0.677002
vt 0.697519 0.686726
vt 0.693267 0.677941
vt 0.727165 0.785018
vt 0.718813 0.795223
vt 0.687024 0.780957
vt 0.693117 0.772950
vt 0.738358 0.761757
vt 0.733210 0.773894
vt 0.697147 0.764169
vt 0.700785 0.754546
vt 0.742861 0.737767
vt 0.741101 0.750017
vt 0.702834 0.745210
vt 0.704131 0.735217
vt 0.743246 0.713509
vt 0.743589 0.725381
vt 0.704656 0.725323
vt 0.704390 0.715946
vt 0.738489 0.689275
vt 0.741153 0.701222
vt 0.702918 0.705958
vt 0.700921 0.696419
vt 0.727373 0.665837
vt 0.733513 0.677237
vt 0.697451 0.686994
vt 0.693264 0.678255
vt 0.727278 0.784761
vt 0.719210 0.795071
vt 0.687367 0.780864
vt 0.693279 0.772741
vt 0.738642 0.761789
vt 0.733770 0.773362
vt 0.697657 0.763670
vt 0.701055 0.754569
vt 0.743447 0.737583
vt 0.741417 0.749494
vt 0.703171 0.744736
vt 0.704599 0.735062
vt 0.532724 0.715607
vt 0.533040 0.725372
vt 0.110230 0.725781
vt 0.109984 0.716059
vt 0.531900 0.705859
vt 0.109446 0.706256
vt 0.531243 0.695975
vt 0.109144 0.696323
vt 0.531716 0.744821
vt 0.531030 0.754630
vt 0.108932 0.754652
vt 0.109220 0.744719
vt 0.532435 0.735104
vt 0.109745 0.734813
vt 0.532758 0.725349
vt 0.109995 0.724983
vt 0.532528 0.715648
vt 0.109785 0.715173
vt 0.531751 0.705931
vt 0.109292 0.705285
vt 0.531090 0.696072
vt 0.109038 0.695352
vt 0.531983 0.744822
vt 0.531330 0.754678
vt 0.109274 0.755447
vt 0.109525 0.745513
vt 0.532752 0.735101
vt 0.110015 0.735606
vt 0.616116 0.713267
vt 0.654885 0.711056
vt 0.655745 0.718226
vt 0.616721 0.719348
vt 0.613893 0.701842
vt 0.651621 0.697285
vt 0.653693 0.704200
vt 0.615258 0.707588
vt 0.610501 0.690242
vt 0.645763 0.684070
vt 0.649205 0.690797
vt 0.612361 0.696298
vt 0.613604 0.749082
vt 0.651300 0.753596
vt 0.649052 0.759992
vt 0.612170 0.754521
vt 0.615864 0.737558
vt 0.654632 0.739767
vt 0.653444 0.746422
vt 0.615011 0.743050
vt 0.616599 0.725218
vt 0.655639 0.725262
vt 0.655370 0.732573
vt 0.616405 0.731438
vt 0.615926 0.713444
vt 0.654702 0.711310
vt 0.655530 0.718476
vt 0.616503 0.719521
vt 0.613744 0.701976
vt 0.651503 0.697523
vt 0.653545 0.704457
vt 0.615093 0.707762
vt 0.610477 0.690625
vt 0.645818 0.684587
vt 0.649130 0.691074
vt 0.612246 0.696446
vt 0.613979 0.748676
vt 0.651733 0.753150
vt 0.649257 0.759868
vt 0.612421 0.754450
vt 0.616162 0.737208
vt 0.654946 0.739355
vt 0.653715 0.746465
vt 0.615290 0.743131
vt 0.616842 0.725245
vt 0.655880 0.725212
vt 0.655754 0.732458
vt 0.616732 0.731382
vt 0.687011 0.669316
vt 0.687035 0.669945
vt 0.578582 0.720160
vt 0.578408 0.725281
vt 0.577913 0.714863
vt 0.577506 0.709811
vt 0.576458 0.704585
vt 0.575581 0.699555
vt 0.574672 0.694054
vt 0.575413 0.751214
vt 0.574523 0.756095
vt 0.576199 0.746342
vt 0.577261 0.740832
vt 0.577670 0.735971
vt 0.578275 0.730618
vt 0.578167 0.725170
vt 0.578363 0.720259
vt 0.577722 0.714961
vt 0.577331 0.709903
vt 0.576302 0.704642
vt 0.575456 0.699635
vt 0.574590 0.694380
vt 0.575660 0.751221
vt 0.574835 0.756247
vt 0.576540 0.745982
vt 0.577543 0.740954
vt 0.577950 0.735680
vt 0.578593 0.730628
vt 0.610410 0.759993
vt 0.645777 0.766123
vt 0.718856 0.655124
vt 0.610710 0.760032
vt 0.646068 0.766112
vt 0.717888 0.655322
vt 0.142099 0.527187
vt 0.135488 0.536356
vt 0.118866 0.526674
vt 0.122904 0.516084
vt 0.100856 0.511061
vt 0.099657 0.522358
vt 0.080494 0.522425
vt 0.078750 0.511209
vt 0.057201 0.518118
vt 0.061785 0.528484
vt 0.045320 0.538380
vt 0.038250 0.529587
vt 0.022968 0.546494
vt 0.031929 0.553316
vt 0.021814 0.570125
vt 0.011408 0.565995
vt 0.006912 0.588306
vt 0.018058 0.589370
vt 0.018207 0.609489
vt 0.007154 0.611260
vt 0.013733 0.632629
vt 0.023913 0.627901
vt 0.034134 0.644709
vt 0.025432 0.651860
vt 0.041541 0.667478
vt 0.048233 0.658369
vt 0.064777 0.667949
vt 0.060755 0.678545
vt 0.082804 0.683537
vt 0.083993 0.672239
vt 0.103161 0.672161
vt 0.104896 0.683379
vt 0.126453 0.676516
vt 0.121916 0.666129
vt 0.138472 0.656330
vt 0.145506 0.665160
vt 0.160780 0.648262
vt 0.151727 0.641580
vt 0.161282 0.624655
vt 0.171708 0.628770
vt 0.176689 0.606403
vt 0.165560 0.605170
vt 0.165522 0.585718
vt 0.176579 0.583980
vt 0.169856 0.562090
vt 0.159612 0.566674
vt 0.149990 0.549850
vt 0.158707 0.542731
vt 0.110016 0.581233
vt 0.098736 0.574365
vt 0.105725 0.549564
vt 0.128288 0.563300
vt 0.116401 0.592904
vt 0.141060 0.586645
vt 0.116181 0.606251
vt 0.140620 0.613343
vt 0.109415 0.617699
vt 0.127085 0.636242
vt 0.097915 0.624179
vt 0.104082 0.649205
vt 0.084763 0.623956
vt 0.077775 0.648758
vt 0.073484 0.617089
vt 0.055212 0.635022
vt 0.067098 0.605418
vt 0.042440 0.611677
vt 0.067318 0.592070
vt 0.042880 0.584978
vt 0.074085 0.580622
vt 0.056414 0.562079
vt 0.085584 0.574142
vt 0.079417 0.549117
vt 0.759020 0.725150
vt 0.758754 0.712364
vt 0.756451 0.699235
vt 0.753594 0.686333
vt 0.747914 0.673079
vt 0.739554 0.660167
vt 0.043135 0.561780
vt 0.034769 0.575325
vt 0.747502 0.777773
vt 0.753286 0.764350
vt 0.758135 0.738520
vt 0.756260 0.751555
vt 0.758836 0.725468
vt 0.758553 0.712784
vt 0.756265 0.699668
vt 0.753420 0.686813
vt 0.747921 0.673673
vt 0.740909 0.660831
vt 0.140389 0.633317
vt 0.148294 0.619486
vt 0.748064 0.777258
vt 0.753589 0.764350
vt 0.756538 0.751066
vt 0.758758 0.738318
vt 0.739340 0.790937
vt 0.054194 0.549294
vt 0.739557 0.790557
vt 0.729252 0.648623
vt 0.955347 0.556949
vt 0.967324 0.549309
vt 0.967868 0.554226
vt 0.950986 0.563787
vt 0.908359 0.552285
vt 0.908392 0.545066
vt 0.912537 0.545097
vt 0.912503 0.552316
vt 0.934237 0.627122
vt 0.934290 0.602422
vt 0.938435 0.602428
vt 0.938382 0.627128
vt 0.922698 0.972892
vt 0.922710 0.987674
vt 0.918566 0.987684
vt 0.918554 0.972902
vt 0.905800 0.895059
vt 0.905774 0.914762
vt 0.901630 0.914747
vt 0.901655 0.895043
vt 0.972432 0.976660
vt 0.955790 0.984086
vt 0.955364 0.968012
vt 0.981040 0.962658
vt 0.934222 0.650681
vt 0.938366 0.650687
vt 0.905860 0.878111
vt 0.901715 0.878096
vt 0.932933 0.945170
vt 0.939392 0.899076
vt 0.962571 0.899176
vt 0.955903 0.945269
vt 0.906632 0.954356
vt 0.906844 0.905750
vt 0.910988 0.905781
vt 0.910776 0.954387
vt 0.922545 0.601722
vt 0.922667 0.906021
vt 0.918522 0.906031
vt 0.918400 0.601732
vt 0.987951 0.610565
vt 0.987694 0.899238
vt 0.968306 0.596037
vt 0.922688 0.953897
vt 0.918544 0.953907
vt 0.984900 0.944648
vt 0.932944 0.962774
vt 0.906553 0.972913
vt 0.910697 0.972944
vt 0.950383 0.607181
vt 0.908163 0.598029
vt 0.912308 0.598060
vt 0.922534 0.573145
vt 0.918390 0.573155
vt 0.986848 0.583452
vt 0.968407 0.561247
vt 0.949088 0.572161
vt 0.908320 0.561118
vt 0.912464 0.561149
vt 0.922529 0.558899
vt 0.918385 0.558908
vt 0.985678 0.569935
vt 0.938370 0.976753
vt 0.906494 0.987633
vt 0.910638 0.987664
vt 0.922528 0.546986
vt 0.918383 0.546996
vt 0.981213 0.558622
vt 0.439334 0.079785
vt 0.439210 0.086432
vt 0.435288 0.092134
vt 0.428618 0.095364
vt 0.420987 0.095257
vt 0.414441 0.091841
vt 0.410732 0.086031
vt 0.410855 0.079385
vt 0.414777 0.073682
vt 0.421448 0.070452
vt 0.429078 0.070560
vt 0.435625 0.073976
vt 0.551977 0.617126
vt 0.555875 0.617124
vt 0.556161 0.674714
vt 0.552263 0.674716
vt 0.566489 0.617105
vt 0.566775 0.674695
vt 0.580975 0.617074
vt 0.581260 0.674663
vt 0.595450 0.617038
vt 0.595735 0.674628
vt 0.606036 0.617008
vt 0.606322 0.674598
vt 0.612883 0.617194
vt 0.612597 0.674784
vt 0.616782 0.617196
vt 0.616496 0.674786
vt 0.627396 0.617215
vt 0.627110 0.674805
vt 0.641881 0.617247
vt 0.641595 0.674837
vt 0.656356 0.617282
vt 0.656070 0.674872
vt 0.666943 0.617312
vt 0.666657 0.674902
vt 0.670804 0.617328
vt 0.670518 0.674918
vt 0.365902 0.429879
vt 0.375148 0.413715
vt 0.391469 0.404211
vt 0.410493 0.403912
vt 0.427122 0.412899
vt 0.436900 0.428764
vt 0.437207 0.447255
vt 0.427961 0.463418
vt 0.411640 0.472923
vt 0.392616 0.473221
vt 0.375987 0.464235
vt 0.366209 0.448370
vt 0.231971 0.017134
vt 0.241476 0.030955
vt 0.232658 0.033147
vt 0.225592 0.022873
vt 0.241775 0.047065
vt 0.232880 0.045122
vt 0.232787 0.061146
vt 0.226199 0.055590
vt 0.216921 0.069427
vt 0.214404 0.061745
vt 0.198427 0.069687
vt 0.200657 0.061938
vt 0.182261 0.061857
vt 0.188640 0.056118
vt 0.172756 0.048036
vt 0.181574 0.045844
vt 0.172457 0.031926
vt 0.181352 0.033869
vt 0.181445 0.017845
vt 0.188033 0.023401
vt 0.197312 0.009565
vt 0.199828 0.017246
vt 0.215805 0.009305
vt 0.213575 0.017053
vt 0.512251 0.466551
vt 0.519074 0.466550
vt 0.519070 0.470600
vt 0.512247 0.470601
vt 0.524063 0.466539
vt 0.524060 0.470590
vt 0.523256 0.440094
vt 0.523278 0.445404
vt 0.518071 0.445418
vt 0.518049 0.440107
vt 0.523303 0.450711
vt 0.518095 0.450724
vt 0.450048 0.421984
vt 0.455051 0.421968
vt 0.455055 0.426019
vt 0.450052 0.426035
vt 0.461878 0.421960
vt 0.461882 0.426010
vt 0.468701 0.421961
vt 0.468704 0.426011
vt 0.473690 0.421971
vt 0.473694 0.426022
vt 0.505116 0.470642
vt 0.498289 0.470625
vt 0.498307 0.466574
vt 0.505134 0.466591
vt 0.491467 0.470606
vt 0.491484 0.466555
vt 0.486477 0.470590
vt 0.486495 0.466539
vt 0.505424 0.466542
vt 0.505420 0.470593
vt 0.327033 0.498536
vt 0.323365 0.505470
vt 0.323237 0.469667
vt 0.326954 0.476581
vt 0.009019 0.405350
vt 0.010431 0.405348
vt 0.010373 0.489710
vt 0.008960 0.489712
vt 0.305801 0.759730
vt 0.303994 0.760356
vt 0.303595 0.757595
vt 0.305402 0.756968
vt 0.476946 0.793071
vt 0.477195 0.790204
vt 0.487974 0.786014
vt 0.487726 0.788880
vt 0.340199 0.773614
vt 0.342730 0.775643
vt 0.342856 0.776490
vt 0.338970 0.775475
vt 0.340721 0.777661
vt 0.341624 0.777527
vt 0.383881 0.759200
vt 0.382411 0.759733
vt 0.381948 0.757369
vt 0.383455 0.756774
vt 0.450323 0.404609
vt 0.523529 0.404627
vt 0.523538 0.406565
vt 0.450334 0.406968
vt 0.450054 0.406758
vt 0.450048 0.405419
vt 0.361653 0.325605
vt 0.361748 0.294086
vt 0.364474 0.300190
vt 0.364416 0.319518
vt 0.156540 0.485127
vt 0.156472 0.413009
vt 0.158269 0.413011
vt 0.158338 0.485129
vt 0.488619 0.789903
vt 0.491578 0.778418
vt 0.520357 0.781958
vt 0.521397 0.793935
vt 0.578411 0.773008
vt 0.565770 0.774693
vt 0.565994 0.770962
vt 0.578636 0.769277
vt 0.252587 0.794102
vt 0.252986 0.796863
vt 0.243980 0.796361
vt 0.243581 0.793599
vt 0.628287 0.503444
vt 0.625414 0.522226
vt 0.584477 0.522266
vt 0.581662 0.503490
vt 0.258408 0.512602
vt 0.258230 0.462951
vt 0.318385 0.462758
vt 0.318563 0.512409
vt 0.261850 0.794281
vt 0.257882 0.796538
vt 0.257483 0.793776
vt 0.261451 0.791519
vt 0.386729 0.759587
vt 0.386303 0.757160
vt 0.461536 0.793081
vt 0.461961 0.795507
vt 0.313339 0.331518
vt 0.313471 0.287807
vt 0.358179 0.287977
vt 0.358047 0.331688
vt 0.466514 0.793202
vt 0.466762 0.790335
vt 0.490739 0.764024
vt 0.523517 0.768057
vt 0.551024 0.777309
vt 0.551249 0.773578
vt 0.233449 0.795492
vt 0.233050 0.792730
vt 0.628226 0.544870
vt 0.581601 0.544916
vt 0.053304 0.405349
vt 0.053246 0.489711
vt 0.039664 0.489718
vt 0.039723 0.405356
vt 0.316553 0.766046
vt 0.316725 0.763600
vt 0.323059 0.766456
vt 0.322617 0.768753
vt 0.363895 0.776355
vt 0.353343 0.783120
vt 0.352274 0.781750
vt 0.362996 0.774700
vt 0.103952 0.485130
vt 0.103883 0.413012
vt 0.120535 0.413016
vt 0.120604 0.485134
vt 0.331246 0.771789
vt 0.331819 0.769866
vt 0.071678 0.405357
vt 0.071619 0.489719
vt 0.066723 0.489711
vt 0.066782 0.405349
vt 0.343493 0.790259
vt 0.340439 0.794321
vt 0.339110 0.793302
vt 0.342233 0.789160
vt 0.080773 0.485132
vt 0.080704 0.413014
vt 0.087178 0.413010
vt 0.087247 0.485128
vt 0.384017 0.759967
vt 0.386865 0.760353
vt 0.341540 0.794575
vt 0.344161 0.790842
vt 0.342675 0.794360
vt 0.383323 0.756011
vt 0.386171 0.756398
vt 0.079260 0.486080
vt 0.079342 0.485803
vt 0.086890 0.486075
vt 0.578704 0.768098
vt 0.566063 0.769782
vt 0.578338 0.774181
vt 0.565697 0.775865
vt 0.467406 0.794225
vt 0.477839 0.794093
vt 0.358370 0.332262
vt 0.361976 0.326179
vt 0.364739 0.320092
vt 0.551318 0.772398
vt 0.550952 0.778481
vt 0.133266 0.485135
vt 0.132476 0.486082
vt 0.119888 0.486081
vt 0.039051 0.490819
vt 0.028660 0.490820
vt 0.029338 0.489719
vt 0.341570 0.788580
vt 0.351743 0.781100
vt 0.066416 0.490811
vt 0.052711 0.490813
vt 0.523526 0.403825
vt 0.450993 0.404017
vt 0.079191 0.413018
vt 0.362612 0.773989
vt 0.029396 0.405357
vt 0.371342 0.770933
vt 0.370594 0.769031
vt 0.133198 0.413017
vt 0.306878 0.759901
vt 0.306546 0.757177
vt 0.155609 0.486074
vt 0.009576 0.490811
vt 0.381796 0.756610
vt 0.382568 0.760496
vt 0.256589 0.512607
vt 0.256412 0.462956
vt 0.311987 0.331513
vt 0.312119 0.287802
vt 0.317946 0.462109
vt 0.257791 0.462303
vt 0.313662 0.332092
vt 0.954856 0.556270
vt 0.950562 0.563121
vt 0.967181 0.553540
vt 0.966645 0.548614
vt 0.917521 0.552329
vt 0.913376 0.552298
vt 0.913410 0.545079
vt 0.917555 0.545110
vt 0.934168 0.678460
vt 0.938313 0.678466
vt 0.938259 0.703166
vt 0.934115 0.703160
vt 0.923571 0.972915
vt 0.927716 0.972905
vt 0.927728 0.987687
vt 0.923584 0.987697
vt 0.934331 0.578493
vt 0.938476 0.578508
vt 0.938450 0.598212
vt 0.934306 0.598196
vt 0.971660 0.976848
vt 0.980133 0.962818
vt 0.954859 0.968183
vt 0.955278 0.984291
vt 0.934183 0.654901
vt 0.938328 0.654908
vt 0.934391 0.561545
vt 0.938536 0.561561
vt 0.932779 0.945295
vt 0.955390 0.945393
vt 0.961955 0.899204
vt 0.939139 0.899105
vt 0.915794 0.954400
vt 0.911649 0.954369
vt 0.911861 0.905763
vt 0.916005 0.905794
vt 0.923418 0.601745
vt 0.927563 0.601735
vt 0.927684 0.906034
vt 0.923540 0.906044
vt 0.986948 0.609995
vt 0.967610 0.595438
vt 0.986685 0.899266
vt 0.927706 0.953910
vt 0.923561 0.953920
vt 0.983934 0.944770
vt 0.932790 0.962936
vt 0.915714 0.972957
vt 0.911570 0.972926
vt 0.949967 0.606605
vt 0.913181 0.598042
vt 0.917325 0.598073
vt 0.923407 0.573168
vt 0.927552 0.573158
vt 0.985863 0.582826
vt 0.967711 0.560576
vt 0.948694 0.571514
vt 0.913337 0.561131
vt 0.917482 0.561162
vt 0.923402 0.558921
vt 0.927547 0.558912
vt 0.984711 0.569281
vt 0.938130 0.976943
vt 0.915656 0.987677
vt 0.911511 0.987645
vt 0.923401 0.547008
vt 0.927545 0.546999
vt 0.980317 0.557945
vt 0.222373 0.416080
vt 0.220585 0.451437
vt 0.176222 0.467905
vt 0.179458 0.403940
vt 0.231655 0.320350
vt 0.207755 0.327841
vt 0.205078 0.326153
vt 0.205009 0.278181
vt 0.207471 0.276901
vt 0.231820 0.289188
vt 0.234289 0.292957
vt 0.234324 0.316988
vt 0.289231 0.580815
vt 0.259741 0.580731
vt 0.259926 0.534511
vt 0.289417 0.534595
vt 0.046050 0.742969
vt 0.008285 0.742946
vt 0.008437 0.693782
vt 0.100586 0.693839
vt 0.109885 0.327039
vt 0.109673 0.277085
vt 0.189513 0.276869
vt 0.189725 0.326822
vt 0.252223 0.467160
vt 0.252306 0.579931
vt 0.181716 0.579899
vt 0.181682 0.533087
vt 0.298958 0.581928
vt 0.292393 0.587292
vt 0.292493 0.527354
vt 0.299155 0.533021
vt 0.521985 0.792402
vt 0.523484 0.788155
vt 0.529476 0.793636
vt 0.108060 0.688873
vt 0.110138 0.693033
vt 0.339474 0.503855
vt 0.347703 0.508738
vt 0.172572 0.469552
vt 0.175946 0.402846
vt 0.449689 0.414794
vt 0.456977 0.411319
vt 0.494506 0.422267
vt 0.489152 0.426306
vt 0.259719 0.587199
vt 0.259959 0.527261
vt 0.008430 0.688811
vt 0.595389 0.787743
vt 0.595422 0.793258
vt 0.194216 0.276959
vt 0.194428 0.326913
vt 0.205624 0.330667
vt 0.202947 0.328979
vt 0.521172 0.411488
vt 0.456851 0.407226
vt 0.521046 0.407395
vt 0.449563 0.410701
vt 0.172449 0.398824
vt 0.175961 0.399918
vt 0.435044 0.988424
vt 0.428035 0.988437
vt 0.427503 0.984358
vt 0.434547 0.984345
vt 0.222686 0.962785
vt 0.214470 0.963075
vt 0.214269 0.960661
vt 0.222601 0.960366
vt 0.505850 0.992706
vt 0.497772 0.993680
vt 0.497417 0.990449
vt 0.505656 0.989457
vt 0.506043 0.995962
vt 0.498124 0.996917
vt 0.423096 0.972080
vt 0.431381 0.972007
vt 0.431366 0.975751
vt 0.422957 0.975826
vt 0.416595 0.984072
vt 0.423103 0.984084
vt 0.423641 0.988158
vt 0.417098 0.988146
vt 0.417091 0.979993
vt 0.423635 0.980005
vt 0.208771 0.963804
vt 0.201382 0.965641
vt 0.200058 0.963382
vt 0.207338 0.961573
vt 0.274219 0.957962
vt 0.264605 0.957172
vt 0.264785 0.952920
vt 0.274209 0.953694
vt 0.274232 0.962239
vt 0.264428 0.961433
vt 0.242641 0.960103
vt 0.234841 0.962035
vt 0.233521 0.959775
vt 0.241212 0.957870
vt 0.428042 0.980284
vt 0.435050 0.980271
vt 0.442423 0.991003
vt 0.441988 0.984342
vt 0.443621 0.995883
vt 0.436407 0.991416
vt 0.513660 0.992611
vt 0.513201 0.990251
vt 0.514115 0.994983
vt 0.410492 0.990714
vt 0.418465 0.991123
vt 0.411697 0.995584
vt 0.410047 0.984056
vt 0.410481 0.977395
vt 0.411679 0.972515
vt 0.418454 0.977001
vt 0.283434 0.957571
vt 0.283802 0.954452
vt 0.283071 0.960705
vt 0.442433 0.977685
vt 0.436417 0.977294
vt 0.443639 0.972815
vt 0.450109 0.990660
vt 0.449697 0.984335
vt 0.451246 0.995293
vt 0.521793 0.993016
vt 0.521352 0.990785
vt 0.522231 0.995259
vt 0.403094 0.990369
vt 0.404238 0.994993
vt 0.402671 0.984048
vt 0.403084 0.977723
vt 0.404221 0.973089
vt 0.293013 0.956557
vt 0.293369 0.953608
vt 0.292662 0.959520
vt 0.450119 0.978014
vt 0.451263 0.973389
vt 0.458436 0.990651
vt 0.458009 0.984326
vt 0.459612 0.995284
vt 0.530862 0.993483
vt 0.530390 0.991205
vt 0.531331 0.995773
vt 0.394584 0.990360
vt 0.395767 0.994984
vt 0.394148 0.984039
vt 0.394575 0.977714
vt 0.395750 0.973081
vt 0.303691 0.955400
vt 0.304080 0.952388
vt 0.303307 0.958428
vt 0.458446 0.978004
vt 0.459629 0.973380
vt 0.467823 0.990599
vt 0.467359 0.984788
vt 0.469099 0.994856
vt 0.541471 0.993599
vt 0.540907 0.991218
vt 0.542031 0.995993
vt 0.384591 0.989845
vt 0.386007 0.993711
vt 0.384253 0.984502
vt 0.384716 0.978691
vt 0.385992 0.974433
vt 0.316217 0.954620
vt 0.316708 0.951468
vt 0.315731 0.957786
vt 0.467832 0.978980
vt 0.469114 0.974733
vt 0.478694 0.991200
vt 0.478187 0.984797
vt 0.480090 0.995890
vt 0.554227 0.992938
vt 0.553349 0.990785
vt 0.555101 0.995104
vt 0.373285 0.990907
vt 0.374688 0.995588
vt 0.372768 0.984507
vt 0.373275 0.978104
vt 0.374671 0.973414
vt 0.331329 0.954708
vt 0.332206 0.951834
vt 0.330457 0.957597
vt 0.478704 0.978398
vt 0.480107 0.973716
vt 0.493117 0.991866
vt 0.492828 0.984770
vt 0.493919 0.997065
vt 0.569733 0.991092
vt 0.569865 0.988747
vt 0.569597 0.993449
vt 0.361670 0.991579
vt 0.362480 0.996767
vt 0.361370 0.984487
vt 0.361660 0.977391
vt 0.362462 0.972192
vt 0.349777 0.956183
vt 0.349448 0.953120
vt 0.350111 0.959262
vt 0.493128 0.977678
vt 0.493938 0.972490
vt 0.213951 0.974388
vt 0.226322 0.975076
vt 0.225790 0.982172
vt 0.213694 0.982705
vt 0.214714 0.968297
vt 0.227828 0.969878
vt 0.215777 0.966064
vt 0.229903 0.967969
vt 0.420218 0.993683
vt 0.435959 0.994365
vt 0.434399 0.996783
vt 0.419473 0.996362
vt 0.339498 0.989091
vt 0.354531 0.988375
vt 0.353070 0.993852
vt 0.338734 0.995515
vt 0.339798 0.980311
vt 0.355084 0.980887
vt 0.339554 0.971530
vt 0.354579 0.973395
vt 0.338832 0.965099
vt 0.353153 0.967906
vt 0.252239 0.997087
vt 0.235603 0.995264
vt 0.234021 0.991949
vt 0.251560 0.993508
vt 0.214817 0.997105
vt 0.227916 0.994452
vt 0.230005 0.996346
vt 0.215896 0.999329
vt 0.214011 0.991020
vt 0.226373 0.989264
vt 0.196803 0.974441
vt 0.196684 0.982758
vt 0.197189 0.968351
vt 0.197738 0.966119
vt 0.321161 0.995456
vt 0.337712 0.997863
vt 0.320627 0.997805
vt 0.321568 0.989030
vt 0.321738 0.980251
vt 0.321624 0.971470
vt 0.321259 0.965039
vt 0.320739 0.962683
vt 0.337825 0.962741
vt 0.197292 0.997159
vt 0.197857 0.999384
vt 0.196863 0.991073
vt 0.177306 0.974502
vt 0.177299 0.982819
vt 0.177386 0.968413
vt 0.177517 0.966183
vt 0.301614 0.995387
vt 0.301475 0.997738
vt 0.301731 0.988961
vt 0.301794 0.980181
vt 0.301787 0.971400
vt 0.301712 0.964971
vt 0.301588 0.962616
vt 0.177489 0.997221
vt 0.177636 0.999447
vt 0.177365 0.991134
vt 0.157391 0.975157
vt 0.157497 0.982883
vt 0.157157 0.969501
vt 0.156858 0.967431
vt 0.281640 0.994235
vt 0.281909 0.996420
vt 0.281457 0.988264
vt 0.281409 0.980107
vt 0.281509 0.971949
vt 0.281730 0.965978
vt 0.282014 0.963791
vt 0.157253 0.996265
vt 0.156969 0.998334
vt 0.157446 0.990609
vt 0.138963 0.975766
vt 0.139213 0.982943
vt 0.138333 0.970513
vt 0.137491 0.968591
vt 0.659304 0.960441
vt 0.675066 0.972131
vt 0.673826 0.973735
vt 0.658495 0.962365
vt 0.262220 0.987615
vt 0.262781 0.993163
vt 0.262032 0.980036
vt 0.262268 0.972458
vt 0.262865 0.966912
vt 0.732151 0.976744
vt 0.744327 0.958690
vt 0.746082 0.960175
vt 0.733566 0.978735
vt 0.138422 0.995376
vt 0.137593 0.997301
vt 0.139015 0.990121
vt 0.123997 0.976707
vt 0.124456 0.982993
vt 0.122790 0.972107
vt 0.644034 0.954278
vt 0.657698 0.964295
vt 0.643937 0.956600
vt 0.644142 0.951962
vt 0.245448 0.986612
vt 0.246561 0.991475
vt 0.245057 0.979972
vt 0.245491 0.973335
vt 0.246635 0.968478
vt 0.719845 0.990713
vt 0.720664 0.993380
vt 0.719016 0.988057
vt 0.730727 0.974765
vt 0.124042 0.989282
vt 0.122868 0.993887
vt 0.110824 0.978266
vt 0.111232 0.983044
vt 0.109743 0.974769
vt 0.626929 0.953498
vt 0.626477 0.955936
vt 0.627389 0.951064
vt 0.233521 0.955417
vt 0.248434 0.952418
vt 0.250319 0.955336
vt 0.234794 0.957819
vt 0.233170 0.979922
vt 0.233524 0.984969
vt 0.233557 0.974877
vt 0.214482 0.957555
vt 0.230457 0.957171
vt 0.229873 0.960315
vt 0.214269 0.960092
vt 0.702561 0.997035
vt 0.703779 0.999725
vt 0.701336 0.994353
vt 0.110858 0.987824
vt 0.109803 0.991325
vt 0.406303 0.955815
vt 0.415422 0.955799
vt 0.414845 0.960577
vt 0.405977 0.960593
vt 0.407201 0.952320
vt 0.417006 0.952303
vt 0.616822 0.958394
vt 0.617250 0.960406
vt 0.616401 0.956388
vt 0.480294 0.965203
vt 0.492656 0.965225
vt 0.491067 0.968726
vt 0.479390 0.968705
vt 0.480628 0.960423
vt 0.493240 0.960445
vt 0.480301 0.955645
vt 0.492663 0.955667
vt 0.479403 0.952150
vt 0.491079 0.952171
vt 0.690696 0.994536
vt 0.690881 0.997008
vt 0.690505 0.992072
vt 0.406310 0.965374
vt 0.415429 0.965357
vt 0.417018 0.968858
vt 0.407214 0.968876
vt 0.397432 0.955751
vt 0.397347 0.960605
vt 0.397672 0.952201
vt 0.607985 0.964043
vt 0.609164 0.965557
vt 0.606814 0.962535
vt 0.468308 0.965264
vt 0.468062 0.968823
vt 0.468400 0.960406
vt 0.468315 0.955552
vt 0.468075 0.952002
vt 0.679901 0.990760
vt 0.679163 0.992890
vt 0.680632 0.988637
vt 0.397439 0.965463
vt 0.397685 0.969022
vt 0.388677 0.955756
vt 0.388788 0.960610
vt 0.388382 0.952206
vt 0.601166 0.971001
vt 0.602843 0.972007
vt 0.599497 0.970000
vt 0.457020 0.965257
vt 0.457310 0.968816
vt 0.456917 0.960399
vt 0.457027 0.955545
vt 0.457323 0.951995
vt 0.670763 0.984829
vt 0.669359 0.986526
vt 0.672161 0.983139
vt 0.388684 0.965468
vt 0.388395 0.969028
vt 0.379898 0.955759
vt 0.380124 0.960613
vt 0.379289 0.952209
vt 0.595446 0.978305
vt 0.597381 0.978982
vt 0.593521 0.977633
vt 0.446757 0.965254
vt 0.447361 0.968813
vt 0.446539 0.960396
vt 0.446764 0.955542
vt 0.447373 0.951992
vt 0.662645 0.978147
vt 0.660875 0.979544
vt 0.664408 0.976758
vt 0.379906 0.965470
vt 0.379302 0.969030
vt 0.371164 0.955760
vt 0.371420 0.960614
vt 0.370474 0.952210
vt 0.590440 0.985479
vt 0.592437 0.986067
vt 0.588452 0.984896
vt 0.437638 0.965253
vt 0.438323 0.968813
vt 0.437390 0.960396
vt 0.437645 0.955541
vt 0.438336 0.951992
vt 0.655296 0.971391
vt 0.653435 0.972704
vt 0.657151 0.970086
vt 0.371172 0.965471
vt 0.370487 0.969031
vt 0.362478 0.955761
vt 0.362664 0.960615
vt 0.361977 0.952211
vt 0.585761 0.992046
vt 0.587611 0.992840
vt 0.583919 0.991257
vt 0.429847 0.965252
vt 0.430343 0.968812
vt 0.429668 0.960395
vt 0.429855 0.955540
vt 0.430356 0.951991
vt 0.648471 0.965238
vt 0.646823 0.966744
vt 0.650111 0.963740
vt 0.362486 0.965472
vt 0.361990 0.969032
vt 0.354603 0.955764
vt 0.354724 0.960618
vt 0.354279 0.952214
vt 0.581022 0.997530
vt 0.582718 0.998502
vt 0.579334 0.996562
vt 0.422810 0.965249
vt 0.423129 0.968809
vt 0.422697 0.960392
vt 0.422818 0.955537
vt 0.423142 0.951988
vt 0.641920 0.960363
vt 0.640486 0.962027
vt 0.643348 0.958707
vt 0.354610 0.965476
vt 0.354292 0.969035
vt 0.251977 0.961625
vt 0.250398 0.959436
vt 0.250433 0.956749
vt 0.254745 0.962727
vt 0.257962 0.962448
vt 0.260764 0.960863
vt 0.262403 0.958396
vt 0.262437 0.955708
vt 0.260858 0.953520
vt 0.258090 0.952418
vt 0.254874 0.952696
vt 0.252071 0.954282
vt 0.215736 0.953045
vt 0.219379 0.952418
vt 0.224221 0.952420
vt 0.228965 0.953053
vt 0.232340 0.954144
vt 0.233442 0.955403
vt 0.231974 0.956492
vt 0.228331 0.957119
vt 0.223489 0.957117
vt 0.218745 0.956485
vt 0.215370 0.955393
vt 0.214269 0.954134
vt 0.969078 0.297368
vt 0.964907 0.288125
vt 0.969644 0.284064
vt 0.977984 0.289058
vt 0.983671 0.279058
vt 0.979208 0.274651
vt 0.983969 0.265744
vt 0.992314 0.274703
vt 0.868524 0.543353
vt 0.887868 0.545526
vt 0.887213 0.560711
vt 0.867869 0.558539
vt 0.858532 0.542307
vt 0.857877 0.557492
vt 0.517785 0.440094
vt 0.517823 0.449038
vt 0.512607 0.449052
vt 0.512570 0.440107
vt 0.724039 0.608162
vt 0.758815 0.612164
vt 0.758146 0.627347
vt 0.723370 0.623346
vt 0.951087 0.304665
vt 0.950102 0.294443
vt 0.964849 0.267236
vt 0.966494 0.257113
vt 0.461706 0.472239
vt 0.474038 0.472206
vt 0.474056 0.476263
vt 0.461723 0.476296
vt 0.705365 0.605969
vt 0.704696 0.621153
vt 0.998892 0.278214
vt 0.988597 0.283402
vt 0.974829 0.280137
vt 0.984763 0.286085
vt 0.851539 0.526314
vt 0.859927 0.527193
vt 0.857962 0.572750
vt 0.849573 0.571871
vt 0.903892 0.249517
vt 0.902247 0.259641
vt 0.899787 0.259275
vt 0.901746 0.247217
vt 0.507394 0.449350
vt 0.507363 0.441841
vt 0.734064 0.594044
vt 0.766897 0.597806
vt 0.882520 0.656614
vt 0.861046 0.671011
vt 0.864917 0.639382
vt 0.887227 0.641904
vt 0.706903 0.510581
vt 0.728408 0.495101
vt 0.735408 0.528888
vt 0.701617 0.525261
vt 0.822585 0.568978
vt 0.830063 0.554529
vt 0.988952 0.267543
vt 0.510763 0.435182
vt 0.519307 0.435210
vt 0.522620 0.439279
vt 0.512444 0.439247
vt 0.865586 0.624199
vt 0.899290 0.306359
vt 0.898304 0.296137
vt 0.913279 0.261612
vt 0.914924 0.251489
vt 0.830718 0.539343
vt 0.864571 0.590984
vt 0.732057 0.639595
vt 0.764890 0.643357
vt 0.824551 0.523423
vt 0.724955 0.575137
vt 0.734752 0.544073
vt 0.887896 0.626720
vt 0.530521 0.471010
vt 0.530192 0.463391
vt 0.541688 0.463139
vt 0.542018 0.470758
vt 0.884526 0.611062
vt 0.704937 0.556136
vt 0.700962 0.540446
vt 0.517830 0.450818
vt 0.512614 0.450832
vt 0.917766 0.267997
vt 0.908515 0.268697
vt 0.898900 0.261675
vt 0.717368 0.542158
vt 0.718023 0.526973
vt 0.524849 0.433445
vt 0.527137 0.432736
vt 0.533834 0.440418
vt 0.533166 0.447809
vt 0.450048 0.421108
vt 0.450052 0.417052
vt 0.452969 0.417053
vt 0.452965 0.421110
vt 0.893570 0.277370
vt 0.892504 0.264438
vt 0.895343 0.264297
vt 0.897866 0.276576
vt 0.689286 0.538993
vt 0.689941 0.523809
vt 0.698013 0.524701
vt 0.697358 0.539887
vt 0.529638 0.429895
vt 0.529773 0.427627
vt 0.542105 0.428478
vt 0.541348 0.431910
vt 0.455192 0.417051
vt 0.455189 0.421108
vt 0.897509 0.263095
vt 0.904610 0.272833
vt 0.710687 0.526128
vt 0.710031 0.541314
vt 0.528492 0.431625
vt 0.537778 0.437298
vt 0.456622 0.417048
vt 0.456618 0.421105
vt 0.968970 0.193542
vt 0.978462 0.200410
vt 0.985234 0.209796
vt 0.989973 0.220912
vt 0.990029 0.228158
vt 0.625867 0.228523
vt 0.625932 0.216326
vt 0.958046 0.189301
vt 0.985243 0.209821
vt 0.978461 0.200390
vt 0.968980 0.193550
vt 0.958041 0.189312
vt 0.625933 0.216321
vt 0.625864 0.228533
vt 0.990151 0.228132
vt 0.990010 0.220922
vt 0.645867 0.388003
vt 0.645943 0.360885
vt 0.989845 0.362139
vt 0.989749 0.400183
vt 0.732654 0.102573
vt 0.733084 0.112612
vt 0.391349 0.115270
vt 0.391389 0.102073
vt 0.333285 0.001455
vt 0.333414 0.009625
vt 0.317824 0.009873
vt 0.318973 0.001683
vt 0.317715 0.002988
vt 0.475441 0.240196
vt 0.475529 0.223696
vt 0.509499 0.227667
vt 0.508079 0.244047
vt 0.509474 0.242766
vt 0.509543 0.197523
vt 0.476036 0.197740
vt 0.476005 0.223937
vt 0.509499 0.227649
vt 0.490261 0.387352
vt 0.490337 0.360234
vt 0.525614 0.360378
vt 0.525538 0.387496
vt 0.990109 0.243505
vt 0.625876 0.242934
vt 0.509489 0.242750
vt 0.625880 0.242941
vt 0.340033 0.001348
vt 0.366472 0.032582
vt 0.368959 0.034434
vt 0.370880 0.036872
vt 0.371516 0.038291
vt 0.371901 0.062657
vt 0.347452 0.063046
vt 0.009195 0.216583
vt 0.301086 0.209132
vt 0.301200 0.192084
vt 0.301221 0.175439
vt 0.301043 0.155017
vt 0.008766 0.039639
vt 0.646019 0.334167
vt 0.525689 0.333660
vt 0.335230 0.124687
vt 0.320918 0.124915
vt 0.319619 0.123651
vt 0.319460 0.113546
vt 0.335051 0.113298
vt 0.450384 0.048296
vt 0.817327 0.052531
vt 0.817455 0.061125
vt 0.450539 0.058674
vt 0.933923 0.074308
vt 0.816716 0.070613
vt 0.816899 0.064822
vt 0.934106 0.068517
vt 0.313463 0.061781
vt 0.342248 0.061572
vt 0.329361 0.104087
vt 0.313768 0.104200
vt 0.567982 0.045698
vt 0.568002 0.029613
vt 0.934866 0.030094
vt 0.934845 0.046179
vt 0.542099 0.010798
vt 0.542120 0.026883
vt 0.424855 0.027035
vt 0.424834 0.010950
vt 0.833171 0.147688
vt 0.833824 0.153049
vt 0.776843 0.159794
vt 0.776081 0.153549
vt 0.830954 0.690530
vt 0.840797 0.692695
vt 0.852560 0.699686
vt 0.862375 0.710051
vt 0.870204 0.724140
vt 0.875655 0.741552
vt 0.875791 0.949179
vt 0.871938 0.959586
vt 0.866248 0.968234
vt 0.859027 0.974670
vt 0.851039 0.978679
vt 0.831171 0.978689
vt 0.810968 0.978700
vt 0.802975 0.974701
vt 0.795746 0.968272
vt 0.790043 0.959631
vt 0.786177 0.949228
vt 0.786041 0.741601
vt 0.791469 0.724183
vt 0.799280 0.710086
vt 0.809082 0.699709
vt 0.820811 0.692720
vt 0.981626 0.126213
vt 0.943161 0.126361
vt 0.943316 0.111485
vt 0.981730 0.111272
vt 0.012047 0.335560
vt 0.313607 0.356007
vt 0.313597 0.359537
vt 0.011994 0.358165
vt 0.372279 0.086652
vt 0.371689 0.088090
vt 0.369845 0.090589
vt 0.367418 0.092519
vt 0.341978 0.124579
vt 0.313136 0.016319
vt 0.328728 0.016206
vt 0.852640 0.155720
vt 0.834426 0.157880
vt 0.852038 0.150889
vt 0.508150 0.244045
vt 0.475831 0.240307
vt 0.475416 0.259074
vt 0.507933 0.261197
vt 0.008702 0.039583
vt 0.300731 0.155063
vt 0.300931 0.175493
vt 0.300925 0.192150
vt 0.300831 0.209216
vt 0.009162 0.216654
vt 0.257760 0.062186
vt 0.259691 0.049233
vt 0.265330 0.035830
vt 0.273493 0.024964
vt 0.284191 0.016608
vt 0.313096 0.010678
vt 0.297358 0.010792
vt 0.313828 0.112570
vt 0.298091 0.112684
vt 0.284841 0.107060
vt 0.274024 0.098861
vt 0.265706 0.088115
vt 0.259874 0.074792
vt 0.877933 0.096731
vt 0.878446 0.111844
vt 0.835931 0.112079
vt 0.835164 0.097008
vt 0.361763 0.222463
vt 0.361874 0.206012
vt 0.384613 0.213188
vt 0.384667 0.229296
vt 0.384988 0.197725
vt 0.362764 0.187046
vt 0.362151 0.205963
vt 0.384826 0.213414
vt 0.374630 0.374471
vt 0.374707 0.359787
vt 0.395889 0.359849
vt 0.395813 0.386966
vt 0.420235 0.197386
vt 0.420267 0.217325
vt 0.384670 0.197407
vt 0.384907 0.229409
vt 0.420560 0.233915
vt 0.420601 0.217555
vt 0.835349 0.126807
vt 0.810076 0.124214
vt 0.810940 0.112188
vt 0.433049 0.333281
vt 0.432974 0.360000
vt 0.395964 0.333130
vt 0.362023 0.222482
vt 0.362550 0.239136
vt 0.385223 0.245512
vt 0.420282 0.233761
vt 0.420067 0.254493
vt 0.385046 0.245421
vt 0.757675 0.102583
vt 0.758748 0.112449
vt 0.321322 0.163141
vt 0.321386 0.184234
vt 0.321670 0.200724
vt 0.321698 0.184178
vt 0.334227 0.356691
vt 0.334213 0.359630
vt 0.321387 0.200790
vt 0.321428 0.217320
vt 0.011919 0.381113
vt 0.313586 0.363327
vt 0.391607 0.128166
vt 0.732807 0.122431
vt 0.509533 0.197523
vt 0.990150 0.243481
vt 0.989962 0.324559
vt 0.934579 0.050774
vt 0.934708 0.059369
vt 0.449759 0.068608
vt 0.449982 0.061539
vt 0.450717 0.045545
vt 0.450737 0.029460
vt 0.908907 0.010328
vt 0.908928 0.026413
vt 0.851385 0.145528
vt 0.777562 0.165573
vt 0.008606 0.281434
vt 0.008328 0.267021
vt 0.299346 0.248504
vt 0.298639 0.259782
vt 0.008642 0.251756
vt 0.300035 0.236891
vt 0.878118 0.126612
vt 0.877133 0.143343
vt 0.833474 0.143443
vt 0.379685 0.288437
vt 0.416573 0.298916
vt 0.418150 0.284373
vt 0.382573 0.274273
vt 0.474712 0.274860
vt 0.507389 0.276941
vt 0.473752 0.289673
vt 0.506677 0.291767
vt 0.300630 0.224135
vt 0.008995 0.234978
vt 0.942974 0.096262
vt 0.942300 0.079467
vt 0.980859 0.079165
vt 0.981438 0.095984
vt 0.472942 0.304235
vt 0.473774 0.289516
vt 0.506673 0.291770
vt 0.505961 0.306600
vt 0.298814 0.259634
vt 0.318184 0.267612
vt 0.319219 0.256814
vt 0.299527 0.248365
vt 0.320442 0.245494
vt 0.300233 0.236766
vt 0.361743 0.254527
vt 0.384293 0.260280
vt 0.360232 0.268314
vt 0.419367 0.269886
vt 0.384189 0.260197
vt 0.418133 0.284282
vt 0.382524 0.274207
vt 0.809925 0.099887
vt 0.806935 0.086039
vt 0.833084 0.080393
vt 0.357173 0.281038
vt 0.360143 0.268326
vt 0.379681 0.288397
vt 0.321054 0.232612
vt 0.320248 0.245620
vt 0.008287 0.266910
vt 0.008561 0.281313
vt 0.008616 0.251654
vt 0.008993 0.234889
vt 0.300853 0.224030
vt 0.341240 0.195196
vt 0.341092 0.211889
vt 0.341753 0.171318
vt 0.321665 0.163099
vt 0.341564 0.195143
vt 0.334210 0.362826
vt 0.354488 0.359713
vt 0.354468 0.365910
vt 0.783925 0.122700
vt 0.757804 0.122105
vt 0.784969 0.112311
vt 0.341380 0.211833
vt 0.321688 0.217234
vt 0.341599 0.228472
vt 0.783792 0.101696
vt 0.362294 0.187148
vt 0.341371 0.171363
vt 0.354502 0.353788
vt 0.374712 0.345427
vt 0.362349 0.239122
vt 0.341353 0.228536
vt 0.807259 0.138095
vt 0.780620 0.134829
vt 0.337381 0.269104
vt 0.357214 0.281007
vt 0.339856 0.257290
vt 0.321279 0.232503
vt 0.341038 0.243869
vt 0.754137 0.091135
vt 0.780337 0.089605
vt 0.319046 0.256952
vt 0.339709 0.257369
vt 0.337276 0.269200
vt 0.361602 0.254527
vt 0.340847 0.243938
vt 0.754405 0.133590
vt 0.318003 0.267757
vt 0.625651 0.205670
vt 0.958016 0.177111
vt 0.625749 0.195171
vt 0.958386 0.165811
vt 0.958087 0.177223
vt 0.625663 0.205644
vt 0.958377 0.165831
vt 0.625786 0.195193
vt 0.989704 0.413957
vt 0.645822 0.401777
vt 0.958549 0.153768
vt 0.625960 0.183402
vt 0.420598 0.197708
vt 0.420492 0.185421
vt 0.384537 0.185635
vt 0.420361 0.173784
vt 0.384232 0.174238
vt 0.432897 0.387118
vt 0.432852 0.400892
vt 0.395767 0.400740
vt 0.419773 0.161625
vt 0.419964 0.173354
vt 0.383855 0.173832
vt 0.383281 0.162313
vt 0.008717 0.027249
vt 0.300691 0.142700
vt 0.009196 0.015992
vt 0.301213 0.131069
vt 0.525722 0.319894
vt 0.646051 0.320401
vt 0.625943 0.183433
vt 0.510325 0.161310
vt 0.509933 0.172908
vt 0.525493 0.401270
vt 0.510287 0.161303
vt 0.509902 0.172906
vt 0.012076 0.323581
vt 0.313639 0.342241
vt 0.303162 0.119481
vt 0.010744 0.005387
vt 0.009310 0.016080
vt 0.301581 0.131035
vt 0.362442 0.174146
vt 0.362212 0.162300
vt 0.374561 0.388244
vt 0.361315 0.150846
vt 0.361548 0.162535
vt 0.475570 0.197397
vt 0.475589 0.184888
vt 0.509668 0.184756
vt 0.475636 0.173115
vt 0.490413 0.333516
vt 0.490445 0.319750
vt 0.475659 0.161362
vt 0.476064 0.173614
vt 0.321122 0.150447
vt 0.321350 0.138604
vt 0.334308 0.342925
vt 0.322789 0.126890
vt 0.321745 0.138585
vt 0.301038 0.142658
vt 0.008812 0.027323
vt 0.313541 0.377101
vt 0.011881 0.393101
vt 0.302785 0.119505
vt 0.010623 0.005290
vt 0.509696 0.184754
vt 0.989995 0.310793
vt 0.958689 0.153768
vt 0.341299 0.158726
vt 0.321498 0.150416
vt 0.341159 0.146964
vt 0.354435 0.379684
vt 0.334213 0.376600
vt 0.322387 0.126899
vt 0.341248 0.135260
vt 0.340714 0.146981
vt 0.340880 0.158757
vt 0.361921 0.174318
vt 0.354547 0.340024
vt 0.374721 0.331662
vt 0.362020 0.150633
vt 0.341671 0.135254
vt 0.384254 0.185248
vt 0.395997 0.319364
vt 0.383774 0.162668
vt 1.001238 0.362185
vt 1.001140 0.399366
vt 0.396248 0.033049
vt 0.396710 0.062323
vt 0.390632 0.062393
vt 0.390189 0.034277
vt 0.350497 0.001318
vt 0.371495 0.023213
vt 0.358770 0.001384
vt 0.375359 0.015710
vt 0.376206 0.026720
vt 0.381872 0.020559
vt 0.379846 0.031339
vt 0.386904 0.026945
vt 0.381945 0.036024
vt 0.382363 0.062504
vt 0.382775 0.088615
vt 0.391070 0.090141
vt 0.380825 0.093364
vt 0.388018 0.097574
vt 0.377333 0.098097
vt 0.383191 0.104116
vt 0.372735 0.101752
vt 0.376834 0.109171
vt 0.352438 0.124305
vt 0.360705 0.124018
vt 1.001348 0.325470
vt 0.397166 0.091230
vt 0.969553 0.177028
vt 0.980439 0.176350
vt 0.969731 0.166271
vt 0.980593 0.167184
vt 0.969690 0.176911
vt 0.980435 0.176357
vt 0.969739 0.166266
vt 0.980589 0.167179
vt 1.001101 0.411339
vt 0.392055 0.023690
vt 0.970983 0.155834
vt 0.981831 0.158459
vt 1.001377 0.313504
vt 0.393270 0.100718
vt 0.971003 0.155838
vt 0.981832 0.158459
vt 0.420246 0.254602
vt 0.475215 0.259029
vt 0.942695 0.143162
vt 0.472816 0.304406
vt 0.419451 0.269982
vt 0.876741 0.080012
vt 0.416608 0.298838
vt 0.474655 0.274773
vt 0.476048 0.185311
vt 0.490216 0.401126
vt 0.475634 0.161368
vt 0.420114 0.185030
vt 0.433081 0.319516
vt 0.420203 0.162070
vt 0.507926 0.261177
vt 0.981255 0.143037
vt 0.505971 0.306598
vt 0.507406 0.276938
vt 0.813681 0.676240
vt 0.829195 0.673195
vt 0.829239 0.681116
vt 0.816454 0.683677
vt 0.890824 0.735803
vt 0.892760 0.948797
vt 0.885093 0.949874
vt 0.882954 0.736920
vt 0.839030 0.691024
vt 0.829282 0.689164
vt 0.841733 0.683478
vt 0.850995 0.697431
vt 0.855747 0.690992
vt 0.861165 0.707239
vt 0.867458 0.702304
vt 0.869409 0.720903
vt 0.876714 0.717648
vt 0.875023 0.738115
vt 0.877248 0.949872
vt 0.873300 0.959819
vt 0.880325 0.962222
vt 0.867380 0.967903
vt 0.873215 0.972057
vt 0.860025 0.973789
vt 0.864241 0.979312
vt 0.852055 0.977467
vt 0.853829 0.984066
vt 0.832146 0.978464
vt 0.832198 0.985284
vt 0.811881 0.977756
vt 0.810208 0.984382
vt 0.803855 0.974201
vt 0.799725 0.979788
vt 0.796408 0.968428
vt 0.790640 0.972674
vt 0.790356 0.960434
vt 0.783373 0.962957
vt 0.786233 0.950545
vt 0.778389 0.950695
vt 0.784064 0.738787
vt 0.776113 0.737743
vt 0.789370 0.721493
vt 0.782012 0.718363
vt 0.797389 0.707708
vt 0.791020 0.702873
vt 0.807407 0.697754
vt 0.802560 0.691387
vt 0.819252 0.691189
vt 0.855657 0.990459
vt 0.832249 0.992100
vt 0.770700 0.949763
vt 0.768225 0.736774
vt 0.808478 0.990803
vt 0.844412 0.676006
vt 0.797724 0.685087
vt 0.784665 0.698104
vt 0.774665 0.715307
vt 0.860490 0.684621
vt 0.873738 0.697435
vt 0.884010 0.714466
vt 0.776169 0.964535
vt 0.784512 0.976254
vt 0.868762 0.984490
vt 0.879399 0.975537
vt 0.887553 0.963676
vt 0.795285 0.985038
vt 0.509729 0.244546
vt 0.509716 0.244558
vt 0.990106 0.245490
vt 0.625894 0.244824
vt 0.625898 0.244823
vt 0.990154 0.245498
vt 0.256553 0.062199
vt 0.258711 0.075166
vt 0.509763 0.261349
vt 0.258522 0.048887
vt 0.264286 0.035187
vt 0.272646 0.024059
vt 0.508525 0.291599
vt 0.509217 0.277039
vt 0.509766 0.261360
vt 0.509205 0.277046
vt 0.508538 0.291593
vt 0.273190 0.099787
vt 0.264671 0.088781
s 1
usemtl Material.001
f 11/1/1 10/2/2 9/3/3
f 9/3/3 8/4/4 7/5/5
f 7/5/5 6/6/6 5/7/7
f 9/3/3 7/5/5 5/7/7
f 5/7/7 4/8/8 3/9/9
f 3/9/9 2/10/10 1/11/11
f 5/7/7 3/9/9 1/11/11
f 9/3/3 5/7/7 1/11/11
f 11/1/1 9/3/3 1/11/11
f 12/12/12 11/1/1 1/11/11
f 4/13/13 5/14/14 17/15/15
f 17/15/15 16/16/16 4/13/13
f 5/14/14 6/17/17 18/18/18
f 18/18/18 17/15/15 5/14/14
f 6/17/17 7/19/19 19/20/19
f 19/20/19 18/18/18 6/17/17
f 7/19/19 8/21/20 20/22/20
f 20/22/20 19/20/19 7/19/19
f 8/21/20 9/23/21 21/24/21
f 21/24/21 20/22/20 8/21/20
f 9/23/21 10/25/22 22/26/23
f 22/26/23 21/24/21 9/23/21
f 10/27/22 11/28/24 23/29/25
f 23/29/25 22/30/23 10/27/22
f 11/28/24 12/31/26 24/32/27
f 24/32/27 23/29/25 11/28/24
f 37/33/28 38/34/29 39/35/30
f 39/35/30 40/36/31 41/37/32
f 41/37/32 42/38/33 43/39/34
f 39/35/30 41/37/32 43/39/34
f 43/39/34 44/40/33 45/41/33
f 45/41/33 46/42/33 47/43/35
f 43/39/34 45/41/33 47/43/35
f 39/35/30 43/39/34 47/43/35
f 37/33/28 39/35/30 47/43/35
f 48/44/36 37/33/28 47/43/35
f 13/45/37 14/46/38 26/47/39
f 26/47/39 25/48/40 13/45/37
f 14/46/38 15/49/41 27/50/42
f 27/50/42 26/47/39 14/46/38
f 15/49/41 16/51/43 28/52/44
f 28/52/44 27/50/42 15/49/41
f 16/51/43 17/53/45 29/54/46
f 29/54/46 28/52/44 16/51/43
f 17/53/45 18/55/33 30/56/33
f 30/56/33 29/54/46 17/53/45
f 18/55/33 19/57/33 31/58/33
f 31/58/33 30/56/33 18/55/33
f 19/57/33 20/59/33 32/60/33
f 32/60/33 31/58/33 19/57/33
f 20/59/33 21/61/33 33/62/33
f 33/62/33 32/60/33 20/59/33
f 21/61/33 22/63/33 34/64/33
f 34/64/33 33/62/33 21/61/33
f 22/63/33 23/65/47 35/66/33
f 35/66/33 34/64/33 22/63/33
f 23/65/47 24/67/48 36/68/49
f 36/68/49 35/66/33 23/65/47
f 24/67/48 13/45/37 25/48/40
f 25/48/40 36/68/49 24/67/48
f 25/69/50 26/70/51 38/71/52
f 38/71/52 37/72/53 25/69/50
f 26/70/51 27/73/54 39/74/55
f 39/74/55 38/71/52 26/70/51
f 27/75/54 28/76/56 40/77/57
f 40/77/57 39/78/55 27/75/54
f 28/76/56 29/79/58 41/80/58
f 41/80/58 40/77/57 28/76/56
f 29/81/58 30/82/18 42/83/18
f 42/83/18 41/84/58 29/81/58
f 30/82/18 31/85/19 43/86/19
f 43/86/19 42/83/18 30/82/18
f 31/85/19 32/87/20 44/88/20
f 44/88/20 43/86/19 31/85/19
f 32/87/20 33/89/21 45/90/21
f 45/90/21 44/88/20 32/87/20
f 33/91/21 34/92/23 46/93/23
f 46/93/23 45/94/21 33/91/21
f 34/92/23 35/95/59 47/96/59
f 47/96/59 46/93/23 34/92/23
f 35/95/59 36/97/60 48/98/61
f 48/98/61 47/96/59 35/95/59
f 36/99/60 25/69/50 37/72/53
f 37/72/53 48/100/61 36/99/60
f 1/101/62 2/102/63 50/103/64
f 50/103/64 49/104/65 1/101/62
f 2/105/63 3/106/66 51/107/67
f 51/107/67 50/108/64 2/105/63
f 3/106/66 4/109/13 52/110/68
f 52/110/68 51/107/67 3/106/66
f 4/109/13 16/111/16 53/112/69
f 53/112/69 52/110/68 4/109/13
f 16/111/16 15/113/70 54/114/71
f 54/114/71 53/112/69 16/111/16
f 15/113/70 14/115/72 55/116/73
f 55/116/73 54/114/71 15/113/70
f 14/117/72 13/118/74 56/119/75
f 56/119/75 55/120/73 14/117/72
f 13/118/74 24/121/27 57/122/76
f 57/122/76 56/119/75 13/118/74
f 24/121/27 12/123/26 58/124/77
f 58/124/77 57/122/76 24/121/27
f 12/123/26 1/101/62 49/104/65
f 49/104/65 58/124/77 12/123/26
f 49/125/65 50/126/64 60/127/78
f 60/127/78 59/128/79 49/125/65
f 50/126/64 51/129/67 61/130/80
f 61/130/80 60/127/78 50/126/64
f 51/129/67 52/131/68 62/132/81
f 62/132/81 61/130/80 51/129/67
f 52/110/68 53/112/69 63/133/82
f 63/133/82 62/134/81 52/110/68
f 53/135/69 54/136/71 64/137/83
f 64/137/83 63/138/82 53/135/69
f 54/136/71 55/139/73 65/140/84
f 65/140/84 64/137/83 54/136/71
f 55/139/73 56/141/75 66/142/85
f 66/142/85 65/140/84 55/139/73
f 56/141/75 57/143/76 67/144/86
f 67/144/86 66/142/85 56/141/75
f 57/145/76 58/146/77 68/147/87
f 68/147/87 67/148/86 57/145/76
f 58/149/77 49/125/65 59/128/79
f 59/128/79 68/150/87 58/149/77
f 60/127/78 254/151/88 255/152/89
f 255/152/89 59/128/79 60/127/78
f 60/127/78 61/130/80 253/153/90
f 253/153/90 254/151/88 60/127/78
f 61/130/80 62/132/81 252/154/91
f 252/154/91 253/153/90 61/130/80
f 63/155/82 251/156/92 252/157/91
f 252/157/91 62/158/81 63/155/82
f 64/137/83 250/159/93 251/160/92
f 251/160/92 63/138/82 64/137/83
f 65/140/84 249/161/94 250/159/93
f 250/159/93 64/137/83 65/140/84
f 65/140/84 66/142/85 258/162/95
f 258/162/95 249/161/94 65/140/84
f 66/142/85 67/144/86 257/163/96
f 257/163/96 258/162/95 66/142/85
f 68/164/87 256/165/97 257/166/96
f 257/166/96 67/167/86 68/164/87
f 59/128/79 255/152/89 256/168/97
f 256/168/97 68/150/87 59/128/79
f 70/169/98 295/170/99 296/171/100
f 296/171/100 69/172/101 70/169/98
f 70/169/98 71/173/102 294/174/103
f 294/174/103 295/170/99 70/169/98
f 71/173/102 72/175/104 293/176/105
f 293/176/105 294/174/103 71/173/102
f 73/177/106 292/178/107 293/179/105
f 293/179/105 72/180/104 73/177/106
f 74/181/108 291/182/109 292/183/107
f 292/183/107 73/184/106 74/181/108
f 75/185/110 290/186/111 291/182/109
f 291/182/109 74/181/108 75/185/110
f 75/185/110 76/187/112 289/188/113
f 289/188/113 290/186/111 75/185/110
f 76/187/112 77/189/114 298/190/115
f 298/190/115 289/188/113 76/187/112
f 78/191/116 297/192/117 298/193/115
f 298/193/115 77/194/114 78/191/116
f 69/172/101 296/171/100 297/195/117
f 297/195/117 78/196/116 69/172/101
f 80/197/118 275/198/119 276/199/120
f 276/199/120 79/200/121 80/197/118
f 81/201/122 274/202/123 275/198/119
f 275/198/119 80/197/118 81/201/122
f 81/201/122 82/203/124 273/204/125
f 273/204/125 274/202/123 81/201/122
f 83/205/126 272/206/127 273/207/125
f 273/207/125 82/208/124 83/205/126
f 84/209/128 271/210/129 272/211/127
f 272/211/127 83/212/126 84/209/128
f 84/209/128 85/213/130 270/214/131
f 270/214/131 271/210/129 84/209/128
f 85/213/130 86/215/132 269/216/133
f 269/216/133 270/214/131 85/213/130
f 86/215/132 87/217/134 278/218/135
f 278/218/135 269/216/133 86/215/132
f 88/219/136 277/220/137 278/221/135
f 278/221/135 87/222/134 88/219/136
f 79/200/121 276/199/120 277/223/137
f 277/223/137 88/224/136 79/200/121
f 89/225/138 90/226/139 100/227/140
f 100/227/140 99/228/141 89/225/138
f 90/226/139 91/229/142 101/230/143
f 101/230/143 100/227/140 90/226/139
f 91/229/142 92/231/144 102/232/145
f 102/232/145 101/230/143 91/229/142
f 92/233/144 93/234/146 103/235/147
f 103/235/147 102/236/145 92/233/144
f 93/237/146 94/238/148 104/239/149
f 104/239/149 103/240/147 93/237/146
f 94/238/148 95/241/150 105/242/151
f 105/242/151 104/239/149 94/238/148
f 95/241/150 96/243/152 106/244/153
f 106/244/153 105/242/151 95/241/150
f 96/243/152 97/245/154 107/246/155
f 107/246/155 106/244/153 96/243/152
f 97/247/154 98/248/156 108/249/157
f 108/249/157 107/250/155 97/247/154
f 98/251/156 89/225/138 99/228/141
f 99/228/141 108/252/157 98/251/156
f 99/228/141 100/227/140 214/253/158
f 214/253/158 215/254/159 99/228/141
f 100/227/140 101/230/143 213/255/160
f 213/255/160 214/253/158 100/227/140
f 101/230/143 102/232/145 212/256/161
f 212/256/161 213/255/160 101/230/143
f 103/235/147 211/257/162 212/258/161
f 212/258/161 102/236/145 103/235/147
f 104/239/149 210/259/163 211/260/162
f 211/260/162 103/240/147 104/239/149
f 105/242/151 209/261/164 210/259/163
f 210/259/163 104/239/149 105/242/151
f 106/244/153 218/262/165 209/261/164
f 209/261/164 105/242/151 106/244/153
f 106/244/153 107/246/155 217/263/166
f 217/263/166 218/262/165 106/244/153
f 108/249/157 216/264/167 217/265/166
f 217/265/166 107/250/155 108/249/157
f 99/228/141 215/254/159 216/266/167
f 216/266/167 108/252/157 99/228/141
f 109/267/168 110/268/169 204/269/170
f 204/269/170 205/270/171 109/267/168
f 110/268/169 111/271/172 203/272/173
f 203/272/173 204/269/170 110/268/169
f 111/271/172 112/273/174 202/274/175
f 202/274/175 203/272/173 111/271/172
f 113/275/176 201/276/177 202/277/175
f 202/277/175 112/278/174 113/275/176
f 114/279/178 200/280/179 201/281/177
f 201/281/177 113/282/176 114/279/178
f 115/283/180 199/284/181 200/280/179
f 200/280/179 114/279/178 115/283/180
f 116/285/182 208/286/183 199/284/181
f 199/284/181 115/283/180 116/285/182
f 116/285/182 117/287/184 207/288/185
f 207/288/185 208/286/183 116/285/182
f 118/289/186 206/290/187 207/291/185
f 207/291/185 117/292/184 118/289/186
f 109/267/168 205/270/171 206/293/187
f 206/293/187 118/294/186 109/267/168
f 119/295/188 120/296/189 193/297/190
f 193/297/190 194/298/191 119/295/188
f 120/296/189 121/299/192 192/300/193
f 192/300/193 193/297/190 120/296/189
f 121/299/192 122/301/194 191/302/195
f 191/302/195 192/300/193 121/299/192
f 123/303/196 190/304/197 191/305/195
f 191/305/195 122/306/194 123/303/196
f 124/307/198 189/308/199 190/309/197
f 190/309/197 123/310/196 124/307/198
f 125/311/200 198/312/201 189/308/199
f 189/308/199 124/307/198 125/311/200
f 126/313/202 197/314/203 198/312/201
f 198/312/201 125/311/200 126/313/202
f 126/313/202 127/315/204 196/316/205
f 196/316/205 197/314/203 126/313/202
f 128/317/206 195/318/207 196/319/205
f 196/319/205 127/320/204 128/317/206
f 119/295/188 194/298/191 195/321/207
f 195/321/207 128/322/206 119/295/188
f 129/323/208 130/324/209 182/325/210
f 182/325/210 183/326/211 129/323/208
f 130/324/209 131/327/212 181/328/213
f 181/328/213 182/325/210 130/324/209
f 131/327/212 132/329/214 180/330/215
f 180/330/215 181/328/213 131/327/212
f 133/331/216 179/332/217 180/333/215
f 180/333/215 132/334/214 133/331/216
f 134/335/218 188/336/219 179/337/217
f 179/337/217 133/338/216 134/335/218
f 135/339/220 187/340/221 188/336/219
f 188/336/219 134/335/218 135/339/220
f 136/341/222 186/342/223 187/340/221
f 187/340/221 135/339/220 136/341/222
f 137/343/224 185/344/225 186/342/223
f 186/342/223 136/341/222 137/343/224
f 138/345/226 184/346/227 185/347/225
f 185/347/225 137/348/224 138/345/226
f 138/349/226 129/323/208 183/326/211
f 183/326/211 184/350/227 138/349/226
f 141/351/228 309/352/229 308/353/230
f 308/353/230 140/354/231 141/351/228
f 141/351/228 142/355/232 310/356/233
f 310/356/233 309/352/229 141/351/228
f 144/357/234 306/358/235 305/359/236
f 305/359/236 143/360/237 144/357/234
f 144/357/234 145/361/238 307/362/239
f 307/362/239 306/358/235 144/357/234
f 146/363/240 147/364/241 157/365/242
f 157/365/242 156/366/243 146/363/240
f 147/367/241 148/368/244 158/369/245
f 158/369/245 157/370/242 147/367/241
f 148/371/244 139/372/246 149/373/247
f 149/373/247 158/374/245 148/371/244
f 394/375/248 388/376/249 390/377/250
f 390/377/250 392/378/251 394/375/248
f 307/379/252 308/380/253 150/381/254
f 150/381/254 155/382/255 307/379/252
f 155/383/256 150/384/257 151/385/258
f 151/385/258 154/386/259 155/383/256
f 152/387/260 153/388/261 330/389/262
f 151/385/258 152/387/260 330/389/262
f 154/386/259 151/385/258 330/389/262
f 156/390/263 149/391/263 139/392/263
f 139/392/263 146/393/263 156/390/263
f 149/394/264 156/395/264 157/396/264
f 157/396/264 158/397/265 149/394/264
f 173/398/266 174/399/267 163/400/268
f 163/400/268 162/401/269 173/398/266
f 172/402/270 173/398/266 162/401/269
f 162/401/269 161/403/271 172/402/270
f 171/404/272 172/402/270 161/403/271
f 161/403/271 160/405/273 171/404/272
f 170/406/274 171/407/272 160/408/273
f 160/408/273 159/409/275 170/406/274
f 168/410/276 169/411/277 170/412/274
f 170/412/274 159/413/275 168/410/276
f 167/414/278 178/415/279 169/411/277
f 169/411/277 168/410/276 167/414/278
f 166/416/280 177/417/281 178/415/279
f 178/415/279 167/414/278 166/416/280
f 176/418/282 177/417/281 166/416/280
f 166/416/280 165/419/283 176/418/282
f 175/420/284 176/421/282 165/422/283
f 165/422/283 164/423/285 175/420/284
f 163/400/268 174/399/267 175/424/284
f 175/424/284 164/425/285 163/400/268
f 173/398/266 130/324/209 129/323/208
f 129/323/208 174/399/267 173/398/266
f 131/327/212 130/324/209 173/398/266
f 173/398/266 172/402/270 131/327/212
f 171/404/272 132/329/214 131/327/212
f 131/327/212 172/402/270 171/404/272
f 133/331/216 132/334/214 171/407/272
f 171/407/272 170/406/274 133/331/216
f 134/335/218 133/338/216 170/412/274
f 170/412/274 169/411/277 134/335/218
f 178/415/279 135/339/220 134/335/218
f 134/335/218 169/411/277 178/415/279
f 136/341/222 135/339/220 178/415/279
f 178/415/279 177/417/281 136/341/222
f 137/343/224 136/341/222 177/417/281
f 177/417/281 176/418/282 137/343/224
f 138/345/226 137/348/224 176/421/282
f 176/421/282 175/420/284 138/345/226
f 174/399/267 129/323/208 138/349/226
f 138/349/226 175/424/284 174/399/267
f 140/354/231 139/372/246 183/326/211
f 183/326/211 182/325/210 140/354/231
f 181/328/213 141/351/228 140/354/231
f 140/354/231 182/325/210 181/328/213
f 142/355/232 141/351/228 181/328/213
f 181/328/213 180/330/215 142/355/232
f 143/426/237 142/427/232 180/428/215
f 180/428/215 179/429/217 143/426/237
f 188/336/219 144/357/234 143/360/237
f 143/360/237 179/337/217 188/336/219
f 145/361/238 144/357/234 188/336/219
f 188/336/219 187/340/221 145/361/238
f 186/342/223 146/363/240 145/361/238
f 145/361/238 187/340/221 186/342/223
f 185/344/225 147/364/241 146/363/240
f 146/363/240 186/342/223 185/344/225
f 148/368/244 147/367/241 185/430/225
f 185/430/225 184/431/227 148/368/244
f 139/372/246 148/371/244 184/350/227
f 184/350/227 183/326/211 139/372/246
f 193/297/190 162/401/269 163/400/268
f 163/400/268 194/298/191 193/297/190
f 161/403/271 162/401/269 193/297/190
f 193/297/190 192/300/193 161/403/271
f 160/405/273 161/403/271 192/300/193
f 192/300/193 191/302/195 160/405/273
f 159/409/275 160/408/273 191/305/195
f 191/305/195 190/304/197 159/409/275
f 189/308/199 168/410/276 159/413/275
f 159/413/275 190/309/197 189/308/199
f 198/312/201 167/414/278 168/410/276
f 168/410/276 189/308/199 198/312/201
f 166/416/280 167/414/278 198/312/201
f 198/312/201 197/314/203 166/416/280
f 165/419/283 166/416/280 197/314/203
f 197/314/203 196/316/205 165/419/283
f 164/423/285 165/422/283 196/319/205
f 196/319/205 195/318/207 164/423/285
f 194/298/191 163/400/268 164/425/285
f 164/425/285 195/321/207 194/298/191
f 223/432/286 224/433/287 205/270/171
f 205/270/171 204/269/170 223/432/286
f 222/434/288 223/432/286 204/269/170
f 204/269/170 203/272/173 222/434/288
f 221/435/289 222/434/288 203/272/173
f 203/272/173 202/274/175 221/435/289
f 220/436/290 221/437/289 202/277/175
f 202/277/175 201/276/177 220/436/290
f 200/280/179 219/438/291 220/439/290
f 220/439/290 201/281/177 200/280/179
f 199/284/181 228/440/292 219/438/291
f 219/438/291 200/280/179 199/284/181
f 208/286/183 227/441/293 228/440/292
f 228/440/292 199/284/181 208/286/183
f 226/442/294 227/441/293 208/286/183
f 208/286/183 207/288/185 226/442/294
f 225/443/295 226/444/294 207/291/185
f 207/291/185 206/290/187 225/443/295
f 205/270/171 224/433/287 225/445/295
f 225/445/295 206/293/187 205/270/171
f 214/253/158 110/268/169 109/267/168
f 109/267/168 215/254/159 214/253/158
f 111/271/172 110/268/169 214/253/158
f 214/253/158 213/255/160 111/271/172
f 112/273/174 111/271/172 213/255/160
f 213/255/160 212/256/161 112/273/174
f 113/275/176 112/278/174 212/258/161
f 212/258/161 211/257/162 113/275/176
f 210/259/163 114/279/178 113/282/176
f 113/282/176 211/260/162 210/259/163
f 209/261/164 115/283/180 114/279/178
f 114/279/178 210/259/163 209/261/164
f 116/285/182 115/283/180 209/261/164
f 209/261/164 218/262/165 116/285/182
f 117/287/184 116/285/182 218/262/165
f 218/262/165 217/263/166 117/287/184
f 118/289/186 117/292/184 217/265/166
f 217/265/166 216/264/167 118/289/186
f 215/254/159 109/267/168 118/294/186
f 118/294/186 216/266/167 215/254/159
f 120/296/189 119/295/188 224/433/287
f 224/433/287 223/432/286 120/296/189
f 121/299/192 120/296/189 223/432/286
f 223/432/286 222/434/288 121/299/192
f 122/301/194 121/299/192 222/434/288
f 222/434/288 221/435/289 122/301/194
f 123/303/196 122/306/194 221/437/289
f 221/437/289 220/436/290 123/303/196
f 219/438/291 124/307/198 123/310/196
f 123/310/196 220/439/290 219/438/291
f 228/440/292 125/311/200 124/307/198
f 124/307/198 219/438/291 228/440/292
f 227/441/293 126/313/202 125/311/200
f 125/311/200 228/440/292 227/441/293
f 127/315/204 126/313/202 227/441/293
f 227/441/293 226/442/294 127/315/204
f 128/446/206 127/447/204 226/444/294
f 226/444/294 225/443/295 128/446/206
f 224/433/287 119/295/188 128/322/206
f 128/322/206 225/445/295 224/433/287
f 235/448/296 265/449/297 266/450/298
f 266/450/298 236/451/299 235/448/296
f 234/452/300 264/453/301 265/449/297
f 265/449/297 235/448/296 234/452/300
f 263/454/302 264/453/301 234/452/300
f 234/452/300 233/455/303 263/454/302
f 262/456/304 263/457/302 233/458/303
f 233/458/303 232/459/305 262/456/304
f 231/460/306 261/461/307 262/462/304
f 262/462/304 232/463/305 231/460/306
f 260/464/308 261/461/307 231/460/306
f 231/460/306 230/465/309 260/464/308
f 259/466/310 260/464/308 230/465/309
f 230/465/309 229/467/311 259/466/310
f 268/468/312 259/466/310 229/467/311
f 229/467/311 238/469/313 268/468/312
f 267/470/314 268/471/312 238/472/313
f 238/472/313 237/473/315 267/470/314
f 236/451/299 266/450/298 267/474/314
f 267/474/314 237/475/315 236/451/299
f 244/476/316 285/477/317 286/478/318
f 286/478/318 245/479/319 244/476/316
f 243/480/320 284/481/321 285/477/317
f 285/477/317 244/476/316 243/480/320
f 283/482/322 284/481/321 243/480/320
f 243/480/320 242/483/323 283/482/322
f 282/484/324 283/485/322 242/486/323
f 242/486/323 241/487/325 282/484/324
f 240/488/326 281/489/327 282/490/324
f 282/490/324 241/491/325 240/488/326
f 280/492/328 281/489/327 240/488/326
f 240/488/326 239/493/329 280/492/328
f 279/494/330 280/492/328 239/493/329
f 239/493/329 248/495/331 279/494/330
f 288/496/332 279/494/330 248/495/331
f 248/495/331 247/497/333 288/496/332
f 287/498/334 288/499/332 247/500/333
f 247/500/333 246/501/335 287/498/334
f 245/479/319 286/478/318 287/502/334
f 287/502/334 246/503/335 245/479/319
f 70/169/98 69/172/101 255/152/89
f 255/152/89 254/151/88 70/169/98
f 71/173/102 70/169/98 254/151/88
f 254/151/88 253/153/90 71/173/102
f 72/175/104 71/173/102 253/153/90
f 253/153/90 252/154/91 72/175/104
f 73/177/106 72/180/104 252/157/91
f 252/157/91 251/156/92 73/177/106
f 250/159/93 74/181/108 73/184/106
f 73/184/106 251/160/92 250/159/93
f 249/161/94 75/185/110 74/181/108
f 74/181/108 250/159/93 249/161/94
f 258/162/95 76/187/112 75/185/110
f 75/185/110 249/161/94 258/162/95
f 77/189/114 76/187/112 258/162/95
f 258/162/95 257/163/96 77/189/114
f 78/191/116 77/194/114 257/166/96
f 257/166/96 256/165/97 78/191/116
f 255/152/89 69/172/101 78/196/116
f 78/196/116 256/168/97 255/152/89
f 265/449/297 90/226/139 89/225/138
f 89/225/138 266/450/298 265/449/297
f 91/229/142 90/226/139 265/449/297
f 265/449/297 264/453/301 91/229/142
f 92/231/144 91/229/142 264/453/301
f 264/453/301 263/454/302 92/231/144
f 93/234/146 92/233/144 263/457/302
f 263/457/302 262/456/304 93/234/146
f 261/461/307 94/238/148 93/237/146
f 93/237/146 262/462/304 261/461/307
f 260/464/308 95/241/150 94/238/148
f 94/238/148 261/461/307 260/464/308
f 96/243/152 95/241/150 260/464/308
f 260/464/308 259/466/310 96/243/152
f 97/245/154 96/243/152 259/466/310
f 259/466/310 268/468/312 97/245/154
f 98/248/156 97/247/154 268/471/312
f 268/471/312 267/470/314 98/248/156
f 266/450/298 89/225/138 98/251/156
f 98/251/156 267/474/314 266/450/298
f 275/198/119 235/448/296 236/451/299
f 236/451/299 276/199/120 275/198/119
f 234/452/300 235/448/296 275/198/119
f 275/198/119 274/202/123 234/452/300
f 233/455/303 234/452/300 274/202/123
f 274/202/123 273/204/125 233/455/303
f 232/459/305 233/458/303 273/207/125
f 273/207/125 272/206/127 232/459/305
f 271/210/129 231/460/306 232/463/305
f 232/463/305 272/211/127 271/210/129
f 270/214/131 230/465/309 231/460/306
f 231/460/306 271/210/129 270/214/131
f 229/467/311 230/465/309 270/214/131
f 270/214/131 269/216/133 229/467/311
f 238/469/313 229/467/311 269/216/133
f 269/216/133 278/218/135 238/469/313
f 237/473/315 238/472/313 278/221/135
f 278/221/135 277/220/137 237/473/315
f 276/199/120 236/451/299 237/475/315
f 237/475/315 277/223/137 276/199/120
f 285/477/317 80/197/118 79/200/121
f 79/200/121 286/478/318 285/477/317
f 284/481/321 81/201/122 80/197/118
f 80/197/118 285/477/317 284/481/321
f 82/203/124 81/201/122 284/481/321
f 284/481/321 283/482/322 82/203/124
f 83/205/126 82/208/124 283/485/322
f 283/485/322 282/484/324 83/205/126
f 281/489/327 84/209/128 83/212/126
f 83/212/126 282/490/324 281/489/327
f 85/213/130 84/209/128 281/489/327
f 281/489/327 280/492/328 85/213/130
f 86/215/132 85/213/130 280/492/328
f 280/492/328 279/494/330 86/215/132
f 87/217/134 86/215/132 279/494/330
f 279/494/330 288/496/332 87/217/134
f 88/219/136 87/222/134 288/499/332
f 288/499/332 287/498/334 88/219/136
f 286/478/318 79/200/121 88/224/136
f 88/224/136 287/502/334 286/478/318
f 295/170/99 244/476/316 245/479/319
f 245/479/319 296/171/100 295/170/99
f 243/480/320 244/476/316 295/170/99
f 295/170/99 294/174/103 243/480/320
f 242/483/323 243/480/320 294/174/103
f 294/174/103 293/176/105 242/483/323
f 241/487/325 242/486/323 293/179/105
f 293/179/105 292/178/107 241/487/325
f 291/182/109 240/488/326 241/491/325
f 241/491/325 292/183/107 291/182/109
f 290/186/111 239/493/329 240/488/326
f 240/488/326 291/182/109 290/186/111
f 248/495/331 239/493/329 290/186/111
f 290/186/111 289/188/113 248/495/331
f 247/497/333 248/495/331 289/188/113
f 289/188/113 298/190/115 247/497/333
f 246/501/335 247/500/333 298/193/115
f 298/193/115 297/192/117 246/501/335
f 296/171/100 245/479/319 246/503/335
f 246/503/335 297/195/117 296/171/100
f 143/426/237 300/504/336 334/505/337
f 142/427/232 143/426/237 334/505/337
f 334/505/337 331/506/337 299/507/337
f 142/427/232 334/505/337 299/507/337
f 305/508/236 340/509/338 304/510/339
f 304/510/339 333/511/337 300/504/336
f 305/508/236 304/510/339 300/504/336
f 143/426/237 305/508/236 300/504/336
f 152/387/260 302/512/340 337/513/341
f 153/388/261 152/387/260 337/513/341
f 153/388/261 337/513/341 301/514/342
f 310/515/233 339/516/343 338/517/344
f 338/517/344 336/518/337 302/512/340
f 310/515/233 338/517/344 302/512/340
f 152/387/260 310/515/233 302/512/340
f 151/519/258 150/520/257 308/353/230
f 308/353/230 309/352/229 151/519/258
f 152/387/260 151/385/258 309/521/229
f 309/521/229 310/515/233 152/387/260
f 154/386/259 330/389/262 329/522/345
f 306/523/235 154/386/259 329/522/345
f 306/523/235 329/522/345 305/508/236
f 307/362/239 155/524/256 154/525/259
f 154/525/259 306/358/235 307/362/239
f 145/526/346 140/527/347 308/380/253
f 308/380/253 307/379/252 145/526/346
f 305/508/236 329/522/345 335/528/348
f 335/528/348 341/529/349 340/509/338
f 305/508/236 335/528/348 340/509/338
f 142/427/232 299/507/337 332/530/350
f 310/515/233 142/427/232 332/530/350
f 332/530/350 303/531/351 339/516/343
f 310/515/233 332/530/350 339/516/343
f 334/532/352 349/533/353 319/534/354
f 319/534/354 331/535/355 334/532/352
f 333/536/356 304/537/357 348/538/358
f 348/538/358 318/539/359 333/536/356
f 337/540/360 352/541/361 322/542/362
f 322/542/362 301/543/363 337/540/360
f 338/544/364 351/545/365 321/546/366
f 321/546/366 336/547/367 338/544/364
f 332/548/368 350/549/369 320/550/370
f 320/550/370 303/551/371 332/548/368
f 341/552/372 335/553/373 353/554/374
f 353/554/374 317/555/375 341/552/372
f 367/556/376 365/557/377 371/558/378
f 371/558/378 344/559/379 313/560/380
f 313/560/380 363/561/381 369/562/382
f 371/558/378 313/560/380 369/562/382
f 369/562/382 346/563/383 315/564/384
f 315/564/384 342/565/385 311/566/386
f 369/562/382 315/564/384 311/566/386
f 371/558/378 369/562/382 311/566/386
f 367/556/376 371/558/378 311/566/386
f 361/567/387 367/556/376 311/566/386
f 324/568/388 356/569/389 319/570/390
f 319/570/390 349/571/391 324/568/388
f 323/572/392 355/573/393 318/574/394
f 318/574/394 348/575/395 323/572/392
f 327/576/396 359/577/397 322/542/398
f 322/542/398 352/541/399 327/576/396
f 351/578/400 326/579/401 358/580/402
f 358/580/402 321/581/403 351/578/400
f 350/582/404 325/583/405 357/584/406
f 357/584/406 320/585/407 350/582/404
f 328/586/408 354/587/409 317/588/410
f 317/588/410 353/589/411 328/586/408
f 312/590/412 360/591/413 356/592/414
f 356/592/414 324/593/415 312/590/412
f 316/594/416 343/595/417 355/596/418
f 355/596/418 323/597/419 316/594/416
f 314/598/420 362/599/421 359/600/422
f 359/600/422 327/601/423 314/598/420
f 326/602/424 370/603/425 345/604/426
f 345/604/426 358/605/427 326/602/424
f 325/606/428 366/607/429 364/608/430
f 364/608/430 357/609/431 325/606/428
f 368/610/432 347/611/433 354/612/434
f 354/612/434 328/613/435 368/610/432
f 153/388/261 329/522/345 330/389/262
f 299/507/337 331/506/337 332/530/350
f 300/504/336 333/511/337 334/505/337
f 302/512/340 336/518/337 337/513/341
f 303/531/351 338/517/344 339/516/343
f 304/510/339 340/509/338 341/529/349
f 329/522/345 153/388/261 301/514/342
f 301/514/342 335/528/348 329/522/345
f 332/614/368 331/535/355 319/534/354
f 319/534/354 350/615/369 332/614/368
f 334/532/352 333/616/356 318/617/359
f 318/617/359 349/533/353 334/532/352
f 335/618/373 301/543/363 322/542/362
f 322/542/362 353/589/374 335/618/373
f 337/540/360 336/619/367 321/581/366
f 321/581/366 352/541/361 337/540/360
f 338/544/364 303/551/371 320/550/370
f 320/550/370 351/545/365 338/544/364
f 304/537/357 341/552/372 317/555/375
f 317/555/375 348/538/358 304/537/357
f 348/575/395 317/620/410 354/621/409
f 354/621/409 323/572/392 348/575/395
f 349/571/391 318/574/394 355/573/393
f 355/573/393 324/568/388 349/571/391
f 350/582/404 319/570/390 356/569/389
f 356/569/389 325/583/405 350/582/404
f 351/622/400 320/585/407 357/584/406
f 357/584/406 326/623/401 351/622/400
f 352/541/399 321/581/403 358/580/402
f 358/580/402 327/576/396 352/541/399
f 353/589/411 322/542/398 359/577/397
f 359/577/397 328/586/408 353/589/411
f 323/597/419 354/612/434 347/611/433
f 347/611/433 316/594/416 323/597/419
f 324/593/415 355/624/418 343/625/417
f 343/625/417 312/590/412 324/593/415
f 325/626/428 356/592/414 360/591/413
f 360/591/413 366/627/429 325/626/428
f 326/602/424 357/609/431 364/608/430
f 364/608/430 370/603/425 326/602/424
f 327/576/423 358/580/427 345/628/426
f 345/628/426 314/629/420 327/576/423
f 328/586/435 359/577/422 362/630/421
f 362/630/421 368/631/432 328/586/435
f 312/590/412 361/632/387 311/633/386
f 311/633/386 360/591/413 312/590/412
f 316/634/416 365/635/377 367/636/376
f 367/636/376 343/625/417 316/634/416
f 314/598/420 363/561/381 313/560/380
f 313/560/380 362/599/421 314/598/420
f 370/637/425 346/563/383 369/562/382
f 369/562/382 345/638/426 370/637/425
f 366/627/429 342/639/385 315/640/384
f 315/640/384 364/641/430 366/627/429
f 368/642/432 344/559/379 371/558/378
f 371/558/378 347/643/433 368/642/432
f 360/591/413 311/633/386 342/639/385
f 342/639/385 366/627/429 360/591/413
f 343/625/417 367/636/376 361/632/387
f 361/632/387 312/590/412 343/625/417
f 362/599/421 313/560/380 344/559/379
f 344/559/379 368/642/432 362/599/421
f 345/638/426 369/562/382 363/561/381
f 363/561/381 314/598/420 345/638/426
f 364/608/430 315/644/384 346/645/383
f 346/645/383 370/603/425 364/608/430
f 347/611/433 371/646/378 365/647/377
f 365/647/377 316/594/416 347/611/433
f 140/648/436 373/649/437 383/650/438
f 139/651/439 140/648/436 383/650/438
f 383/650/438 380/652/440 372/653/441
f 139/651/439 383/650/438 372/653/441
f 145/654/442 374/655/443 385/656/444
f 140/657/436 145/654/442 385/656/444
f 385/656/444 382/658/445 373/659/437
f 140/657/436 385/656/444 373/659/437
f 146/660/446 375/661/447 387/662/448
f 145/663/442 146/660/446 387/662/448
f 387/662/448 384/664/449 374/665/443
f 145/663/442 387/662/448 374/665/443
f 139/392/439 372/666/441 381/667/450
f 146/393/446 139/392/439 381/667/450
f 381/667/450 386/668/451 375/669/447
f 146/393/446 381/667/450 375/669/447
f 380/670/452 383/671/453 391/672/454
f 391/672/454 376/673/455 380/670/452
f 382/658/456 385/656/456 393/674/456
f 393/674/456 377/675/456 382/658/456
f 384/676/457 387/677/458 395/678/459
f 395/678/459 378/679/460 384/676/457
f 386/680/461 381/681/462 389/682/463
f 389/682/463 379/683/464 386/680/461
f 372/653/441 380/652/440 381/684/450
f 373/649/437 382/685/445 383/650/438
f 374/665/443 384/664/449 385/686/444
f 375/661/447 386/687/451 387/662/448
f 376/688/455 388/376/249 389/689/463
f 377/675/465 390/690/250 391/691/454
f 378/692/460 392/693/251 393/674/466
f 379/694/464 394/375/248 395/695/459
f 388/696/249 376/673/455 391/672/454
f 391/672/454 390/697/250 388/696/249
f 390/690/250 377/675/465 393/674/466
f 393/674/466 392/693/251 390/690/250
f 392/698/251 378/679/460 395/678/459
f 395/678/459 394/699/248 392/698/251
f 394/375/248 379/694/464 389/689/463
f 389/689/463 388/376/249 394/375/248
f 381/700/462 380/670/452 376/673/455
f 376/673/455 389/701/463 381/700/462
f 383/671/453 382/702/467 377/703/465
f 377/703/465 391/672/454 383/671/453
f 385/704/468 384/676/457 378/679/460
f 378/679/460 393/705/466 385/704/468
f 387/677/458 386/706/461 379/707/464
f 379/707/464 395/678/459 387/677/458
f 423/708/469 424/709/470 437/710/470
f 437/710/470 426/711/469 423/708/469
f 440/712/471 433/713/471 415/714/470
f 415/714/470 431/715/470 440/712/471
f 399/716/470 427/717/471 438/718/471
f 438/718/471 424/709/470 399/716/470
f 441/719/472 439/720/473 421/721/474
f 421/721/474 435/722/475 441/719/472
f 417/723/469 418/724/476 432/725/477
f 432/725/477 429/726/469 417/723/469
f 442/727/478 432/725/477 418/724/476
f 418/724/476 434/728/479 442/727/478
f 421/721/474 422/729/469 436/730/469
f 436/730/469 435/722/475 421/721/474
f 416/731/469 417/723/469 429/726/469
f 429/726/469 430/732/469 416/731/469
f 422/729/469 423/708/469 426/711/469
f 426/711/469 436/730/469 422/729/469
f 415/714/470 416/731/469 430/732/469
f 430/732/469 431/715/470 415/714/470
f 399/716/470 415/714/470 433/713/471
f 433/713/471 427/717/471 399/716/470
f 410/733/469 407/734/480 418/724/476
f 418/724/476 417/723/469 410/733/469
f 407/734/480 428/735/481 434/728/479
f 434/728/479 418/724/476 407/734/480
f 398/736/469 410/733/469 417/723/469
f 417/723/469 416/731/469 398/736/469
f 399/716/470 398/736/469 416/731/469
f 416/731/469 415/714/470 399/716/470
f 398/736/469 399/716/470 424/709/470
f 424/709/470 423/708/469 398/736/469
f 443/737/471 437/710/470 424/709/470
f 424/709/470 438/718/471 443/737/471
f 407/734/480 421/721/474 439/720/473
f 439/720/473 428/735/481 407/734/480
f 407/734/480 410/733/469 422/729/469
f 422/729/469 421/721/474 407/734/480
f 410/733/469 398/736/469 423/708/469
f 423/708/469 422/729/469 410/733/469
f 397/738/33 426/739/33 437/740/33
f 437/740/33 396/741/33 397/738/33
f 440/742/482 401/743/482 414/744/483
f 414/744/483 433/745/484 440/742/482
f 440/746/4 431/747/4 400/748/4
f 400/748/4 401/749/4 440/746/4
f 425/750/485 438/751/485 427/752/486
f 427/752/486 402/753/486 425/750/485
f 441/754/487 405/755/488 420/756/489
f 420/756/489 439/757/490 441/754/487
f 441/758/487 435/759/491 404/760/492
f 404/760/492 405/761/488 441/758/487
f 409/762/4 429/763/4 432/764/493
f 432/764/493 408/765/494 409/762/4
f 442/766/495 411/767/496 408/765/494
f 408/765/494 432/764/493 442/766/495
f 442/768/495 434/769/497 419/770/498
f 419/770/498 411/771/496 442/768/495
f 404/760/492 435/759/491 436/772/33
f 436/772/33 412/773/33 404/760/492
f 413/774/4 430/775/4 429/763/4
f 429/763/4 409/762/4 413/774/4
f 412/773/33 436/772/33 426/739/33
f 426/739/33 397/738/33 412/773/33
f 400/748/4 431/747/4 430/775/4
f 430/775/4 413/774/4 400/748/4
f 402/753/486 427/752/486 433/776/484
f 433/776/484 414/777/483 402/753/486
f 419/770/498 434/769/497 428/778/499
f 428/778/499 406/779/499 419/770/498
f 443/780/33 403/781/33 396/741/33
f 396/741/33 437/740/33 443/780/33
f 443/782/500 438/783/485 425/784/485
f 425/784/485 403/785/500 443/782/500
f 406/779/499 428/778/499 439/757/490
f 439/757/490 420/756/489 406/779/499
f 497/786/501 444/787/502 552/788/503
f 552/788/503 551/789/504 497/786/501
f 496/790/505 445/791/506 542/792/507
f 542/792/507 541/793/508 496/790/505
f 495/794/509 446/795/510 537/796/511
f 537/796/511 536/797/512 495/794/509
f 494/798/513 447/799/514 532/800/515
f 532/800/515 531/801/516 494/798/513
f 493/802/517 448/803/518 547/804/519
f 547/804/519 546/805/520 493/802/517
f 492/806/521 449/807/522 587/808/523
f 587/808/523 586/809/524 492/806/521
f 503/810/525 450/811/526 582/812/527
f 582/812/527 581/813/528 503/810/525
f 502/814/529 451/815/530 577/816/531
f 577/816/531 576/817/532 502/814/529
f 501/818/533 452/819/534 572/820/535
f 572/820/535 571/821/536 501/818/533
f 500/822/537 453/823/538 567/824/539
f 567/824/539 566/825/540 500/822/537
f 499/826/541 454/827/542 562/828/543
f 562/828/543 561/829/544 499/826/541
f 498/830/545 455/831/546 557/832/547
f 557/832/547 556/833/548 498/830/545
f 456/834/33 474/835/549 473/836/550
f 473/836/550 457/837/551 456/834/33
f 457/837/551 473/836/550 472/838/552
f 472/838/552 458/839/553 457/837/551
f 458/839/553 472/838/552 471/840/554
f 471/840/554 459/841/555 458/839/553
f 459/841/555 471/840/554 470/842/556
f 470/842/556 460/843/557 459/841/555
f 460/843/557 470/842/556 469/844/558
f 469/844/558 461/845/559 460/843/557
f 461/845/559 469/844/558 468/846/560
f 468/846/560 462/847/4 461/845/559
f 462/848/4 468/849/560 479/850/561
f 479/850/561 463/851/562 462/848/4
f 463/851/562 479/850/561 478/852/563
f 478/852/563 464/853/564 463/851/562
f 464/853/564 478/852/563 477/854/565
f 477/854/565 465/855/23 464/853/564
f 465/855/23 477/854/565 476/856/566
f 476/856/566 466/857/567 465/855/23
f 466/857/567 476/856/566 475/858/568
f 475/858/568 467/859/569 466/857/567
f 467/859/569 475/858/568 474/860/549
f 474/860/549 456/861/33 467/859/569
f 550/862/570 484/863/571 520/864/572
f 520/864/572 549/865/573 550/862/570
f 540/866/574 483/867/575 519/868/576
f 519/868/576 539/869/577 540/866/574
f 535/870/578 482/871/579 518/872/580
f 518/872/580 534/873/581 535/870/578
f 530/874/582 481/875/583 517/876/584
f 517/876/584 529/877/585 530/874/582
f 545/878/586 480/879/587 516/880/588
f 516/880/588 544/881/589 545/878/586
f 585/882/590 491/883/591 527/884/592
f 527/884/592 584/885/593 585/882/590
f 580/886/594 490/887/595 526/888/596
f 526/888/596 579/889/597 580/886/594
f 575/890/598 489/891/599 525/892/600
f 525/892/600 574/893/601 575/890/598
f 570/894/602 488/895/603 524/896/604
f 524/896/604 569/897/605 570/894/602
f 565/898/606 487/899/607 523/900/608
f 523/900/608 564/901/609 565/898/606
f 560/902/610 486/903/611 522/904/612
f 522/904/612 559/905/613 560/902/610
f 555/906/614 485/907/615 521/908/616
f 521/908/616 554/909/617 555/906/614
f 551/789/504 496/790/505 484/863/571
f 484/863/571 550/862/570 551/789/504
f 541/793/508 495/794/509 483/867/575
f 483/867/575 540/866/574 541/793/508
f 536/797/512 494/798/513 482/871/579
f 482/871/579 535/870/578 536/797/512
f 531/801/516 493/802/517 481/875/583
f 481/875/583 530/874/582 531/801/516
f 546/805/520 492/806/521 480/879/587
f 480/879/587 545/878/586 546/805/520
f 586/809/524 503/910/525 491/883/591
f 491/883/591 585/882/590 586/809/524
f 581/813/528 502/814/529 490/887/595
f 490/887/595 580/886/594 581/813/528
f 576/817/532 501/818/533 489/891/599
f 489/891/599 575/890/598 576/817/532
f 571/821/536 500/822/537 488/895/603
f 488/895/603 570/894/602 571/821/536
f 566/825/540 499/826/541 487/899/607
f 487/899/607 565/898/606 566/825/540
f 561/829/544 498/830/545 486/903/611
f 486/903/611 560/902/610 561/829/544
f 556/833/548 497/911/501 485/907/615
f 485/907/615 555/906/614 556/833/548
f 474/835/549 509/912/618 548/913/619
f 548/913/619 508/914/620 473/836/550
f 474/835/549 548/913/619 473/836/550
f 473/836/550 508/914/620 538/915/621
f 538/915/621 507/916/622 472/838/552
f 473/836/550 538/915/621 472/838/552
f 472/838/552 507/916/622 533/917/623
f 533/917/623 506/918/624 471/840/554
f 472/838/552 533/917/623 471/840/554
f 471/840/554 506/918/624 528/919/625
f 528/919/625 505/920/626 470/842/556
f 471/840/554 528/919/625 470/842/556
f 470/842/556 505/920/626 543/921/627
f 543/921/627 504/922/628 469/844/558
f 470/842/556 543/921/627 469/844/558
f 469/844/558 504/922/628 583/923/629
f 583/923/629 515/924/630 468/846/560
f 469/844/558 583/923/629 468/846/560
f 468/849/560 515/925/630 578/926/631
f 578/926/631 514/927/632 479/850/561
f 468/849/560 578/926/631 479/850/561
f 479/850/561 514/927/632 573/928/633
f 573/928/633 513/929/634 478/852/563
f 479/850/561 573/928/633 478/852/563
f 478/852/563 513/929/634 568/930/635
f 568/930/635 512/931/636 477/854/565
f 478/852/563 568/930/635 477/854/565
f 477/854/565 512/931/636 563/932/637
f 563/932/637 511/933/638 476/856/566
f 477/854/565 563/932/637 476/856/566
f 476/856/566 511/933/638 558/934/639
f 558/934/639 510/935/640 475/858/568
f 476/856/566 558/934/639 475/858/568
f 475/858/568 510/935/640 553/936/641
f 553/936/641 509/937/618 474/860/549
f 475/858/568 553/936/641 474/860/549
f 549/865/573 520/864/572 508/914/620
f 508/914/620 548/913/619 549/865/573
f 539/869/577 519/868/576 507/916/622
f 507/916/622 538/915/621 539/869/577
f 534/873/581 518/872/580 506/918/624
f 506/918/624 533/917/623 534/873/581
f 529/877/585 517/876/584 505/920/626
f 505/920/626 528/919/625 529/877/585
f 544/881/589 516/880/588 504/922/628
f 504/922/628 543/921/627 544/881/589
f 584/885/593 527/884/592 515/924/630
f 515/924/630 583/923/629 584/885/593
f 579/889/597 526/888/596 514/927/632
f 514/927/632 578/926/631 579/889/597
f 574/893/601 525/892/600 513/929/634
f 513/929/634 573/928/633 574/893/601
f 569/897/605 524/896/604 512/931/636
f 512/931/636 568/930/635 569/897/605
f 564/901/609 523/900/608 511/933/638
f 511/933/638 563/932/637 564/901/609
f 559/905/613 522/904/612 510/935/640
f 510/935/640 558/934/639 559/905/613
f 554/909/617 521/908/616 509/937/618
f 509/937/618 553/936/641 554/909/617
f 493/802/517 531/801/516 532/800/515
f 532/800/515 448/803/518 493/802/517
f 530/874/582 529/877/585 518/872/580
f 518/872/580 482/871/579 530/874/582
f 531/801/516 530/874/582 482/871/579
f 482/871/579 494/798/513 531/801/516
f 529/877/585 528/919/625 506/918/624
f 506/918/624 518/872/580 529/877/585
f 494/798/513 536/797/512 537/796/511
f 537/796/511 447/799/514 494/798/513
f 535/870/578 534/873/581 519/868/576
f 519/868/576 483/867/575 535/870/578
f 536/797/512 535/870/578 483/867/575
f 483/867/575 495/794/509 536/797/512
f 534/873/581 533/917/623 507/916/622
f 507/916/622 519/868/576 534/873/581
f 495/794/509 541/793/508 542/792/507
f 542/792/507 446/795/510 495/794/509
f 540/866/574 539/869/577 520/864/572
f 520/864/572 484/863/571 540/866/574
f 541/793/508 540/866/574 484/863/571
f 484/863/571 496/790/505 541/793/508
f 539/869/577 538/915/621 508/914/620
f 508/914/620 520/864/572 539/869/577
f 492/806/521 546/805/520 547/804/519
f 547/804/519 449/807/522 492/806/521
f 545/878/586 544/881/589 517/876/584
f 517/876/584 481/875/583 545/878/586
f 546/805/520 545/878/586 481/875/583
f 481/875/583 493/802/517 546/805/520
f 544/881/589 543/921/627 505/920/626
f 505/920/626 517/876/584 544/881/589
f 496/790/505 551/789/504 552/788/503
f 552/788/503 445/791/506 496/790/505
f 550/862/570 549/865/573 521/938/616
f 521/938/616 485/939/615 550/862/570
f 551/789/504 550/862/570 485/939/615
f 485/939/615 497/786/501 551/789/504
f 549/865/573 548/913/619 509/912/618
f 509/912/618 521/938/616 549/865/573
f 497/911/501 556/833/548 557/832/547
f 557/832/547 444/940/502 497/911/501
f 555/906/614 554/909/617 522/904/612
f 522/904/612 486/903/611 555/906/614
f 556/833/548 555/906/614 486/903/611
f 486/903/611 498/830/545 556/833/548
f 554/909/617 553/936/641 510/935/640
f 510/935/640 522/904/612 554/909/617
f 498/830/545 561/829/544 562/828/543
f 562/828/543 455/831/546 498/830/545
f 560/902/610 559/905/613 523/900/608
f 523/900/608 487/899/607 560/902/610
f 561/829/544 560/902/610 487/899/607
f 487/899/607 499/826/541 561/829/544
f 559/905/613 558/934/639 511/933/638
f 511/933/638 523/900/608 559/905/613
f 499/826/541 566/825/540 567/824/539
f 567/824/539 454/827/542 499/826/541
f 565/898/606 564/901/609 524/896/604
f 524/896/604 488/895/603 565/898/606
f 566/825/540 565/898/606 488/895/603
f 488/895/603 500/822/537 566/825/540
f 564/901/609 563/932/637 512/931/636
f 512/931/636 524/896/604 564/901/609
f 500/822/537 571/821/536 572/820/535
f 572/820/535 453/823/538 500/822/537
f 570/894/602 569/897/605 525/892/600
f 525/892/600 489/891/599 570/894/602
f 571/821/536 570/894/602 489/891/599
f 489/891/599 501/818/533 571/821/536
f 569/897/605 568/930/635 513/929/634
f 513/929/634 525/892/600 569/897/605
f 501/818/533 576/817/532 577/816/531
f 577/816/531 452/819/534 501/818/533
f 575/890/598 574/893/601 526/888/596
f 526/888/596 490/887/595 575/890/598
f 576/817/532 575/890/598 490/887/595
f 490/887/595 502/814/529 576/817/532
f 574/893/601 573/928/633 514/927/632
f 514/927/632 526/888/596 574/893/601
f 502/814/529 581/813/528 582/812/527
f 582/812/527 451/815/530 502/814/529
f 580/886/594 579/889/597 527/941/592
f 527/941/592 491/942/591 580/886/594
f 581/813/528 580/886/594 491/942/591
f 491/942/591 503/810/525 581/813/528
f 579/889/597 578/926/631 515/925/630
f 515/925/630 527/941/592 579/889/597
f 503/910/525 586/809/524 587/808/523
f 587/808/523 450/943/526 503/910/525
f 585/882/590 584/885/593 516/880/588
f 516/880/588 480/879/587 585/882/590
f 586/809/524 585/882/590 480/879/587
f 480/879/587 492/806/521 586/809/524
f 584/885/593 583/923/629 504/922/628
f 504/922/628 516/880/588 584/885/593
f 696/944/642 588/945/643 641/946/644
f 641/946/644 695/947/645 696/944/642
f 686/948/646 589/949/647 640/950/648
f 640/950/648 685/951/649 686/948/646
f 681/952/650 590/953/651 639/954/652
f 639/954/652 680/955/653 681/952/650
f 676/956/654 591/957/655 638/958/656
f 638/958/656 675/959/657 676/956/654
f 691/960/658 592/961/659 637/962/660
f 637/962/660 690/963/661 691/960/658
f 731/964/662 593/965/663 636/966/664
f 636/966/664 730/967/665 731/964/662
f 726/968/666 594/969/667 647/970/668
f 647/970/668 725/971/669 726/968/666
f 721/972/670 595/973/671 646/974/672
f 646/974/672 720/975/673 721/972/670
f 716/976/674 596/977/675 645/978/676
f 645/978/676 715/979/677 716/976/674
f 711/980/678 597/981/679 644/982/680
f 644/982/680 710/983/681 711/980/678
f 706/984/682 598/985/683 643/986/684
f 643/986/684 705/987/685 706/984/682
f 701/988/686 599/989/687 642/990/688
f 642/990/688 700/991/689 701/988/686
f 617/992/690 618/993/691 600/994/4
f 600/994/4 601/995/562 617/992/690
f 616/996/692 617/992/690 601/995/562
f 601/995/562 602/997/564 616/996/692
f 615/998/693 616/996/692 602/997/564
f 602/997/564 603/999/23 615/998/693
f 614/1000/694 615/1001/693 603/1002/23
f 603/1002/23 604/1003/695 614/1000/694
f 613/1004/696 614/1000/694 604/1003/695
f 604/1003/695 605/1005/569 613/1004/696
f 612/1006/697 613/1004/696 605/1005/569
f 605/1005/569 606/1007/33 612/1006/697
f 623/1008/698 612/1006/697 606/1007/33
f 606/1007/33 607/1009/551 623/1008/698
f 622/1010/699 623/1008/698 607/1009/551
f 607/1009/551 608/1011/553 622/1010/699
f 621/1012/700 622/1010/699 608/1011/553
f 608/1011/553 609/1013/555 621/1012/700
f 620/1014/701 621/1015/700 609/1016/555
f 609/1016/555 610/1017/557 620/1014/701
f 619/1018/702 620/1014/701 610/1017/557
f 610/1017/557 611/1019/559 619/1018/702
f 618/993/691 619/1018/702 611/1019/559
f 611/1019/559 600/994/4 618/993/691
f 664/1020/703 628/1021/704 694/1022/705
f 694/1022/705 693/1023/706 664/1020/703
f 663/1024/707 627/1025/708 684/1026/709
f 684/1026/709 683/1027/710 663/1024/707
f 662/1028/711 626/1029/712 679/1030/713
f 679/1030/713 678/1031/714 662/1028/711
f 661/1032/715 625/1033/716 674/1034/717
f 674/1034/717 673/1035/718 661/1032/715
f 660/1036/719 624/1037/720 689/1038/721
f 689/1038/721 688/1039/722 660/1036/719
f 671/1040/723 635/1041/724 729/1042/725
f 729/1042/725 728/1043/726 671/1040/723
f 670/1044/727 634/1045/728 724/1046/729
f 724/1046/729 723/1047/730 670/1044/727
f 669/1048/731 633/1049/732 719/1050/733
f 719/1050/733 718/1051/734 669/1048/731
f 668/1052/735 632/1053/736 714/1054/737
f 714/1054/737 713/1055/738 668/1052/735
f 667/1056/739 631/1057/740 709/1058/741
f 709/1058/741 708/1059/742 667/1056/739
f 666/1060/743 630/1061/744 704/1062/745
f 704/1062/745 703/1063/746 666/1060/743
f 665/1064/747 629/1065/748 699/1066/749
f 699/1066/749 698/1067/750 665/1064/747
f 628/1021/704 640/950/648 695/947/645
f 695/947/645 694/1022/705 628/1021/704
f 627/1025/708 639/954/652 685/951/649
f 685/951/649 684/1026/709 627/1025/708
f 626/1029/712 638/1068/656 680/955/653
f 680/955/653 679/1030/713 626/1029/712
f 625/1033/716 637/962/660 675/959/657
f 675/959/657 674/1034/717 625/1033/716
f 624/1037/720 636/966/664 690/963/661
f 690/963/661 689/1038/721 624/1037/720
f 635/1041/724 647/970/668 730/967/665
f 730/967/665 729/1042/725 635/1041/724
f 634/1045/728 646/974/672 725/971/669
f 725/971/669 724/1046/729 634/1045/728
f 633/1049/732 645/978/676 720/975/673
f 720/975/673 719/1050/733 633/1049/732
f 632/1053/736 644/1069/680 715/979/677
f 715/979/677 714/1054/737 632/1053/736
f 631/1057/740 643/986/684 710/983/681
f 710/983/681 709/1058/741 631/1057/740
f 630/1061/744 642/990/688 705/987/685
f 705/987/685 704/1062/745 630/1061/744
f 629/1065/748 641/946/644 700/991/689
f 700/991/689 699/1066/749 629/1065/748
f 692/1070/751 653/1071/752 618/993/691
f 692/1070/751 618/993/691 617/992/690
f 692/1070/751 617/992/690 652/1072/753
f 682/1073/754 652/1072/753 617/992/690
f 682/1073/754 617/992/690 616/996/692
f 682/1073/754 616/996/692 651/1074/755
f 677/1075/756 651/1074/755 616/996/692
f 677/1075/756 616/996/692 615/998/693
f 677/1075/756 615/998/693 650/1076/757
f 672/1077/758 650/1078/757 615/1001/693
f 672/1077/758 615/1001/693 614/1000/694
f 672/1077/758 614/1000/694 649/1079/759
f 687/1080/760 649/1079/759 614/1000/694
f 687/1080/760 614/1000/694 613/1004/696
f 687/1080/760 613/1004/696 648/1081/761
f 727/1082/762 648/1081/761 613/1004/696
f 727/1082/762 613/1004/696 612/1006/697
f 727/1082/762 612/1006/697 659/1083/763
f 722/1084/764 659/1083/763 612/1006/697
f 722/1084/764 612/1006/697 623/1008/698
f 722/1084/764 623/1008/698 658/1085/765
f 717/1086/766 658/1085/765 623/1008/698
f 717/1086/766 623/1008/698 622/1010/699
f 717/1086/766 622/1010/699 657/1087/767
f 712/1088/768 657/1087/767 622/1010/699
f 712/1088/768 622/1010/699 621/1012/700
f 712/1088/768 621/1012/700 656/1089/769
f 707/1090/770 656/1091/769 621/1015/700
f 707/1090/770 621/1015/700 620/1014/701
f 707/1090/770 620/1014/701 655/1092/771
f 702/1093/772 655/1092/771 620/1014/701
f 702/1093/772 620/1014/701 619/1018/702
f 702/1093/772 619/1018/702 654/1094/773
f 697/1095/774 654/1094/773 619/1018/702
f 697/1095/774 619/1018/702 618/993/691
f 697/1095/774 618/993/691 653/1071/752
f 652/1072/753 664/1020/703 693/1023/706
f 693/1023/706 692/1070/751 652/1072/753
f 651/1074/755 663/1024/707 683/1027/710
f 683/1027/710 682/1073/754 651/1074/755
f 650/1076/757 662/1028/711 678/1031/714
f 678/1031/714 677/1075/756 650/1076/757
f 649/1079/759 661/1032/715 673/1035/718
f 673/1035/718 672/1077/758 649/1079/759
f 648/1081/761 660/1036/719 688/1039/722
f 688/1039/722 687/1080/760 648/1081/761
f 659/1083/763 671/1040/723 728/1043/726
f 728/1043/726 727/1082/762 659/1083/763
f 658/1085/765 670/1044/727 723/1047/730
f 723/1047/730 722/1084/764 658/1085/765
f 657/1087/767 669/1048/731 718/1051/734
f 718/1051/734 717/1086/766 657/1087/767
f 656/1089/769 668/1052/735 713/1055/738
f 713/1055/738 712/1088/768 656/1089/769
f 655/1092/771 667/1056/739 708/1059/742
f 708/1059/742 707/1090/770 655/1092/771
f 654/1094/773 666/1060/743 703/1063/746
f 703/1063/746 702/1093/772 654/1094/773
f 653/1071/752 665/1064/747 698/1067/750
f 698/1067/750 697/1095/774 653/1071/752
f 676/956/654 675/959/657 637/962/660
f 637/962/660 592/961/659 676/956/654
f 662/1096/711 673/1035/718 674/1034/717
f 674/1034/717 626/1097/712 662/1096/711
f 626/1097/712 674/1034/717 675/959/657
f 675/959/657 638/958/656 626/1097/712
f 650/1078/757 672/1077/758 673/1035/718
f 673/1035/718 662/1096/711 650/1078/757
f 681/952/650 680/955/653 638/1068/656
f 638/1068/656 591/1098/655 681/952/650
f 663/1024/707 678/1031/714 679/1030/713
f 679/1030/713 627/1025/708 663/1024/707
f 627/1025/708 679/1030/713 680/955/653
f 680/955/653 639/954/652 627/1025/708
f 651/1074/755 677/1075/756 678/1031/714
f 678/1031/714 663/1024/707 651/1074/755
f 686/948/646 685/951/649 639/954/652
f 639/954/652 590/953/651 686/948/646
f 664/1020/703 683/1027/710 684/1026/709
f 684/1026/709 628/1021/704 664/1020/703
f 628/1021/704 684/1026/709 685/951/649
f 685/951/649 640/950/648 628/1021/704
f 652/1072/753 682/1073/754 683/1027/710
f 683/1027/710 664/1020/703 652/1072/753
f 691/960/658 690/963/661 636/966/664
f 636/966/664 593/965/663 691/960/658
f 661/1032/715 688/1039/722 689/1038/721
f 689/1038/721 625/1033/716 661/1032/715
f 625/1033/716 689/1038/721 690/963/661
f 690/963/661 637/962/660 625/1033/716
f 649/1079/759 687/1080/760 688/1039/722
f 688/1039/722 661/1032/715 649/1079/759
f 696/944/642 695/947/645 640/950/648
f 640/950/648 589/949/647 696/944/642
f 665/1064/747 693/1023/706 694/1022/705
f 694/1022/705 629/1065/748 665/1064/747
f 629/1065/748 694/1022/705 695/947/645
f 695/947/645 641/946/644 629/1065/748
f 653/1071/752 692/1070/751 693/1023/706
f 693/1023/706 665/1064/747 653/1071/752
f 701/988/686 700/991/689 641/946/644
f 641/946/644 588/945/643 701/988/686
f 666/1060/743 698/1067/750 699/1066/749
f 699/1066/749 630/1061/744 666/1060/743
f 630/1061/744 699/1066/749 700/991/689
f 700/991/689 642/990/688 630/1061/744
f 654/1094/773 697/1095/774 698/1067/750
f 698/1067/750 666/1060/743 654/1094/773
f 706/984/682 705/987/685 642/990/688
f 642/990/688 599/989/687 706/984/682
f 667/1056/739 703/1063/746 704/1062/745
f 704/1062/745 631/1057/740 667/1056/739
f 631/1057/740 704/1062/745 705/987/685
f 705/987/685 643/986/684 631/1057/740
f 655/1092/771 702/1093/772 703/1063/746
f 703/1063/746 667/1056/739 655/1092/771
f 711/980/678 710/983/681 643/986/684
f 643/986/684 598/985/683 711/980/678
f 668/1099/735 708/1059/742 709/1058/741
f 709/1058/741 632/1100/736 668/1099/735
f 632/1100/736 709/1058/741 710/983/681
f 710/983/681 644/982/680 632/1100/736
f 656/1091/769 707/1090/770 708/1059/742
f 708/1059/742 668/1099/735 656/1091/769
f 716/976/674 715/979/677 644/1069/680
f 644/1069/680 597/1101/679 716/976/674
f 669/1048/731 713/1055/738 714/1054/737
f 714/1054/737 633/1049/732 669/1048/731
f 633/1049/732 714/1054/737 715/979/677
f 715/979/677 645/978/676 633/1049/732
f 657/1087/767 712/1088/768 713/1055/738
f 713/1055/738 669/1048/731 657/1087/767
f 721/972/670 720/975/673 645/978/676
f 645/978/676 596/977/675 721/972/670
f 670/1044/727 718/1051/734 719/1050/733
f 719/1050/733 634/1045/728 670/1044/727
f 634/1045/728 719/1050/733 720/975/673
f 720/975/673 646/974/672 634/1045/728
f 658/1085/765 717/1086/766 718/1051/734
f 718/1051/734 670/1044/727 658/1085/765
f 726/968/666 725/971/669 646/974/672
f 646/974/672 595/973/671 726/968/666
f 671/1040/723 723/1047/730 724/1046/729
f 724/1046/729 635/1041/724 671/1040/723
f 635/1041/724 724/1046/729 725/971/669
f 725/971/669 647/970/668 635/1041/724
f 659/1083/763 722/1084/764 723/1047/730
f 723/1047/730 671/1040/723 659/1083/763
f 731/964/662 730/967/665 647/970/668
f 647/970/668 594/969/667 731/964/662
f 660/1036/719 728/1043/726 729/1042/725
f 729/1042/725 624/1037/720 660/1036/719
f 624/1037/720 729/1042/725 730/967/665
f 730/967/665 636/966/664 624/1037/720
f 648/1081/761 727/1082/762 728/1043/726
f 728/1043/726 660/1036/719 648/1081/761
f 444/1102/775 733/1103/776 732/1104/777
f 732/1104/777 552/1105/778 444/1102/775
f 445/1106/779 755/1107/780 754/1108/781
f 754/1108/781 542/1109/782 445/1106/779
f 446/1110/783 753/1111/784 752/1112/785
f 752/1112/785 537/1113/786 446/1110/783
f 447/1114/787 751/1115/788 750/1116/789
f 750/1116/789 532/1117/790 447/1114/787
f 448/1118/791 749/1119/792 748/1120/793
f 748/1120/793 547/1121/794 448/1118/791
f 449/1122/795 747/1123/796 746/1124/797
f 746/1124/797 587/1125/798 449/1122/795
f 450/1126/799 745/1127/800 744/1128/801
f 744/1128/801 582/1129/802 450/1126/799
f 451/1130/803 743/1131/804 742/1132/805
f 742/1132/805 577/1133/806 451/1130/803
f 452/1134/807 741/1135/808 740/1136/809
f 740/1136/809 572/1137/810 452/1134/807
f 453/1138/811 739/1139/812 738/1140/813
f 738/1140/813 567/1141/814 453/1138/811
f 454/1142/815 737/1143/816 736/1144/817
f 736/1144/817 562/1145/818 454/1142/815
f 455/1146/819 735/1147/820 734/1148/821
f 734/1148/821 557/1149/822 455/1146/819
f 601/1150/19 600/1151/19 456/1152/19
f 456/1152/19 457/1153/19 601/1150/19
f 602/1154/19 601/1150/19 457/1153/19
f 457/1153/19 458/1155/19 602/1154/19
f 603/1156/19 602/1154/19 458/1155/19
f 458/1155/19 459/1157/19 603/1156/19
f 604/1158/19 603/1156/19 459/1157/19
f 459/1157/19 460/1159/19 604/1158/19
f 605/1160/19 604/1158/19 460/1159/19
f 460/1159/19 461/1161/19 605/1160/19
f 606/1162/19 605/1160/19 461/1161/19
f 461/1161/19 462/1163/19 606/1162/19
f 607/1164/19 606/1162/19 462/1163/19
f 462/1163/19 463/1165/19 607/1164/19
f 608/1166/19 607/1164/19 463/1165/19
f 463/1165/19 464/1167/19 608/1166/19
f 609/1168/19 608/1166/19 464/1167/19
f 464/1167/19 465/1169/19 609/1168/19
f 610/1170/19 609/1168/19 465/1169/19
f 465/1169/19 466/1171/19 610/1170/19
f 611/1172/19 610/1170/19 466/1171/19
f 466/1171/19 467/1173/19 611/1172/19
f 600/1151/19 611/1172/19 467/1173/19
f 467/1173/19 456/1152/19 600/1151/19
f 448/1118/791 532/1117/790 750/1116/789
f 750/1116/789 749/1119/792 448/1118/791
f 447/1114/787 537/1113/786 752/1112/785
f 752/1112/785 751/1115/788 447/1114/787
f 446/1110/783 542/1109/782 754/1108/781
f 754/1108/781 753/1111/784 446/1110/783
f 449/1122/795 547/1121/794 748/1120/793
f 748/1120/793 747/1123/796 449/1122/795
f 445/1106/779 552/1105/778 732/1104/777
f 732/1104/777 755/1107/780 445/1106/779
f 444/1102/775 557/1149/822 734/1148/821
f 734/1148/821 733/1103/776 444/1102/775
f 455/1146/819 562/1145/818 736/1144/817
f 736/1144/817 735/1147/820 455/1146/819
f 454/1142/815 567/1141/814 738/1140/813
f 738/1140/813 737/1143/816 454/1142/815
f 453/1138/811 572/1137/810 740/1136/809
f 740/1136/809 739/1139/812 453/1138/811
f 452/1134/807 577/1133/806 742/1132/805
f 742/1132/805 741/1135/808 452/1134/807
f 451/1130/803 582/1129/802 744/1128/801
f 744/1128/801 743/1131/804 451/1130/803
f 587/1125/798 746/1124/797 745/1127/800
f 745/1127/800 450/1126/799 587/1125/798
f 733/1174/776 588/945/823 696/944/824
f 696/944/824 732/1175/777 733/1174/776
f 755/1176/780 589/949/825 686/948/826
f 686/948/826 754/1177/781 755/1176/780
f 753/1178/784 590/953/827 681/952/828
f 681/952/828 752/1179/785 753/1178/784
f 751/1115/788 591/1180/829 676/1181/830
f 676/1181/830 750/1116/789 751/1115/788
f 749/1182/792 592/961/831 691/960/832
f 691/960/832 748/1183/793 749/1182/792
f 593/965/833 731/964/834 746/1184/797
f 746/1184/797 747/1185/796 593/965/833
f 745/1186/800 594/969/835 726/968/836
f 726/968/836 744/1187/801 745/1186/800
f 743/1188/804 595/973/837 721/972/838
f 721/972/838 742/1189/805 743/1188/804
f 741/1190/808 596/977/839 716/976/840
f 716/976/840 740/1191/809 741/1190/808
f 739/1139/812 597/1192/841 711/1193/842
f 711/1193/842 738/1140/813 739/1139/812
f 737/1194/816 598/985/843 706/984/844
f 706/984/844 736/1195/817 737/1194/816
f 735/1196/820 599/989/845 701/988/846
f 701/988/846 734/1197/821 735/1196/820
f 676/956/830 592/961/831 749/1182/792
f 749/1182/792 750/1198/789 676/956/830
f 681/1199/828 591/1180/829 751/1115/788
f 751/1115/788 752/1112/785 681/1199/828
f 686/948/826 590/953/827 753/1178/784
f 753/1178/784 754/1177/781 686/948/826
f 691/960/832 593/965/833 747/1185/796
f 747/1185/796 748/1183/793 691/960/832
f 696/944/824 589/949/825 755/1176/780
f 755/1176/780 732/1175/777 696/944/824
f 701/988/846 588/945/823 733/1174/776
f 733/1174/776 734/1197/821 701/988/846
f 706/984/844 599/989/845 735/1196/820
f 735/1196/820 736/1195/817 706/984/844
f 711/980/842 598/985/843 737/1194/816
f 737/1194/816 738/1200/813 711/980/842
f 716/976/840 597/1101/841 739/1201/812
f 739/1201/812 740/1191/809 716/976/840
f 721/972/838 596/977/839 741/1190/808
f 741/1190/808 742/1189/805 721/972/838
f 726/968/836 595/973/837 743/1188/804
f 743/1188/804 744/1187/801 726/968/836
f 731/964/834 594/969/835 745/1186/800
f 745/1186/800 746/1184/797 731/964/834
f 760/1202/847 766/1203/848 796/1204/849
f 796/1204/849 795/1205/850 760/1202/847
f 794/1206/851 756/1207/852 760/1208/852
f 760/1208/852 795/1209/851 794/1206/851
f 764/1210/853 757/1211/854 761/1212/854
f 761/1212/854 767/1213/853 764/1210/853
f 791/1214/855 759/1215/856 763/1216/856
f 763/1216/856 792/1217/855 791/1214/855
f 765/1218/857 758/1219/858 762/1220/858
f 762/1220/858 766/1221/857 765/1218/857
f 763/1222/859 767/1223/860 788/1224/861
f 788/1224/861 792/1225/862 763/1222/859
f 759/1226/856 764/1210/853 767/1213/853
f 767/1213/853 763/1227/856 759/1226/856
f 756/1228/852 765/1218/863 766/1221/863
f 766/1221/863 760/1229/852 756/1228/852
f 774/1230/33 769/1231/33 768/1232/33
f 768/1232/33 773/1233/864 774/1230/33
f 775/1234/865 770/1235/866 769/1236/866
f 769/1236/866 774/1237/865 775/1234/865
f 781/1238/867 771/1239/868 772/1240/868
f 772/1240/868 782/1241/867 781/1238/867
f 782/1242/33 772/1243/33 768/1232/33
f 768/1232/33 778/1244/33 782/1242/33
f 771/1239/868 776/1245/869 777/1246/869
f 777/1246/869 772/1240/868 771/1239/868
f 772/1243/33 777/1247/33 773/1233/864
f 773/1233/864 768/1232/33 772/1243/33
f 789/1248/870 774/1230/33 773/1233/864
f 773/1233/864 788/1224/861 789/1248/870
f 790/1249/871 775/1234/865 774/1237/865
f 774/1237/865 789/1250/871 790/1249/871
f 779/1251/33 778/1244/33 768/1232/33
f 768/1232/33 769/1231/33 779/1251/33
f 770/1235/866 780/1252/872 779/1253/872
f 779/1253/872 769/1236/866 770/1235/866
f 787/1254/873 781/1238/867 782/1241/867
f 782/1241/867 783/1255/873 787/1254/873
f 783/1256/33 782/1242/33 778/1244/33
f 778/1244/33 784/1257/874 783/1256/33
f 785/1258/33 784/1257/874 778/1244/33
f 778/1244/33 779/1251/33 785/1258/33
f 780/1252/872 786/1259/875 785/1260/875
f 785/1260/875 779/1253/872 780/1252/872
f 793/1261/876 787/1254/873 783/1255/873
f 783/1255/873 797/1262/876 793/1261/876
f 797/1263/877 783/1256/33 784/1257/874
f 784/1257/874 796/1204/849 797/1263/877
f 776/1245/869 791/1214/855 792/1217/855
f 792/1217/855 777/1246/869 776/1245/869
f 792/1225/862 788/1224/861 773/1233/864
f 773/1233/864 777/1247/33 792/1225/862
f 761/1264/878 789/1248/870 788/1224/861
f 788/1224/861 767/1223/860 761/1264/878
f 757/1265/879 790/1249/871 789/1250/871
f 789/1250/871 761/1266/879 757/1265/879
f 795/1205/850 796/1204/849 784/1257/874
f 784/1257/874 785/1258/33 795/1205/850
f 786/1259/875 794/1206/851 795/1209/851
f 795/1209/851 785/1260/875 786/1259/875
f 758/1267/858 793/1261/876 797/1262/876
f 797/1262/876 762/1268/858 758/1267/858
f 762/1269/880 797/1263/877 796/1204/849
f 796/1204/849 766/1203/848 762/1269/880
f 808/1270/4 807/1271/4 806/1272/4
f 806/1272/4 805/1273/4 804/1274/4
f 804/1274/4 803/1275/4 802/1276/4
f 806/1272/4 804/1274/4 802/1276/4
f 802/1276/4 801/1277/4 800/1278/4
f 800/1278/4 799/1279/4 798/1280/4
f 802/1276/4 800/1278/4 798/1280/4
f 806/1272/4 802/1276/4 798/1280/4
f 808/1270/4 806/1272/4 798/1280/4
f 809/1281/4 808/1270/4 798/1280/4
f 798/1282/881 799/1283/882 811/1284/882
f 811/1284/882 810/1285/881 798/1282/881
f 799/1283/882 800/1286/883 812/1287/883
f 812/1287/883 811/1284/882 799/1283/882
f 800/1286/883 801/1288/555 813/1289/555
f 813/1289/555 812/1287/883 800/1286/883
f 801/1288/555 802/1290/58 814/1291/58
f 814/1291/58 813/1289/555 801/1288/555
f 802/1290/58 803/1292/18 815/1293/18
f 815/1293/18 814/1291/58 802/1290/58
f 803/1292/18 804/1294/19 816/1295/19
f 816/1295/19 815/1293/18 803/1292/18
f 804/1294/19 805/1296/20 817/1297/20
f 817/1297/20 816/1295/19 804/1294/19
f 805/1296/20 806/1298/21 818/1299/21
f 818/1299/21 817/1297/20 805/1296/20
f 806/1298/21 807/1300/23 819/1301/23
f 819/1301/23 818/1299/21 806/1298/21
f 807/1300/23 808/1302/59 820/1303/59
f 820/1303/59 819/1301/23 807/1300/23
f 808/1302/59 809/1304/884 821/1305/884
f 821/1305/884 820/1303/59 808/1302/59
f 809/1304/884 798/1306/881 810/1307/881
f 810/1307/881 821/1305/884 809/1304/884
f 834/1308/33 835/1309/33 836/1310/33
f 836/1310/33 837/1311/33 838/1312/33
f 838/1312/33 839/1313/33 840/1314/33
f 836/1310/33 838/1312/33 840/1314/33
f 840/1314/33 841/1315/33 842/1316/33
f 842/1316/33 843/1317/33 844/1318/33
f 840/1314/33 842/1316/33 844/1318/33
f 836/1310/33 840/1314/33 844/1318/33
f 834/1308/33 836/1310/33 844/1318/33
f 845/1319/33 834/1308/33 844/1318/33
f 810/1320/33 811/1321/33 823/1322/33
f 823/1322/33 822/1323/33 810/1320/33
f 811/1321/33 812/1324/33 824/1325/33
f 824/1325/33 823/1322/33 811/1321/33
f 812/1324/33 813/1326/33 825/1327/33
f 825/1327/33 824/1325/33 812/1324/33
f 813/1326/33 814/1328/33 826/1329/33
f 826/1329/33 825/1327/33 813/1326/33
f 814/1328/33 815/1330/33 827/1331/33
f 827/1331/33 826/1329/33 814/1328/33
f 815/1330/33 816/1332/33 828/1333/33
f 828/1333/33 827/1331/33 815/1330/33
f 816/1332/33 817/1334/33 829/1335/33
f 829/1335/33 828/1333/33 816/1332/33
f 817/1334/33 818/1336/33 830/1337/33
f 830/1337/33 829/1335/33 817/1334/33
f 818/1336/33 819/1338/33 831/1339/33
f 831/1339/33 830/1337/33 818/1336/33
f 819/1338/33 820/1340/33 832/1341/33
f 832/1341/33 831/1339/33 819/1338/33
f 820/1340/33 821/1342/33 833/1343/33
f 833/1343/33 832/1341/33 820/1340/33
f 821/1342/33 810/1320/33 822/1323/33
f 822/1323/33 833/1343/33 821/1342/33
f 822/1344/881 823/1345/882 835/1346/882
f 835/1346/882 834/1347/881 822/1344/881
f 823/1345/882 824/1348/883 836/1349/883
f 836/1349/883 835/1346/882 823/1345/882
f 824/1350/883 825/1351/555 837/1352/555
f 837/1352/555 836/1353/883 824/1350/883
f 825/1351/555 826/1354/58 838/1355/58
f 838/1355/58 837/1352/555 825/1351/555
f 826/1356/58 827/1357/18 839/1358/18
f 839/1358/18 838/1359/58 826/1356/58
f 827/1357/18 828/1360/19 840/1361/19
f 840/1361/19 839/1358/18 827/1357/18
f 828/1360/19 829/1362/20 841/1363/20
f 841/1363/20 840/1361/19 828/1360/19
f 829/1362/20 830/1364/21 842/1365/21
f 842/1365/21 841/1363/20 829/1362/20
f 830/1366/21 831/1367/23 843/1368/23
f 843/1368/23 842/1369/21 830/1366/21
f 831/1367/23 832/1370/59 844/1371/59
f 844/1371/59 843/1368/23 831/1367/23
f 832/1370/59 833/1372/884 845/1373/884
f 845/1373/884 844/1371/59 832/1370/59
f 833/1374/884 822/1344/881 834/1347/881
f 834/1347/881 845/1375/884 833/1374/884
f 847/1376/885 867/1377/886 866/1378/887
f 866/1378/887 846/1379/888 847/1376/885
f 848/1380/889 919/1381/890 918/1382/891
f 918/1382/891 849/1383/892 848/1380/889
f 848/1384/4 925/1385/4 926/1386/4
f 926/1386/4 854/1387/4 848/1384/4
f 892/1388/893 869/1389/894 852/1390/895
f 852/1390/895 882/1391/896 892/1388/893
f 881/1392/4 902/1393/4 856/1394/4
f 880/1395/4 881/1392/4 856/1394/4
f 850/1396/4 880/1395/4 856/1394/4
f 900/1397/4 850/1396/4 856/1394/4
f 883/1398/897 917/1399/898 916/1400/899
f 916/1400/899 855/1401/900 883/1398/897
f 851/1402/901 900/1403/902 856/1404/903
f 856/1404/903 903/1405/904 857/1406/905
f 851/1402/901 856/1404/903 857/1406/905
f 884/1407/906 851/1402/901 857/1406/905
f 893/1408/907 868/1409/908 853/1410/909
f 853/1410/909 885/1411/910 893/1408/907
f 921/1412/911 920/1413/912 854/1414/913
f 854/1414/913 886/1415/914 921/1412/911
f 846/1416/888 894/1417/915 871/1418/916
f 871/1418/916 847/1419/885 846/1416/888
f 852/1420/895 895/1421/917 870/1422/918
f 870/1422/918 882/1423/896 852/1420/895
f 853/1424/919 847/1425/919 871/1426/920
f 871/1426/920 872/1427/921 853/1424/919
f 853/1428/909 872/1429/922 873/1430/923
f 873/1430/923 885/1431/910 853/1428/909
f 925/1432/924 924/1433/925 890/1434/926
f 890/1434/926 863/1435/927 925/1432/924
f 863/1436/928 867/1437/929 868/1438/930
f 868/1438/930 864/1439/928 863/1436/928
f 923/1440/931 922/1441/932 891/1442/933
f 891/1442/933 862/1443/934 923/1440/931
f 927/1444/935 926/1445/936 864/1446/937
f 864/1446/937 865/1447/938 927/1444/935
f 863/1435/927 890/1434/926 866/1378/887
f 866/1378/887 867/1377/886 863/1435/927
f 862/1448/934 891/1449/933 869/1389/894
f 869/1389/894 892/1388/893 862/1448/934
f 865/1447/938 864/1446/937 868/1409/908
f 868/1409/908 893/1408/907 865/1447/938
f 867/1437/929 847/1425/939 853/1424/939
f 853/1424/939 868/1438/930 867/1437/929
f 858/1450/940 859/1451/941 871/1418/916
f 871/1418/916 894/1417/915 858/1450/940
f 895/1421/917 860/1452/942 888/1453/943
f 888/1453/943 870/1422/918 895/1421/917
f 859/1454/944 861/1455/944 872/1427/921
f 872/1427/921 871/1426/920 859/1454/944
f 861/1456/945 889/1457/946 873/1430/923
f 873/1430/923 872/1429/922 861/1456/945
f 905/1458/947 904/1459/948 875/1460/949
f 875/1460/949 876/1461/950 905/1458/947
f 911/1462/4 912/1463/4 877/1464/4
f 877/1464/4 876/1465/4 911/1462/4
f 897/1466/951 909/1467/952 908/1468/953
f 908/1468/953 874/1469/954 897/1466/951
f 907/1470/955 906/1471/956 877/1472/957
f 877/1472/957 896/1473/958 907/1470/955
f 905/1474/4 906/1475/4 881/1392/4
f 881/1392/4 880/1395/4 905/1474/4
f 850/1476/959 901/1477/960 899/1478/961
f 899/1478/961 880/1479/962 850/1476/959
f 879/1480/963 884/1481/964 857/1482/965
f 857/1482/965 898/1483/966 879/1480/963
f 887/1484/967 902/1485/968 881/1486/969
f 881/1486/969 878/1487/970 887/1484/967
f 849/1488/892 883/1398/897 923/1440/931
f 923/1440/931 924/1489/925 849/1488/892
f 851/1490/971 884/1481/964 879/1480/963
f 851/1490/971 879/1480/963 899/1491/961
f 901/1492/960 851/1490/971 899/1491/961
f 855/1401/900 886/1493/914 927/1494/935
f 927/1494/935 922/1441/932 855/1401/900
f 857/1495/965 903/1496/972 887/1484/967
f 857/1495/965 887/1484/967 878/1487/970
f 857/1495/965 878/1487/970 898/1497/966
f 846/1498/888 882/1423/896 870/1422/918
f 870/1422/918 894/1499/915 846/1498/888
f 852/1420/895 885/1500/910 873/1501/923
f 873/1501/923 895/1421/917 852/1420/895
f 890/1502/926 862/1448/934 892/1388/893
f 892/1388/893 866/1503/887 890/1502/926
f 891/1504/933 865/1447/938 893/1408/907
f 893/1408/907 869/1505/894 891/1504/933
f 866/1503/887 892/1388/893 882/1391/896
f 882/1391/896 846/1416/888 866/1503/887
f 869/1505/894 893/1408/907 885/1411/910
f 885/1411/910 852/1506/895 869/1505/894
f 894/1499/915 870/1422/918 888/1453/943
f 888/1453/943 858/1507/940 894/1499/915
f 895/1421/917 873/1501/923 889/1508/946
f 889/1508/946 860/1452/942 895/1421/917
f 896/1473/958 913/1509/973 914/1510/974
f 914/1510/974 874/1511/954 896/1473/958
f 897/1512/951 915/1513/975 910/1514/976
f 910/1514/976 875/1460/949 897/1512/951
f 878/1515/970 907/1516/955 908/1468/953
f 908/1468/953 898/1483/966 878/1515/970
f 879/1517/963 909/1518/952 904/1459/948
f 904/1459/948 899/1478/961 879/1517/963
f 850/1519/977 900/1403/902 851/1402/901
f 851/1402/901 901/1520/978 850/1519/977
f 856/1521/979 902/1485/968 887/1484/967
f 887/1484/967 903/1496/972 856/1521/979
f 880/1479/962 899/1478/961 904/1459/948
f 904/1459/948 905/1458/947 880/1479/962
f 909/1467/952 879/1480/963 898/1483/966
f 898/1483/966 908/1468/953 909/1467/952
f 878/1487/970 881/1486/969 906/1471/956
f 906/1471/956 907/1470/955 878/1487/970
f 876/1465/4 877/1464/4 906/1475/4
f 906/1475/4 905/1474/4 876/1465/4
f 907/1516/955 896/1522/958 874/1469/954
f 874/1469/954 908/1468/953 907/1516/955
f 909/1518/952 897/1512/951 875/1460/949
f 875/1460/949 904/1459/948 909/1518/952
f 876/1461/950 875/1460/949 910/1514/976
f 910/1514/976 911/1523/980 876/1461/950
f 915/1524/975 897/1466/951 874/1469/954
f 874/1469/954 914/1525/974 915/1524/975
f 896/1473/958 877/1472/957 912/1526/981
f 912/1526/981 913/1509/973 896/1473/958
f 919/1527/4 920/1528/4 912/1463/4
f 912/1463/4 911/1462/4 919/1527/4
f 913/1509/973 921/1412/911 916/1529/899
f 916/1529/899 914/1510/974 913/1509/973
f 915/1513/975 917/1530/898 918/1382/891
f 918/1382/891 910/1514/976 915/1513/975
f 911/1523/980 910/1514/976 918/1382/891
f 918/1382/891 919/1381/890 911/1523/980
f 917/1399/898 915/1524/975 914/1525/974
f 914/1525/974 916/1400/899 917/1399/898
f 913/1509/973 912/1526/981 920/1413/912
f 920/1413/912 921/1412/911 913/1509/973
f 848/1384/4 854/1387/4 920/1528/4
f 920/1528/4 919/1527/4 848/1384/4
f 921/1531/911 886/1493/914 855/1401/900
f 855/1401/900 916/1400/899 921/1531/911
f 917/1399/898 883/1398/897 849/1488/892
f 849/1488/892 918/1532/891 917/1399/898
f 925/1385/4 863/1436/4 864/1439/4
f 864/1439/4 926/1386/4 925/1385/4
f 848/1533/889 849/1534/892 924/1433/925
f 924/1433/925 925/1432/924 848/1533/889
f 883/1398/897 855/1401/900 922/1441/932
f 922/1441/932 923/1440/931 883/1398/897
f 886/1535/914 854/1536/913 926/1445/936
f 926/1445/936 927/1444/935 886/1535/914
f 862/1537/934 890/1434/926 924/1433/925
f 924/1433/925 923/1538/931 862/1537/934
f 865/1447/938 891/1504/933 922/1539/932
f 922/1539/932 927/1444/935 865/1447/938
f 932/1540/982 967/1541/983 968/1542/984
f 968/1542/984 938/1543/985 932/1540/982
f 966/1544/851 967/1545/851 932/1546/852
f 932/1546/852 928/1547/852 966/1544/851
f 936/1548/853 939/1549/853 933/1550/986
f 933/1550/986 929/1551/986 936/1548/853
f 963/1552/855 964/1553/855 935/1554/856
f 935/1554/856 931/1555/856 963/1552/855
f 937/1556/857 938/1557/857 934/1558/987
f 934/1558/858 930/1559/858 937/1556/857
f 935/1560/988 964/1561/989 960/1562/990
f 960/1562/990 939/1563/991 935/1560/988
f 931/1564/856 935/1565/856 939/1549/853
f 939/1549/853 936/1548/853 931/1564/856
f 928/1566/852 932/1567/852 938/1557/863
f 938/1557/863 937/1556/863 928/1566/852
f 946/1568/4 945/1569/992 940/1570/4
f 940/1570/4 941/1571/4 946/1568/4
f 947/1572/865 946/1573/865 941/1574/866
f 941/1574/866 942/1575/866 947/1572/865
f 953/1576/867 954/1577/867 944/1578/868
f 944/1578/868 943/1579/868 953/1576/867
f 954/1580/4 950/1581/4 940/1570/4
f 940/1570/4 944/1582/4 954/1580/4
f 943/1579/868 944/1578/868 949/1583/869
f 949/1583/869 948/1584/869 943/1579/868
f 944/1582/4 940/1570/4 945/1569/992
f 945/1569/992 949/1585/4 944/1582/4
f 961/1586/993 960/1562/990 945/1569/992
f 945/1569/992 946/1568/4 961/1586/993
f 962/1587/871 961/1588/871 946/1573/865
f 946/1573/865 947/1572/865 962/1587/871
f 951/1589/4 941/1571/4 940/1570/4
f 940/1570/4 950/1581/4 951/1589/4
f 942/1575/866 941/1574/866 951/1590/872
f 951/1590/872 952/1591/872 942/1575/866
f 959/1592/873 955/1593/873 954/1577/867
f 954/1577/867 953/1576/867 959/1592/873
f 955/1594/4 956/1595/994 950/1581/4
f 950/1581/4 954/1580/4 955/1594/4
f 957/1596/4 951/1589/4 950/1581/4
f 950/1581/4 956/1595/994 957/1596/4
f 952/1591/872 951/1590/872 957/1597/875
f 957/1597/875 958/1598/875 952/1591/872
f 965/1599/876 969/1600/876 955/1593/873
f 955/1593/873 959/1592/873 965/1599/876
f 969/1601/995 968/1542/984 956/1595/994
f 956/1595/994 955/1594/4 969/1601/995
f 948/1584/869 949/1583/869 964/1553/855
f 964/1553/855 963/1552/855 948/1584/869
f 964/1561/989 949/1585/4 945/1569/992
f 945/1569/992 960/1562/990 964/1561/989
f 933/1602/996 939/1563/991 960/1562/990
f 960/1562/990 961/1586/993 933/1602/996
f 929/1603/879 933/1604/879 961/1588/997
f 961/1588/871 962/1587/871 929/1603/879
f 967/1541/983 957/1596/4 956/1595/994
f 956/1595/994 968/1542/984 967/1541/983
f 958/1598/875 957/1597/875 967/1545/851
f 967/1545/851 966/1544/851 958/1598/875
f 930/1605/858 934/1606/858 969/1600/876
f 969/1600/876 965/1599/876 930/1605/858
f 934/1607/998 938/1543/985 968/1542/984
f 968/1542/984 969/1601/995 934/1607/998
f 970/1608/999 981/1609/1000 985/1610/1001
f 985/1610/1001 972/1611/1002 970/1608/999
f 974/1612/4 988/1613/1003 976/1614/1004
f 976/1614/1004 989/1615/4 977/1616/4
f 974/1612/4 976/1614/1004 977/1616/4
f 977/1616/4 987/1617/4 975/1618/4
f 974/1612/4 977/1616/4 975/1618/4
f 986/1619/4 974/1612/4 975/1618/4
f 979/1620/1005 986/1621/1006 975/1622/1007
f 975/1622/1007 971/1623/1008 979/1620/1005
f 980/1624/1009 987/1625/1010 977/1626/1011
f 977/1626/1011 973/1627/1012 980/1624/1009
f 984/1628/555 989/1629/555 976/1630/1013
f 976/1630/1013 982/1631/1014 984/1628/555
f 983/1632/1015 988/1633/1016 974/1634/1017
f 974/1634/1017 978/1635/1018 983/1632/1015
f 970/1636/999 978/1637/1018 979/1620/1005
f 971/1623/1008 980/1638/1009 981/1639/1000
f 994/1640/1019 990/1641/1020 993/1642/1021
f 973/1627/1012 984/1643/1022 985/1644/1001
f 970/1636/999 979/1620/1005 971/1623/1008
f 971/1623/1008 981/1639/1000 970/1636/999
f 981/1639/1000 980/1638/1009 973/1645/1012
f 973/1645/1012 985/1646/1001 981/1639/1000
f 985/1610/1023 984/1647/1023 982/1648/1024
f 982/1648/1024 972/1611/1025 985/1610/1023
f 972/1649/1002 983/1650/1015 978/1651/1018
f 978/1651/1018 970/1652/999 972/1649/1002
f 979/1620/1005 978/1637/1018 974/1653/1017
f 974/1653/1017 986/1621/1006 979/1620/1005
f 975/1622/1007 987/1654/1010 980/1638/1009
f 980/1638/1009 971/1623/1008 975/1622/1007
f 977/1626/1026 989/1655/1026 984/1643/1026
f 984/1643/1026 973/1627/1026 977/1626/1026
f 991/1656/1027 992/1657/1027 993/1642/1027
f 993/1642/1027 990/1641/1027 991/1656/1027
f 982/1631/1014 976/1630/1013 991/1658/1028
f 991/1658/1028 990/1659/1028 982/1631/1014
f 976/1614/1004 988/1613/1003 992/1660/1029
f 992/1660/1029 991/1661/1029 976/1614/1004
f 988/1662/1016 983/1650/1015 993/1663/1021
f 993/1663/1021 992/1664/1030 988/1662/1016
f 983/1650/1015 972/1649/1002 994/1665/1019
f 994/1665/1019 993/1663/1021 983/1650/1015
f 972/1611/1025 982/1648/1024 990/1666/1031
f 990/1666/1031 994/1667/1031 972/1611/1025
f 1008/1668/1032 996/1669/1033 995/1670/1034
f 995/1670/1034 1007/1671/1035 1008/1668/1032
f 1009/1672/1036 997/1673/1037 996/1674/1033
f 996/1674/1033 1008/1675/1032 1009/1672/1036
f 1010/1676/1038 998/1677/4 997/1678/1037
f 997/1678/1037 1009/1679/1036 1010/1676/1038
f 1011/1680/1039 999/1681/1040 998/1677/4
f 998/1677/4 1010/1676/1038 1011/1680/1039
f 1012/1682/1041 1000/1683/1042 999/1684/1040
f 999/1684/1040 1011/1685/1039 1012/1682/1041
f 1013/1686/1043 1001/1687/1044 1000/1688/1042
f 1000/1688/1042 1012/1689/1041 1013/1686/1043
f 1014/1690/1045 1002/1691/1046 1001/1687/1044
f 1001/1687/1044 1013/1686/1043 1014/1690/1045
f 1015/1692/1047 1003/1693/1048 1002/1694/1046
f 1002/1694/1046 1014/1695/1045 1015/1692/1047
f 1016/1696/1049 1004/1697/33 1003/1698/1048
f 1003/1698/1048 1015/1699/1047 1016/1696/1049
f 1017/1700/1050 1005/1701/1051 1004/1697/33
f 1004/1697/33 1016/1696/1049 1017/1700/1050
f 1018/1702/1052 1006/1703/1053 1005/1704/1051
f 1005/1704/1051 1017/1705/1050 1018/1702/1052
f 1007/1671/1035 995/1670/1034 1006/1706/1053
f 1006/1706/1053 1018/1707/1052 1007/1671/1035
f 1020/1708/1054 1008/1668/1032 1007/1671/1035
f 1007/1671/1035 1019/1709/1055 1020/1708/1054
f 1021/1710/1056 1009/1711/1036 1008/1668/1032
f 1008/1668/1032 1020/1708/1054 1021/1710/1056
f 1022/1712/1057 1010/1676/1038 1009/1679/1036
f 1009/1679/1036 1021/1713/1056 1022/1712/1057
f 1023/1714/1058 1011/1680/1039 1010/1676/1038
f 1010/1676/1038 1022/1712/1057 1023/1714/1058
f 1024/1715/1059 1012/1689/1041 1011/1716/1039
f 1011/1716/1039 1023/1717/1058 1024/1715/1059
f 1025/1718/1060 1013/1686/1043 1012/1689/1041
f 1012/1689/1041 1024/1715/1059 1025/1718/1060
f 1026/1719/1061 1014/1690/1045 1013/1686/1043
f 1013/1686/1043 1025/1718/1060 1026/1719/1061
f 1027/1720/1062 1015/1721/1047 1014/1690/1045
f 1014/1690/1045 1026/1719/1061 1027/1720/1062
f 1028/1722/1063 1016/1696/1049 1015/1699/1047
f 1015/1699/1047 1027/1723/1062 1028/1722/1063
f 1029/1724/1064 1017/1700/1050 1016/1696/1049
f 1016/1696/1049 1028/1722/1063 1029/1724/1064
f 1030/1725/1065 1018/1707/1052 1017/1726/1050
f 1017/1726/1050 1029/1727/1064 1030/1725/1065
f 1019/1709/1055 1007/1671/1035 1018/1707/1052
f 1018/1707/1052 1030/1725/1065 1019/1709/1055
f 1032/1728/1066 1020/1708/1054 1019/1709/1055
f 1019/1709/1055 1031/1729/1067 1032/1728/1066
f 1033/1730/1068 1021/1710/1056 1020/1708/1054
f 1020/1708/1054 1032/1728/1066 1033/1730/1068
f 1034/1731/1069 1022/1712/1057 1021/1713/1056
f 1021/1713/1056 1033/1732/1068 1034/1731/1069
f 1035/1733/1070 1023/1714/1058 1022/1712/1057
f 1022/1712/1057 1034/1731/1069 1035/1733/1070
f 1036/1734/1071 1024/1715/1059 1023/1717/1058
f 1023/1717/1058 1035/1735/1070 1036/1734/1071
f 1037/1736/1072 1025/1718/1060 1024/1715/1059
f 1024/1715/1059 1036/1734/1071 1037/1736/1072
f 1038/1737/1073 1026/1719/1061 1025/1718/1060
f 1025/1718/1060 1037/1736/1072 1038/1737/1073
f 1039/1738/1074 1027/1720/1062 1026/1719/1061
f 1026/1719/1061 1038/1737/1073 1039/1738/1074
f 1040/1739/1075 1028/1722/1063 1027/1723/1062
f 1027/1723/1062 1039/1740/1074 1040/1739/1075
f 1041/1741/1076 1029/1724/1064 1028/1722/1063
f 1028/1722/1063 1040/1739/1075 1041/1741/1076
f 1042/1742/1077 1030/1725/1065 1029/1727/1064
f 1029/1727/1064 1041/1743/1076 1042/1742/1077
f 1031/1729/1067 1019/1709/1055 1030/1725/1065
f 1030/1725/1065 1042/1742/1077 1031/1729/1067
f 1044/1744/1078 1032/1728/1066 1031/1729/1067
f 1031/1729/1067 1043/1745/1079 1044/1744/1078
f 1045/1746/1080 1033/1730/1068 1032/1728/1066
f 1032/1728/1066 1044/1744/1078 1045/1746/1080
f 1046/1747/1081 1034/1731/1069 1033/1732/1068
f 1033/1732/1068 1045/1748/1080 1046/1747/1081
f 1047/1749/1082 1035/1733/1070 1034/1731/1069
f 1034/1731/1069 1046/1747/1081 1047/1749/1082
f 1048/1750/1083 1036/1734/1071 1035/1735/1070
f 1035/1735/1070 1047/1751/1082 1048/1750/1083
f 1049/1752/1084 1037/1736/1072 1036/1734/1071
f 1036/1734/1071 1048/1750/1083 1049/1752/1084
f 1050/1753/1085 1038/1737/1073 1037/1736/1072
f 1037/1736/1072 1049/1752/1084 1050/1753/1085
f 1051/1754/1086 1039/1738/1074 1038/1737/1073
f 1038/1737/1073 1050/1753/1085 1051/1754/1086
f 1052/1755/1087 1040/1739/1075 1039/1740/1074
f 1039/1740/1074 1051/1756/1086 1052/1755/1087
f 1053/1757/1088 1041/1741/1076 1040/1739/1075
f 1040/1739/1075 1052/1755/1087 1053/1757/1088
f 1054/1758/1089 1042/1742/1077 1041/1743/1076
f 1041/1743/1076 1053/1759/1088 1054/1758/1089
f 1043/1745/1079 1031/1729/1067 1042/1742/1077
f 1042/1742/1077 1054/1758/1089 1043/1745/1079
f 1056/1760/1090 1044/1744/1078 1043/1745/1079
f 1043/1745/1079 1055/1761/1091 1056/1760/1090
f 1057/1762/1092 1045/1746/1080 1044/1744/1078
f 1044/1744/1078 1056/1760/1090 1057/1762/1092
f 1058/1763/1093 1046/1747/1081 1045/1748/1080
f 1045/1748/1080 1057/1764/1092 1058/1763/1093
f 1059/1765/1094 1047/1749/1082 1046/1747/1081
f 1046/1747/1081 1058/1763/1093 1059/1765/1094
f 1060/1766/1095 1048/1750/1083 1047/1751/1082
f 1047/1751/1082 1059/1767/1094 1060/1766/1095
f 1061/1768/1096 1049/1752/1084 1048/1750/1083
f 1048/1750/1083 1060/1766/1095 1061/1768/1096
f 1062/1769/1097 1050/1753/1085 1049/1752/1084
f 1049/1752/1084 1061/1768/1096 1062/1769/1097
f 1063/1770/1098 1051/1754/1086 1050/1753/1085
f 1050/1753/1085 1062/1769/1097 1063/1770/1098
f 1064/1771/1099 1052/1755/1087 1051/1756/1086
f 1051/1756/1086 1063/1772/1098 1064/1771/1099
f 1065/1773/1100 1053/1757/1088 1052/1755/1087
f 1052/1755/1087 1064/1771/1099 1065/1773/1100
f 1066/1774/1101 1054/1758/1089 1053/1759/1088
f 1053/1759/1088 1065/1775/1100 1066/1774/1101
f 1055/1761/1091 1043/1745/1079 1054/1758/1089
f 1054/1758/1089 1066/1774/1101 1055/1761/1091
f 1068/1776/1102 1056/1760/1090 1055/1761/1091
f 1055/1761/1091 1067/1777/1103 1068/1776/1102
f 1069/1778/1104 1057/1762/1092 1056/1760/1090
f 1056/1760/1090 1068/1776/1102 1069/1778/1104
f 1070/1779/1105 1058/1763/1093 1057/1764/1092
f 1057/1764/1092 1069/1780/1104 1070/1779/1105
f 1071/1781/1106 1059/1765/1094 1058/1763/1093
f 1058/1763/1093 1070/1779/1105 1071/1781/1106
f 1072/1782/1107 1060/1766/1095 1059/1767/1094
f 1059/1767/1094 1071/1783/1106 1072/1782/1107
f 1073/1784/1108 1061/1768/1096 1060/1766/1095
f 1060/1766/1095 1072/1782/1107 1073/1784/1108
f 1074/1785/1109 1062/1769/1097 1061/1768/1096
f 1061/1768/1096 1073/1784/1108 1074/1785/1109
f 1075/1786/1110 1063/1770/1098 1062/1769/1097
f 1062/1769/1097 1074/1785/1109 1075/1786/1110
f 1076/1787/1111 1064/1771/1099 1063/1772/1098
f 1063/1772/1098 1075/1788/1110 1076/1787/1111
f 1077/1789/1112 1065/1773/1100 1064/1771/1099
f 1064/1771/1099 1076/1787/1111 1077/1789/1112
f 1078/1790/1113 1066/1774/1101 1065/1775/1100
f 1065/1775/1100 1077/1791/1112 1078/1790/1113
f 1067/1777/1103 1055/1761/1091 1066/1774/1101
f 1066/1774/1101 1078/1790/1113 1067/1777/1103
f 1080/1792/1114 1068/1776/1102 1067/1777/1103
f 1067/1777/1103 1079/1793/1115 1080/1792/1114
f 1081/1794/1116 1069/1778/1104 1068/1776/1102
f 1068/1776/1102 1080/1792/1114 1081/1794/1116
f 1082/1795/1117 1070/1779/1105 1069/1780/1104
f 1069/1780/1104 1081/1796/1116 1082/1795/1117
f 1083/1797/1118 1071/1781/1106 1070/1779/1105
f 1070/1779/1105 1082/1795/1117 1083/1797/1118
f 1084/1798/1119 1072/1782/1107 1071/1783/1106
f 1071/1783/1106 1083/1799/1118 1084/1798/1119
f 1085/1800/1120 1073/1784/1108 1072/1782/1107
f 1072/1782/1107 1084/1798/1119 1085/1800/1120
f 1086/1801/1121 1074/1785/1109 1073/1784/1108
f 1073/1784/1108 1085/1800/1120 1086/1801/1121
f 1087/1802/1122 1075/1786/1110 1074/1785/1109
f 1074/1785/1109 1086/1801/1121 1087/1802/1122
f 1088/1803/1123 1076/1787/1111 1075/1788/1110
f 1075/1788/1110 1087/1804/1122 1088/1803/1123
f 1089/1805/1124 1077/1789/1112 1076/1787/1111
f 1076/1787/1111 1088/1803/1123 1089/1805/1124
f 1090/1806/1125 1078/1790/1113 1077/1791/1112
f 1077/1791/1112 1089/1807/1124 1090/1806/1125
f 1079/1793/1115 1067/1777/1103 1078/1790/1113
f 1078/1790/1113 1090/1806/1125 1079/1793/1115
f 1092/1808/1126 1080/1809/1114 1079/1810/1115
f 1079/1810/1115 1091/1811/1127 1092/1808/1126
f 1093/1812/1128 1081/1813/1116 1080/1809/1114
f 1080/1809/1114 1092/1808/1126 1093/1812/1128
f 1094/1814/1129 1082/1815/1117 1081/1813/1116
f 1081/1813/1116 1093/1812/1128 1094/1814/1129
f 1095/1816/1130 1083/1817/1118 1082/1818/1117
f 1082/1818/1117 1094/1819/1129 1095/1816/1130
f 1096/1820/1131 1084/1821/1119 1083/1822/1118
f 1083/1822/1118 1095/1823/1130 1096/1820/1131
f 1097/1824/1132 1085/1825/1120 1084/1821/1119
f 1084/1821/1119 1096/1820/1131 1097/1824/1132
f 1098/1826/1133 1086/1827/1121 1085/1825/1120
f 1085/1825/1120 1097/1824/1132 1098/1826/1133
f 1099/1828/1134 1087/1829/1122 1086/1827/1121
f 1086/1827/1121 1098/1826/1133 1099/1828/1134
f 1100/1830/1135 1088/1831/1123 1087/1832/1122
f 1087/1832/1122 1099/1833/1134 1100/1830/1135
f 1101/1834/1136 1089/1835/1124 1088/1836/1123
f 1088/1836/1123 1100/1837/1135 1101/1834/1136
f 1102/1838/1137 1090/1839/1125 1089/1835/1124
f 1089/1835/1124 1101/1834/1136 1102/1838/1137
f 1091/1811/1127 1079/1810/1115 1090/1839/1125
f 1090/1839/1125 1102/1838/1137 1091/1811/1127
f 1104/1840/1138 1092/1808/1126 1091/1811/1127
f 1091/1811/1127 1103/1841/1139 1104/1840/1138
f 1105/1842/1140 1093/1812/1128 1092/1808/1126
f 1092/1808/1126 1104/1840/1138 1105/1842/1140
f 1106/1843/1141 1094/1814/1129 1093/1812/1128
f 1093/1812/1128 1105/1842/1140 1106/1843/1141
f 1107/1844/1142 1095/1823/1130 1094/1845/1129
f 1094/1845/1129 1106/1846/1141 1107/1844/1142
f 1108/1847/1143 1096/1820/1131 1095/1823/1130
f 1095/1823/1130 1107/1844/1142 1108/1847/1143
f 1109/1848/1144 1097/1824/1132 1096/1820/1131
f 1096/1820/1131 1108/1847/1143 1109/1848/1144
f 1110/1849/1145 1098/1826/1133 1097/1824/1132
f 1097/1824/1132 1109/1848/1144 1110/1849/1145
f 1111/1850/1146 1099/1828/1134 1098/1826/1133
f 1098/1826/1133 1110/1849/1145 1111/1850/1146
f 1112/1851/1147 1100/1852/1135 1099/1828/1134
f 1099/1828/1134 1111/1850/1146 1112/1851/1147
f 1113/1853/1148 1101/1834/1136 1100/1837/1135
f 1100/1837/1135 1112/1854/1147 1113/1853/1148
f 1114/1855/1149 1102/1838/1137 1101/1834/1136
f 1101/1834/1136 1113/1853/1148 1114/1855/1149
f 1103/1841/1139 1091/1811/1127 1102/1838/1137
f 1102/1838/1137 1114/1855/1149 1103/1841/1139
f 1116/1856/1150 1104/1840/1138 1103/1841/1139
f 1103/1841/1139 1115/1857/1151 1116/1856/1150
f 1117/1858/1152 1105/1842/1140 1104/1840/1138
f 1104/1840/1138 1116/1856/1150 1117/1858/1152
f 1118/1859/1153 1106/1843/1141 1105/1842/1140
f 1105/1842/1140 1117/1858/1152 1118/1859/1153
f 1119/1860/1154 1107/1844/1142 1106/1846/1141
f 1106/1846/1141 1118/1861/1153 1119/1860/1154
f 1120/1862/1155 1108/1847/1143 1107/1844/1142
f 1107/1844/1142 1119/1860/1154 1120/1862/1155
f 1121/1863/1156 1109/1848/1144 1108/1847/1143
f 1108/1847/1143 1120/1862/1155 1121/1863/1156
f 1122/1864/1157 1110/1849/1145 1109/1848/1144
f 1109/1848/1144 1121/1863/1156 1122/1864/1157
f 1123/1865/1158 1111/1850/1146 1110/1849/1145
f 1110/1849/1145 1122/1864/1157 1123/1865/1158
f 1124/1866/1159 1112/1851/1147 1111/1850/1146
f 1111/1850/1146 1123/1865/1158 1124/1866/1159
f 1125/1867/1160 1113/1853/1148 1112/1854/1147
f 1112/1854/1147 1124/1868/1159 1125/1867/1160
f 1126/1869/1161 1114/1855/1149 1113/1853/1148
f 1113/1853/1148 1125/1867/1160 1126/1869/1161
f 1115/1857/1151 1103/1841/1139 1114/1855/1149
f 1114/1855/1149 1126/1869/1161 1115/1857/1151
f 1128/1870/1162 1116/1856/1150 1115/1857/1151
f 1115/1857/1151 1127/1871/1163 1128/1870/1162
f 1129/1872/1164 1117/1858/1152 1116/1856/1150
f 1116/1856/1150 1128/1870/1162 1129/1872/1164
f 1130/1873/1165 1118/1859/1153 1117/1858/1152
f 1117/1858/1152 1129/1872/1164 1130/1873/1165
f 1131/1874/1166 1119/1860/1154 1118/1861/1153
f 1118/1861/1153 1130/1875/1165 1131/1874/1166
f 1132/1876/1167 1120/1862/1155 1119/1860/1154
f 1119/1860/1154 1131/1874/1166 1132/1876/1167
f 1133/1877/1168 1121/1863/1156 1120/1862/1155
f 1120/1862/1155 1132/1876/1167 1133/1877/1168
f 1134/1878/1169 1122/1864/1157 1121/1863/1156
f 1121/1863/1156 1133/1877/1168 1134/1878/1169
f 1135/1879/1170 1123/1865/1158 1122/1864/1157
f 1122/1864/1157 1134/1878/1169 1135/1879/1170
f 1136/1880/1171 1124/1866/1159 1123/1865/1158
f 1123/1865/1158 1135/1879/1170 1136/1880/1171
f 1137/1881/1172 1125/1867/1160 1124/1868/1159
f 1124/1868/1159 1136/1882/1171 1137/1881/1172
f 1138/1883/1173 1126/1869/1161 1125/1867/1160
f 1125/1867/1160 1137/1881/1172 1138/1883/1173
f 1127/1871/1163 1115/1857/1151 1126/1869/1161
f 1126/1869/1161 1138/1883/1173 1127/1871/1163
f 1140/1884/1174 1128/1870/1162 1127/1871/1163
f 1127/1871/1163 1139/1885/1175 1140/1884/1174
f 1141/1886/1176 1129/1872/1164 1128/1870/1162
f 1128/1870/1162 1140/1884/1174 1141/1886/1176
f 1142/1887/1177 1130/1873/1165 1129/1872/1164
f 1129/1872/1164 1141/1886/1176 1142/1887/1177
f 1143/1888/1178 1131/1889/1166 1130/1890/1165
f 1130/1890/1165 1142/1891/1177 1143/1888/1178
f 1144/1892/1179 1132/1876/1167 1131/1874/1166
f 1131/1874/1166 1143/1893/1178 1144/1892/1179
f 1145/1894/1180 1133/1877/1168 1132/1876/1167
f 1132/1876/1167 1144/1892/1179 1145/1894/1180
f 1146/1895/1181 1134/1878/1169 1133/1877/1168
f 1133/1877/1168 1145/1894/1180 1146/1895/1181
f 1147/1896/1182 1135/1879/1170 1134/1878/1169
f 1134/1878/1169 1146/1895/1181 1147/1896/1182
f 1148/1897/1183 1136/1898/1171 1135/1899/1170
f 1135/1899/1170 1147/1900/1182 1148/1897/1183
f 1149/1901/1184 1137/1881/1172 1136/1882/1171
f 1136/1882/1171 1148/1902/1183 1149/1901/1184
f 1150/1903/1185 1138/1883/1173 1137/1881/1172
f 1137/1881/1172 1149/1901/1184 1150/1903/1185
f 1139/1885/1175 1127/1871/1163 1138/1883/1173
f 1138/1883/1173 1150/1903/1185 1139/1885/1175
f 1152/1904/1186 1140/1884/1174 1139/1885/1175
f 1139/1885/1175 1151/1905/1187 1152/1904/1186
f 1153/1906/1188 1141/1886/1176 1140/1884/1174
f 1140/1884/1174 1152/1904/1186 1153/1906/1188
f 1154/1907/1189 1142/1891/1177 1141/1908/1176
f 1141/1908/1176 1153/1909/1188 1154/1907/1189
f 1155/1910/1190 1143/1888/1178 1142/1891/1177
f 1142/1891/1177 1154/1907/1189 1155/1910/1190
f 1156/1911/1191 1144/1892/1179 1143/1893/1178
f 1143/1893/1178 1155/1912/1190 1156/1911/1191
f 1157/1913/1192 1145/1894/1180 1144/1892/1179
f 1144/1892/1179 1156/1911/1191 1157/1913/1192
f 1158/1914/1193 1146/1895/1181 1145/1894/1180
f 1145/1894/1180 1157/1913/1192 1158/1914/1193
f 1159/1915/1194 1147/1896/1182 1146/1895/1181
f 1146/1895/1181 1158/1914/1193 1159/1915/1194
f 1160/1916/1195 1148/1897/1183 1147/1900/1182
f 1147/1900/1182 1159/1917/1194 1160/1916/1195
f 1161/1918/1196 1149/1919/1184 1148/1897/1183
f 1148/1897/1183 1160/1916/1195 1161/1918/1196
f 1162/1920/1197 1150/1903/1185 1149/1901/1184
f 1149/1901/1184 1161/1921/1196 1162/1920/1197
f 1151/1905/1187 1139/1885/1175 1150/1903/1185
f 1150/1903/1185 1162/1920/1197 1151/1905/1187
f 1164/1922/1198 1152/1904/1186 1151/1905/1187
f 1151/1905/1187 1163/1923/1199 1164/1922/1198
f 1165/1924/1200 1153/1906/1188 1152/1904/1186
f 1152/1904/1186 1164/1922/1198 1165/1924/1200
f 1166/1925/1201 1154/1907/1189 1153/1909/1188
f 1153/1909/1188 1165/1926/1200 1166/1925/1201
f 1167/1927/1202 1155/1910/1190 1154/1907/1189
f 1154/1907/1189 1166/1925/1201 1167/1927/1202
f 1168/1928/1203 1156/1929/1191 1155/1930/1190
f 1155/1930/1190 1167/1931/1202 1168/1928/1203
f 1169/1932/1204 1157/1913/1192 1156/1911/1191
f 1156/1911/1191 1168/1933/1203 1169/1932/1204
f 1170/1934/1205 1158/1914/1193 1157/1913/1192
f 1157/1913/1192 1169/1932/1204 1170/1934/1205
f 1171/1935/1206 1159/1936/1194 1158/1937/1193
f 1158/1937/1193 1170/1938/1205 1171/1935/1206
f 1172/1939/1207 1160/1916/1195 1159/1917/1194
f 1159/1917/1194 1171/1940/1206 1172/1939/1207
f 1173/1941/1208 1161/1918/1196 1160/1916/1195
f 1160/1916/1195 1172/1939/1207 1173/1941/1208
f 1174/1942/1209 1162/1920/1197 1161/1921/1196
f 1161/1921/1196 1173/1943/1208 1174/1942/1209
f 1163/1923/1199 1151/1905/1187 1162/1920/1197
f 1162/1920/1197 1174/1942/1209 1163/1923/1199
f 1176/1944/1210 1164/1945/1198 1163/1946/1199
f 1163/1946/1199 1175/1947/1211 1176/1944/1210
f 1177/1948/1212 1165/1949/1200 1164/1945/1198
f 1164/1945/1198 1176/1944/1210 1177/1948/1212
f 1178/1950/1213 1166/1925/1201 1165/1926/1200
f 1165/1926/1200 1177/1951/1212 1178/1950/1213
f 1179/1952/1214 1167/1927/1202 1166/1925/1201
f 1166/1925/1201 1178/1950/1213 1179/1952/1214
f 1180/1953/1215 1168/1954/1203 1167/1955/1202
f 1167/1955/1202 1179/1956/1214 1180/1953/1215
f 1181/1957/1216 1169/1958/1204 1168/1954/1203
f 1168/1954/1203 1180/1953/1215 1181/1957/1216
f 1182/1959/1217 1170/1960/1205 1169/1958/1204
f 1169/1958/1204 1181/1957/1216 1182/1959/1217
f 1183/1961/1218 1171/1962/1206 1170/1960/1205
f 1170/1960/1205 1182/1959/1217 1183/1961/1218
f 1184/1963/1219 1172/1939/1207 1171/1940/1206
f 1171/1940/1206 1183/1964/1218 1184/1963/1219
f 1185/1965/1220 1173/1941/1208 1172/1939/1207
f 1172/1939/1207 1184/1963/1219 1185/1965/1220
f 1186/1966/1221 1174/1967/1209 1173/1968/1208
f 1173/1968/1208 1185/1969/1220 1186/1966/1221
f 1175/1947/1211 1163/1946/1199 1174/1967/1209
f 1174/1967/1209 1186/1966/1221 1175/1947/1211
f 1188/1970/1222 1176/1944/1210 1175/1947/1211
f 1175/1947/1211 1187/1971/1223 1188/1970/1222
f 1189/1972/1224 1177/1948/1212 1176/1944/1210
f 1176/1944/1210 1188/1970/1222 1189/1972/1224
f 1190/1973/1225 1178/1950/1213 1177/1951/1212
f 1177/1951/1212 1189/1974/1224 1190/1973/1225
f 1191/1975/1226 1179/1952/1214 1178/1950/1213
f 1178/1950/1213 1190/1973/1225 1191/1975/1226
f 1192/1976/1227 1180/1953/1215 1179/1956/1214
f 1179/1956/1214 1191/1977/1226 1192/1976/1227
f 1193/1978/1228 1181/1957/1216 1180/1953/1215
f 1180/1953/1215 1192/1976/1227 1193/1978/1228
f 1194/1979/1229 1182/1959/1217 1181/1957/1216
f 1181/1957/1216 1193/1978/1228 1194/1979/1229
f 1195/1980/1230 1183/1961/1218 1182/1959/1217
f 1182/1959/1217 1194/1979/1229 1195/1980/1230
f 1196/1981/1231 1184/1963/1219 1183/1964/1218
f 1183/1964/1218 1195/1982/1230 1196/1981/1231
f 1197/1983/1232 1185/1965/1220 1184/1963/1219
f 1184/1963/1219 1196/1981/1231 1197/1983/1232
f 1198/1984/1233 1186/1966/1221 1185/1969/1220
f 1185/1969/1220 1197/1985/1232 1198/1984/1233
f 1187/1971/1223 1175/1947/1211 1186/1966/1221
f 1186/1966/1221 1198/1984/1233 1187/1971/1223
f 1200/1986/1234 1188/1970/1222 1187/1971/1223
f 1187/1971/1223 1199/1987/1235 1200/1986/1234
f 1201/1988/1236 1189/1972/1224 1188/1970/1222
f 1188/1970/1222 1200/1986/1234 1201/1988/1236
f 1202/1989/1237 1190/1973/1225 1189/1974/1224
f 1189/1974/1224 1201/1990/1236 1202/1989/1237
f 1203/1991/1238 1191/1975/1226 1190/1973/1225
f 1190/1973/1225 1202/1989/1237 1203/1991/1238
f 1204/1992/1239 1192/1976/1227 1191/1977/1226
f 1191/1977/1226 1203/1993/1238 1204/1992/1239
f 1205/1994/1240 1193/1978/1228 1192/1976/1227
f 1192/1976/1227 1204/1992/1239 1205/1994/1240
f 1206/1995/1241 1194/1979/1229 1193/1978/1228
f 1193/1978/1228 1205/1994/1240 1206/1995/1241
f 1207/1996/1242 1195/1980/1230 1194/1979/1229
f 1194/1979/1229 1206/1995/1241 1207/1996/1242
f 1208/1997/1243 1196/1981/1231 1195/1982/1230
f 1195/1982/1230 1207/1998/1242 1208/1997/1243
f 1209/1999/1244 1197/1983/1232 1196/1981/1231
f 1196/1981/1231 1208/1997/1243 1209/1999/1244
f 1210/2000/1245 1198/1984/1233 1197/1985/1232
f 1197/1985/1232 1209/2001/1244 1210/2000/1245
f 1199/1987/1235 1187/1971/1223 1198/1984/1233
f 1198/1984/1233 1210/2000/1245 1199/1987/1235
f 1212/2002/1246 1200/1986/1234 1199/1987/1235
f 1199/1987/1235 1211/2003/1247 1212/2002/1246
f 1213/2004/1248 1201/1988/1236 1200/1986/1234
f 1200/1986/1234 1212/2002/1246 1213/2004/1248
f 1214/2005/1249 1202/1989/1237 1201/1990/1236
f 1201/1990/1236 1213/2006/1248 1214/2005/1249
f 1215/2007/1250 1203/1991/1238 1202/1989/1237
f 1202/1989/1237 1214/2005/1249 1215/2007/1250
f 1216/2008/1251 1204/1992/1239 1203/1993/1238
f 1203/1993/1238 1215/2009/1250 1216/2008/1251
f 1217/2010/1252 1205/1994/1240 1204/1992/1239
f 1204/1992/1239 1216/2008/1251 1217/2010/1252
f 1218/2011/1253 1206/1995/1241 1205/1994/1240
f 1205/1994/1240 1217/2010/1252 1218/2011/1253
f 1219/2012/1254 1207/1996/1242 1206/1995/1241
f 1206/1995/1241 1218/2011/1253 1219/2012/1254
f 1220/2013/1255 1208/1997/1243 1207/1998/1242
f 1207/1998/1242 1219/2014/1254 1220/2013/1255
f 1221/2015/1256 1209/1999/1244 1208/1997/1243
f 1208/1997/1243 1220/2013/1255 1221/2015/1256
f 1222/2016/1257 1210/2000/1245 1209/2001/1244
f 1209/2001/1244 1221/2017/1256 1222/2016/1257
f 1211/2003/1247 1199/1987/1235 1210/2000/1245
f 1210/2000/1245 1222/2016/1257 1211/2003/1247
f 1224/2018/1258 1212/2002/1246 1211/2003/1247
f 1211/2003/1247 1223/2019/1259 1224/2018/1258
f 1225/2020/1260 1213/2004/1248 1212/2002/1246
f 1212/2002/1246 1224/2018/1258 1225/2020/1260
f 1226/2021/1261 1214/2005/1249 1213/2006/1248
f 1213/2006/1248 1225/2022/1260 1226/2021/1261
f 1227/2023/1262 1215/2007/1250 1214/2005/1249
f 1214/2005/1249 1226/2021/1261 1227/2023/1262
f 1228/2024/1263 1216/2008/1251 1215/2009/1250
f 1215/2009/1250 1227/2025/1262 1228/2024/1263
f 1229/2026/1264 1217/2010/1252 1216/2008/1251
f 1216/2008/1251 1228/2024/1263 1229/2026/1264
f 1230/2027/1265 1218/2011/1253 1217/2010/1252
f 1217/2010/1252 1229/2026/1264 1230/2027/1265
f 1231/2028/1266 1219/2012/1254 1218/2011/1253
f 1218/2011/1253 1230/2027/1265 1231/2028/1266
f 1232/2029/1267 1220/2013/1255 1219/2014/1254
f 1219/2014/1254 1231/2030/1266 1232/2029/1267
f 1233/2031/1268 1221/2015/1256 1220/2013/1255
f 1220/2013/1255 1232/2029/1267 1233/2031/1268
f 1234/2032/1269 1222/2016/1257 1221/2017/1256
f 1221/2017/1256 1233/2033/1268 1234/2032/1269
f 1223/2019/1259 1211/2003/1247 1222/2016/1257
f 1222/2016/1257 1234/2032/1269 1223/2019/1259
f 1236/2034/1270 1224/2018/1258 1223/2019/1259
f 1223/2019/1259 1235/2035/1271 1236/2034/1270
f 1237/2036/1272 1225/2020/1260 1224/2018/1258
f 1224/2018/1258 1236/2034/1270 1237/2036/1272
f 1238/2037/1273 1226/2021/1261 1225/2022/1260
f 1225/2022/1260 1237/2038/1272 1238/2037/1273
f 1239/2039/1274 1227/2023/1262 1226/2021/1261
f 1226/2021/1261 1238/2037/1273 1239/2039/1274
f 1240/2040/1275 1228/2024/1263 1227/2025/1262
f 1227/2025/1262 1239/2041/1274 1240/2040/1275
f 1241/2042/1276 1229/2026/1264 1228/2024/1263
f 1228/2024/1263 1240/2040/1275 1241/2042/1276
f 1242/2043/1277 1230/2027/1265 1229/2026/1264
f 1229/2026/1264 1241/2042/1276 1242/2043/1277
f 1243/2044/1278 1231/2028/1266 1230/2027/1265
f 1230/2027/1265 1242/2043/1277 1243/2044/1278
f 1244/2045/1279 1232/2029/1267 1231/2030/1266
f 1231/2030/1266 1243/2046/1278 1244/2045/1279
f 1245/2047/1280 1233/2031/1268 1232/2029/1267
f 1232/2029/1267 1244/2045/1279 1245/2047/1280
f 1246/2048/1281 1234/2032/1269 1233/2033/1268
f 1233/2033/1268 1245/2049/1280 1246/2048/1281
f 1235/2035/1271 1223/2019/1259 1234/2032/1269
f 1234/2032/1269 1246/2048/1281 1235/2035/1271
f 1248/2050/1282 1236/2034/1270 1235/2035/1271
f 1235/2035/1271 1247/2051/1283 1248/2050/1282
f 1249/2052/1284 1237/2036/1272 1236/2034/1270
f 1236/2034/1270 1248/2050/1282 1249/2052/1284
f 1250/2053/1285 1238/2037/1273 1237/2038/1272
f 1237/2038/1272 1249/2054/1284 1250/2053/1285
f 1251/2055/1286 1239/2039/1274 1238/2037/1273
f 1238/2037/1273 1250/2053/1285 1251/2055/1286
f 1252/2056/1287 1240/2040/1275 1239/2041/1274
f 1239/2041/1274 1251/2057/1286 1252/2056/1287
f 1253/2058/1288 1241/2042/1276 1240/2040/1275
f 1240/2040/1275 1252/2056/1287 1253/2058/1288
f 1254/2059/1289 1242/2043/1277 1241/2042/1276
f 1241/2042/1276 1253/2058/1288 1254/2059/1289
f 1255/2060/1290 1243/2044/1278 1242/2043/1277
f 1242/2043/1277 1254/2059/1289 1255/2060/1290
f 1256/2061/1291 1244/2045/1279 1243/2046/1278
f 1243/2046/1278 1255/2062/1290 1256/2061/1291
f 1257/2063/1292 1245/2047/1280 1244/2045/1279
f 1244/2045/1279 1256/2061/1291 1257/2063/1292
f 1258/2064/1293 1246/2048/1281 1245/2049/1280
f 1245/2049/1280 1257/2065/1292 1258/2064/1293
f 1247/2051/1283 1235/2035/1271 1246/2048/1281
f 1246/2048/1281 1258/2064/1293 1247/2051/1283
f 1005/2066/1294 1006/2067/1294 995/2068/1294
f 1004/2069/1294 1005/2066/1294 995/2068/1294
f 1003/2070/1294 1004/2069/1294 995/2068/1294
f 1002/2071/1294 1003/2070/1294 995/2068/1294
f 1001/2072/1294 1002/2071/1294 995/2068/1294
f 1000/2073/1294 1001/2072/1294 995/2068/1294
f 999/2074/1294 1000/2073/1294 995/2068/1294
f 998/2075/1294 999/2074/1294 995/2068/1294
f 997/2076/1294 998/2075/1294 995/2068/1294
f 996/2077/1294 997/2076/1294 995/2068/1294
f 1249/2078/1295 1248/2079/1295 1247/2080/1295
f 1247/2080/1295 1258/2081/1295 1257/2082/1295
f 1247/2080/1295 1257/2082/1295 1256/2083/1295
f 1247/2080/1295 1256/2083/1295 1255/2084/1295
f 1247/2080/1295 1255/2084/1295 1254/2085/1295
f 1247/2080/1295 1254/2085/1295 1253/2086/1295
f 1247/2080/1295 1253/2086/1295 1252/2087/1295
f 1247/2080/1295 1252/2087/1295 1251/2088/1295
f 1247/2080/1295 1251/2088/1295 1250/2089/1295
f 1249/2078/1295 1247/2080/1295 1250/2089/1295
f 1270/2090/33 1269/2091/33 1260/2092/1296
f 1260/2092/1296 1259/2093/1297 1270/2090/33
f 1264/2094/1298 1268/2095/4 1267/2096/4
f 1267/2096/4 1263/2097/1299 1264/2094/1298
f 1272/2098/1300 1273/2099/1300 1274/2100/1300
f 1274/2100/1300 1271/2101/1300 1272/2098/1300
f 1280/2102/1301 1272/2098/1302 1271/2101/1303
f 1271/2101/1303 1279/2103/1304 1280/2102/1301
f 1278/2104/1305 1276/2105/1306 1275/2106/1307
f 1275/2106/1307 1277/2107/1308 1278/2104/1305
f 1282/2108/1309 1290/2109/1310 1289/2110/1311
f 1289/2110/1311 1281/2111/1312 1282/2108/1309
f 1288/2112/1313 1287/2113/1314 1269/2091/33
f 1269/2091/33 1270/2090/33 1288/2112/1313
f 1268/2095/4 1284/2114/1315 1283/2115/1316
f 1283/2115/1316 1267/2096/4 1268/2095/4
f 1300/2116/1317 1301/2117/1318 1302/2118/1318
f 1302/2118/1318 1299/2119/1317 1300/2116/1317
f 1273/2120/1319 1282/2108/1309 1281/2111/1312
f 1281/2111/1312 1274/2121/1320 1273/2120/1319
f 1264/2094/1298 1263/2097/1299 1273/2122/1321
f 1273/2122/1321 1272/2123/1321 1264/2094/1298
f 1259/2093/1297 1260/2092/1296 1271/2124/1322
f 1271/2124/1322 1274/2125/1322 1259/2093/1297
f 1268/2126/1323 1264/2127/1324 1272/2098/1302
f 1272/2098/1302 1280/2102/1301 1268/2126/1323
f 1260/2128/1325 1269/2129/1326 1279/2103/1304
f 1279/2103/1304 1271/2101/1303 1260/2128/1325
f 1265/2130/1327 1266/2131/1328 1276/2132/1306
f 1276/2132/1306 1278/2133/1305 1265/2130/1327
f 1262/2134/1329 1261/2135/1330 1277/2107/1308
f 1277/2107/1308 1275/2106/1307 1262/2134/1329
f 1267/2136/1331 1283/2137/1332 1290/2109/1310
f 1290/2109/1310 1282/2108/1309 1267/2136/1331
f 1261/2138/1333 1297/2139/1334 1296/2140/1335
f 1296/2140/1335 1277/2141/1336 1261/2138/1333
f 1266/2142/1337 1293/2143/1338 1292/2144/1339
f 1292/2144/1339 1276/2145/1340 1266/2142/1337
f 1269/2129/1326 1287/2146/1341 1286/2147/1342
f 1286/2147/1342 1279/2103/1304 1269/2129/1326
f 1263/2097/1343 1267/2096/1331 1282/2148/1309
f 1282/2148/1309 1273/2122/1319 1263/2097/1343
f 1270/2149/1344 1259/2150/1345 1274/2151/1320
f 1274/2151/1320 1281/2152/1312 1270/2149/1344
f 1295/2153/1346 1296/2140/1335 1289/2110/1311
f 1289/2110/1311 1290/2109/1310 1295/2153/1346
f 1297/2154/1347 1298/2155/1348 1287/2113/1314
f 1287/2113/1314 1288/2112/1313 1297/2154/1347
f 1293/2156/1349 1294/2157/1350 1283/2115/1316
f 1283/2115/1316 1284/2114/1315 1293/2156/1349
f 1280/2102/1301 1279/2103/1304 1286/2147/1342
f 1286/2147/1342 1285/2158/1351 1280/2102/1301
f 1283/2137/1332 1294/2159/1352 1295/2153/1346
f 1295/2153/1346 1290/2109/1310 1283/2137/1332
f 1270/2160/1344 1281/2111/1312 1289/2110/1311
f 1289/2110/1311 1288/2161/1353 1270/2160/1344
f 1268/2126/1323 1280/2102/1301 1285/2158/1351
f 1285/2158/1351 1284/2162/1354 1268/2126/1323
f 1287/2146/1341 1298/2163/1355 1291/2164/1356
f 1291/2164/1356 1286/2147/1342 1287/2146/1341
f 1285/2158/1351 1286/2147/1342 1291/2164/1356
f 1291/2164/1356 1292/2144/1339 1285/2158/1351
f 1288/2161/1353 1289/2110/1311 1296/2140/1335
f 1296/2140/1335 1297/2139/1334 1288/2161/1353
f 1284/2162/1354 1285/2158/1351 1292/2144/1339
f 1292/2144/1339 1293/2143/1338 1284/2162/1354
f 1278/2165/1357 1277/2141/1336 1296/2140/1335
f 1296/2140/1335 1295/2153/1346 1278/2165/1357
f 1261/2166/1330 1262/2167/1329 1298/2168/1348
f 1298/2168/1348 1297/2169/1347 1261/2166/1330
f 1293/2156/1349 1266/2131/1328 1265/2130/1327
f 1265/2130/1327 1294/2157/1350 1293/2156/1349
f 1265/2170/1358 1278/2165/1357 1295/2153/1346
f 1295/2153/1346 1294/2159/1352 1265/2170/1358
f 1262/2171/1359 1275/2172/1360 1291/2164/1356
f 1291/2164/1356 1298/2163/1355 1262/2171/1359
f 1276/2105/1306 1311/2173/1361 1312/2174/1361
f 1312/2174/1361 1275/2106/1307 1276/2105/1306
f 1276/2132/4 1292/2175/4 1314/2176/4
f 1314/2176/4 1311/2177/4 1276/2132/4
f 1291/2164/1356 1313/2178/1362 1314/2179/1362
f 1314/2179/1362 1292/2144/1339 1291/2164/1356
f 1275/2180/33 1312/2181/33 1313/2182/33
f 1313/2182/33 1291/2183/33 1275/2180/33
f 1300/2184/1363 1299/2185/1363 1305/2186/1364
f 1305/2186/1364 1304/2187/1365 1300/2184/1363
f 1301/2188/4 1300/2189/4 1304/2190/4
f 1304/2190/4 1303/2191/4 1301/2188/4
f 1302/2192/1366 1301/2193/1366 1303/2194/1367
f 1303/2194/1367 1306/2195/1367 1302/2192/1366
f 1305/2196/33 1299/2197/33 1302/2198/33
f 1302/2198/33 1306/2199/33 1305/2196/33
f 1304/2187/1365 1305/2186/1364 1309/2200/1368
f 1309/2200/1368 1308/2201/1368 1304/2187/1365
f 1303/2191/4 1304/2190/4 1308/2202/4
f 1308/2202/4 1307/2203/4 1303/2191/4
f 1306/2195/1367 1303/2194/1367 1307/2204/1369
f 1307/2204/1369 1310/2205/1369 1306/2195/1367
f 1309/2206/33 1305/2196/33 1306/2199/33
f 1306/2199/33 1310/2207/33 1309/2206/33
f 1308/2201/1368 1309/2200/1368 1312/2208/1361
f 1312/2208/1361 1311/2209/1361 1308/2201/1368
f 1307/2203/4 1308/2202/4 1311/2177/4
f 1311/2177/4 1314/2176/4 1307/2203/4
f 1310/2205/1369 1307/2204/1369 1314/2179/1362
f 1314/2179/1362 1313/2178/1362 1310/2205/1369
f 1312/2181/33 1309/2206/33 1310/2207/33
f 1310/2207/33 1313/2182/33 1312/2181/33
f 1516/2210/1370 1514/2211/1371 1518/2212/1372
f 1518/2212/1372 1517/2213/1373 1321/2214/1374
f 1516/2210/1370 1518/2212/1372 1321/2214/1374
f 1321/2214/1374 1351/2215/1375 1439/2216/1376
f 1516/2210/1370 1321/2214/1374 1439/2216/1376
f 1515/2217/1377 1516/2210/1370 1439/2216/1376
f 1542/2218/1378 1540/2219/1379 1544/2220/1380
f 1544/2220/1380 1543/2221/1381 1442/2222/1382
f 1442/2222/1382 1349/2223/1383 1320/2224/1384
f 1544/2220/1380 1442/2222/1382 1320/2224/1384
f 1542/2218/1378 1544/2220/1380 1320/2224/1384
f 1541/2225/1385 1542/2218/1378 1320/2224/1384
f 1437/2226/1386 1350/2227/1387 1509/2228/1388
f 1509/2228/1388 1512/2229/1389 1437/2226/1386
f 1369/2230/1390 1343/2231/1391 1626/2232/1392
f 1626/2232/1392 1628/2233/1393 1369/2230/1390
f 1321/2234/1374 1330/2235/881 1326/2236/881
f 1315/2237/1394 1321/2234/1374 1326/2236/881
f 1679/2238/1395 1315/2237/1394 1326/2236/881
f 1603/2239/33 1602/2240/33 1322/2241/33
f 1684/2242/1396 1603/2239/33 1322/2241/33
f 1318/2243/1397 1684/2242/1396 1322/2241/33
f 1449/2244/1398 1591/2245/1399 1590/2246/4
f 1590/2246/4 1319/2247/4 1449/2244/1398
f 1597/2248/1400 1596/2249/469 1332/2250/470
f 1332/2250/470 1459/2251/1401 1597/2248/1400
f 1315/2252/1394 1687/2253/1402 1351/2215/1375
f 1351/2215/1375 1321/2214/1374 1315/2252/1394
f 1317/2254/1403 1348/2255/1404 1349/2223/1383
f 1349/2223/1383 1319/2247/4 1317/2254/1403
f 1321/2234/1374 1517/2256/1373 1545/2257/1405
f 1545/2257/1405 1547/2258/1406 1549/2259/1407
f 1321/2234/1374 1545/2257/1405 1549/2259/1407
f 1549/2259/1407 1551/2260/1408 1507/2261/1409
f 1321/2234/1374 1549/2259/1407 1507/2261/1409
f 1321/2234/1374 1507/2261/1409 1331/2262/881
f 1321/2234/1374 1331/2262/881 1330/2235/881
f 1634/2263/1410 1386/2264/1411 1342/2265/1412
f 1342/2265/1412 1347/2266/1413 1474/2267/1414
f 1634/2263/1410 1342/2265/1412 1474/2267/1414
f 1634/2263/1410 1474/2267/1414 1632/2268/1415
f 1444/2269/1416 1350/2227/1387 1332/2250/470
f 1332/2250/470 1447/2270/1417 1444/2269/1416
f 1320/2271/1384 1316/2272/1418 1680/2273/1419
f 1320/2271/1384 1680/2273/1419 1324/2274/881
f 1328/2275/881 1320/2271/1384 1324/2274/881
f 1350/2227/1387 1437/2226/1386 1459/2251/1401
f 1459/2251/1401 1332/2250/470 1350/2227/1387
f 1680/2276/555 1686/2277/555 1357/2278/555
f 1357/2278/555 1324/2279/555 1680/2276/555
f 1683/2280/555 1352/2281/555 1353/2282/555
f 1353/2282/555 1325/2283/555 1683/2280/555
f 1333/2284/881 1334/2285/881 1327/2286/881
f 1327/2286/881 1323/2287/881 1333/2284/881
f 1357/2288/1420 1356/2289/1420 1328/2290/1421
f 1328/2290/1421 1324/2291/1421 1357/2288/1420
f 1353/2292/1422 1354/2293/1422 1329/2294/4
f 1329/2294/4 1325/2295/4 1353/2292/1422
f 1356/2296/1423 1355/2297/1424 1331/2298/1425
f 1331/2298/1425 1328/2299/1426 1356/2296/1423
f 1657/2300/1427 1658/2301/1428 1659/2302/1429
f 1659/2302/1429 1660/2303/1430 1661/2304/1431
f 1657/2300/1427 1659/2302/1429 1661/2304/1431
f 1661/2304/1431 1662/2305/1432 1663/2306/1433
f 1663/2306/1433 1664/2307/1434 1665/2308/1435
f 1661/2304/1431 1663/2306/1433 1665/2308/1435
f 1665/2308/1435 1666/2309/1436 1667/2310/1437
f 1665/2308/1435 1667/2310/1437 1668/2311/1438
f 1661/2304/1431 1665/2308/1435 1668/2311/1438
f 1668/2311/1438 1669/2312/1439 1670/2313/1440
f 1670/2313/1440 1671/2314/1441 1672/2315/1442
f 1668/2311/1438 1670/2313/1440 1672/2315/1442
f 1672/2315/1442 1673/2316/1443 1674/2317/1444
f 1674/2317/1444 1675/2318/1445 1676/2319/1446
f 1672/2315/1442 1674/2317/1444 1676/2319/1446
f 1668/2311/1438 1672/2315/1442 1676/2319/1446
f 1661/2304/1431 1668/2311/1438 1676/2319/1446
f 1657/2300/1427 1661/2304/1431 1676/2319/1446
f 1657/2300/1427 1676/2319/1446 1677/2320/1447
f 1657/2300/1427 1677/2320/1447 1678/2321/1448
f 1691/2322/1449 1610/2323/1450 1609/2324/1451
f 1609/2324/1451 1685/2325/1452 1691/2322/1449
f 1642/2326/1453 1472/2327/1454 1346/2328/1455
f 1346/2328/1455 1624/2329/1456 1642/2326/1453
f 1507/2261/1409 1553/2330/1457 1555/2331/1458
f 1555/2331/1458 1557/2332/1459 1559/2333/1460
f 1507/2261/1409 1555/2331/1458 1559/2333/1460
f 1559/2333/1460 1541/2334/1385 1320/2271/1384
f 1507/2261/1409 1559/2333/1460 1320/2271/1384
f 1507/2261/1409 1320/2271/1384 1328/2275/881
f 1507/2261/1409 1328/2275/881 1331/2262/881
f 1325/2335/881 1329/2336/881 1334/2285/881
f 1334/2285/881 1333/2284/881 1325/2335/881
f 1329/2337/1461 1354/2338/1462 1355/2297/1424
f 1355/2297/1424 1334/2339/1463 1329/2337/1461
f 1681/2340/1464 1589/2341/4 1588/2342/1465
f 1588/2342/1465 1359/2343/1466 1681/2340/1464
f 1622/2344/1467 1467/2345/1468 1345/2346/1469
f 1622/2344/1467 1345/2346/1469 1344/2347/1470
f 1622/2344/1467 1344/2347/1470 1371/2348/1471
f 1622/2344/1467 1371/2348/1471 1630/2349/1472
f 1325/2335/881 1333/2284/881 1335/2350/1473
f 1335/2350/1473 1694/2351/1474 1380/2352/1475
f 1325/2335/881 1335/2350/1473 1380/2352/1475
f 1380/2352/1475 1693/2353/1476 1697/2354/1477
f 1325/2335/881 1380/2352/1475 1697/2354/1477
f 1683/2355/1478 1325/2335/881 1697/2354/1477
f 1683/2355/1478 1697/2354/1477 1381/2356/1479
f 1323/2287/881 1682/2357/1480 1689/2358/1481
f 1689/2358/1481 1360/2359/1482 1688/2360/1483
f 1323/2287/881 1689/2358/1481 1688/2360/1483
f 1688/2360/1483 1692/2361/1484 1361/2362/1485
f 1323/2287/881 1688/2360/1483 1361/2362/1485
f 1333/2284/881 1323/2287/881 1361/2362/1485
f 1333/2284/881 1361/2362/1485 1335/2350/1473
f 1565/2363/1486 1564/2364/1487 1336/2365/1488
f 1336/2365/1488 1376/2366/1489 1565/2363/1486
f 1429/2367/1490 1430/2368/1491 1338/2369/1492
f 1338/2369/1492 1337/2370/1493 1429/2367/1490
f 1452/2371/1494 1477/2372/1495 1432/2373/1496
f 1432/2373/1496 1340/2374/1497 1452/2371/1494
f 1482/2375/1498 1431/2376/1499 1339/2377/1500
f 1339/2377/1500 1462/2378/1501 1482/2375/1498
f 1572/2379/1502 1571/2380/33 1338/2369/1492
f 1338/2369/1492 1464/2381/1503 1572/2379/1502
f 1341/2382/1497 1584/2383/4 1583/2384/4
f 1583/2384/4 1340/2374/1497 1341/2382/1497
f 1364/2385/1504 1422/2386/1505 1423/2387/1506
f 1423/2387/1506 1336/2365/1488 1364/2385/1504
f 1578/2388/1507 1577/2389/469 1339/2377/1500
f 1339/2377/1500 1454/2390/1508 1578/2388/1507
f 1341/2382/1497 1433/2391/1509 1434/2392/1510
f 1434/2392/1510 1366/2393/1511 1341/2382/1497
f 1570/2394/33 1569/2395/1512 1374/2396/1513
f 1374/2396/1513 1337/2370/1493 1570/2394/33
f 1407/2397/1514 1406/2398/1515 1343/2231/1391
f 1343/2231/1391 1369/2230/1390 1407/2397/1514
f 1504/2399/1516 1413/2400/1517 1345/2346/1469
f 1345/2346/1469 1467/2345/1468 1504/2399/1516
f 1342/2265/1412 1416/2401/1518 1415/2402/1519
f 1415/2402/1519 1347/2266/1413 1342/2265/1412
f 1494/2403/1520 1414/2404/1521 1346/2328/1455
f 1346/2328/1455 1472/2327/1454 1494/2403/1520
f 1412/2405/1522 1411/2406/1523 1371/2348/1471
f 1371/2348/1471 1344/2347/1470 1412/2405/1522
f 1614/2407/1524 1624/2329/1456 1346/2328/1455
f 1346/2328/1455 1469/2408/1525 1614/2407/1524
f 1644/2409/1526 1626/2232/1392 1343/2231/1391
f 1343/2231/1391 1384/2410/1527 1644/2409/1526
f 1322/2241/33 1457/2411/1528 1439/2216/1376
f 1439/2216/1376 1351/2215/1375 1322/2241/33
f 1442/2222/1382 1449/2244/1398 1319/2247/4
f 1319/2247/4 1349/2223/1383 1442/2222/1382
f 1318/2243/1397 1322/2241/33 1351/2215/1375
f 1351/2215/1375 1687/2253/1402 1318/2243/1397
f 1316/2412/1418 1320/2224/1384 1349/2223/1383
f 1349/2223/1383 1348/2255/1404 1316/2412/1418
f 1529/2413/1529 1509/2228/1388 1350/2227/1387
f 1350/2227/1387 1444/2269/1416 1529/2413/1529
f 1682/2414/555 1323/2415/555 1357/2278/555
f 1357/2278/555 1686/2277/555 1682/2414/555
f 1679/2416/555 1326/2417/555 1353/2282/555
f 1353/2282/555 1352/2281/555 1679/2416/555
f 1323/2418/33 1327/2419/33 1356/2289/1420
f 1356/2289/1420 1357/2288/1420 1323/2418/33
f 1326/2420/1530 1330/2421/1530 1354/2293/1422
f 1354/2293/1422 1353/2292/1422 1326/2420/1530
f 1327/2422/1531 1334/2339/1463 1355/2297/1424
f 1355/2297/1424 1356/2296/1423 1327/2422/1531
f 1330/2423/1532 1331/2298/1425 1355/2297/1424
f 1355/2297/1424 1354/2338/1462 1330/2423/1532
f 1628/2424/1393 1656/2425/1533 1370/2426/1534
f 1370/2426/1534 1369/2427/1390 1628/2424/1393
f 1656/2425/1533 1654/2428/1535 1368/2429/1536
f 1368/2429/1536 1370/2426/1534 1656/2425/1533
f 1364/2385/1504 1563/2430/1537 1562/2431/1538
f 1562/2431/1538 1365/2432/1539 1364/2385/1504
f 1365/2433/1539 1562/2434/1538 1561/2435/1540
f 1561/2435/1540 1363/2436/1541 1365/2433/1539
f 1359/2343/1466 1588/2342/1465 1587/2437/1542
f 1587/2437/1542 1690/2438/1543 1359/2343/1466
f 1690/2438/1543 1587/2437/1542 1612/2439/1544
f 1612/2439/1544 1358/2440/1545 1690/2438/1543
f 1371/2348/1471 1372/2441/1546 1652/2442/1547
f 1652/2442/1547 1630/2349/1472 1371/2348/1471
f 1372/2441/1546 1368/2429/1536 1654/2428/1535
f 1654/2428/1535 1652/2442/1547 1372/2441/1546
f 1608/2443/1548 1607/2444/1549 1695/2445/1550
f 1695/2445/1550 1379/2446/1551 1608/2443/1548
f 1607/2447/1549 1606/2448/1552 1378/2449/1553
f 1378/2449/1553 1695/2450/1550 1607/2447/1549
f 1384/2451/1527 1405/2452/1554 1404/2453/1555
f 1404/2453/1555 1385/2454/1556 1384/2451/1527
f 1385/2454/1556 1404/2453/1555 1419/2455/1557
f 1419/2455/1557 1383/2456/1558 1385/2454/1556
f 1366/2393/1511 1434/2392/1510 1435/2457/1559
f 1435/2457/1559 1367/2458/1560 1366/2393/1511
f 1367/2458/1560 1435/2457/1559 1420/2459/1561
f 1420/2459/1561 1363/2436/1541 1367/2458/1560
f 1569/2395/1512 1568/2460/1562 1375/2461/1563
f 1375/2461/1563 1374/2396/1513 1569/2395/1512
f 1568/2460/1562 1567/2462/1564 1373/2463/1565
f 1373/2463/1565 1375/2461/1563 1568/2460/1562
f 1424/2464/1566 1425/2465/1567 1377/2466/1568
f 1377/2466/1568 1376/2366/1489 1424/2464/1566
f 1425/2467/1567 1426/2468/1569 1373/2463/1565
f 1373/2463/1565 1377/2469/1568 1425/2467/1567
f 1411/2406/1523 1410/2470/1570 1372/2441/1546
f 1372/2441/1546 1371/2348/1471 1411/2406/1523
f 1410/2470/1570 1409/2471/1571 1368/2429/1536
f 1368/2429/1536 1372/2441/1546 1410/2470/1570
f 1384/2451/1527 1385/2454/1556 1646/2472/1572
f 1646/2472/1572 1644/2473/1526 1384/2451/1527
f 1385/2454/1556 1383/2456/1558 1648/2474/1573
f 1648/2474/1573 1646/2472/1572 1385/2454/1556
f 1634/2263/1410 1650/2475/1574 1387/2476/1575
f 1387/2476/1575 1386/2264/1411 1634/2263/1410
f 1650/2475/1574 1648/2474/1573 1383/2456/1558
f 1383/2456/1558 1387/2476/1575 1650/2475/1574
f 1412/2405/1522 1413/2400/1517 1397/2477/1576
f 1397/2477/1576 1398/2478/1577 1412/2405/1522
f 1489/2479/1578 1492/2480/1579 1415/2402/1519
f 1415/2402/1519 1395/2481/1580 1489/2479/1578
f 1502/2482/1581 1414/2404/1521 1396/2483/1582
f 1396/2483/1582 1499/2484/1583 1502/2482/1581
f 1389/2485/1584 1405/2486/1554 1406/2398/1515
f 1406/2398/1515 1388/2487/1585 1389/2485/1584
f 1394/2488/1586 1416/2401/1518 1417/2489/1587
f 1417/2489/1587 1393/2490/1588 1394/2488/1586
f 1424/2464/1566 1423/2387/1506 1388/2487/1585
f 1388/2487/1585 1403/2491/1589 1424/2464/1566
f 1484/2492/1590 1430/2368/1491 1397/2477/1576
f 1397/2477/1576 1497/2493/1591 1484/2492/1590
f 1394/2488/1586 1433/2391/1509 1432/2373/1496
f 1432/2373/1496 1395/2481/1580 1394/2488/1586
f 1487/2494/1592 1479/2495/1593 1431/2376/1499
f 1431/2376/1499 1396/2483/1582 1487/2494/1592
f 1429/2367/1490 1428/2496/1594 1399/2497/1595
f 1399/2497/1595 1398/2478/1577 1429/2367/1490
f 1389/2485/1584 1422/2386/1505 1421/2498/1596
f 1421/2498/1596 1390/2499/1597 1389/2485/1584
f 1390/2500/1597 1421/2501/1596 1420/2459/1561
f 1420/2459/1561 1391/2502/1598 1390/2500/1597
f 1393/2490/1588 1417/2489/1587 1418/2503/1599
f 1418/2503/1599 1392/2504/1600 1393/2490/1588
f 1392/2504/1600 1418/2503/1599 1419/2455/1557
f 1419/2455/1557 1391/2502/1598 1392/2504/1600
f 1407/2397/1514 1408/2505/1601 1402/2506/1602
f 1402/2506/1602 1403/2491/1589 1407/2397/1514
f 1408/2507/1601 1409/2471/1571 1401/2508/1603
f 1401/2508/1603 1402/2509/1602 1408/2507/1601
f 1428/2496/1594 1427/2510/1604 1400/2511/1605
f 1400/2511/1605 1399/2497/1595 1428/2496/1594
f 1427/2510/1604 1426/2468/1569 1401/2508/1603
f 1401/2508/1603 1400/2511/1605 1427/2510/1604
f 1403/2491/1589 1388/2487/1585 1406/2398/1515
f 1406/2398/1515 1407/2397/1514 1403/2491/1589
f 1497/2493/1591 1397/2477/1576 1413/2400/1517
f 1413/2400/1517 1504/2399/1516 1497/2493/1591
f 1416/2401/1518 1394/2488/1586 1395/2481/1580
f 1395/2481/1580 1415/2402/1519 1416/2401/1518
f 1494/2403/1520 1487/2494/1592 1396/2483/1582
f 1396/2483/1582 1414/2404/1521 1494/2403/1520
f 1398/2478/1577 1399/2497/1595 1411/2406/1523
f 1411/2406/1523 1412/2405/1522 1398/2478/1577
f 1405/2486/1554 1389/2485/1584 1390/2499/1597
f 1390/2499/1597 1404/2512/1555 1405/2486/1554
f 1404/2453/1555 1390/2500/1597 1391/2502/1598
f 1391/2502/1598 1419/2455/1557 1404/2453/1555
f 1399/2497/1595 1400/2511/1605 1410/2470/1570
f 1410/2470/1570 1411/2406/1523 1399/2497/1595
f 1400/2511/1605 1401/2508/1603 1409/2471/1571
f 1409/2471/1571 1410/2470/1570 1400/2511/1605
f 1344/2347/1470 1345/2346/1469 1413/2400/1517
f 1413/2400/1517 1412/2405/1522 1344/2347/1470
f 1492/2480/1579 1474/2267/1414 1347/2266/1413
f 1347/2266/1413 1415/2402/1519 1492/2480/1579
f 1469/2408/1525 1346/2328/1455 1414/2404/1521
f 1414/2404/1521 1502/2482/1581 1469/2408/1525
f 1405/2486/1554 1384/2410/1527 1343/2231/1391
f 1343/2231/1391 1406/2398/1515 1405/2486/1554
f 1416/2401/1518 1342/2265/1412 1386/2264/1411
f 1386/2264/1411 1417/2489/1587 1416/2401/1518
f 1417/2489/1587 1386/2264/1411 1387/2476/1575
f 1387/2476/1575 1418/2503/1599 1417/2489/1587
f 1418/2503/1599 1387/2476/1575 1383/2456/1558
f 1383/2456/1558 1419/2455/1557 1418/2503/1599
f 1369/2427/1390 1370/2426/1534 1408/2507/1601
f 1408/2507/1601 1407/2513/1514 1369/2427/1390
f 1370/2426/1534 1368/2429/1536 1409/2471/1571
f 1409/2471/1571 1408/2507/1601 1370/2426/1534
f 1398/2478/1577 1397/2477/1576 1430/2368/1491
f 1430/2368/1491 1429/2367/1490 1398/2478/1577
f 1477/2372/1495 1489/2479/1578 1395/2481/1580
f 1395/2481/1580 1432/2373/1496 1477/2372/1495
f 1499/2484/1583 1396/2483/1582 1431/2376/1499
f 1431/2376/1499 1482/2375/1498 1499/2484/1583
f 1422/2386/1505 1389/2485/1584 1388/2487/1585
f 1388/2487/1585 1423/2387/1506 1422/2386/1505
f 1433/2391/1509 1394/2488/1586 1393/2490/1588
f 1393/2490/1588 1434/2392/1510 1433/2391/1509
f 1434/2392/1510 1393/2490/1588 1392/2504/1600
f 1392/2504/1600 1435/2457/1559 1434/2392/1510
f 1435/2457/1559 1392/2504/1600 1391/2502/1598
f 1391/2502/1598 1420/2459/1561 1435/2457/1559
f 1403/2491/1589 1402/2506/1602 1425/2465/1567
f 1425/2465/1567 1424/2464/1566 1403/2491/1589
f 1402/2509/1602 1401/2508/1603 1426/2468/1569
f 1426/2468/1569 1425/2467/1567 1402/2509/1602
f 1376/2366/1489 1336/2365/1488 1423/2387/1506
f 1423/2387/1506 1424/2464/1566 1376/2366/1489
f 1464/2381/1503 1338/2369/1492 1430/2368/1491
f 1430/2368/1491 1484/2492/1590 1464/2381/1503
f 1433/2391/1509 1341/2382/1497 1340/2374/1497
f 1340/2374/1497 1432/2373/1496 1433/2391/1509
f 1479/2495/1593 1454/2390/1508 1339/2377/1500
f 1339/2377/1500 1431/2376/1499 1479/2495/1593
f 1337/2370/1493 1374/2396/1513 1428/2496/1594
f 1428/2496/1594 1429/2367/1490 1337/2370/1493
f 1422/2386/1505 1364/2385/1504 1365/2432/1539
f 1365/2432/1539 1421/2498/1596 1422/2386/1505
f 1421/2501/1596 1365/2433/1539 1363/2436/1541
f 1363/2436/1541 1420/2459/1561 1421/2501/1596
f 1374/2396/1513 1375/2461/1563 1427/2510/1604
f 1427/2510/1604 1428/2496/1594 1374/2396/1513
f 1375/2461/1563 1373/2463/1565 1426/2468/1569
f 1426/2468/1569 1427/2510/1604 1375/2461/1563
f 1439/2216/1376 1440/2514/1606 1520/2515/1607
f 1520/2515/1607 1515/2217/1377 1439/2216/1376
f 1440/2514/1606 1436/2516/1608 1523/2517/1609
f 1523/2517/1609 1520/2515/1607 1440/2514/1606
f 1543/2221/1381 1538/2518/1610 1443/2519/1611
f 1443/2519/1611 1442/2222/1382 1543/2221/1381
f 1538/2518/1610 1535/2520/1612 1441/2521/1613
f 1441/2521/1613 1443/2519/1611 1538/2518/1610
f 1512/2229/1389 1526/2522/1614 1438/2523/1615
f 1438/2523/1615 1437/2226/1386 1512/2229/1389
f 1526/2524/1614 1523/2517/1609 1436/2516/1608
f 1436/2516/1608 1438/2525/1615 1526/2524/1614
f 1582/2526/1399 1581/2527/1616 1453/2528/1617
f 1453/2528/1617 1452/2371/1494 1582/2526/1399
f 1581/2527/1616 1580/2529/1618 1451/2530/1619
f 1451/2530/1619 1453/2528/1617 1581/2527/1616
f 1576/2531/1400 1575/2532/1620 1463/2533/1621
f 1463/2533/1621 1462/2378/1501 1576/2531/1400
f 1575/2534/1620 1574/2535/1622 1461/2536/1623
f 1461/2536/1623 1463/2537/1621 1575/2534/1620
f 1622/2344/1467 1620/2538/1624 1468/2539/1625
f 1468/2539/1625 1467/2345/1468 1622/2344/1467
f 1620/2538/1624 1618/2540/1626 1466/2541/1627
f 1466/2541/1627 1468/2539/1625 1620/2538/1624
f 1444/2269/1416 1447/2270/1417 1448/2542/1628
f 1448/2542/1628 1445/2543/1629 1444/2269/1416
f 1445/2544/1629 1448/2545/1628 1446/2546/1630
f 1446/2546/1630 1441/2521/1613 1445/2544/1629
f 1459/2251/1401 1437/2226/1386 1438/2523/1615
f 1438/2523/1615 1460/2547/1631 1459/2251/1401
f 1460/2548/1631 1438/2525/1615 1436/2516/1608
f 1436/2516/1608 1456/2549/1632 1460/2548/1631
f 1472/2327/1454 1642/2326/1453 1640/2550/1633
f 1640/2550/1633 1473/2551/1634 1472/2327/1454
f 1473/2552/1634 1640/2553/1633 1638/2554/1635
f 1638/2554/1635 1471/2555/1636 1473/2552/1634
f 1477/2372/1495 1452/2371/1494 1453/2528/1617
f 1453/2528/1617 1478/2556/1637 1477/2372/1495
f 1478/2556/1637 1453/2528/1617 1451/2530/1619
f 1451/2530/1619 1476/2557/1638 1478/2556/1637
f 1482/2375/1498 1462/2378/1501 1463/2533/1621
f 1463/2533/1621 1483/2558/1639 1482/2375/1498
f 1483/2559/1639 1463/2537/1621 1461/2536/1623
f 1461/2536/1623 1481/2560/1640 1483/2559/1639
f 1601/2561/1502 1600/2562/1641 1458/2563/1642
f 1458/2563/1642 1457/2411/1528 1601/2561/1502
f 1600/2562/1641 1599/2564/1622 1456/2549/1632
f 1456/2549/1632 1458/2563/1642 1600/2562/1641
f 1595/2565/1507 1594/2566/1643 1448/2542/1628
f 1448/2542/1628 1447/2270/1417 1595/2565/1507
f 1594/2567/1643 1593/2568/1618 1446/2546/1630
f 1446/2546/1630 1448/2545/1628 1594/2567/1643
f 1504/2399/1516 1467/2345/1468 1468/2539/1625
f 1468/2539/1625 1505/2569/1644 1504/2399/1516
f 1505/2569/1644 1468/2539/1625 1466/2541/1627
f 1466/2541/1627 1501/2570/1645 1505/2569/1644
f 1494/2403/1520 1472/2327/1454 1473/2551/1634
f 1473/2551/1634 1495/2571/1646 1494/2403/1520
f 1495/2572/1646 1473/2552/1634 1471/2555/1636
f 1471/2555/1636 1491/2573/1647 1495/2572/1646
f 1632/2268/1415 1474/2267/1414 1475/2574/1648
f 1475/2574/1648 1636/2575/1649 1632/2268/1415
f 1636/2575/1649 1475/2574/1648 1471/2555/1636
f 1471/2555/1636 1638/2554/1635 1636/2575/1649
f 1469/2408/1525 1470/2576/1650 1616/2577/1651
f 1616/2577/1651 1614/2407/1524 1469/2408/1525
f 1470/2578/1650 1466/2541/1627 1618/2540/1626
f 1618/2540/1626 1616/2579/1651 1470/2578/1650
f 1439/2216/1376 1457/2411/1528 1458/2563/1642
f 1458/2563/1642 1440/2514/1606 1439/2216/1376
f 1440/2514/1606 1458/2563/1642 1456/2549/1632
f 1456/2549/1632 1436/2516/1608 1440/2514/1606
f 1449/2244/1398 1442/2222/1382 1443/2519/1611
f 1443/2519/1611 1450/2580/1652 1449/2244/1398
f 1450/2580/1652 1443/2519/1611 1441/2521/1613
f 1441/2521/1613 1446/2546/1630 1450/2580/1652
f 1444/2269/1416 1445/2543/1629 1532/2581/1653
f 1532/2581/1653 1529/2413/1529 1444/2269/1416
f 1445/2544/1629 1441/2521/1613 1535/2520/1612
f 1535/2520/1612 1532/2582/1653 1445/2544/1629
f 1492/2480/1579 1489/2479/1578 1490/2583/1654
f 1490/2583/1654 1493/2584/1655 1492/2480/1579
f 1493/2584/1655 1490/2583/1654 1486/2585/1656
f 1486/2585/1656 1491/2573/1647 1493/2584/1655
f 1502/2482/1581 1499/2484/1583 1500/2586/1657
f 1500/2586/1657 1503/2587/1658 1502/2482/1581
f 1503/2588/1658 1500/2589/1657 1496/2590/1659
f 1496/2590/1659 1501/2570/1645 1503/2588/1658
f 1484/2492/1590 1497/2493/1591 1498/2591/1660
f 1498/2591/1660 1485/2592/1661 1484/2492/1590
f 1485/2592/1661 1498/2591/1660 1496/2590/1659
f 1496/2590/1659 1481/2560/1640 1485/2592/1661
f 1479/2495/1593 1487/2494/1592 1488/2593/1662
f 1488/2593/1662 1480/2594/1663 1479/2495/1593
f 1480/2595/1663 1488/2596/1662 1486/2585/1656
f 1486/2585/1656 1476/2557/1638 1480/2595/1663
f 1497/2493/1591 1504/2399/1516 1505/2569/1644
f 1505/2569/1644 1498/2591/1660 1497/2493/1591
f 1498/2591/1660 1505/2569/1644 1501/2570/1645
f 1501/2570/1645 1496/2590/1659 1498/2591/1660
f 1487/2494/1592 1494/2403/1520 1495/2571/1646
f 1495/2571/1646 1488/2593/1662 1487/2494/1592
f 1488/2596/1662 1495/2572/1646 1491/2573/1647
f 1491/2573/1647 1486/2585/1656 1488/2596/1662
f 1474/2267/1414 1492/2480/1579 1493/2584/1655
f 1493/2584/1655 1475/2574/1648 1474/2267/1414
f 1475/2574/1648 1493/2584/1655 1491/2573/1647
f 1491/2573/1647 1471/2555/1636 1475/2574/1648
f 1469/2408/1525 1502/2482/1581 1503/2587/1658
f 1503/2587/1658 1470/2576/1650 1469/2408/1525
f 1470/2578/1650 1503/2588/1658 1501/2570/1645
f 1501/2570/1645 1466/2541/1627 1470/2578/1650
f 1489/2479/1578 1477/2372/1495 1478/2556/1637
f 1478/2556/1637 1490/2583/1654 1489/2479/1578
f 1490/2583/1654 1478/2556/1637 1476/2557/1638
f 1476/2557/1638 1486/2585/1656 1490/2583/1654
f 1499/2484/1583 1482/2375/1498 1483/2558/1639
f 1483/2558/1639 1500/2586/1657 1499/2484/1583
f 1500/2589/1657 1483/2559/1639 1481/2560/1640
f 1481/2560/1640 1496/2590/1659 1500/2589/1657
f 1464/2381/1503 1484/2492/1590 1485/2592/1661
f 1485/2592/1661 1465/2597/1664 1464/2381/1503
f 1465/2597/1664 1485/2592/1661 1481/2560/1640
f 1481/2560/1640 1461/2536/1623 1465/2597/1664
f 1454/2390/1508 1479/2495/1593 1480/2594/1663
f 1480/2594/1663 1455/2598/1665 1454/2390/1508
f 1455/2599/1665 1480/2595/1663 1476/2557/1638
f 1476/2557/1638 1451/2530/1619 1455/2599/1665
f 1512/2229/1389 1509/2228/1388 1510/2600/1666
f 1510/2600/1666 1513/2601/1667 1512/2229/1389
f 1513/2602/1667 1510/2603/1666 1506/2604/1668
f 1506/2604/1668 1511/2605/1669 1513/2602/1667
f 1545/2257/1405 1517/2256/1373 1518/2606/1372
f 1518/2606/1372 1546/2607/1670 1545/2257/1405
f 1546/2607/1670 1518/2606/1372 1514/2608/1371
f 1514/2608/1371 1519/2609/1671 1546/2607/1670
f 1547/2258/1406 1545/2257/1405 1546/2607/1670
f 1546/2607/1670 1548/2610/1672 1547/2258/1406
f 1548/2610/1672 1546/2607/1670 1519/2609/1671
f 1519/2609/1671 1522/2611/1673 1548/2610/1672
f 1549/2259/1407 1547/2258/1406 1548/2610/1672
f 1548/2610/1672 1550/2612/1674 1549/2259/1407
f 1550/2612/1674 1548/2610/1672 1522/2611/1673
f 1522/2611/1673 1525/2613/1675 1550/2612/1674
f 1551/2260/1408 1549/2259/1407 1550/2612/1674
f 1550/2612/1674 1552/2614/1676 1551/2260/1408
f 1552/2614/1676 1550/2612/1674 1525/2613/1675
f 1525/2613/1675 1511/2605/1669 1552/2614/1676
f 1507/2261/1409 1551/2260/1408 1552/2614/1676
f 1552/2614/1676 1508/2615/1677 1507/2261/1409
f 1508/2615/1677 1552/2614/1676 1511/2605/1669
f 1511/2605/1669 1506/2604/1668 1508/2615/1677
f 1553/2330/1457 1507/2261/1409 1508/2615/1677
f 1508/2615/1677 1554/2616/1678 1553/2330/1457
f 1554/2616/1678 1508/2615/1677 1506/2604/1668
f 1506/2604/1668 1528/2617/1679 1554/2616/1678
f 1555/2331/1458 1553/2330/1457 1554/2616/1678
f 1554/2616/1678 1556/2618/1680 1555/2331/1458
f 1556/2618/1680 1554/2616/1678 1528/2617/1679
f 1528/2617/1679 1531/2619/1681 1556/2618/1680
f 1557/2332/1459 1555/2331/1458 1556/2618/1680
f 1556/2618/1680 1558/2620/1682 1557/2332/1459
f 1558/2620/1682 1556/2618/1680 1531/2619/1681
f 1531/2619/1681 1534/2621/1683 1558/2620/1682
f 1559/2333/1460 1557/2332/1459 1558/2620/1682
f 1558/2620/1682 1560/2622/1684 1559/2333/1460
f 1560/2622/1684 1558/2620/1682 1534/2621/1683
f 1534/2621/1683 1537/2623/1685 1560/2622/1684
f 1541/2334/1385 1559/2333/1460 1560/2622/1684
f 1560/2622/1684 1542/2624/1378 1541/2334/1385
f 1542/2624/1378 1560/2622/1684 1537/2623/1685
f 1537/2623/1685 1540/2625/1379 1542/2624/1378
f 1509/2228/1388 1529/2413/1529 1530/2626/1686
f 1530/2626/1686 1510/2600/1666 1509/2228/1388
f 1510/2603/1666 1530/2627/1686 1528/2617/1679
f 1528/2617/1679 1506/2604/1668 1510/2603/1666
f 1515/2217/1377 1520/2515/1607 1521/2628/1687
f 1521/2628/1687 1516/2210/1370 1515/2217/1377
f 1516/2210/1370 1521/2628/1687 1519/2629/1671
f 1519/2629/1671 1514/2211/1371 1516/2210/1370
f 1520/2515/1607 1523/2517/1609 1524/2630/1688
f 1524/2630/1688 1521/2628/1687 1520/2515/1607
f 1521/2628/1687 1524/2630/1688 1522/2631/1673
f 1522/2631/1673 1519/2629/1671 1521/2628/1687
f 1538/2518/1610 1543/2221/1381 1544/2220/1380
f 1544/2220/1380 1539/2632/1689 1538/2518/1610
f 1539/2632/1689 1544/2220/1380 1540/2219/1379
f 1540/2219/1379 1537/2633/1685 1539/2632/1689
f 1535/2520/1612 1538/2518/1610 1539/2632/1689
f 1539/2632/1689 1536/2634/1690 1535/2520/1612
f 1536/2634/1690 1539/2632/1689 1537/2633/1685
f 1537/2633/1685 1534/2635/1683 1536/2634/1690
f 1526/2522/1614 1512/2229/1389 1513/2601/1667
f 1513/2601/1667 1527/2636/1691 1526/2522/1614
f 1527/2637/1691 1513/2602/1667 1511/2605/1669
f 1511/2605/1669 1525/2613/1675 1527/2637/1691
f 1523/2517/1609 1526/2524/1614 1527/2638/1691
f 1527/2638/1691 1524/2630/1688 1523/2517/1609
f 1524/2630/1688 1527/2638/1691 1525/2639/1675
f 1525/2639/1675 1522/2631/1673 1524/2630/1688
f 1529/2413/1529 1532/2581/1653 1533/2640/1692
f 1533/2640/1692 1530/2626/1686 1529/2413/1529
f 1530/2627/1686 1533/2641/1692 1531/2619/1681
f 1531/2619/1681 1528/2617/1679 1530/2627/1686
f 1532/2582/1653 1535/2520/1612 1536/2634/1690
f 1536/2634/1690 1533/2642/1692 1532/2582/1653
f 1533/2642/1692 1536/2634/1690 1534/2635/1683
f 1534/2635/1683 1531/2643/1681 1533/2642/1692
f 1337/2370/1493 1338/2369/1492 1571/2380/33
f 1571/2380/33 1570/2394/33 1337/2370/1493
f 1582/2526/1399 1452/2371/1494 1340/2374/1497
f 1340/2374/1497 1583/2384/4 1582/2526/1399
f 1462/2378/1501 1339/2377/1500 1577/2389/469
f 1577/2389/469 1576/2531/1400 1462/2378/1501
f 1563/2430/1537 1364/2385/1504 1336/2365/1488
f 1336/2365/1488 1564/2364/1487 1563/2430/1537
f 1584/2383/4 1341/2382/1497 1366/2393/1511
f 1366/2393/1511 1585/2644/1693 1584/2383/4
f 1608/2443/1548 1609/2324/1451 1564/2364/1487
f 1564/2364/1487 1565/2363/1486 1608/2443/1548
f 1601/2561/1502 1602/2240/33 1571/2380/33
f 1571/2380/33 1572/2379/1502 1601/2561/1502
f 1584/2383/4 1589/2341/4 1590/2246/4
f 1590/2246/4 1583/2384/4 1584/2383/4
f 1595/2565/1507 1596/2249/469 1577/2389/469
f 1577/2389/469 1578/2388/1507 1595/2565/1507
f 1603/2239/33 1604/2645/1694 1569/2395/1512
f 1569/2395/1512 1570/2394/33 1603/2239/33
f 1563/2430/1537 1610/2323/1450 1611/2646/1695
f 1611/2646/1695 1562/2431/1538 1563/2430/1537
f 1562/2434/1538 1611/2647/1695 1612/2439/1544
f 1612/2439/1544 1561/2435/1540 1562/2434/1538
f 1585/2644/1693 1366/2393/1511 1367/2458/1560
f 1367/2458/1560 1586/2648/1696 1585/2644/1693
f 1586/2648/1696 1367/2458/1560 1363/2436/1541
f 1363/2436/1541 1561/2435/1540 1586/2648/1696
f 1376/2366/1489 1377/2466/1568 1566/2649/1697
f 1566/2649/1697 1565/2363/1486 1376/2366/1489
f 1377/2469/1568 1373/2463/1565 1567/2462/1564
f 1567/2462/1564 1566/2650/1697 1377/2469/1568
f 1604/2645/1694 1605/2651/1698 1568/2460/1562
f 1568/2460/1562 1569/2395/1512 1604/2645/1694
f 1605/2651/1698 1606/2448/1552 1567/2462/1564
f 1567/2462/1564 1568/2460/1562 1605/2651/1698
f 1591/2245/1399 1592/2652/1616 1581/2527/1616
f 1581/2527/1616 1582/2526/1399 1591/2245/1399
f 1592/2652/1616 1593/2568/1618 1580/2529/1618
f 1580/2529/1618 1581/2527/1616 1592/2652/1616
f 1597/2248/1400 1598/2653/1620 1575/2532/1620
f 1575/2532/1620 1576/2531/1400 1597/2248/1400
f 1598/2654/1620 1599/2564/1622 1574/2535/1622
f 1574/2535/1622 1575/2534/1620 1598/2654/1620
f 1464/2381/1503 1465/2597/1664 1573/2655/1641
f 1573/2655/1641 1572/2379/1502 1464/2381/1503
f 1465/2597/1664 1461/2536/1623 1574/2535/1622
f 1574/2535/1622 1573/2655/1641 1465/2597/1664
f 1454/2390/1508 1455/2598/1665 1579/2656/1643
f 1579/2656/1643 1578/2388/1507 1454/2390/1508
f 1455/2599/1665 1451/2530/1619 1580/2529/1618
f 1580/2529/1618 1579/2657/1643 1455/2599/1665
f 1570/2394/33 1571/2380/33 1602/2240/33
f 1602/2240/33 1603/2239/33 1570/2394/33
f 1591/2245/1399 1582/2526/1399 1583/2384/4
f 1583/2384/4 1590/2246/4 1591/2245/1399
f 1576/2531/1400 1577/2389/469 1596/2249/469
f 1596/2249/469 1597/2248/1400 1576/2531/1400
f 1610/2323/1450 1563/2430/1537 1564/2364/1487
f 1564/2364/1487 1609/2324/1451 1610/2323/1450
f 1589/2341/4 1584/2383/4 1585/2644/1693
f 1585/2644/1693 1588/2342/1465 1589/2341/4
f 1588/2342/1465 1585/2644/1693 1586/2648/1696
f 1586/2648/1696 1587/2437/1542 1588/2342/1465
f 1587/2437/1542 1586/2648/1696 1561/2435/1540
f 1561/2435/1540 1612/2439/1544 1587/2437/1542
f 1565/2363/1486 1566/2649/1697 1607/2444/1549
f 1607/2444/1549 1608/2443/1548 1565/2363/1486
f 1566/2650/1697 1567/2462/1564 1606/2448/1552
f 1606/2448/1552 1607/2447/1549 1566/2650/1697
f 1572/2379/1502 1573/2655/1641 1600/2562/1641
f 1600/2562/1641 1601/2561/1502 1572/2379/1502
f 1573/2655/1641 1574/2535/1622 1599/2564/1622
f 1599/2564/1622 1600/2562/1641 1573/2655/1641
f 1578/2388/1507 1579/2656/1643 1594/2566/1643
f 1594/2566/1643 1595/2565/1507 1578/2388/1507
f 1579/2657/1643 1580/2529/1618 1593/2568/1618
f 1593/2568/1618 1594/2567/1643 1579/2657/1643
f 1379/2446/1551 1685/2325/1452 1609/2324/1451
f 1609/2324/1451 1608/2443/1548 1379/2446/1551
f 1457/2411/1528 1322/2241/33 1602/2240/33
f 1602/2240/33 1601/2561/1502 1457/2411/1528
f 1589/2341/4 1681/2340/1464 1317/2254/1403
f 1589/2341/4 1317/2254/1403 1319/2247/4
f 1589/2341/4 1319/2247/4 1590/2246/4
f 1447/2270/1417 1332/2250/470 1596/2249/469
f 1596/2249/469 1595/2565/1507 1447/2270/1417
f 1684/2242/1396 1696/2658/1699 1604/2645/1694
f 1604/2645/1694 1603/2239/33 1684/2242/1396
f 1610/2323/1450 1691/2322/1449 1362/2659/1700
f 1362/2659/1700 1611/2646/1695 1610/2323/1450
f 1611/2647/1695 1362/2660/1700 1358/2440/1545
f 1358/2440/1545 1612/2439/1544 1611/2647/1695
f 1696/2658/1699 1382/2661/1701 1605/2651/1698
f 1605/2651/1698 1604/2645/1694 1696/2658/1699
f 1382/2661/1701 1378/2449/1553 1606/2448/1552
f 1606/2448/1552 1605/2651/1698 1382/2661/1701
f 1449/2244/1398 1450/2580/1652 1592/2652/1616
f 1592/2652/1616 1591/2245/1399 1449/2244/1398
f 1450/2580/1652 1446/2546/1630 1593/2568/1618
f 1593/2568/1618 1592/2652/1616 1450/2580/1652
f 1459/2251/1401 1460/2547/1631 1598/2653/1620
f 1598/2653/1620 1597/2248/1400 1459/2251/1401
f 1460/2548/1631 1456/2549/1632 1599/2564/1622
f 1599/2564/1622 1598/2654/1620 1460/2548/1631
f 1628/2662/1393 1626/2663/1392 1625/2664/1702
f 1625/2664/1702 1627/2665/1703 1628/2662/1393
f 1634/2666/1410 1632/2667/1415 1631/2668/1704
f 1631/2668/1704 1633/2669/1705 1634/2666/1410
f 1658/2670/1428 1657/2671/1427 1625/2664/1702
f 1625/2664/1702 1643/2672/1706 1658/2670/1428
f 1659/2673/1429 1658/2670/1428 1643/2672/1706
f 1643/2672/1706 1645/2674/1707 1659/2673/1429
f 1660/2675/1430 1659/2673/1429 1645/2674/1707
f 1645/2674/1707 1647/2676/1708 1660/2675/1430
f 1661/2677/1431 1660/2675/1430 1647/2676/1708
f 1647/2676/1708 1649/2678/1709 1661/2677/1431
f 1662/2679/1432 1661/2677/1431 1649/2678/1709
f 1649/2678/1709 1633/2669/1705 1662/2679/1432
f 1663/2680/1433 1662/2679/1432 1633/2669/1705
f 1633/2669/1705 1631/2668/1704 1663/2680/1433
f 1664/2681/1434 1663/2680/1433 1631/2668/1704
f 1631/2668/1704 1635/2682/1710 1664/2681/1434
f 1665/2683/1435 1664/2681/1434 1635/2682/1710
f 1635/2682/1710 1637/2684/1711 1665/2683/1435
f 1666/2685/1436 1665/2683/1435 1637/2684/1711
f 1637/2684/1711 1639/2686/1712 1666/2685/1436
f 1667/2687/1437 1666/2685/1436 1639/2686/1712
f 1639/2686/1712 1641/2688/1713 1667/2687/1437
f 1668/2689/1438 1667/2687/1437 1641/2688/1713
f 1641/2688/1713 1623/2690/1714 1668/2689/1438
f 1669/2691/1439 1668/2689/1438 1623/2690/1714
f 1623/2690/1714 1613/2692/1715 1669/2691/1439
f 1670/2693/1440 1669/2691/1439 1613/2692/1715
f 1613/2692/1715 1615/2694/1716 1670/2693/1440
f 1671/2695/1441 1670/2693/1440 1615/2694/1716
f 1615/2694/1716 1617/2696/1717 1671/2695/1441
f 1672/2697/1442 1671/2695/1441 1617/2696/1717
f 1617/2696/1717 1619/2698/1718 1672/2697/1442
f 1673/2699/1443 1672/2697/1442 1619/2698/1718
f 1619/2698/1718 1621/2700/1719 1673/2699/1443
f 1674/2701/1444 1673/2699/1443 1621/2700/1719
f 1621/2700/1719 1629/2702/1720 1674/2701/1444
f 1675/2703/1445 1674/2701/1444 1629/2702/1720
f 1629/2702/1720 1651/2704/1721 1675/2703/1445
f 1676/2705/1446 1675/2703/1445 1651/2704/1721
f 1651/2704/1721 1653/2706/1722 1676/2705/1446
f 1677/2707/1447 1676/2705/1446 1653/2706/1722
f 1653/2706/1722 1655/2708/1723 1677/2707/1447
f 1678/2709/1448 1677/2707/1447 1655/2708/1723
f 1655/2708/1723 1627/2665/1703 1678/2709/1448
f 1657/2671/1427 1678/2709/1448 1627/2665/1703
f 1627/2665/1703 1625/2664/1702 1657/2671/1427
f 1642/2710/1453 1624/2711/1456 1623/2690/1714
f 1623/2690/1714 1641/2688/1713 1642/2710/1453
f 1622/2712/1467 1630/2713/1472 1629/2702/1720
f 1629/2702/1720 1621/2700/1719 1622/2712/1467
f 1624/2711/1456 1614/2714/1524 1613/2692/1715
f 1613/2692/1715 1623/2690/1714 1624/2711/1456
f 1626/2663/1392 1644/2715/1526 1643/2672/1706
f 1643/2672/1706 1625/2664/1702 1626/2663/1392
f 1656/2716/1533 1628/2662/1393 1627/2665/1703
f 1627/2665/1703 1655/2708/1723 1656/2716/1533
f 1654/2717/1535 1656/2716/1533 1655/2708/1723
f 1655/2708/1723 1653/2706/1722 1654/2717/1535
f 1630/2713/1472 1652/2718/1547 1651/2704/1721
f 1651/2704/1721 1629/2702/1720 1630/2713/1472
f 1652/2718/1547 1654/2717/1535 1653/2706/1722
f 1653/2706/1722 1651/2704/1721 1652/2718/1547
f 1644/2715/1526 1646/2719/1572 1645/2674/1707
f 1645/2674/1707 1643/2672/1706 1644/2715/1526
f 1646/2719/1572 1648/2720/1573 1647/2676/1708
f 1647/2676/1708 1645/2674/1707 1646/2719/1572
f 1650/2721/1574 1634/2666/1410 1633/2669/1705
f 1633/2669/1705 1649/2678/1709 1650/2721/1574
f 1648/2720/1573 1650/2721/1574 1649/2678/1709
f 1649/2678/1709 1647/2676/1708 1648/2720/1573
f 1620/2722/1624 1622/2712/1467 1621/2700/1719
f 1621/2700/1719 1619/2698/1718 1620/2722/1624
f 1618/2723/1626 1620/2722/1624 1619/2698/1718
f 1619/2698/1718 1617/2696/1717 1618/2723/1626
f 1640/2724/1633 1642/2710/1453 1641/2688/1713
f 1641/2688/1713 1639/2686/1712 1640/2724/1633
f 1638/2725/1635 1640/2724/1633 1639/2686/1712
f 1639/2686/1712 1637/2684/1711 1638/2725/1635
f 1632/2667/1415 1636/2726/1649 1635/2682/1710
f 1635/2682/1710 1631/2668/1704 1632/2667/1415
f 1636/2726/1649 1638/2725/1635 1637/2684/1711
f 1637/2684/1711 1635/2682/1710 1636/2726/1649
f 1614/2714/1524 1616/2727/1651 1615/2694/1716
f 1615/2694/1716 1613/2692/1715 1614/2714/1524
f 1616/2727/1651 1618/2723/1626 1617/2696/1717
f 1617/2696/1717 1615/2694/1716 1616/2727/1651
f 1317/2254/1403 1681/2340/1464 1682/2728/1480
f 1318/2243/1397 1683/2729/1478 1684/2242/1396
f 1315/2252/1394 1679/2730/1395 1352/2731/1724
f 1352/2731/1724 1687/2253/1402 1315/2252/1394
f 1317/2254/1403 1682/2728/1480 1686/2732/1725
f 1686/2732/1725 1348/2255/1404 1317/2254/1403
f 1680/2733/1419 1316/2412/1418 1348/2255/1404
f 1348/2255/1404 1686/2732/1725 1680/2733/1419
f 1683/2729/1478 1318/2243/1397 1687/2253/1402
f 1687/2253/1402 1352/2731/1724 1683/2729/1478
f 1685/2734/1452 1335/2350/1473 1361/2362/1485
f 1361/2362/1485 1691/2735/1449 1685/2734/1452
f 1359/2343/1466 1689/2736/1481 1682/2728/1480
f 1682/2728/1480 1681/2340/1464 1359/2343/1466
f 1335/2350/1473 1685/2734/1452 1379/2737/1551
f 1379/2737/1551 1694/2351/1474 1335/2350/1473
f 1694/2351/1474 1379/2737/1551 1695/2738/1550
f 1695/2738/1550 1380/2352/1475 1694/2351/1474
f 1380/2352/1475 1695/2738/1550 1378/2739/1553
f 1378/2739/1553 1693/2353/1476 1380/2352/1475
f 1693/2740/1476 1378/2449/1553 1382/2661/1701
f 1382/2661/1701 1697/2741/1477 1693/2740/1476
f 1697/2741/1477 1382/2661/1701 1696/2658/1699
f 1696/2658/1699 1381/2742/1479 1697/2741/1477
f 1381/2742/1479 1696/2658/1699 1684/2242/1396
f 1684/2242/1396 1683/2729/1478 1381/2742/1479
f 1689/2736/1481 1359/2343/1466 1690/2438/1543
f 1690/2438/1543 1360/2743/1482 1689/2736/1481
f 1360/2743/1482 1690/2438/1543 1358/2440/1545
f 1358/2440/1545 1688/2744/1483 1360/2743/1482
f 1688/2360/1483 1358/2745/1545 1362/2746/1700
f 1362/2746/1700 1692/2361/1484 1688/2360/1483
f 1692/2361/1484 1362/2746/1700 1691/2735/1449
f 1691/2735/1449 1361/2362/1485 1692/2361/1484
