# Blender 5.1.1
# www.blender.org
mtllib teapot.mtl
o teapot
v -1.165682 1.142857 -0.000000
v -1.162418 1.142857 -0.030375
v -1.162418 1.142857 0.030375
v -1.161583 1.057881 -0.000000
v -1.159854 1.220286 -0.000000
v -1.159854 1.220286 -0.000000
v -1.158368 1.058949 -0.030375
v -1.158368 1.058949 0.030375
v -1.156624 1.219202 -0.030375
v -1.156624 1.219202 0.030375
v -1.153559 1.142857 -0.054000
v -1.153559 1.142857 0.054000
v -1.149640 1.061845 -0.054000
v -1.149640 1.061845 0.054000
v -1.149207 0.974476 -0.000000
v -1.149207 0.974476 -0.000000
v -1.147856 1.216260 -0.054000
v -1.147856 1.216260 0.054000
v -1.146135 0.976375 -0.030375
v -1.146135 0.976375 0.030375
v -1.142369 1.282286 -0.000000
v -1.140504 1.142857 -0.070875
v -1.140504 1.142857 0.070875
v -1.139244 1.280334 0.030375
v -1.139244 1.280334 -0.030375
v -1.137795 0.981528 -0.054000
v -1.137795 0.981528 0.054000
v -1.136778 1.066115 -0.070875
v -1.136778 1.066115 0.070875
v -1.134935 1.211923 -0.070875
v -1.134935 1.211923 0.070875
v -1.130763 1.275036 -0.054000
v -1.130763 1.275036 0.054000
v -1.128439 0.892785 -0.000000
v -1.128439 0.892785 -0.000000
v -1.125601 0.895324 0.030375
v -1.125601 0.895324 -0.030375
v -1.125506 0.989123 -0.070875
v -1.125506 0.989123 0.070875
v -1.124650 1.142857 -0.081000
v -1.124650 1.142857 0.081000
v -1.121159 1.071299 -0.081000
v -1.121159 1.071299 0.081000
v -1.119246 1.206658 -0.081000
v -1.119246 1.206658 0.081000
v -1.118264 1.267227 -0.070875
v -1.118264 1.267227 0.070875
v -1.117898 0.902213 -0.054000
v -1.117898 0.902213 0.054000
v -1.113227 1.330571 -0.000000
v -1.110582 0.998345 0.081000
v -1.110582 0.998345 -0.081000
v -1.110286 1.327943 -0.030375
v -1.110286 1.327943 0.030375
v -1.107398 1.142857 -0.084375
v -1.107398 1.142857 0.084375
v -1.106546 0.912364 0.070875
v -1.106546 0.912364 -0.070875
v -1.104163 1.076940 0.084375
v -1.104163 1.076940 -0.084375
v -1.103088 1.257746 -0.081000
v -1.103088 1.257746 0.081000
v -1.102304 1.320810 -0.054000
v -1.102304 1.320810 0.054000
v -1.102172 1.200929 -0.084375
v -1.102172 1.200929 0.084375
v -1.099161 0.812952 -0.000000
v -1.096645 0.815982 -0.030375
v -1.096645 0.815982 0.030375
v -1.094343 1.008381 -0.084375
v -1.094343 1.008381 0.084375
v -1.092762 0.924692 0.081000
v -1.092762 0.924692 -0.081000
v -1.090541 1.310298 -0.070875
v -1.090541 1.310298 0.070875
v -1.090146 1.142857 -0.081000
v -1.090146 1.142857 0.081000
v -1.089818 0.824204 -0.054000
v -1.089818 0.824204 0.054000
v -1.087167 1.082582 -0.081000
v -1.087167 1.082582 0.081000
v -1.086571 1.247429 0.084375
v -1.086571 1.247429 -0.084375
v -1.085098 1.195199 -0.081000
v -1.085098 1.195199 0.081000
v -1.079756 0.836321 -0.070875
v -1.079756 0.836321 0.070875
v -1.078103 1.018417 0.081000
v -1.078103 1.018417 -0.081000
v -1.077761 0.938107 0.084375
v -1.077761 0.938107 -0.084375
v -1.076257 1.297534 -0.081000
v -1.076257 1.297534 0.081000
v -1.074293 1.142857 -0.070875
v -1.074293 1.142857 0.070875
v -1.072428 1.366857 -0.000000
v -1.072428 1.366857 -0.000000
v -1.071549 1.087766 -0.070875
v -1.071549 1.087766 0.070875
v -1.070055 1.237111 -0.081000
v -1.070055 1.237111 0.081000
v -1.069756 1.363721 -0.030375
v -1.069756 1.363721 0.030375
v -1.069409 1.189934 -0.070875
v -1.069409 1.189934 0.070875
v -1.067539 0.851036 -0.081000
v -1.067539 0.851036 0.081000
v -1.063179 1.027639 -0.070875
v -1.063179 1.027639 0.070875
v -1.062760 0.951523 0.081000
v -1.062760 0.951523 -0.081000
v -1.062503 1.355209 -0.054000
v -1.062503 1.355209 0.054000
v -1.061257 0.735119 -0.000000
v -1.061257 0.735119 -0.000000
v -1.061237 1.142857 -0.054000
v -1.061237 1.142857 0.054000
v -1.060713 1.283643 -0.084375
v -1.060713 1.283643 0.084375
v -1.059149 0.738536 0.030375
v -1.059149 0.738536 -0.030375
v -1.058687 1.092036 -0.054000
v -1.058687 1.092036 0.054000
v -1.056488 1.185597 -0.054000
v -1.056488 1.185597 0.054000
v -1.054878 1.227630 -0.070875
v -1.054878 1.227630 0.070875
v -1.054243 0.867048 -0.084375
v -1.054243 0.867048 0.084375
v -1.053427 0.747810 -0.054000
v -1.053427 0.747810 0.054000
v -1.052378 1.142857 -0.030375
v -1.052378 1.142857 0.030375
v -1.051815 1.342665 -0.070875
v -1.051815 1.342665 0.070875
v -1.050890 1.035234 -0.054000
v -1.050890 1.035234 0.054000
v -1.049959 1.094933 -0.030375
v -1.049959 1.094933 0.030375
v -1.049114 1.142857 -0.000000
v -1.048976 0.963849 0.070875
v -1.048976 0.963849 -0.070875
v -1.047720 1.182655 -0.030375
v -1.047720 1.182655 0.030375
v -1.046744 1.096000 -0.000000
v -1.045169 1.269752 -0.081000
v -1.045169 1.269752 0.081000
v -1.044995 0.761476 -0.070875
v -1.044995 0.761476 0.070875
v -1.044490 1.181571 -0.000000
v -1.044490 1.181571 -0.000000
v -1.042550 1.040387 -0.030375
v -1.042550 1.040387 0.030375
v -1.042380 1.219821 -0.054000
v -1.042380 1.219821 0.054000
v -1.040947 0.883060 -0.081000
v -1.040947 0.883060 0.081000
v -1.039478 1.042286 -0.000000
v -1.039478 1.042286 -0.000000
v -1.038836 1.327433 -0.081000
v -1.038836 1.327433 0.081000
v -1.037624 0.974002 -0.054000
v -1.037624 0.974002 0.054000
v -1.034757 0.778072 -0.081000
v -1.034757 0.778072 0.081000
v -1.033899 1.214523 0.030375
v -1.033899 1.214523 -0.030375
v -1.030885 1.256987 -0.070875
v -1.030885 1.256987 0.070875
v -1.030774 1.212571 -0.000000
v -1.030774 1.212571 -0.000000
v -1.029921 0.980891 0.030375
v -1.029921 0.980891 -0.030375
v -1.028730 0.897774 -0.070875
v -1.028730 0.897774 0.070875
v -1.027083 0.983429 -0.000000
v -1.024713 1.310857 -0.084375
v -1.024713 1.310857 0.084375
v -1.023615 0.796131 0.084375
v -1.023615 0.796131 -0.084375
v -1.019972 1.392857 -0.000000
v -1.019122 1.246475 -0.054000
v -1.019122 1.246475 0.054000
v -1.018668 0.909891 -0.054000
v -1.018668 0.909891 0.054000
v -1.017660 1.389357 -0.030375
v -1.017660 1.389357 0.030375
v -1.014610 0.659429 -0.000000
v -1.014610 0.659429 -0.000000
v -1.012991 0.663173 0.030375
v -1.012991 0.663173 -0.030375
v -1.012473 0.814190 -0.081000
v -1.012473 0.814190 0.081000
v -1.011841 0.918114 -0.030375
v -1.011841 0.918114 0.030375
v -1.011385 1.379857 -0.054000
v -1.011385 1.379857 0.054000
v -1.011139 1.239342 -0.030375
v -1.011139 1.239342 0.030375
v -1.010589 1.294281 -0.081000
v -1.010589 1.294281 0.081000
v -1.009326 0.921143 -0.000000
v -1.008597 0.673335 -0.054000
v -1.008597 0.673335 0.054000
v -1.008199 1.236714 -0.000000
v -1.002234 0.830786 -0.070875
v -1.002234 0.830786 0.070875
v -1.002137 1.365857 -0.070875
v -1.002137 1.365857 0.070875
v -1.002121 0.688311 -0.070875
v -1.002121 0.688311 0.070875
v -0.997610 1.279049 -0.070875
v -0.997610 1.279049 0.070875
v -0.994258 0.706496 0.081000
v -0.994258 0.706496 -0.081000
v -0.993802 0.844453 -0.054000
v -0.993802 0.844453 0.054000
v -0.990908 1.348857 -0.081000
v -0.990908 1.348857 0.081000
v -0.988081 0.853726 0.030375
v -0.988081 0.853726 -0.030375
v -0.986922 1.266505 -0.054000
v -0.986922 1.266505 0.054000
v -0.985973 0.857143 -0.000000
v -0.985973 0.857143 -0.000000
v -0.985701 0.726286 0.084375
v -0.985701 0.726286 -0.084375
v -0.979669 1.257993 -0.030375
v -0.979669 1.257993 0.030375
v -0.978687 1.330357 -0.084375
v -0.978687 1.330357 0.084375
v -0.977144 0.746076 0.081000
v -0.977144 0.746076 -0.081000
v -0.976997 1.254857 -0.000000
v -0.976997 1.254857 -0.000000
v -0.969281 0.764260 -0.070875
v -0.969281 0.764260 0.070875
v -0.966467 1.311857 -0.081000
v -0.966467 1.311857 0.081000
v -0.962805 0.779237 -0.054000
v -0.962805 0.779237 0.054000
v -0.959104 0.586023 -0.000000
v -0.958411 0.789399 0.030375
v -0.958411 0.789399 -0.030375
v -0.958053 0.590079 -0.030375
v -0.958053 0.590079 0.030375
v -0.956792 0.793143 -0.000000
v -0.956792 0.793143 -0.000000
v -0.955860 1.410286 -0.000000
v -0.955860 1.410286 -0.000000
v -0.955238 1.294857 -0.070875
v -0.955238 1.294857 0.070875
v -0.955198 0.601086 -0.054000
v -0.955198 0.601086 0.054000
v -0.954006 1.406541 -0.030375
v -0.954006 1.406541 0.030375
v -0.950992 0.617308 0.070875
v -0.950992 0.617308 -0.070875
v -0.948973 1.396380 -0.054000
v -0.948973 1.396380 0.054000
v -0.945990 1.280857 -0.054000
v -0.945990 1.280857 0.054000
v -0.945885 0.637005 -0.081000
v -0.945885 0.637005 0.081000
v -0.941558 1.381403 -0.070875
v -0.941558 1.381403 0.070875
v -0.940327 0.658441 -0.084375
v -0.940327 0.658441 0.084375
v -0.939715 1.271357 -0.030375
v -0.939715 1.271357 0.030375
v -0.937403 1.267857 -0.000000
v -0.937403 1.267857 -0.000000
v -0.934769 0.679875 -0.081000
v -0.934769 0.679875 0.081000
v -0.932553 1.363218 -0.081000
v -0.932553 1.363218 0.081000
v -0.929661 0.699573 -0.070875
v -0.929661 0.699573 0.070875
v -0.925455 0.715794 -0.054000
v -0.925455 0.715794 0.054000
v -0.922754 1.343428 -0.084375
v -0.922754 1.343428 0.084375
v -0.922601 0.726802 0.030375
v -0.922601 0.726802 -0.030375
v -0.921550 0.730857 -0.000000
v -0.912955 1.323639 -0.081000
v -0.912955 1.323639 0.081000
v -0.903950 1.305454 -0.070875
v -0.903950 1.305454 0.070875
v -0.896535 1.290477 -0.054000
v -0.896535 1.290477 0.054000
v -0.894622 0.515048 -0.000000
v -0.894622 0.515048 -0.000000
v -0.894213 0.519442 0.030375
v -0.894213 0.519442 -0.030375
v -0.893103 0.531371 0.054000
v -0.893103 0.531371 -0.054000
v -0.891502 1.280315 -0.030375
v -0.891502 1.280315 0.030375
v -0.891466 0.548949 0.070875
v -0.891466 0.548949 -0.070875
v -0.889649 1.276571 -0.000000
v -0.889649 1.276571 -0.000000
v -0.889480 0.570295 0.081000
v -0.889480 0.570295 -0.081000
v -0.887317 0.593524 0.084375
v -0.887317 0.593524 -0.084375
v -0.885155 0.616753 0.081000
v -0.885155 0.616753 -0.081000
v -0.883168 0.638098 0.070875
v -0.883168 0.638098 -0.070875
v -0.881532 0.655677 -0.054000
v -0.881532 0.655677 0.054000
v -0.880422 0.667605 0.030375
v -0.880422 0.667605 -0.030375
v -0.880090 1.420857 -0.000000
v -0.880012 0.672000 -0.000000
v -0.880012 0.672000 -0.000000
v -0.878799 1.416965 -0.030375
v -0.878799 1.416965 0.030375
v -0.875293 1.406401 -0.054000
v -0.875293 1.406401 0.054000
v -0.870128 1.390833 -0.070875
v -0.870128 1.390833 0.070875
v -0.863855 1.371929 -0.081000
v -0.863855 1.371929 0.081000
v -0.857029 1.351357 0.084375
v -0.857029 1.351357 -0.084375
v -0.850203 1.330785 -0.081000
v -0.850203 1.330785 0.081000
v -0.843930 1.311881 -0.070875
v -0.843930 1.311881 0.070875
v -0.838765 1.296313 -0.054000
v -0.838765 1.296313 0.054000
v -0.835260 1.285749 -0.030375
v -0.835260 1.285749 0.030375
v -0.833968 1.281857 -0.000000
v -0.831947 0.618286 -0.000000
v -0.831947 0.618286 -0.000000
v -0.831642 0.613480 0.030375
v -0.831642 0.613480 -0.030375
v -0.830814 0.600435 0.054000
v -0.830814 0.600435 -0.054000
v -0.829593 0.581211 0.070875
v -0.829593 0.581211 -0.070875
v -0.828111 0.557867 0.081000
v -0.828111 0.557867 -0.081000
v -0.826498 0.532464 0.084375
v -0.826498 0.532464 -0.084375
v -0.824885 0.507061 0.081000
v -0.824885 0.507061 -0.081000
v -0.823403 0.483717 0.070875
v -0.823403 0.483717 -0.070875
v -0.822182 0.464494 0.054000
v -0.822182 0.464494 -0.054000
v -0.821353 0.451449 0.030375
v -0.821353 0.451449 -0.030375
v -0.821048 0.446643 -0.000000
v -0.821048 0.446643 -0.000000
v -0.792664 1.426286 -0.000000
v -0.792664 1.426286 -0.000000
v -0.792046 1.422317 -0.030375
v -0.792046 1.422317 0.030375
v -0.790369 1.411547 -0.054000
v -0.790369 1.411547 0.054000
v -0.787897 1.395676 -0.070875
v -0.787897 1.395676 0.070875
v -0.784895 1.376402 0.081000
v -0.784895 1.376402 -0.081000
v -0.781629 1.355428 0.084375
v -0.781629 1.355428 -0.084375
v -0.778363 1.334455 0.081000
v -0.778363 1.334455 -0.081000
v -0.777122 0.571429 -0.000000
v -0.777122 0.571429 -0.000000
v -0.777122 0.571429 -0.000000
v -0.776034 0.566095 0.030375
v -0.776034 0.566095 -0.030375
v -0.775361 1.315181 -0.070875
v -0.775361 1.315181 0.070875
v -0.774305 0.658524 -0.000000
v -0.774305 0.658524 -0.000000
v -0.773080 0.551619 0.054000
v -0.773080 0.551619 -0.054000
v -0.772889 1.299310 0.054000
v -0.772889 1.299310 -0.054000
v -0.771682 0.489952 -0.000000
v -0.771682 0.489952 -0.000000
v -0.771212 1.288540 -0.030375
v -0.771212 1.288540 0.030375
v -0.770594 1.284571 -0.000000
v -0.770594 1.284571 -0.000000
v -0.768729 0.530286 0.070875
v -0.768729 0.530286 -0.070875
v -0.767112 0.571429 -0.123060
v -0.767112 0.571429 -0.123060
v -0.767112 0.571429 0.123060
v -0.766242 0.748190 -0.000000
v -0.766242 0.748190 -0.000000
v -0.764331 0.658524 -0.122614
v -0.764331 0.658524 0.122614
v -0.763444 0.504381 0.081000
v -0.763444 0.504381 -0.081000
v -0.761742 0.489952 -0.122199
v -0.761742 0.489952 0.122199
v -0.757694 0.476190 -0.084375
v -0.757694 0.476190 0.084375
v -0.756916 0.416762 -0.000000
v -0.756916 0.416762 -0.000000
v -0.756373 0.748190 -0.121337
v -0.756373 0.748190 0.121337
v -0.753516 0.840143 -0.000000
v -0.753516 0.840143 -0.000000
v -0.751943 0.448000 0.081000
v -0.751943 0.448000 -0.081000
v -0.747167 0.416762 -0.119861
v -0.747167 0.416762 0.119860
v -0.746658 0.422095 0.070875
v -0.746658 0.422095 -0.070875
v -0.743811 0.840143 -0.119322
v -0.743811 0.840143 0.119322
v -0.742307 0.400762 0.054000
v -0.742307 0.400762 -0.054000
v -0.739353 0.386286 0.030375
v -0.739353 0.386286 -0.030375
v -0.738265 0.380952 -0.000000
v -0.738265 0.380952 -0.000000
v -0.738079 0.571429 -0.239280
v -0.738079 0.571429 -0.239280
v -0.738079 0.571429 0.239280
v -0.738079 0.571429 0.239280
v -0.736711 0.934095 -0.000000
v -0.736711 0.934095 -0.000000
v -0.735403 0.658524 -0.238413
v -0.735403 0.658524 0.238413
v -0.735157 0.351571 -0.000000
v -0.735157 0.351571 -0.000000
v -0.732912 0.489952 -0.237605
v -0.732912 0.489952 0.237605
v -0.727746 0.748190 -0.235930
v -0.727746 0.748190 0.235930
v -0.727223 0.934095 -0.116661
v -0.727223 0.934095 0.116661
v -0.725688 0.351571 -0.116415
v -0.725688 0.351571 0.116415
v -0.718889 0.416762 -0.233059
v -0.718889 0.416762 0.233059
v -0.716409 1.029762 -0.000000
v -0.716409 1.029762 -0.000000
v -0.715660 0.840143 -0.232012
v -0.715660 0.840143 0.232012
v -0.708735 0.294095 -0.000000
v -0.708735 0.294095 -0.000000
v -0.707182 1.029762 -0.113446
v -0.707182 1.029762 0.113446
v -0.699759 1.285571 -0.000000
v -0.699699 0.934095 -0.226838
v -0.699699 0.934095 0.226837
v -0.699606 0.294095 -0.112231
v -0.699606 0.294095 0.112231
v -0.699586 1.289568 -0.030375
v -0.699586 1.289568 0.030375
v -0.699116 1.300414 -0.054000
v -0.699116 1.300414 0.054000
v -0.698425 1.316397 -0.070875
v -0.698425 1.316397 0.070875
v -0.698223 0.351571 -0.226359
v -0.698223 0.351571 0.226359
v -0.697584 1.335807 -0.081000
v -0.697584 1.335807 0.081000
v -0.696670 1.356929 -0.084375
v -0.696670 1.356929 0.084375
v -0.695756 1.378050 -0.081000
v -0.695756 1.378050 0.081000
v -0.694915 1.397460 -0.070875
v -0.694915 1.397460 0.070875
v -0.694224 1.413443 -0.054000
v -0.694224 1.413443 0.054000
v -0.693754 1.424289 -0.030375
v -0.693754 1.424289 0.030375
v -0.693581 1.428286 -0.000000
v -0.693192 1.126857 -0.000000
v -0.693192 1.126857 -0.000000
v -0.691514 0.571429 -0.347220
v -0.691514 0.571429 -0.347220
v -0.691514 0.571429 0.347220
v -0.691514 0.571429 0.347220
v -0.689007 0.658524 -0.345962
v -0.689007 0.658524 0.345961
v -0.686673 0.489952 -0.344790
v -0.686673 0.489952 0.344790
v -0.684264 1.126857 -0.109770
v -0.684264 1.126857 0.109770
v -0.681832 0.748190 -0.342359
v -0.681832 0.748190 0.342359
v -0.680417 1.029762 -0.220586
v -0.680417 1.029762 0.220586
v -0.679981 0.244048 -0.000000
v -0.679981 0.244048 -0.000000
v -0.673534 0.416762 -0.338192
v -0.673534 0.416762 0.338192
v -0.673128 0.294095 -0.218223
v -0.673128 0.294095 0.218223
v -0.671223 0.244048 -0.107678
v -0.671223 0.244048 0.107677
v -0.670509 0.840143 -0.336673
v -0.670509 0.840143 0.336673
v -0.667645 1.225095 -0.000000
v -0.667645 1.225095 -0.000000
v -0.659045 1.225095 -0.105724
v -0.659045 1.225095 0.105724
v -0.658367 1.126857 -0.213438
v -0.658367 1.126857 0.213438
v -0.655555 0.934095 -0.329165
v -0.655555 0.934095 0.329164
v -0.654172 0.351571 -0.328470
v -0.654172 0.351571 0.328470
v -0.651228 0.201143 -0.000000
v -0.651228 0.201143 -0.000000
v -0.645819 0.244048 -0.209370
v -0.645819 0.244048 0.209370
v -0.642840 0.201143 -0.103124
v -0.642840 0.201143 0.103124
v -0.640348 1.324190 -0.000000
v -0.640348 1.324190 -0.000000
v -0.637489 1.029762 -0.320094
v -0.637489 1.029762 0.320094
v -0.634102 1.225095 -0.205571
v -0.634102 1.225095 0.205571
v -0.632101 1.324190 -0.101402
v -0.632101 1.324190 0.101401
v -0.630661 0.294095 -0.316665
v -0.630661 0.294095 0.316665
v -0.628909 0.571428 -0.445440
v -0.628909 0.571428 -0.445440
v -0.628909 0.571429 0.445440
v -0.628909 0.571429 0.445440
v -0.626629 0.658524 -0.443825
v -0.626629 0.658524 0.443825
v -0.624806 0.165095 -0.000000
v -0.624806 0.165095 -0.000000
v -0.624507 0.489952 -0.442322
v -0.624507 0.489952 0.442322
v -0.621697 1.285714 -0.000000
v -0.620609 1.289714 -0.030375
v -0.620609 1.289714 0.030375
v -0.620104 0.748190 -0.439204
v -0.620104 0.748191 0.439204
v -0.618510 0.201143 -0.200517
v -0.618510 0.201143 0.200517
v -0.617656 1.300571 -0.054000
v -0.617656 1.300571 0.054000
v -0.616830 1.126857 -0.309720
v -0.616830 1.126857 0.309720
v -0.616758 0.165095 0.098940
v -0.616758 0.165095 -0.098940
v -0.613304 1.316571 -0.070875
v -0.613304 1.316571 0.070875
v -0.612557 0.416762 -0.433859
v -0.612557 0.416762 0.433858
v -0.611886 1.423857 -0.000000
v -0.611886 1.423857 -0.000000
v -0.609806 0.840143 -0.431910
v -0.609806 0.840143 0.431910
v -0.608177 1.324190 -0.197167
v -0.608177 1.324190 0.197167
v -0.608020 1.336000 -0.081000
v -0.608020 1.336000 0.081000
v -0.605075 0.244048 -0.303818
v -0.605075 0.244048 0.303817
v -0.604005 1.423857 -0.096894
v -0.604005 1.423857 0.096894
v -0.603046 0.135619 -0.000000
v -0.603046 0.135619 -0.000000
v -0.602269 1.357143 -0.084375
v -0.602269 1.357143 0.084375
v -0.596519 1.378286 -0.081000
v -0.596519 1.378286 0.081000
v -0.596206 0.934095 -0.422277
v -0.596206 0.934095 0.422277
v -0.595279 0.135619 0.095494
v -0.595279 0.135619 -0.095495
v -0.594948 0.351571 -0.421386
v -0.594948 0.351571 0.421386
v -0.594097 1.225095 -0.298305
v -0.594097 1.225095 0.298305
v -0.593415 0.165095 -0.192381
v -0.593415 0.165095 0.192381
v -0.591234 1.397714 -0.070875
v -0.591234 1.397714 0.070875
v -0.588281 0.112429 -0.000000
v -0.588281 0.112429 -0.000000
v -0.586882 1.413714 -0.054000
v -0.586882 1.413714 0.054000
v -0.583929 1.424571 -0.030375
v -0.583929 1.424571 0.030375
v -0.582841 1.523810 -0.000000
v -0.582841 0.095238 -0.000000
v -0.582841 1.428571 -0.000000
v -0.582841 1.523810 -0.000000
v -0.582841 0.095238 -0.000000
v -0.581472 0.081000 -0.000000
v -0.581472 0.081000 -0.000000
v -0.581145 1.423857 -0.188403
v -0.581145 1.423857 0.188403
v -0.580704 0.112429 0.093156
v -0.580704 0.112429 -0.093156
v -0.579775 1.029762 -0.410640
v -0.579775 1.029762 0.410640
v -0.579489 0.201143 -0.290970
v -0.579489 0.201143 0.290970
v -0.575381 0.067048 -0.000000
v -0.575381 0.067048 -0.000000
v -0.575334 1.523810 -0.092295
v -0.575334 0.095238 0.092295
v -0.575334 1.523810 0.092295
v -0.575334 0.095238 -0.092295
v -0.575334 0.095238 -0.092295
v -0.575334 0.095238 0.092295
v -0.575196 1.546309 -0.000000
v -0.575196 1.546309 -0.000000
v -0.573982 0.081000 0.092078
v -0.573982 0.081000 -0.092078
v -0.573565 0.294095 -0.406241
v -0.573565 0.294095 0.406241
v -0.572749 0.135619 0.185681
v -0.572749 0.135619 -0.185681
v -0.569807 1.324190 -0.286109
v -0.569807 1.324190 0.286109
v -0.567970 0.067048 -0.091114
v -0.567970 0.067048 0.091114
v -0.567788 1.546309 -0.091085
v -0.567788 1.546309 0.091084
v -0.567143 1.563810 -0.000000
v -0.567143 1.563810 -0.000000
v -0.561597 0.053667 -0.000000
v -0.561597 0.053667 -0.000000
v -0.560987 1.126857 -0.397332
v -0.560987 1.126857 0.397332
v -0.559838 1.563810 -0.089809
v -0.559838 1.563810 0.089809
v -0.559149 1.576309 -0.000000
v -0.558726 0.112429 0.181135
v -0.558726 0.112429 -0.181135
v -0.555977 0.165095 0.279165
v -0.555977 0.165095 -0.279165
v -0.554363 0.053667 -0.088931
v -0.554363 0.053667 0.088931
v -0.553559 1.523810 -0.179460
v -0.553559 0.095238 -0.179460
v -0.553559 0.095238 -0.179460
v -0.553559 0.095238 0.179460
v -0.553559 0.095238 0.179460
v -0.553559 1.523810 0.179460
v -0.552258 0.081000 0.179038
v -0.552258 0.081000 -0.179038
v -0.551947 1.576309 -0.088543
v -0.551947 1.576309 0.088543
v -0.551756 0.571428 -0.532500
v -0.551756 0.571428 -0.532500
v -0.551756 0.571429 0.532500
v -0.551756 0.571429 0.532500
v -0.551679 1.583809 -0.000000
v -0.551679 1.583809 -0.000000
v -0.550295 0.244048 -0.389760
v -0.550295 0.244048 0.389760
v -0.549756 0.658524 -0.530570
v -0.549756 0.658524 0.530570
v -0.547894 0.489952 -0.528773
v -0.547894 0.489952 0.528772
v -0.546474 0.067048 -0.177163
v -0.546474 0.067048 0.177163
v -0.546298 1.546309 -0.177106
v -0.546298 1.546309 0.177106
v -0.545199 1.586310 -0.000000
v -0.545199 1.586310 -0.000000
v -0.544573 1.583809 -0.087360
v -0.544573 1.583809 0.087360
v -0.544481 1.423857 -0.273392
v -0.544481 1.423857 0.273392
v -0.544032 0.748190 -0.525045
v -0.544032 0.748191 0.525045
v -0.543985 1.523810 -0.000000
v -0.543985 1.523810 -0.000000
v -0.540311 1.225095 -0.382689
v -0.540311 1.225095 0.382689
v -0.540177 1.583809 -0.000000
v -0.540177 1.583809 -0.000000
v -0.538650 1.563810 -0.174627
v -0.538650 1.563810 0.174626
v -0.538516 1.546309 -0.000000
v -0.538516 1.546309 -0.000000
v -0.538177 1.586310 -0.086334
v -0.538177 1.586310 0.086334
v -0.537411 0.416762 -0.518655
v -0.537411 0.416762 0.518655
v -0.537146 0.041143 -0.000000
v -0.537146 0.041143 -0.000000
v -0.537078 1.576309 -0.000000
v -0.537078 1.576309 -0.000000
v -0.536979 1.523810 -0.086142
v -0.536979 1.523810 0.086142
v -0.536615 0.135619 0.269443
v -0.536615 0.135619 -0.269443
v -0.536369 1.563810 -0.000000
v -0.536369 1.563810 -0.000000
v -0.534997 0.840143 -0.516325
v -0.534997 0.840143 0.516325
v -0.533382 0.053667 -0.172918
v -0.533382 0.053667 0.172918
v -0.533220 1.583809 -0.085539
v -0.533220 1.583809 0.085539
v -0.531580 1.546309 -0.085276
v -0.531580 1.546309 0.085276
v -0.531057 1.576309 -0.172165
v -0.531057 1.576309 0.172165
v -0.530228 0.041143 -0.085059
v -0.530228 0.041143 0.085059
v -0.530161 1.576309 -0.085048
v -0.530161 1.576309 0.085048
v -0.529461 1.563810 -0.084936
v -0.529461 1.563810 0.084936
v -0.527026 0.201143 -0.373279
v -0.527026 0.201143 0.373279
v -0.523962 1.583809 -0.169865
v -0.523962 1.583809 0.169865
v -0.523476 0.112429 0.262845
v -0.523476 0.112429 -0.262845
v -0.523065 0.934095 -0.504810
v -0.523065 0.934095 0.504810
v -0.521961 0.351571 -0.503745
v -0.521961 0.351571 0.503745
v -0.518635 1.523810 -0.260415
v -0.518635 0.095238 -0.260415
v -0.518635 0.095238 0.260415
v -0.518635 0.095238 0.260415
v -0.518635 1.523810 0.260415
v -0.518635 0.095238 -0.260415
v -0.518221 1.324190 -0.367043
v -0.518221 1.324190 0.367042
v -0.517808 1.586310 -0.167870
v -0.517808 1.586310 0.167870
v -0.517416 0.081000 0.259803
v -0.517416 0.081000 -0.259803
v -0.516655 1.523810 -0.167496
v -0.516655 1.523810 0.167496
v -0.513039 1.583809 -0.166323
v -0.513039 1.583809 0.166323
v -0.511997 0.067048 -0.257082
v -0.511997 0.067048 0.257082
v -0.511832 1.546309 -0.256999
v -0.511832 1.546309 0.256999
v -0.511461 1.546309 -0.165812
v -0.511461 1.546309 0.165812
v -0.510160 0.041143 0.165390
v -0.510160 0.041143 -0.165390
v -0.510096 1.576309 -0.165369
v -0.510096 1.576309 0.165369
v -0.509422 1.563810 -0.165151
v -0.509422 1.563810 0.165151
v -0.508651 1.029762 -0.490899
v -0.508651 1.029762 0.490899
v -0.505643 0.165095 0.358134
v -0.505643 0.165095 -0.358134
v -0.505129 1.523810 -0.000000
v -0.505129 1.523810 -0.000000
v -0.504667 1.563810 -0.253401
v -0.504667 1.563810 0.253401
v -0.503202 0.294095 -0.485640
v -0.503202 0.294095 0.485640
v -0.499731 0.053667 -0.250923
v -0.499731 0.053667 0.250923
v -0.499058 0.029762 -0.000000
v -0.499058 0.029762 -0.000000
v -0.498623 1.523810 -0.079989
v -0.498623 1.523810 0.079989
v -0.497553 1.576309 -0.249829
v -0.497553 1.576309 0.249829
v -0.495260 1.549714 -0.000000
v -0.495260 1.549714 -0.000000
v -0.495187 1.423857 -0.350729
v -0.495187 1.423857 0.350728
v -0.492630 0.029762 -0.079028
v -0.492630 0.029762 0.079028
v -0.492167 1.126857 -0.474990
v -0.492167 1.126857 0.474990
v -0.490906 1.583809 -0.246492
v -0.490906 1.583809 0.246492
v -0.488881 1.549714 0.078426
v -0.488881 1.549714 -0.078426
v -0.488034 0.135619 0.345662
v -0.488034 0.135619 -0.345662
v -0.485140 1.586310 -0.243597
v -0.485140 1.586310 0.243597
v -0.484060 1.523810 -0.243054
v -0.484060 1.523810 0.243054
v -0.482787 0.244048 -0.465938
v -0.482787 0.244048 0.465937
v -0.480671 1.583809 -0.241353
v -0.480671 1.583809 0.241353
v -0.479751 1.523810 -0.155532
v -0.479751 1.523810 0.155532
v -0.479193 1.546309 -0.240611
v -0.479193 1.546309 0.240610
v -0.477974 0.041143 -0.239998
v -0.477974 0.041143 0.239998
v -0.477914 1.576309 -0.239968
v -0.477914 1.576309 0.239968
v -0.477283 1.563810 -0.239651
v -0.477283 1.563810 0.239651
v -0.476084 0.112429 0.337198
v -0.476084 0.112429 -0.337198
v -0.474028 1.225095 0.457484
v -0.474028 1.225095 -0.457484
v -0.473985 0.029762 -0.153663
v -0.473985 0.029762 0.153663
v -0.471682 1.523810 -0.334080
v -0.471682 0.095238 -0.334080
v -0.471682 0.095238 -0.334080
v -0.471682 0.095238 0.334080
v -0.471682 0.095238 0.334080
v -0.471682 1.523810 0.334080
v -0.470573 0.081000 0.333295
v -0.470573 0.081000 -0.333295
v -0.470378 1.549714 0.152493
v -0.470378 1.549714 -0.152493
v -0.468138 1.571048 -0.000000
v -0.468138 1.571048 -0.000000
v -0.465644 0.067048 -0.329804
v -0.465644 0.067048 0.329804
v -0.465495 1.546309 -0.329698
v -0.465495 1.546309 0.329698
v -0.462372 0.201143 -0.446235
v -0.462372 0.201143 0.446235
v -0.462108 1.571048 -0.074132
v -0.462108 1.571048 0.074131
v -0.461548 0.571428 -0.606960
v -0.461548 0.571428 -0.606960
v -0.461548 0.571429 0.606960
v -0.461548 0.571429 0.606960
v -0.459875 0.658524 -0.604760
v -0.459875 0.658524 0.604760
v -0.458978 1.563810 -0.325082
v -0.458978 1.563810 0.325082
v -0.458317 0.489952 -0.602711
v -0.458317 0.489952 0.602711
v -0.455086 0.748190 -0.598463
v -0.455086 0.748191 0.598462
v -0.454647 1.324190 -0.438780
v -0.454647 1.324190 0.438780
v -0.454489 0.053667 -0.321903
v -0.454489 0.053667 0.321903
v -0.452508 1.576309 -0.320500
v -0.452508 1.576309 0.320500
v -0.449548 0.416762 -0.591179
v -0.449548 0.416762 0.591179
v -0.449484 1.523810 -0.225693
v -0.449484 1.523810 0.225693
v -0.447528 0.840143 -0.588524
v -0.447528 0.840143 0.588523
v -0.446463 1.583809 -0.316218
v -0.446463 1.583809 0.316218
v -0.444619 1.571048 -0.144142
v -0.444619 1.571048 0.144142
v -0.444358 0.019810 -0.000000
v -0.444358 0.019810 -0.000000
v -0.444081 0.029762 -0.222980
v -0.444081 0.029762 0.222980
v -0.443612 0.165095 0.428130
v -0.443612 0.165095 -0.428130
v -0.441219 1.586310 -0.312504
v -0.441219 1.586310 0.312504
v -0.440702 1.549714 0.221283
v -0.440702 1.549714 -0.221283
v -0.440236 1.523810 -0.311808
v -0.440236 1.523810 0.311808
v -0.438635 0.019810 -0.070366
v -0.438635 0.019810 0.070366
v -0.437547 0.934095 -0.575398
v -0.437547 0.934095 0.575398
v -0.437155 1.583809 -0.309626
v -0.437155 1.583809 0.309625
v -0.436625 0.351571 -0.574184
v -0.436625 0.351571 0.574184
v -0.435810 1.546309 -0.308674
v -0.435810 1.546309 0.308673
v -0.434702 0.041143 -0.307888
v -0.434702 0.041143 0.307888
v -0.434647 1.576309 -0.307849
v -0.434647 1.576309 0.307849
v -0.434439 1.423857 -0.419277
v -0.434439 1.423857 0.419277
v -0.434073 1.563810 -0.307443
v -0.434073 1.563810 0.307442
v -0.428163 0.135619 0.413220
v -0.428163 0.135619 -0.413220
v -0.427495 1.588952 -0.000000
v -0.427495 1.588952 -0.000000
v -0.425490 1.029762 -0.559541
v -0.425490 1.029762 0.559541
v -0.422034 0.019810 0.136820
v -0.422034 0.019810 -0.136820
v -0.421988 1.588952 0.067695
v -0.421988 1.588952 -0.067695
v -0.420932 0.294095 -0.553548
v -0.420932 0.294095 0.553548
v -0.417679 0.112429 -0.403102
v -0.417679 0.112429 0.403102
v -0.416568 1.571048 -0.209165
v -0.416568 1.571048 0.209165
v -0.413817 1.523810 -0.399375
v -0.413817 0.095238 -0.399375
v -0.413817 0.095238 0.399375
v -0.413817 1.523810 0.399375
v -0.412845 0.081000 0.398436
v -0.412845 0.081000 -0.398436
v -0.411701 1.126857 -0.541409
v -0.411701 1.126857 0.541408
v -0.408791 1.523810 -0.289536
v -0.408791 1.523810 0.289536
v -0.408520 0.067048 -0.394263
v -0.408520 0.067048 0.394263
v -0.408389 1.546309 -0.394137
v -0.408389 1.546309 0.394136
v -0.406017 1.588952 -0.131628
v -0.406017 1.588952 0.131628
v -0.403877 0.029762 -0.286056
v -0.403877 0.029762 0.286056
v -0.403855 0.244048 -0.531090
v -0.403855 0.244048 0.531090
v -0.402672 1.563810 -0.388619
v -0.402672 1.563810 0.388618
v -0.400804 1.549714 0.283879
v -0.400804 1.549714 -0.283879
v -0.398734 0.053667 -0.384818
v -0.398734 0.053667 0.384818
v -0.396996 1.576309 -0.383141
v -0.396996 1.576309 0.383140
v -0.396527 1.225095 -0.521455
v -0.396527 1.225095 0.521454
v -0.395408 0.019810 0.198540
v -0.395408 0.019810 -0.198540
v -0.391692 1.583809 -0.378022
v -0.391692 1.583809 0.378022
v -0.387092 1.586310 -0.373582
v -0.387092 1.586310 0.373582
v -0.386777 0.201143 -0.508632
v -0.386777 0.201143 0.508632
v -0.386229 1.523810 -0.372750
v -0.386229 1.523810 0.372750
v -0.383526 1.583809 -0.370141
v -0.383526 1.583809 0.370141
v -0.382347 1.546309 -0.369003
v -0.382347 1.546309 0.369003
v -0.381374 0.041143 0.368064
v -0.381374 0.041143 -0.368064
v -0.381326 1.576309 -0.368018
v -0.381326 1.576309 0.368017
v -0.380822 1.563810 -0.367532
v -0.380822 1.563810 0.367531
v -0.380402 1.588952 0.191006
v -0.380402 1.588952 -0.191006
v -0.380316 1.324190 -0.500135
v -0.380316 1.324190 0.500135
v -0.378855 1.571048 -0.268333
v -0.378855 1.571048 0.268333
v -0.377059 1.604571 -0.000000
v -0.377059 1.604571 -0.000000
v -0.372203 1.604571 -0.059709
v -0.372203 1.604571 0.059709
v -0.371084 0.165095 0.487996
v -0.371084 0.165095 -0.487996
v -0.370075 0.011571 -0.000000
v -0.370075 0.011571 -0.000000
v -0.365309 0.011571 0.058603
v -0.365309 0.011571 -0.058603
v -0.363412 1.423857 -0.477905
v -0.363412 1.423857 0.477905
v -0.359776 0.571428 -0.667380
v -0.359776 0.571429 0.667380
v -0.359776 0.571429 0.667380
v -0.359776 0.571428 -0.667380
v -0.359610 0.019810 0.254703
v -0.359610 0.019810 -0.254703
v -0.358642 1.523810 -0.346125
v -0.358642 1.523810 0.346125
v -0.358472 0.658524 0.664961
v -0.358472 0.658524 -0.664961
v -0.358161 0.135619 0.471001
v -0.358161 0.135619 -0.471001
v -0.358116 1.604571 -0.116099
v -0.358116 1.604571 0.116098
v -0.357258 0.489952 -0.662708
v -0.357258 0.489952 0.662708
v -0.354739 0.748190 -0.658037
v -0.354739 0.748191 0.658036
v -0.354331 0.029762 -0.341965
v -0.354331 0.029762 0.341965
v -0.351634 1.549714 0.339362
v -0.351634 1.549714 -0.339362
v -0.351482 0.011571 0.113948
v -0.351482 0.011571 -0.113948
v -0.350422 0.416762 -0.650028
v -0.350422 0.416762 0.650028
v -0.349392 0.112429 0.459469
v -0.349392 0.112429 -0.459469
v -0.348848 0.840143 -0.647108
v -0.348848 0.840143 0.647108
v -0.346161 0.095238 -0.455220
v -0.346161 0.095238 0.455220
v -0.346161 1.523810 -0.455220
v -0.346161 0.095238 -0.455220
v -0.346161 0.095238 0.455220
v -0.346161 1.523810 0.455220
v -0.345963 1.588952 -0.245037
v -0.345963 1.588952 0.245037
v -0.345347 0.081000 0.454150
v -0.345347 0.081000 -0.454150
v -0.341730 0.067048 -0.449393
v -0.341730 0.067048 0.449393
v -0.341621 1.546309 -0.449249
v -0.341621 1.546309 0.449249
v -0.341068 0.934095 -0.632676
v -0.341068 0.934095 0.632676
v -0.340348 0.351571 -0.631341
v -0.340348 0.351571 0.631341
v -0.336838 1.563810 -0.442959
v -0.336838 1.563810 0.442959
v -0.335523 1.604571 -0.168471
v -0.335523 1.604571 0.168471
v -0.333543 0.053667 -0.438627
v -0.333543 0.053667 0.438627
v -0.332378 1.571048 -0.320778
v -0.332378 1.571048 0.320778
v -0.332090 1.576309 -0.436715
v -0.332090 1.576309 0.436715
v -0.331669 1.029762 -0.615241
v -0.331669 1.029762 0.615241
v -0.329308 0.011571 -0.165351
v -0.329308 0.011571 0.165351
v -0.328116 0.294095 0.608651
v -0.328116 0.294095 -0.608651
v -0.327653 1.583809 -0.430881
v -0.327653 1.583809 0.430881
v -0.323805 1.586310 -0.425821
v -0.323805 1.586310 0.425820
v -0.323084 1.523810 -0.424872
v -0.323084 1.523810 0.424872
v -0.320920 1.126857 0.595303
v -0.320920 1.126857 -0.595303
v -0.320822 1.583809 -0.421898
v -0.320822 1.583809 0.421898
v -0.320563 1.619048 -0.000000
v -0.320563 1.619048 -0.000000
v -0.319836 1.546309 -0.420600
v -0.319836 1.546309 0.420600
v -0.319022 0.041143 0.419531
v -0.319022 0.041143 -0.419531
v -0.318982 1.576309 0.419478
v -0.318982 1.576309 -0.419478
v -0.318560 1.563810 -0.418924
v -0.318560 1.563810 0.418924
v -0.316434 1.619048 -0.050762
v -0.316434 1.619048 0.050762
v -0.315494 0.019810 0.304484
v -0.315494 0.019809 -0.304484
v -0.314804 0.244048 0.583957
v -0.314804 0.244048 -0.583957
v -0.309093 1.225095 0.573363
v -0.309093 1.225095 -0.573363
v -0.305146 1.604571 -0.216128
v -0.305146 1.604571 0.216127
v -0.304458 1.619048 -0.098703
v -0.304458 1.619048 0.098703
v -0.303521 1.588952 -0.292928
v -0.303521 1.588952 0.292928
v -0.301492 0.201143 -0.559264
v -0.301492 0.201143 0.559264
v -0.300006 1.523810 -0.394524
v -0.300006 1.523810 0.394524
v -0.299494 0.011571 0.212124
v -0.299494 0.011571 -0.212124
v -0.296456 1.324190 -0.549921
v -0.296456 1.324190 0.549921
v -0.296400 0.029762 -0.389782
v -0.296400 0.029762 0.389782
v -0.294144 1.549714 0.386815
v -0.294144 1.549714 -0.386816
v -0.289260 0.165095 0.536574
v -0.289260 0.165095 -0.536574
v -0.285249 1.619048 -0.143228
v -0.285249 1.619048 0.143228
v -0.283279 1.423857 -0.525479
v -0.283279 1.423857 0.525478
v -0.279186 0.135619 0.517887
v -0.279186 0.135619 -0.517887
v -0.278037 1.571048 -0.365633
v -0.278037 1.571048 0.365633
v -0.273236 0.005333 -0.000000
v -0.272350 0.112429 0.505207
v -0.272350 0.112429 -0.505207
v -0.269832 0.095238 -0.500535
v -0.269832 0.095238 0.500535
v -0.269832 1.523810 0.500535
v -0.269832 0.095238 0.500535
v -0.269832 1.523810 -0.500535
v -0.269832 0.095238 -0.500535
v -0.269717 0.005333 -0.043268
v -0.269717 0.005333 0.043268
v -0.269198 0.081000 0.499359
v -0.269198 0.081000 -0.499359
v -0.267712 1.604571 -0.258369
v -0.267712 1.604571 0.258369
v -0.266378 0.067048 -0.494128
v -0.266378 0.067048 0.494128
v -0.266293 1.546309 -0.493970
v -0.266293 1.546309 0.493969
v -0.263913 0.019809 -0.347060
v -0.263913 0.019810 0.347060
v -0.262753 0.011571 0.253583
v -0.262753 0.011571 -0.253583
v -0.262565 1.563810 -0.487054
v -0.262565 1.563810 0.487054
v -0.261735 1.633524 -0.000000
v -0.261735 1.633524 -0.000000
v -0.259997 0.053667 -0.482291
v -0.259997 0.053667 0.482291
v -0.259508 0.005333 -0.084131
v -0.259508 0.005333 0.084131
v -0.259425 1.619048 -0.183744
v -0.259425 1.619048 0.183744
v -0.258863 1.576309 0.480188
v -0.258863 1.576309 -0.480188
v -0.258363 1.633524 -0.041447
v -0.258363 1.633524 0.041446
v -0.255405 1.583809 -0.473773
v -0.255405 1.583809 0.473773
v -0.253898 1.588952 -0.333889
v -0.253898 1.588952 0.333889
v -0.252406 1.586310 -0.468209
v -0.252406 1.586310 0.468209
v -0.251843 1.523810 -0.467166
v -0.251843 1.523810 0.467166
v -0.250080 1.583809 -0.463896
v -0.250080 1.583809 0.463896
v -0.249311 1.546309 -0.462470
v -0.249311 1.546309 0.462469
v -0.248677 0.041143 -0.461293
v -0.248677 0.041143 0.461293
v -0.248646 1.576309 0.461235
v -0.248646 1.576309 -0.461235
v -0.248585 1.633524 -0.080589
v -0.248585 1.633524 0.080589
v -0.248318 1.563810 -0.460626
v -0.248318 1.563810 0.460626
v -0.247933 0.571428 -0.712320
v -0.247933 0.571428 -0.712320
v -0.247933 0.571429 0.712320
v -0.247933 0.571429 0.712320
v -0.247034 0.658524 -0.709738
v -0.247034 0.658524 0.709738
v -0.246197 0.489952 -0.707334
v -0.246197 0.489952 0.707334
v -0.244462 0.748190 -0.702348
v -0.244462 0.748191 0.702348
v -0.243136 0.005333 0.122082
v -0.243136 0.005333 -0.122082
v -0.241487 0.416762 -0.693800
v -0.241487 0.416762 0.693799
v -0.240402 0.840143 -0.690683
v -0.240402 0.840143 0.690683
v -0.235040 0.934095 -0.675279
v -0.235040 0.934095 0.675279
v -0.234545 0.351571 -0.673855
v -0.234545 0.351571 0.673855
v -0.233855 1.523810 -0.433797
v -0.233855 1.523810 0.433797
v -0.232902 1.633524 -0.116944
v -0.232902 1.633524 0.116944
v -0.231044 0.029762 -0.428583
v -0.231044 0.029762 0.428583
v -0.229285 1.549714 0.425321
v -0.229285 1.549714 -0.425321
v -0.228563 1.029762 -0.656670
v -0.228563 1.029762 0.656670
v -0.227599 1.619048 -0.219656
v -0.227599 1.619048 0.219656
v -0.226115 0.294095 -0.649636
v -0.226115 0.294095 0.649636
v -0.223943 1.604571 -0.294497
v -0.223943 1.604571 0.294497
v -0.221156 1.126857 -0.635390
v -0.221156 1.126857 0.635389
v -0.221125 0.005333 -0.156617
v -0.221125 0.005333 0.156617
v -0.219795 0.011571 0.289042
v -0.219795 0.011571 -0.289042
v -0.216941 0.244048 -0.623280
v -0.216941 0.244048 0.623280
v -0.216729 1.571048 -0.402030
v -0.216729 1.571048 0.402029
v -0.213005 1.225095 -0.611972
v -0.213005 1.225095 0.611972
v -0.211817 1.633524 -0.150025
v -0.211817 1.633524 0.150024
v -0.207768 0.201143 -0.596924
v -0.207768 0.201143 0.596924
v -0.205720 0.019809 -0.381608
v -0.205720 0.019810 0.381608
v -0.204305 1.649143 -0.000000
v -0.204305 1.649143 -0.000000
v -0.204297 1.324190 -0.586952
v -0.204297 1.324190 0.586951
v -0.201674 1.649143 0.032352
v -0.201674 1.649143 -0.032352
v -0.199338 0.165095 -0.572705
v -0.199338 0.165095 0.572705
v -0.197913 1.588952 0.367126
v -0.197913 1.588952 -0.367126
v -0.195216 1.423857 -0.560863
v -0.195216 1.423857 0.560863
v -0.194041 1.649143 -0.062907
v -0.194041 1.649143 0.062906
v -0.193998 0.005333 -0.187227
v -0.193998 0.005333 0.187227
v -0.192396 0.135619 -0.552760
v -0.192396 0.135619 0.552760
v -0.190389 1.619048 -0.250371
v -0.190389 1.619048 0.250371
v -0.187685 0.112429 -0.539226
v -0.187685 0.112429 0.539226
v -0.185950 0.095238 0.534240
v -0.185950 1.523810 -0.534240
v -0.185950 0.095238 -0.534240
v -0.185950 0.095238 -0.534240
v -0.185950 0.095238 0.534240
v -0.185950 1.523810 0.534240
v -0.185832 1.633524 -0.179346
v -0.185832 1.633524 0.179346
v -0.185513 0.081000 0.532984
v -0.185513 0.081000 -0.532984
v -0.183569 0.067048 0.527402
v -0.183569 0.067048 -0.527402
v -0.183511 1.546309 -0.527233
v -0.183511 1.546309 0.527232
v -0.181799 1.649143 -0.091284
v -0.181799 1.649143 0.091284
v -0.180941 1.563810 -0.519851
v -0.180941 1.563810 0.519851
v -0.179172 0.053667 0.514767
v -0.179172 0.053667 -0.514767
v -0.178391 1.576309 -0.512523
v -0.178391 1.576309 0.512523
v -0.176008 1.583809 -0.505676
v -0.176008 1.583809 0.505676
v -0.174563 1.604571 -0.323813
v -0.174563 1.604571 0.323813
v -0.173940 1.586310 -0.499737
v -0.173940 1.586310 0.499737
v -0.173553 1.523810 -0.498624
v -0.173553 1.523810 0.498624
v -0.172338 1.583809 -0.495134
v -0.172338 1.583809 0.495133
v -0.171808 1.546309 -0.493611
v -0.171808 1.546309 0.493611
v -0.171371 0.041143 0.492355
v -0.171371 0.041143 -0.492355
v -0.171349 1.576309 -0.492293
v -0.171349 1.576309 0.492293
v -0.171330 0.011571 0.317815
v -0.171330 0.011571 -0.317815
v -0.171123 1.563810 -0.491643
v -0.171123 1.563810 0.491643
v -0.165340 1.649143 0.117106
v -0.165340 1.649143 -0.117106
v -0.162280 0.005333 -0.213407
v -0.162280 0.005333 0.213407
v -0.161156 1.523810 -0.463008
v -0.161156 1.523810 0.463008
v -0.159219 0.029762 0.457443
v -0.159219 0.029762 -0.457443
v -0.158007 1.549714 -0.453962
v -0.158007 1.549714 0.453961
v -0.155450 1.633524 -0.204424
v -0.155450 1.633524 0.204424
v -0.152005 1.667048 -0.000000
v -0.152005 1.667048 -0.000000
v -0.150868 0.001381 -0.000000
v -0.150868 0.001381 -0.000000
v -0.150047 1.667048 -0.024071
v -0.150047 1.667048 0.024070
v -0.149355 1.571048 -0.429102
v -0.149355 1.571048 0.429102
v -0.148925 0.001381 -0.023890
v -0.148925 0.001381 0.023890
v -0.148408 1.619048 -0.275294
v -0.148408 1.619048 0.275294
v -0.145057 1.649143 -0.139994
v -0.145057 1.649143 0.139994
v -0.144368 1.667048 -0.046803
v -0.144368 1.667048 0.046803
v -0.143289 0.001381 -0.046453
v -0.143289 0.001381 0.046453
v -0.141768 0.019810 0.407305
v -0.141768 0.019809 -0.407305
v -0.139260 1.926857 -0.000000
v -0.139260 1.926857 -0.000000
v -0.139182 1.956286 -0.000000
v -0.139182 1.956286 -0.000000
v -0.137476 1.926857 -0.022131
v -0.137476 1.926857 0.022131
v -0.137399 1.956286 -0.022121
v -0.137399 1.956286 0.022120
v -0.136388 1.588952 -0.391847
v -0.136388 1.588952 0.391847
v -0.135260 1.667048 -0.067916
v -0.135260 1.667048 0.067916
v -0.134249 0.001381 -0.067409
v -0.134249 0.001381 0.067409
v -0.132296 1.926857 -0.043004
v -0.132296 1.926857 0.043003
v -0.132223 1.956286 -0.042982
v -0.132223 1.956286 0.042982
v -0.127510 0.571428 -0.740340
v -0.127510 0.571429 0.740340
v -0.127510 0.571429 0.740340
v -0.127048 0.658524 -0.737656
v -0.127048 0.658524 0.737656
v -0.126618 0.489952 -0.735158
v -0.126618 0.489952 0.735157
v -0.126497 0.005333 -0.234651
v -0.126497 0.005333 0.234651
v -0.126282 1.892857 -0.000000
v -0.126282 1.892857 -0.000000
v -0.125725 0.748190 -0.729975
v -0.125725 0.748191 0.729975
v -0.124664 1.892857 -0.020066
v -0.124664 1.892857 0.020065
v -0.124195 0.416762 -0.721091
v -0.124195 0.416762 0.721091
v -0.123983 1.926857 -0.062365
v -0.123983 1.926857 0.062365
v -0.123915 1.956286 -0.062333
v -0.123915 1.956286 0.062333
v -0.123637 0.840143 -0.717852
v -0.123637 0.840143 0.717852
v -0.123014 1.667048 -0.087128
v -0.123014 1.667048 0.087128
v -0.122095 0.001381 -0.086476
v -0.122095 0.001381 0.086476
v -0.121341 1.649143 -0.159570
v -0.121341 1.649143 0.159570
v -0.121173 1.633524 -0.224774
v -0.121173 1.633524 0.224773
v -0.120880 0.934095 -0.701843
v -0.120880 0.934095 0.701842
v -0.120624 0.351571 -0.700362
v -0.120624 0.351571 0.700362
v -0.120297 1.604571 -0.345618
v -0.120297 1.604571 0.345618
v -0.119988 1.979428 -0.000000
v -0.119988 1.979428 -0.000000
v -0.119966 1.892857 -0.038991
v -0.119966 1.892857 0.038991
v -0.118450 1.979428 -0.019071
v -0.118450 1.979428 0.019070
v -0.118069 0.011571 0.339216
v -0.118069 0.011571 -0.339216
v -0.117549 1.029762 -0.682501
v -0.117548 1.029762 0.682501
v -0.116289 0.294095 -0.675190
v -0.116289 0.294095 0.675190
v -0.113988 1.979428 -0.037055
v -0.113988 1.979428 0.037055
v -0.113739 1.126857 -0.660383
v -0.113739 1.126857 0.660383
v -0.112797 1.926857 -0.079963
v -0.112797 1.926857 0.079963
v -0.112736 1.956286 -0.079921
v -0.112736 1.956286 0.079921
v -0.112426 1.892857 -0.056548
v -0.112426 1.892857 0.056547
v -0.111571 0.244048 -0.647798
v -0.111571 0.244048 0.647798
v -0.109547 1.225095 0.636045
v -0.109547 1.225095 -0.636045
v -0.108564 1.688381 -0.000000
v -0.107924 1.667048 -0.104157
v -0.107924 1.667048 0.104157
v -0.107165 1.688381 -0.017192
v -0.107165 1.688381 0.017191
v -0.107116 0.001381 -0.103378
v -0.107116 0.001381 0.103378
v -0.106853 0.201143 -0.620405
v -0.106853 0.201143 0.620405
v -0.106826 1.979428 -0.053738
v -0.106826 1.979428 0.053738
v -0.106310 1.856000 -0.000000
v -0.106310 1.856000 -0.000000
v -0.105068 1.324190 -0.610040
v -0.105068 1.324190 0.610040
v -0.104947 1.856000 -0.016887
v -0.104947 1.856000 0.016887
v -0.103110 1.688381 -0.033428
v -0.103110 1.688381 0.033427
v -0.102518 0.165095 0.595233
v -0.102518 0.165095 -0.595233
v -0.102282 1.892857 -0.072506
v -0.102282 1.892857 0.072505
v -0.102272 1.619048 -0.293832
v -0.102272 1.619048 0.293832
v -0.100991 1.856000 -0.032817
v -0.100991 1.856000 0.032816
v -0.100398 1.423857 -0.582925
v -0.100398 1.423857 0.582925
v -0.099001 1.926857 -0.095546
v -0.099001 1.926857 0.095545
v -0.098948 1.956286 -0.095495
v -0.098948 1.956286 0.095495
v -0.098948 0.135619 -0.574504
v -0.098948 0.135619 0.574504
v -0.097190 1.979428 -0.068900
v -0.097190 1.979428 0.068900
v -0.096604 1.688381 0.048506
v -0.096604 1.688381 -0.048507
v -0.096525 0.112429 -0.560438
v -0.096525 0.112429 0.560438
v -0.095633 0.095238 0.555255
v -0.095633 1.523810 -0.555255
v -0.095633 0.095238 -0.555255
v -0.095633 0.095238 -0.555255
v -0.095633 0.095238 0.555255
v -0.095633 1.523810 0.555255
v -0.095408 0.081000 0.553950
v -0.095408 0.081000 -0.553950
v -0.094641 1.856000 -0.047595
v -0.094641 1.856000 0.047595
v -0.094585 1.649143 0.175454
v -0.094585 1.649143 -0.175454
v -0.094409 0.067048 0.548148
v -0.094409 0.067048 -0.548148
v -0.094378 1.546309 -0.547972
v -0.094378 1.546309 0.547972
v -0.093057 1.563810 -0.540300
v -0.093057 1.563810 0.540300
v -0.092147 0.053667 0.535016
v -0.092147 0.053667 -0.535016
v -0.091745 1.576309 -0.532684
v -0.091745 1.576309 0.532684
v -0.090520 1.583809 -0.525567
v -0.090520 1.583809 0.525567
v -0.090279 1.667048 -0.118721
v -0.090279 1.667048 0.118721
v -0.089770 1.892857 -0.086637
v -0.089770 1.892857 0.086636
v -0.089604 0.001381 -0.117834
v -0.089604 0.001381 0.117834
v -0.089456 1.586310 -0.519395
v -0.089456 1.586310 0.519395
v -0.089257 1.523810 -0.518238
v -0.089257 1.523810 0.518238
v -0.088632 1.583809 -0.514610
v -0.088632 1.583809 0.514610
v -0.088360 1.546309 -0.513028
v -0.088360 1.546309 0.513028
v -0.088135 0.041143 0.511723
v -0.088135 0.041143 -0.511723
v -0.088124 1.576309 0.511658
v -0.088124 1.576309 -0.511658
v -0.088007 1.563810 -0.510983
v -0.088007 1.563810 0.510982
v -0.087859 1.688381 -0.062228
v -0.087859 1.688381 0.062228
v -0.087173 0.005333 0.250452
v -0.087173 0.005333 -0.250452
v -0.086099 1.856000 -0.061030
v -0.086099 1.856000 0.061029
v -0.085406 1.818000 -0.000000
v -0.085406 1.818000 -0.000000
v -0.085303 1.979428 -0.082326
v -0.085303 1.979428 0.082326
v -0.084310 1.818000 0.013559
v -0.084310 1.818000 -0.013559
v -0.083504 1.633524 -0.239909
v -0.083504 1.633524 0.239909
v -0.082882 1.523810 -0.481221
v -0.082882 1.523810 0.481221
v -0.082854 1.926857 -0.108861
v -0.082854 1.926857 0.108860
v -0.082811 1.956286 -0.108802
v -0.082811 1.956286 0.108802
v -0.081885 0.029762 -0.475437
v -0.081885 0.029762 0.475437
v -0.081262 1.549714 -0.471819
v -0.081262 1.549714 0.471819
v -0.081129 1.818000 0.026351
v -0.081129 1.818000 -0.026351
v -0.077712 1.714286 -0.000000
v -0.077712 1.714286 -0.000000
v -0.077712 1.714286 -0.000000
v -0.077712 1.714286 -0.000000
v -0.077080 1.688381 -0.074390
v -0.077080 1.688381 0.074390
v -0.076812 1.571048 -0.445981
v -0.076812 1.571048 0.445981
v -0.076711 1.714286 -0.012306
v -0.076711 1.714286 0.012306
v -0.076711 1.714286 0.012306
v -0.076711 1.714286 -0.012306
v -0.076025 1.818000 -0.038222
v -0.076025 1.818000 0.038222
v -0.075614 1.994571 -0.000000
v -0.075614 1.994571 -0.000000
v -0.075564 1.856000 -0.072927
v -0.075564 1.856000 0.072927
v -0.075127 1.892857 -0.098712
v -0.075127 1.892857 0.098712
v -0.074645 1.994571 -0.012018
v -0.074645 1.994571 0.012018
v -0.073808 1.714286 -0.023928
v -0.073808 1.714286 0.023928
v -0.073808 1.714286 0.023928
v -0.073808 1.714286 -0.023928
v -0.072910 0.019810 0.423326
v -0.072910 0.019809 -0.423326
v -0.071833 1.994571 -0.023352
v -0.071833 1.994571 0.023352
v -0.071392 1.979428 -0.093798
v -0.071392 1.979428 0.093797
v -0.070372 1.667048 0.130539
v -0.070372 1.667048 -0.130540
v -0.070143 1.588952 -0.407261
v -0.070143 1.588952 0.407261
v -0.069846 0.001381 -0.129564
v -0.069846 0.001381 0.129564
v -0.069630 1.780571 -0.000000
v -0.069630 1.780571 -0.000000
v -0.069160 1.818000 -0.049015
v -0.069160 1.818000 0.049015
v -0.069151 1.714286 -0.034722
v -0.069151 1.714286 0.034722
v -0.069151 1.714286 0.034722
v -0.069151 1.714286 -0.034722
v -0.068735 1.780571 0.011044
v -0.068735 1.780571 -0.011044
v -0.067320 1.994571 -0.033865
v -0.067320 1.994571 0.033865
v -0.066139 1.780571 0.021467
v -0.066139 1.780571 -0.021467
v -0.065181 1.649143 -0.187269
v -0.065181 1.649143 0.187269
v -0.065045 1.745428 -0.000000
v -0.065045 1.745428 -0.000000
v -0.064620 1.926857 -0.119656
v -0.064620 1.926857 0.119656
v -0.064587 1.956286 0.119590
v -0.064587 1.956286 -0.119590
v -0.064478 1.688381 -0.084793
v -0.064478 1.688381 0.084792
v -0.064208 1.745428 0.010305
v -0.064208 1.745428 -0.010305
v -0.063236 1.856000 -0.083095
v -0.063236 1.856000 0.083094
v -0.062891 1.714286 -0.044544
v -0.062891 1.714286 0.044544
v -0.062891 1.714286 0.044544
v -0.062891 1.714286 -0.044544
v -0.061974 1.780571 0.031142
v -0.061974 1.780571 -0.031143
v -0.061868 1.604571 -0.359213
v -0.061868 1.604571 0.359213
v -0.061779 1.745428 0.020035
v -0.061779 1.745428 -0.020036
v -0.061247 1.994571 -0.043420
v -0.061247 1.994571 0.043420
v -0.060722 0.011571 0.352559
v -0.060722 0.011571 -0.352559
v -0.060693 1.818000 -0.058575
v -0.060693 1.818000 0.058575
v -0.058592 1.892857 -0.108503
v -0.058592 1.892857 0.108502
v -0.057884 1.745428 0.029071
v -0.057884 1.745428 -0.029071
v -0.056372 1.780571 0.039942
v -0.056372 1.780571 -0.039943
v -0.055681 1.979428 -0.103098
v -0.055681 1.979428 0.103098
v -0.055176 1.714286 -0.053250
v -0.055176 1.714286 0.053250
v -0.055176 1.714286 0.053250
v -0.055176 1.714286 -0.053250
v -0.053757 1.994571 -0.051881
v -0.053757 1.994571 0.051880
v -0.052646 1.745428 0.037292
v -0.052646 1.745428 -0.037292
v -0.052598 1.619048 -0.305390
v -0.052598 1.619048 0.305390
v -0.050788 1.818000 -0.066746
v -0.050788 1.818000 0.066746
v -0.050261 1.688381 0.093233
v -0.050261 1.688381 -0.093233
v -0.049465 1.780571 0.047739
v -0.049465 1.780571 -0.047739
v -0.049316 1.856000 -0.091339
v -0.049316 1.856000 0.091338
v -0.048495 1.667048 -0.139330
v -0.048495 1.667048 0.139330
v -0.048133 0.001381 0.138288
v -0.048133 0.001381 -0.138288
v -0.046190 1.745428 0.044578
v -0.046190 1.745428 -0.044578
v -0.046155 1.714286 -0.060696
v -0.046155 1.714286 0.060696
v -0.046155 1.714286 0.060696
v -0.046155 1.714286 -0.060696
v -0.044990 1.994571 -0.059110
v -0.044990 1.994571 0.059110
v -0.044833 0.005333 0.260304
v -0.044833 0.005333 -0.260304
v -0.044559 1.926857 -0.127679
v -0.044559 1.926857 0.127679
v -0.044536 1.956286 -0.127609
v -0.044536 1.956286 0.127608
v -0.042945 1.633524 -0.249347
v -0.042945 1.633524 0.249346
v -0.041387 1.780571 -0.054404
v -0.041387 1.780571 0.054404
v -0.040401 1.892857 -0.115779
v -0.040401 1.892857 0.115779
v -0.039604 1.818000 -0.073372
v -0.039604 1.818000 0.073372
v -0.038641 1.745428 0.050808
v -0.038641 1.745428 -0.050809
v -0.038395 1.979428 -0.110010
v -0.038395 1.979428 0.110010
v -0.035978 1.714286 -0.066738
v -0.035978 1.714286 0.066738
v -0.035978 1.714286 -0.066738
v -0.035978 1.714286 0.066738
v -0.035089 1.994571 -0.064971
v -0.035089 1.994571 0.064970
v -0.034636 1.688381 -0.099511
v -0.034636 1.688381 0.099511
v -0.034003 1.856000 -0.097466
v -0.034003 1.856000 0.097466
v -0.033522 1.649143 -0.194636
v -0.033522 1.649143 0.194635
v -0.032269 1.780571 -0.059811
v -0.032269 1.780571 0.059811
v -0.030122 1.745428 -0.055864
v -0.030122 1.745428 0.055863
v -0.027304 1.818000 -0.078298
v -0.027304 1.818000 0.078298
v -0.024941 1.667048 -0.144810
v -0.024941 1.667048 0.144810
v -0.024793 1.714286 -0.071232
v -0.024793 1.714286 0.071232
v -0.024793 1.714286 -0.071232
v -0.024793 1.714286 0.071232
v -0.024754 0.001381 0.143728
v -0.024754 0.001381 -0.143728
v -0.024196 1.994571 -0.069326
v -0.024196 1.994571 0.069326
v -0.022931 1.926857 -0.132678
v -0.022931 1.926857 0.132677
v -0.022920 1.956286 -0.132604
v -0.022920 1.956286 0.132604
v -0.022244 1.780571 -0.063831
v -0.022244 1.780571 0.063830
v -0.020791 1.892857 -0.120313
v -0.020791 1.892857 0.120313
v -0.020760 1.745428 -0.059623
v -0.020760 1.745428 0.059623
v -0.019760 1.979428 -0.114316
v -0.019760 1.979428 0.114316
v -0.017813 1.688381 -0.103426
v -0.017813 1.688381 0.103425
v -0.017498 1.856000 -0.101285
v -0.017498 1.856000 0.101284
v -0.014049 1.818000 -0.081367
v -0.014049 1.818000 0.081367
v -0.012751 1.714286 -0.074034
v -0.012751 1.714286 0.074034
v -0.012751 1.714286 -0.074034
v -0.012751 1.714286 0.074034
v -0.012453 1.994571 -0.072040
v -0.012453 1.994571 0.072040
v -0.011443 1.780571 -0.066337
v -0.011443 1.780571 0.066336
v -0.010678 1.745428 -0.061967
v -0.010678 1.745428 0.061967
v 0.000000 0.165095 0.603000
v 0.000000 1.225095 0.644344
v 0.000000 1.324190 -0.618000
v 0.000000 0.416762 -0.730500
v 0.000000 0.489952 -0.744750
v 0.000000 1.576309 0.518334
v 0.000000 1.714286 -0.075000
v 0.000000 0.081000 0.561178
v 0.000000 1.571048 -0.451800
v 0.000000 1.745428 -0.062775
v 0.000000 0.011571 0.357159
v 0.000000 0.029762 -0.481641
v 0.000000 0.041143 0.518400
v 0.000000 0.244048 0.656250
v 0.000000 0.294095 0.684000
v 0.000000 0.351571 -0.709500
v 0.000000 0.658524 0.747281
v 0.000000 0.748191 0.739500
v 0.000000 0.840143 -0.727219
v 0.000000 1.029762 -0.691406
v 0.000000 1.126857 0.669000
v 0.000000 1.523810 -0.487500
v 0.000000 1.546309 -0.555122
v 0.000000 1.546309 -0.519722
v 0.000000 1.563810 -0.547350
v 0.000000 1.563810 -0.517650
v 0.000000 1.583809 -0.521325
v 0.000000 1.588952 -0.412575
v 0.000000 1.780571 -0.067200
v 0.000000 1.818000 -0.082425
v 0.000000 1.633524 -0.252600
v 0.000000 0.067048 0.555300
v 0.000000 0.112429 -0.567750
v 0.000000 1.583809 -0.532425
v 0.000000 1.604571 -0.363900
v 0.000000 1.856000 -0.102600
v 0.000000 1.979428 -0.115800
v 0.000000 1.649143 -0.197175
v 0.000000 1.714286 -0.075000
v 0.000000 1.892857 -0.121875
v 0.000000 1.994571 -0.072975
v 0.000000 0.001381 0.145603
v 0.000000 1.956286 -0.134325
v 0.000000 0.000000 0.000000
v 0.000000 0.001381 -0.145603
v 0.000000 0.001381 0.145603
v 0.000000 0.005333 -0.263700
v 0.000000 0.005333 0.263700
v 0.000000 0.011571 -0.357159
v 0.000000 0.011571 0.357159
v 0.000000 0.019809 -0.428850
v 0.000000 0.019809 -0.428850
v 0.000000 0.019810 0.428850
v 0.000000 0.019810 0.428850
v 0.000000 0.029762 -0.481641
v 0.000000 0.029762 0.481641
v 0.000000 0.041143 -0.518400
v 0.000000 0.041143 0.518400
v 0.000000 0.053667 -0.541997
v 0.000000 0.053667 -0.541997
v 0.000000 0.053667 0.541997
v 0.000000 0.053667 0.541997
v 0.000000 0.067048 -0.555300
v 0.000000 0.067048 0.555300
v 0.000000 0.081000 -0.561178
v 0.000000 0.081000 0.561178
v 0.000000 0.095238 -0.562500
v 0.000000 0.095238 -0.562500
v 0.000000 0.095238 0.562500
v 0.000000 0.095238 0.562500
v 0.000000 0.112429 -0.567750
v 0.000000 0.112429 0.567750
v 0.000000 0.135619 -0.582000
v 0.000000 0.135619 -0.582000
v 0.000000 0.135619 0.582000
v 0.000000 0.135619 0.582000
v 0.000000 0.165095 -0.603000
v 0.000000 0.165095 0.603000
v 0.000000 0.201143 -0.628500
v 0.000000 0.201143 -0.628500
v 0.000000 0.201143 0.628500
v 0.000000 0.201143 0.628500
v 0.000000 0.244048 -0.656250
v 0.000000 0.244048 0.656250
v 0.000000 0.294095 -0.684000
v 0.000000 0.294095 0.684000
v 0.000000 0.351571 -0.709500
v 0.000000 0.351571 0.709500
v 0.000000 0.416762 -0.730500
v 0.000000 0.416762 0.730500
v 0.000000 0.489952 -0.744750
v 0.000000 0.489952 0.744750
v 0.000000 0.571428 -0.750000
v 0.000000 0.571428 -0.750000
v 0.000000 0.571429 0.750000
v 0.000000 0.571429 0.750000
v 0.000000 0.658524 -0.747281
v 0.000000 0.658524 0.747281
v 0.000000 0.748190 -0.739500
v 0.000000 0.748191 0.739500
v 0.000000 0.840143 -0.727219
v 0.000000 0.840143 0.727219
v 0.000000 0.934095 -0.711000
v 0.000000 0.934095 -0.711000
v 0.000000 0.934095 0.711000
v 0.000000 0.934095 0.711000
v 0.000000 1.029762 -0.691406
v 0.000000 1.029762 0.691406
v 0.000000 1.126857 -0.669000
v 0.000000 1.126857 0.669000
v 0.000000 1.225095 -0.644344
v 0.000000 1.225095 0.644344
v 0.000000 1.324190 -0.618000
v 0.000000 1.324190 0.618000
v 0.000000 1.423857 -0.590531
v 0.000000 1.423857 -0.590531
v 0.000000 1.423857 0.590531
v 0.000000 1.423857 0.590531
v 0.000000 1.523810 -0.562500
v 0.000000 1.523810 -0.562500
v 0.000000 1.523810 -0.525000
v 0.000000 1.523810 -0.525000
v 0.000000 1.523810 -0.487500
v 0.000000 1.523810 0.487500
v 0.000000 1.523810 0.525000
v 0.000000 1.523810 0.525000
v 0.000000 1.523810 0.562500
v 0.000000 1.523810 0.562500
v 0.000000 1.546309 -0.555122
v 0.000000 1.546309 -0.519722
v 0.000000 1.546309 0.519722
v 0.000000 1.546309 0.555122
v 0.000000 1.549714 -0.477975
v 0.000000 1.549714 -0.477975
v 0.000000 1.549714 0.477975
v 0.000000 1.549714 0.477975
v 0.000000 1.563810 -0.547350
v 0.000000 1.563810 -0.517650
v 0.000000 1.563810 0.517650
v 0.000000 1.563810 0.547350
v 0.000000 1.571048 -0.451800
v 0.000000 1.571048 0.451800
v 0.000000 1.576309 -0.539635
v 0.000000 1.576309 -0.518335
v 0.000000 1.576309 0.518334
v 0.000000 1.576309 0.539634
v 0.000000 1.583809 -0.532425
v 0.000000 1.583809 -0.521325
v 0.000000 1.583809 0.521325
v 0.000000 1.583809 0.532425
v 0.000000 1.586310 -0.526172
v 0.000000 1.586310 -0.526172
v 0.000000 1.586310 0.526172
v 0.000000 1.586310 0.526172
v 0.000000 1.588952 -0.412575
v 0.000000 1.588952 0.412575
v 0.000000 1.604571 -0.363900
v 0.000000 1.604571 0.363900
v 0.000000 1.619048 -0.309375
v 0.000000 1.619048 -0.309375
v 0.000000 1.619048 0.309375
v 0.000000 1.619048 0.309375
v 0.000000 1.633524 -0.252600
v 0.000000 1.633524 0.252600
v 0.000000 1.649143 -0.197175
v 0.000000 1.649143 0.197175
v 0.000000 1.667048 -0.146700
v 0.000000 1.667048 -0.146700
v 0.000000 1.667048 0.146700
v 0.000000 1.667048 0.146700
v 0.000000 1.688381 -0.104775
v 0.000000 1.688381 0.104775
v 0.000000 1.714286 -0.075000
v 0.000000 1.714286 -0.075000
v 0.000000 1.714286 0.075000
v 0.000000 1.714286 0.075000
v 0.000000 1.745428 -0.062775
v 0.000000 1.745428 0.062775
v 0.000000 1.780571 -0.067200
v 0.000000 1.780571 0.067200
v 0.000000 1.818000 -0.082425
v 0.000000 1.818000 0.082425
v 0.000000 1.856000 -0.102600
v 0.000000 1.856000 0.102600
v 0.000000 1.892857 -0.121875
v 0.000000 1.892857 0.121875
v 0.000000 1.926857 -0.134400
v 0.000000 1.926857 -0.134400
v 0.000000 1.926857 0.134400
v 0.000000 1.926857 0.134400
v 0.000000 1.956286 -0.134325
v 0.000000 1.956286 0.134325
v 0.000000 1.979428 -0.115800
v 0.000000 1.979428 0.115800
v 0.000000 1.994571 -0.072975
v 0.000000 1.994571 0.072975
v 0.000000 2.000000 -0.000000
v 0.000000 0.001381 -0.145603
v 0.000000 1.956286 0.134325
v 0.000000 1.649143 0.197175
v 0.000000 1.714286 0.075000
v 0.000000 1.892857 0.121875
v 0.000000 1.994571 0.072975
v 0.000000 1.979428 0.115800
v 0.000000 0.067048 -0.555300
v 0.000000 0.112429 0.567750
v 0.000000 1.583809 0.532425
v 0.000000 1.604571 0.363900
v 0.000000 1.856000 0.102600
v 0.000000 1.633524 0.252600
v 0.000000 1.818000 0.082425
v 0.000000 0.011571 -0.357159
v 0.000000 0.029762 0.481641
v 0.000000 0.041143 -0.518400
v 0.000000 0.244048 -0.656250
v 0.000000 0.294095 -0.684000
v 0.000000 0.351571 0.709500
v 0.000000 0.658524 -0.747281
v 0.000000 0.748190 -0.739500
v 0.000000 0.840143 0.727219
v 0.000000 1.029762 0.691406
v 0.000000 1.126857 -0.669000
v 0.000000 1.523810 0.487500
v 0.000000 1.546309 0.519722
v 0.000000 1.546309 0.555122
v 0.000000 1.563810 0.517650
v 0.000000 1.563810 0.547350
v 0.000000 1.583809 0.521325
v 0.000000 1.588952 0.412575
v 0.000000 1.780571 0.067200
v 0.000000 1.745428 0.062775
v 0.000000 0.081000 -0.561178
v 0.000000 1.571048 0.451800
v 0.000000 0.416762 0.730500
v 0.000000 0.489952 0.744750
v 0.000000 1.576309 -0.518335
v 0.000000 1.714286 0.075000
v 0.000000 0.165095 -0.603000
v 0.000000 1.225095 -0.644344
v 0.000000 1.324190 0.618000
v 0.010678 1.745428 -0.061967
v 0.010678 1.745428 0.061967
v 0.011443 1.780571 -0.066337
v 0.011443 1.780571 0.066336
v 0.012453 1.994571 -0.072040
v 0.012453 1.994571 0.072040
v 0.012751 1.714286 -0.074034
v 0.012751 1.714286 0.074034
v 0.012751 1.714286 -0.074034
v 0.012751 1.714286 0.074034
v 0.014049 1.818000 -0.081367
v 0.014049 1.818000 0.081367
v 0.017498 1.856000 -0.101285
v 0.017498 1.856000 0.101284
v 0.017813 1.688381 -0.103426
v 0.017813 1.688381 0.103425
v 0.019760 1.979428 -0.114316
v 0.019760 1.979428 0.114316
v 0.020760 1.745428 -0.059623
v 0.020760 1.745428 0.059623
v 0.020791 1.892857 -0.120313
v 0.020791 1.892857 0.120313
v 0.022244 1.780571 -0.063831
v 0.022244 1.780571 0.063830
v 0.022920 1.956286 -0.132604
v 0.022920 1.956286 0.132604
v 0.022931 1.926857 -0.132678
v 0.022931 1.926857 0.132677
v 0.024196 1.994571 -0.069326
v 0.024196 1.994571 0.069326
v 0.024754 0.001381 0.143728
v 0.024754 0.001381 -0.143728
v 0.024793 1.714286 -0.071232
v 0.024793 1.714286 0.071232
v 0.024793 1.714286 -0.071232
v 0.024793 1.714286 0.071232
v 0.024941 1.667048 -0.144810
v 0.024941 1.667048 0.144810
v 0.027304 1.818000 -0.078298
v 0.027304 1.818000 0.078298
v 0.030122 1.745428 -0.055864
v 0.030122 1.745428 0.055863
v 0.032269 1.780571 -0.059811
v 0.032269 1.780571 0.059811
v 0.033522 1.649143 -0.194636
v 0.033522 1.649143 0.194635
v 0.034003 1.856000 -0.097466
v 0.034003 1.856000 0.097466
v 0.034636 1.688381 -0.099511
v 0.034636 1.688381 0.099511
v 0.035089 1.994571 -0.064971
v 0.035089 1.994571 0.064970
v 0.035978 1.714286 -0.066738
v 0.035978 1.714286 0.066738
v 0.035978 1.714286 -0.066738
v 0.035978 1.714286 0.066738
v 0.038395 1.979428 -0.110010
v 0.038395 1.979428 0.110010
v 0.038641 1.745428 0.050808
v 0.038641 1.745428 -0.050809
v 0.039604 1.818000 -0.073372
v 0.039604 1.818000 0.073372
v 0.040401 1.892857 -0.115779
v 0.040401 1.892857 0.115779
v 0.041387 1.780571 -0.054404
v 0.041387 1.780571 0.054404
v 0.042945 1.633524 -0.249347
v 0.042945 1.633524 0.249346
v 0.044536 1.956286 -0.127609
v 0.044536 1.956286 0.127608
v 0.044559 1.926857 -0.127679
v 0.044559 1.926857 0.127679
v 0.044833 0.005333 0.260304
v 0.044833 0.005333 -0.260304
v 0.044990 1.994571 -0.059110
v 0.044990 1.994571 0.059110
v 0.046155 1.714286 0.060696
v 0.046155 1.714286 -0.060696
v 0.046155 1.714286 -0.060696
v 0.046155 1.714286 0.060696
v 0.046190 1.745428 0.044578
v 0.046190 1.745428 -0.044578
v 0.048133 0.001381 0.138288
v 0.048133 0.001381 -0.138288
v 0.048495 1.667048 -0.139330
v 0.048495 1.667048 0.139330
v 0.049316 1.856000 -0.091339
v 0.049316 1.856000 0.091338
v 0.049465 1.780571 0.047739
v 0.049465 1.780571 -0.047739
v 0.050261 1.688381 0.093233
v 0.050261 1.688381 -0.093233
v 0.050788 1.818000 -0.066746
v 0.050788 1.818000 0.066746
v 0.052598 1.619048 -0.305390
v 0.052598 1.619048 0.305390
v 0.052646 1.745428 0.037292
v 0.052646 1.745428 -0.037292
v 0.053757 1.994571 -0.051881
v 0.053757 1.994571 0.051880
v 0.055176 1.714286 0.053250
v 0.055176 1.714286 -0.053250
v 0.055176 1.714286 -0.053250
v 0.055176 1.714286 0.053250
v 0.055681 1.979428 -0.103098
v 0.055681 1.979428 0.103098
v 0.056372 1.780571 0.039942
v 0.056372 1.780571 -0.039943
v 0.057884 1.745428 0.029071
v 0.057884 1.745428 -0.029071
v 0.058592 1.892857 -0.108503
v 0.058592 1.892857 0.108502
v 0.060693 1.818000 -0.058575
v 0.060693 1.818000 0.058575
v 0.060722 0.011571 0.352559
v 0.060722 0.011571 -0.352559
v 0.061247 1.994571 -0.043420
v 0.061247 1.994571 0.043420
v 0.061779 1.745428 0.020035
v 0.061779 1.745428 -0.020036
v 0.061868 1.604571 -0.359213
v 0.061868 1.604571 0.359213
v 0.061974 1.780571 0.031142
v 0.061974 1.780571 -0.031143
v 0.062891 1.714286 0.044544
v 0.062891 1.714286 -0.044544
v 0.062891 1.714286 -0.044544
v 0.062891 1.714286 0.044544
v 0.063236 1.856000 -0.083095
v 0.063236 1.856000 0.083094
v 0.064208 1.745428 0.010305
v 0.064208 1.745428 -0.010305
v 0.064478 1.688381 -0.084793
v 0.064478 1.688381 0.084792
v 0.064587 1.956286 0.119590
v 0.064587 1.956286 -0.119590
v 0.064620 1.926857 -0.119656
v 0.064620 1.926857 0.119656
v 0.065045 1.745428 -0.000000
v 0.065045 1.745428 -0.000000
v 0.065181 1.649143 -0.187269
v 0.065181 1.649143 0.187269
v 0.066139 1.780571 0.021467
v 0.066139 1.780571 -0.021467
v 0.067320 1.994571 -0.033865
v 0.067320 1.994571 0.033865
v 0.068735 1.780571 0.011044
v 0.068735 1.780571 -0.011044
v 0.069151 1.714286 0.034722
v 0.069151 1.714286 -0.034722
v 0.069151 1.714286 -0.034722
v 0.069151 1.714286 0.034722
v 0.069160 1.818000 -0.049015
v 0.069160 1.818000 0.049015
v 0.069630 1.780571 -0.000000
v 0.069630 1.780571 -0.000000
v 0.069846 0.001381 -0.129564
v 0.069846 0.001381 0.129564
v 0.070143 1.588952 -0.407261
v 0.070143 1.588952 0.407261
v 0.070372 1.667048 0.130539
v 0.070372 1.667048 -0.130540
v 0.071392 1.979428 -0.093798
v 0.071392 1.979428 0.093797
v 0.071833 1.994571 -0.023352
v 0.071833 1.994571 0.023352
v 0.072910 0.019810 0.423326
v 0.072910 0.019809 -0.423326
v 0.073808 1.714286 0.023928
v 0.073808 1.714286 -0.023928
v 0.073808 1.714286 -0.023928
v 0.073808 1.714286 0.023928
v 0.074645 1.994571 -0.012018
v 0.074645 1.994571 0.012018
v 0.075127 1.892857 -0.098712
v 0.075127 1.892857 0.098712
v 0.075564 1.856000 -0.072927
v 0.075564 1.856000 0.072927
v 0.075614 1.994571 -0.000000
v 0.075614 1.994571 -0.000000
v 0.076025 1.818000 -0.038222
v 0.076025 1.818000 0.038222
v 0.076711 1.714286 0.012306
v 0.076711 1.714286 -0.012306
v 0.076711 1.714286 -0.012306
v 0.076711 1.714286 0.012306
v 0.076812 1.571048 -0.445981
v 0.076812 1.571048 0.445981
v 0.077080 1.688381 -0.074390
v 0.077080 1.688381 0.074390
v 0.077712 1.714286 -0.000000
v 0.077712 1.714286 -0.000000
v 0.077712 1.714286 -0.000000
v 0.077712 1.714286 -0.000000
v 0.081129 1.818000 0.026351
v 0.081129 1.818000 -0.026351
v 0.081262 1.549714 -0.471819
v 0.081262 1.549714 0.471819
v 0.081885 0.029762 -0.475437
v 0.081885 0.029762 0.475437
v 0.082811 1.956286 -0.108802
v 0.082811 1.956286 0.108802
v 0.082854 1.926857 -0.108861
v 0.082854 1.926857 0.108860
v 0.082882 1.523810 -0.481221
v 0.082882 1.523810 0.481221
v 0.083504 1.633524 -0.239909
v 0.083504 1.633524 0.239909
v 0.084310 1.818000 0.013559
v 0.084310 1.818000 -0.013559
v 0.085303 1.979428 -0.082326
v 0.085303 1.979428 0.082326
v 0.085406 1.818000 -0.000000
v 0.085406 1.818000 -0.000000
v 0.086099 1.856000 -0.061030
v 0.086099 1.856000 0.061029
v 0.087173 0.005333 0.250452
v 0.087173 0.005333 -0.250452
v 0.087859 1.688381 -0.062228
v 0.087859 1.688381 0.062228
v 0.088007 1.563810 -0.510983
v 0.088007 1.563810 0.510982
v 0.088124 1.576309 0.511658
v 0.088124 1.576309 -0.511658
v 0.088135 0.041143 0.511723
v 0.088135 0.041143 -0.511723
v 0.088360 1.546309 -0.513028
v 0.088360 1.546309 0.513028
v 0.088632 1.583809 -0.514610
v 0.088632 1.583809 0.514610
v 0.089257 1.523810 -0.518238
v 0.089257 1.523810 0.518238
v 0.089456 1.586310 -0.519395
v 0.089456 1.586310 0.519395
v 0.089604 0.001381 -0.117834
v 0.089604 0.001381 0.117834
v 0.089770 1.892857 -0.086637
v 0.089770 1.892857 0.086636
v 0.090279 1.667048 -0.118721
v 0.090279 1.667048 0.118721
v 0.090520 1.583809 -0.525567
v 0.090520 1.583809 0.525567
v 0.091745 1.576309 -0.532684
v 0.091745 1.576309 0.532684
v 0.092147 0.053667 0.535016
v 0.092147 0.053667 -0.535016
v 0.093057 1.563810 -0.540300
v 0.093057 1.563810 0.540300
v 0.094378 1.546309 -0.547972
v 0.094378 1.546309 0.547972
v 0.094409 0.067048 0.548148
v 0.094409 0.067048 -0.548148
v 0.094585 1.649143 0.175454
v 0.094585 1.649143 -0.175454
v 0.094641 1.856000 -0.047595
v 0.094641 1.856000 0.047595
v 0.095408 0.081000 0.553950
v 0.095408 0.081000 -0.553950
v 0.095633 0.095238 -0.555255
v 0.095633 1.523810 -0.555255
v 0.095633 0.095238 0.555255
v 0.095633 0.095238 0.555255
v 0.095633 1.523810 0.555255
v 0.095633 0.095238 -0.555255
v 0.096525 0.112429 -0.560438
v 0.096525 0.112429 0.560438
v 0.096604 1.688381 0.048506
v 0.096604 1.688381 -0.048507
v 0.097190 1.979428 -0.068900
v 0.097190 1.979428 0.068900
v 0.098948 0.135619 -0.574504
v 0.098948 0.135619 0.574504
v 0.098948 1.956286 -0.095495
v 0.098948 1.956286 0.095495
v 0.099001 1.926857 -0.095546
v 0.099001 1.926857 0.095545
v 0.100398 1.423857 -0.582925
v 0.100398 1.423857 0.582925
v 0.100991 1.856000 -0.032817
v 0.100991 1.856000 0.032816
v 0.102272 1.619048 -0.293832
v 0.102272 1.619048 0.293832
v 0.102282 1.892857 -0.072506
v 0.102282 1.892857 0.072505
v 0.102518 0.165095 0.595233
v 0.102518 0.165095 -0.595233
v 0.103110 1.688381 -0.033428
v 0.103110 1.688381 0.033427
v 0.104947 1.856000 -0.016887
v 0.104947 1.856000 0.016887
v 0.105068 1.324190 -0.610040
v 0.105068 1.324190 0.610040
v 0.106310 1.856000 -0.000000
v 0.106310 1.856000 -0.000000
v 0.106826 1.979428 -0.053738
v 0.106826 1.979428 0.053738
v 0.106853 0.201143 -0.620405
v 0.106853 0.201143 0.620405
v 0.107116 0.001381 -0.103378
v 0.107116 0.001381 0.103378
v 0.107165 1.688381 -0.017192
v 0.107165 1.688381 0.017191
v 0.107924 1.667048 -0.104157
v 0.107924 1.667048 0.104157
v 0.108564 1.688381 -0.000000
v 0.109547 1.225095 0.636045
v 0.109547 1.225095 -0.636045
v 0.111571 0.244048 -0.647798
v 0.111571 0.244048 0.647798
v 0.112426 1.892857 -0.056548
v 0.112426 1.892857 0.056547
v 0.112736 1.956286 -0.079921
v 0.112736 1.956286 0.079921
v 0.112797 1.926857 -0.079963
v 0.112797 1.926857 0.079963
v 0.113739 1.126857 -0.660383
v 0.113739 1.126857 0.660383
v 0.113988 1.979428 -0.037055
v 0.113988 1.979428 0.037055
v 0.116289 0.294095 -0.675190
v 0.116289 0.294095 0.675190
v 0.117548 1.029762 -0.682501
v 0.117549 1.029762 0.682501
v 0.118069 0.011571 0.339216
v 0.118069 0.011571 -0.339216
v 0.118450 1.979428 -0.019071
v 0.118450 1.979428 0.019070
v 0.119966 1.892857 -0.038991
v 0.119966 1.892857 0.038991
v 0.119988 1.979428 -0.000000
v 0.119988 1.979428 -0.000000
v 0.120297 1.604571 -0.345618
v 0.120297 1.604571 0.345618
v 0.120624 0.351571 -0.700362
v 0.120624 0.351571 0.700362
v 0.120880 0.934095 -0.701843
v 0.120880 0.934095 0.701842
v 0.121173 1.633524 -0.224774
v 0.121173 1.633524 0.224773
v 0.121341 1.649143 -0.159570
v 0.121341 1.649143 0.159570
v 0.122095 0.001381 -0.086476
v 0.122095 0.001381 0.086476
v 0.123014 1.667048 -0.087128
v 0.123014 1.667048 0.087128
v 0.123637 0.840143 -0.717852
v 0.123637 0.840143 0.717852
v 0.123915 1.956286 -0.062333
v 0.123915 1.956286 0.062333
v 0.123983 1.926857 -0.062365
v 0.123983 1.926857 0.062365
v 0.124195 0.416762 -0.721091
v 0.124195 0.416762 0.721091
v 0.124664 1.892857 -0.020066
v 0.124664 1.892857 0.020065
v 0.125725 0.748190 -0.729975
v 0.125725 0.748191 0.729975
v 0.126282 1.892857 -0.000000
v 0.126282 1.892857 -0.000000
v 0.126497 0.005333 -0.234651
v 0.126497 0.005333 0.234651
v 0.126618 0.489952 -0.735158
v 0.126618 0.489952 0.735157
v 0.127048 0.658524 -0.737656
v 0.127048 0.658524 0.737656
v 0.127510 0.571428 -0.740340
v 0.127510 0.571428 -0.740340
v 0.127510 0.571429 0.740340
v 0.132223 1.956286 -0.042982
v 0.132223 1.956286 0.042982
v 0.132296 1.926857 -0.043004
v 0.132296 1.926857 0.043003
v 0.134249 0.001381 -0.067409
v 0.134249 0.001381 0.067409
v 0.135260 1.667048 -0.067916
v 0.135260 1.667048 0.067916
v 0.136388 1.588952 -0.391847
v 0.136388 1.588952 0.391847
v 0.137399 1.956286 -0.022121
v 0.137399 1.956286 0.022120
v 0.137476 1.926857 -0.022131
v 0.137476 1.926857 0.022131
v 0.139182 1.956286 -0.000000
v 0.139182 1.956286 -0.000000
v 0.139260 1.926857 -0.000000
v 0.139260 1.926857 -0.000000
v 0.141768 0.019810 0.407305
v 0.141768 0.019809 -0.407305
v 0.143289 0.001381 -0.046453
v 0.143289 0.001381 0.046453
v 0.144368 1.667048 -0.046803
v 0.144368 1.667048 0.046803
v 0.145057 1.649143 -0.139994
v 0.145057 1.649143 0.139994
v 0.148408 1.619048 -0.275294
v 0.148408 1.619048 0.275294
v 0.148925 0.001381 -0.023890
v 0.148925 0.001381 0.023890
v 0.149355 1.571048 -0.429102
v 0.149355 1.571048 0.429102
v 0.150047 1.667048 -0.024071
v 0.150047 1.667048 0.024070
v 0.150868 0.001381 -0.000000
v 0.150868 0.001381 -0.000000
v 0.152005 1.667048 -0.000000
v 0.152005 1.667048 -0.000000
v 0.155450 1.633524 -0.204424
v 0.155450 1.633524 0.204424
v 0.158007 1.549714 -0.453962
v 0.158007 1.549714 0.453961
v 0.159219 0.029762 0.457443
v 0.159219 0.029762 -0.457443
v 0.161156 1.523810 -0.463008
v 0.161156 1.523810 0.463008
v 0.162280 0.005333 -0.213407
v 0.162280 0.005333 0.213407
v 0.165340 1.649143 0.117106
v 0.165340 1.649143 -0.117106
v 0.171123 1.563810 -0.491643
v 0.171123 1.563810 0.491643
v 0.171330 0.011571 0.317815
v 0.171330 0.011571 -0.317815
v 0.171349 1.576309 -0.492293
v 0.171349 1.576309 0.492293
v 0.171371 0.041143 0.492355
v 0.171371 0.041143 -0.492355
v 0.171808 1.546309 -0.493611
v 0.171808 1.546309 0.493611
v 0.172338 1.583809 -0.495134
v 0.172338 1.583809 0.495133
v 0.173553 1.523810 -0.498624
v 0.173553 1.523810 0.498624
v 0.173940 1.586310 -0.499737
v 0.173940 1.586310 0.499737
v 0.174563 1.604571 -0.323813
v 0.174563 1.604571 0.323813
v 0.176008 1.583809 -0.505676
v 0.176008 1.583809 0.505676
v 0.178391 1.576309 -0.512523
v 0.178391 1.576309 0.512523
v 0.179172 0.053667 0.514767
v 0.179172 0.053667 -0.514767
v 0.180941 1.563810 -0.519851
v 0.180941 1.563810 0.519851
v 0.181799 1.649143 -0.091284
v 0.181799 1.649143 0.091284
v 0.183511 1.546309 -0.527233
v 0.183511 1.546309 0.527232
v 0.183569 0.067048 0.527402
v 0.183569 0.067048 -0.527402
v 0.185513 0.081000 0.532984
v 0.185513 0.081000 -0.532984
v 0.185832 1.633524 -0.179346
v 0.185832 1.633524 0.179346
v 0.185950 0.095238 -0.534240
v 0.185950 1.523810 -0.534240
v 0.185950 0.095238 0.534240
v 0.185950 0.095238 0.534240
v 0.185950 0.095238 -0.534240
v 0.185950 1.523810 0.534240
v 0.187685 0.112429 -0.539226
v 0.187685 0.112429 0.539226
v 0.190389 1.619048 -0.250371
v 0.190389 1.619048 0.250371
v 0.192396 0.135619 -0.552760
v 0.192396 0.135619 0.552760
v 0.193998 0.005333 -0.187227
v 0.193998 0.005333 0.187227
v 0.194041 1.649143 -0.062907
v 0.194041 1.649143 0.062906
v 0.195216 1.423857 -0.560863
v 0.195216 1.423857 0.560863
v 0.197913 1.588952 0.367126
v 0.197913 1.588952 -0.367126
v 0.199338 0.165095 -0.572705
v 0.199338 0.165095 0.572705
v 0.201674 1.649143 0.032352
v 0.201674 1.649143 -0.032352
v 0.204297 1.324190 -0.586952
v 0.204297 1.324190 0.586951
v 0.204305 1.649143 -0.000000
v 0.204305 1.649143 -0.000000
v 0.205720 0.019809 -0.381608
v 0.205720 0.019810 0.381608
v 0.207768 0.201143 -0.596924
v 0.207768 0.201143 0.596924
v 0.211817 1.633524 -0.150025
v 0.211817 1.633524 0.150024
v 0.213005 1.225095 -0.611972
v 0.213005 1.225095 0.611972
v 0.216729 1.571048 -0.402030
v 0.216729 1.571048 0.402029
v 0.216941 0.244048 -0.623280
v 0.216941 0.244048 0.623280
v 0.219795 0.011571 0.289042
v 0.219795 0.011571 -0.289042
v 0.221125 0.005333 -0.156617
v 0.221125 0.005333 0.156617
v 0.221156 1.126857 -0.635390
v 0.221156 1.126857 0.635389
v 0.223943 1.604571 -0.294497
v 0.223943 1.604571 0.294497
v 0.226115 0.294095 -0.649636
v 0.226115 0.294095 0.649636
v 0.227599 1.619048 -0.219656
v 0.227599 1.619048 0.219656
v 0.228563 1.029762 -0.656670
v 0.228563 1.029762 0.656670
v 0.229285 1.549714 0.425321
v 0.229285 1.549714 -0.425321
v 0.231044 0.029762 -0.428583
v 0.231044 0.029762 0.428583
v 0.232902 1.633524 -0.116944
v 0.232902 1.633524 0.116944
v 0.233855 1.523810 -0.433797
v 0.233855 1.523810 0.433797
v 0.234545 0.351571 -0.673855
v 0.234545 0.351571 0.673855
v 0.235040 0.934095 -0.675279
v 0.235040 0.934095 0.675279
v 0.240402 0.840143 -0.690683
v 0.240402 0.840143 0.690683
v 0.241487 0.416762 -0.693800
v 0.241487 0.416762 0.693799
v 0.243136 0.005333 0.122082
v 0.243136 0.005333 -0.122082
v 0.244462 0.748190 -0.702348
v 0.244462 0.748191 0.702348
v 0.246197 0.489952 -0.707334
v 0.246197 0.489952 0.707334
v 0.247034 0.658524 -0.709738
v 0.247034 0.658524 0.709738
v 0.247933 0.571428 -0.712320
v 0.247933 0.571428 -0.712320
v 0.247933 0.571429 0.712320
v 0.247933 0.571429 0.712320
v 0.248318 1.563810 -0.460626
v 0.248318 1.563810 0.460626
v 0.248585 1.633524 -0.080589
v 0.248585 1.633524 0.080589
v 0.248646 1.576309 0.461235
v 0.248646 1.576309 -0.461235
v 0.248677 0.041143 -0.461293
v 0.248677 0.041143 0.461293
v 0.249311 1.546309 -0.462470
v 0.249311 1.546309 0.462469
v 0.250080 1.583809 -0.463896
v 0.250080 1.583809 0.463896
v 0.251843 1.523810 -0.467166
v 0.251843 1.523810 0.467166
v 0.252406 1.586310 -0.468209
v 0.252406 1.586310 0.468209
v 0.253898 1.588952 -0.333889
v 0.253898 1.588952 0.333889
v 0.255405 1.583809 -0.473773
v 0.255405 1.583809 0.473773
v 0.258363 1.633524 -0.041447
v 0.258363 1.633524 0.041446
v 0.258863 1.576309 0.480188
v 0.258863 1.576309 -0.480188
v 0.259425 1.619048 -0.183744
v 0.259425 1.619048 0.183744
v 0.259508 0.005333 -0.084131
v 0.259508 0.005333 0.084131
v 0.259997 0.053667 -0.482291
v 0.259997 0.053667 0.482291
v 0.261735 1.633524 -0.000000
v 0.261735 1.633524 -0.000000
v 0.262565 1.563810 -0.487054
v 0.262565 1.563810 0.487054
v 0.262753 0.011571 0.253583
v 0.262753 0.011571 -0.253583
v 0.263913 0.019809 -0.347060
v 0.263913 0.019810 0.347060
v 0.266293 1.546309 -0.493970
v 0.266293 1.546309 0.493969
v 0.266378 0.067048 -0.494128
v 0.266378 0.067048 0.494128
v 0.267712 1.604571 -0.258369
v 0.267712 1.604571 0.258369
v 0.269198 0.081000 0.499359
v 0.269198 0.081000 -0.499359
v 0.269717 0.005333 -0.043268
v 0.269717 0.005333 0.043268
v 0.269832 0.095238 0.500535
v 0.269832 0.095238 -0.500535
v 0.269832 1.523810 0.500535
v 0.269832 0.095238 -0.500535
v 0.269832 0.095238 0.500535
v 0.269832 1.523810 -0.500535
v 0.272350 0.112429 0.505207
v 0.272350 0.112429 -0.505207
v 0.273236 0.005333 -0.000000
v 0.278037 1.571048 -0.365633
v 0.278037 1.571048 0.365633
v 0.279186 0.135619 0.517887
v 0.279186 0.135619 -0.517887
v 0.283279 1.423857 -0.525479
v 0.283279 1.423857 0.525478
v 0.285249 1.619048 -0.143228
v 0.285249 1.619048 0.143228
v 0.289260 0.165095 0.536574
v 0.289260 0.165095 -0.536574
v 0.294144 1.549714 0.386815
v 0.294144 1.549714 -0.386816
v 0.296400 0.029762 -0.389782
v 0.296400 0.029762 0.389782
v 0.296456 1.324190 -0.549921
v 0.296456 1.324190 0.549921
v 0.299494 0.011571 0.212124
v 0.299494 0.011571 -0.212124
v 0.300006 1.523810 -0.394524
v 0.300006 1.523810 0.394524
v 0.301492 0.201143 -0.559264
v 0.301492 0.201143 0.559264
v 0.303521 1.588952 -0.292928
v 0.303521 1.588952 0.292928
v 0.304458 1.619048 -0.098703
v 0.304458 1.619048 0.098703
v 0.305146 1.604571 -0.216128
v 0.305146 1.604571 0.216127
v 0.309093 1.225095 0.573363
v 0.309093 1.225095 -0.573363
v 0.314804 0.244048 0.583957
v 0.314804 0.244048 -0.583957
v 0.315494 0.019810 0.304484
v 0.315494 0.019809 -0.304484
v 0.316434 1.619048 -0.050762
v 0.316434 1.619048 0.050762
v 0.318560 1.563810 -0.418924
v 0.318560 1.563810 0.418924
v 0.318982 1.576309 0.419478
v 0.318982 1.576309 -0.419478
v 0.319022 0.041143 0.419531
v 0.319022 0.041143 -0.419531
v 0.319836 1.546309 -0.420600
v 0.319836 1.546309 0.420600
v 0.320563 1.619048 -0.000000
v 0.320563 1.619048 -0.000000
v 0.320822 1.583809 -0.421898
v 0.320822 1.583809 0.421898
v 0.320920 1.126857 0.595303
v 0.320920 1.126857 -0.595303
v 0.323084 1.523810 -0.424872
v 0.323084 1.523810 0.424872
v 0.323805 1.586310 -0.425821
v 0.323805 1.586310 0.425820
v 0.327653 1.583809 -0.430881
v 0.327653 1.583809 0.430881
v 0.328116 0.294095 0.608651
v 0.328116 0.294095 -0.608651
v 0.329308 0.011571 -0.165351
v 0.329308 0.011571 0.165351
v 0.331669 1.029762 -0.615241
v 0.331669 1.029762 0.615241
v 0.332090 1.576309 -0.436715
v 0.332090 1.576309 0.436715
v 0.332378 1.571048 -0.320778
v 0.332378 1.571048 0.320778
v 0.333543 0.053667 -0.438627
v 0.333543 0.053667 0.438627
v 0.335523 1.604571 -0.168471
v 0.335523 1.604571 0.168471
v 0.336838 1.563810 -0.442959
v 0.336838 1.563810 0.442959
v 0.340348 0.351571 -0.631341
v 0.340348 0.351571 0.631341
v 0.341068 0.934095 -0.632676
v 0.341068 0.934095 0.632676
v 0.341621 1.546309 -0.449249
v 0.341621 1.546309 0.449249
v 0.341730 0.067048 -0.449393
v 0.341730 0.067048 0.449393
v 0.345347 0.081000 0.454150
v 0.345347 0.081000 -0.454150
v 0.345963 1.588952 -0.245037
v 0.345963 1.588952 0.245037
v 0.346161 0.095238 -0.455220
v 0.346161 0.095238 0.455220
v 0.346161 1.523810 -0.455220
v 0.346161 0.095238 -0.455220
v 0.346161 0.095238 0.455220
v 0.346161 1.523810 0.455220
v 0.348848 0.840143 -0.647108
v 0.348848 0.840143 0.647108
v 0.349392 0.112429 0.459469
v 0.349392 0.112429 -0.459469
v 0.350422 0.416762 -0.650028
v 0.350422 0.416762 0.650028
v 0.351482 0.011571 0.113948
v 0.351482 0.011571 -0.113948
v 0.351634 1.549714 0.339362
v 0.351634 1.549714 -0.339362
v 0.354331 0.029762 -0.341965
v 0.354331 0.029762 0.341965
v 0.354739 0.748190 -0.658037
v 0.354739 0.748191 0.658036
v 0.357258 0.489952 -0.662708
v 0.357258 0.489952 0.662708
v 0.358116 1.604571 -0.116099
v 0.358116 1.604571 0.116098
v 0.358161 0.135619 0.471001
v 0.358161 0.135619 -0.471001
v 0.358472 0.658524 0.664961
v 0.358472 0.658524 -0.664961
v 0.358642 1.523810 -0.346125
v 0.358642 1.523810 0.346125
v 0.359610 0.019810 0.254703
v 0.359610 0.019810 -0.254703
v 0.359776 0.571429 0.667380
v 0.359776 0.571428 -0.667380
v 0.359776 0.571428 -0.667380
v 0.359776 0.571429 0.667380
v 0.363412 1.423857 -0.477905
v 0.363412 1.423857 0.477905
v 0.365309 0.011571 0.058603
v 0.365309 0.011571 -0.058603
v 0.370075 0.011571 -0.000000
v 0.370075 0.011571 -0.000000
v 0.371084 0.165095 0.487996
v 0.371084 0.165095 -0.487996
v 0.372203 1.604571 -0.059709
v 0.372203 1.604571 0.059709
v 0.377059 1.604571 -0.000000
v 0.377059 1.604571 -0.000000
v 0.378855 1.571048 -0.268333
v 0.378855 1.571048 0.268333
v 0.380316 1.324190 -0.500135
v 0.380316 1.324190 0.500135
v 0.380402 1.588952 0.191006
v 0.380402 1.588952 -0.191006
v 0.380822 1.563810 -0.367532
v 0.380822 1.563810 0.367531
v 0.381326 1.576309 -0.368018
v 0.381326 1.576309 0.368017
v 0.381374 0.041143 0.368064
v 0.381374 0.041143 -0.368064
v 0.382347 1.546309 -0.369003
v 0.382347 1.546309 0.369003
v 0.383526 1.583809 -0.370141
v 0.383526 1.583809 0.370141
v 0.386229 1.523810 -0.372750
v 0.386229 1.523810 0.372750
v 0.386777 0.201143 -0.508632
v 0.386777 0.201143 0.508632
v 0.387092 1.586310 -0.373582
v 0.387092 1.586310 0.373582
v 0.391692 1.583809 -0.378022
v 0.391692 1.583809 0.378022
v 0.395408 0.019810 0.198540
v 0.395408 0.019810 -0.198540
v 0.396527 1.225095 -0.521455
v 0.396527 1.225095 0.521454
v 0.396996 1.576309 -0.383141
v 0.396996 1.576309 0.383140
v 0.398734 0.053667 -0.384818
v 0.398734 0.053667 0.384818
v 0.400804 1.549714 0.283879
v 0.400804 1.549714 -0.283879
v 0.402672 1.563810 -0.388619
v 0.402672 1.563810 0.388618
v 0.403855 0.244048 -0.531090
v 0.403855 0.244048 0.531090
v 0.403877 0.029762 -0.286056
v 0.403877 0.029762 0.286056
v 0.406017 1.588952 -0.131628
v 0.406017 1.588952 0.131628
v 0.408389 1.546309 -0.394137
v 0.408389 1.546309 0.394136
v 0.408520 0.067048 -0.394263
v 0.408520 0.067048 0.394263
v 0.408791 1.523810 -0.289536
v 0.408791 1.523810 0.289536
v 0.411701 1.126857 -0.541409
v 0.411701 1.126857 0.541408
v 0.412845 0.081000 0.398436
v 0.412845 0.081000 -0.398436
v 0.413817 0.095238 -0.399375
v 0.413817 0.095238 0.399375
v 0.413817 1.523810 -0.399375
v 0.413817 1.523810 0.399375
v 0.416568 1.571048 -0.209165
v 0.416568 1.571048 0.209165
v 0.417679 0.112429 -0.403102
v 0.417679 0.112429 0.403102
v 0.420932 0.294095 -0.553548
v 0.420932 0.294095 0.553548
v 0.421988 1.588952 0.067695
v 0.421988 1.588952 -0.067695
v 0.422034 0.019810 0.136820
v 0.422034 0.019810 -0.136820
v 0.425490 1.029762 -0.559541
v 0.425490 1.029762 0.559541
v 0.427495 1.588952 -0.000000
v 0.427495 1.588952 -0.000000
v 0.428163 0.135619 0.413220
v 0.428163 0.135619 -0.413220
v 0.434073 1.563810 -0.307443
v 0.434073 1.563810 0.307442
v 0.434439 1.423857 -0.419277
v 0.434439 1.423857 0.419277
v 0.434647 1.576309 -0.307849
v 0.434647 1.576309 0.307849
v 0.434702 0.041143 -0.307888
v 0.434702 0.041143 0.307888
v 0.435810 1.546309 -0.308674
v 0.435810 1.546309 0.308673
v 0.436625 0.351571 -0.574184
v 0.436625 0.351571 0.574184
v 0.437155 1.583809 -0.309626
v 0.437155 1.583809 0.309625
v 0.437547 0.934095 -0.575398
v 0.437547 0.934095 0.575398
v 0.438635 0.019810 -0.070366
v 0.438635 0.019810 0.070366
v 0.440236 1.523810 -0.311808
v 0.440236 1.523810 0.311808
v 0.440702 1.549714 0.221283
v 0.440702 1.549714 -0.221283
v 0.441219 1.586310 -0.312504
v 0.441219 1.586310 0.312504
v 0.443612 0.165095 0.428130
v 0.443612 0.165095 -0.428130
v 0.444081 0.029762 -0.222980
v 0.444081 0.029762 0.222980
v 0.444358 0.019810 -0.000000
v 0.444358 0.019810 -0.000000
v 0.444619 1.571048 -0.144142
v 0.444619 1.571048 0.144142
v 0.446463 1.583809 -0.316218
v 0.446463 1.583809 0.316218
v 0.447528 0.840143 -0.588524
v 0.447528 0.840143 0.588523
v 0.449484 1.523810 -0.225693
v 0.449484 1.523810 0.225693
v 0.449548 0.416762 -0.591179
v 0.449548 0.416762 0.591179
v 0.452508 1.576309 -0.320500
v 0.452508 1.576309 0.320500
v 0.454489 0.053667 -0.321903
v 0.454489 0.053667 0.321903
v 0.454647 1.324190 -0.438780
v 0.454647 1.324190 0.438780
v 0.455086 0.748190 -0.598463
v 0.455086 0.748191 0.598462
v 0.458317 0.489952 -0.602711
v 0.458317 0.489952 0.602711
v 0.458978 1.563810 -0.325082
v 0.458978 1.563810 0.325082
v 0.459875 0.658524 -0.604760
v 0.459875 0.658524 0.604760
v 0.461548 0.571428 -0.606960
v 0.461548 0.571428 -0.606960
v 0.461548 0.571429 0.606960
v 0.461548 0.571429 0.606960
v 0.462108 1.571048 -0.074132
v 0.462108 1.571048 0.074131
v 0.462372 0.201143 -0.446235
v 0.462372 0.201143 0.446235
v 0.465495 1.546309 -0.329698
v 0.465495 1.546309 0.329698
v 0.465644 0.067048 -0.329804
v 0.465644 0.067048 0.329804
v 0.468138 1.571048 -0.000000
v 0.468138 1.571048 -0.000000
v 0.470378 1.549714 0.152493
v 0.470378 1.549714 -0.152493
v 0.470573 0.081000 0.333295
v 0.470573 0.081000 -0.333295
v 0.471682 0.095238 -0.334080
v 0.471682 0.095238 -0.334080
v 0.471682 0.095238 0.334080
v 0.471682 0.095238 0.334080
v 0.471682 1.523810 -0.334080
v 0.471682 1.523810 0.334080
v 0.473985 0.029762 -0.153663
v 0.473985 0.029762 0.153663
v 0.474028 1.225095 0.457484
v 0.474028 1.225095 -0.457484
v 0.476084 0.112429 0.337198
v 0.476084 0.112429 -0.337198
v 0.477283 1.563810 -0.239651
v 0.477283 1.563810 0.239651
v 0.477914 1.576309 -0.239968
v 0.477914 1.576309 0.239968
v 0.477974 0.041143 -0.239998
v 0.477974 0.041143 0.239998
v 0.479193 1.546309 -0.240611
v 0.479193 1.546309 0.240610
v 0.479751 1.523810 -0.155532
v 0.479751 1.523810 0.155532
v 0.480671 1.583809 -0.241353
v 0.480671 1.583809 0.241353
v 0.482787 0.244048 -0.465938
v 0.482787 0.244048 0.465937
v 0.484060 1.523810 -0.243054
v 0.484060 1.523810 0.243054
v 0.485140 1.586310 -0.243597
v 0.485140 1.586310 0.243597
v 0.488034 0.135619 0.345662
v 0.488034 0.135619 -0.345662
v 0.488881 1.549714 0.078426
v 0.488881 1.549714 -0.078426
v 0.490906 1.583809 -0.246492
v 0.490906 1.583809 0.246492
v 0.492167 1.126857 -0.474990
v 0.492167 1.126857 0.474990
v 0.492630 0.029762 -0.079028
v 0.492630 0.029762 0.079028
v 0.495187 1.423857 -0.350729
v 0.495187 1.423857 0.350728
v 0.495260 1.549714 -0.000000
v 0.495260 1.549714 -0.000000
v 0.497553 1.576309 -0.249829
v 0.497553 1.576309 0.249829
v 0.498623 1.523810 -0.079989
v 0.498623 1.523810 0.079989
v 0.499058 0.029762 -0.000000
v 0.499058 0.029762 -0.000000
v 0.499731 0.053667 -0.250923
v 0.499731 0.053667 0.250923
v 0.503202 0.294095 -0.485640
v 0.503202 0.294095 0.485640
v 0.504667 1.563810 -0.253401
v 0.504667 1.563810 0.253401
v 0.505129 1.523810 -0.000000
v 0.505129 1.523810 -0.000000
v 0.505643 0.165095 0.358134
v 0.505643 0.165095 -0.358134
v 0.508651 1.029762 -0.490899
v 0.508651 1.029762 0.490899
v 0.509422 1.563810 -0.165151
v 0.509422 1.563810 0.165151
v 0.510096 1.576309 -0.165369
v 0.510096 1.576309 0.165369
v 0.510160 0.041143 0.165390
v 0.510160 0.041143 -0.165390
v 0.511461 1.546309 -0.165812
v 0.511461 1.546309 0.165812
v 0.511832 1.546309 -0.256999
v 0.511832 1.546309 0.256999
v 0.511997 0.067048 -0.257082
v 0.511997 0.067048 0.257082
v 0.513039 1.583809 -0.166323
v 0.513039 1.583809 0.166323
v 0.516655 1.523810 -0.167496
v 0.516655 1.523810 0.167496
v 0.517416 0.081000 0.259803
v 0.517416 0.081000 -0.259803
v 0.517808 1.586310 -0.167870
v 0.517808 1.586310 0.167870
v 0.518221 1.324190 -0.367043
v 0.518221 1.324190 0.367042
v 0.518635 0.095238 0.260415
v 0.518635 0.095238 -0.260415
v 0.518635 0.095238 -0.260415
v 0.518635 0.095238 0.260415
v 0.518635 1.523810 -0.260415
v 0.518635 1.523810 0.260415
v 0.521961 0.351571 -0.503745
v 0.521961 0.351571 0.503745
v 0.523065 0.934095 -0.504810
v 0.523065 0.934095 0.504810
v 0.523476 0.112429 0.262845
v 0.523476 0.112429 -0.262845
v 0.523962 1.583809 -0.169865
v 0.523962 1.583809 0.169865
v 0.527026 0.201143 -0.373279
v 0.527026 0.201143 0.373279
v 0.529461 1.563810 -0.084936
v 0.529461 1.563810 0.084936
v 0.530161 1.576309 -0.085048
v 0.530161 1.576309 0.085048
v 0.530228 0.041143 -0.085059
v 0.530228 0.041143 0.085059
v 0.531057 1.576309 -0.172165
v 0.531057 1.576309 0.172165
v 0.531580 1.546309 -0.085276
v 0.531580 1.546309 0.085276
v 0.533220 1.583809 -0.085539
v 0.533220 1.583809 0.085539
v 0.533382 0.053667 -0.172918
v 0.533382 0.053667 0.172918
v 0.534997 0.840143 -0.516326
v 0.534997 0.840143 0.516325
v 0.536369 1.563810 -0.000000
v 0.536369 1.563810 -0.000000
v 0.536615 0.135619 0.269443
v 0.536615 0.135619 -0.269443
v 0.536979 1.523810 -0.086142
v 0.536979 1.523810 0.086142
v 0.537078 1.576309 -0.000000
v 0.537078 1.576309 -0.000000
v 0.537146 0.041143 -0.000000
v 0.537146 0.041143 -0.000000
v 0.537411 0.416762 -0.518655
v 0.537411 0.416762 0.518655
v 0.538177 1.586310 -0.086334
v 0.538177 1.586310 0.086334
v 0.538516 1.546309 -0.000000
v 0.538516 1.546309 -0.000000
v 0.538650 1.563810 -0.174627
v 0.538650 1.563810 0.174626
v 0.540177 1.583809 -0.000000
v 0.540177 1.583809 -0.000000
v 0.540311 1.225095 -0.382689
v 0.540311 1.225095 0.382689
v 0.543985 1.523810 -0.000000
v 0.543985 1.523810 -0.000000
v 0.544032 0.748190 -0.525045
v 0.544032 0.748191 0.525045
v 0.544481 1.423857 -0.273392
v 0.544481 1.423857 0.273392
v 0.544573 1.583809 -0.087360
v 0.544573 1.583809 0.087360
v 0.545199 1.586310 -0.000000
v 0.545199 1.586310 -0.000000
v 0.546298 1.546309 -0.177106
v 0.546298 1.546309 0.177106
v 0.546474 0.067048 -0.177163
v 0.546474 0.067048 0.177163
v 0.547894 0.489952 -0.528773
v 0.547894 0.489952 0.528772
v 0.549756 0.658524 -0.530570
v 0.549756 0.658524 0.530570
v 0.550295 0.244048 -0.389760
v 0.550295 0.244048 0.389760
v 0.551679 1.583809 -0.000000
v 0.551679 1.583809 -0.000000
v 0.551756 0.571428 -0.532500
v 0.551756 0.571428 -0.532500
v 0.551756 0.571429 0.532500
v 0.551756 0.571429 0.532500
v 0.551947 1.576309 -0.088543
v 0.551947 1.576309 0.088543
v 0.552258 0.081000 0.179038
v 0.552258 0.081000 -0.179038
v 0.553559 0.095238 -0.179460
v 0.553559 0.095238 -0.179460
v 0.553559 0.095238 0.179460
v 0.553559 0.095238 0.179460
v 0.553559 1.523810 -0.179460
v 0.553559 1.523810 0.179460
v 0.554363 0.053667 -0.088931
v 0.554363 0.053667 0.088931
v 0.555977 0.165095 0.279165
v 0.555977 0.165095 -0.279165
v 0.558726 0.112429 0.181135
v 0.558726 0.112429 -0.181135
v 0.559149 1.576309 -0.000000
v 0.559838 1.563810 -0.089809
v 0.559838 1.563810 0.089809
v 0.560987 1.126857 -0.397332
v 0.560987 1.126857 0.397332
v 0.561597 0.053667 -0.000000
v 0.561597 0.053667 -0.000000
v 0.567143 1.563810 -0.000000
v 0.567143 1.563810 -0.000000
v 0.567788 1.546309 -0.091085
v 0.567788 1.546309 0.091084
v 0.567970 0.067048 -0.091114
v 0.567970 0.067048 0.091114
v 0.569807 1.324190 -0.286109
v 0.569807 1.324190 0.286109
v 0.572749 0.135619 0.185681
v 0.572749 0.135619 -0.185681
v 0.573565 0.294095 -0.406241
v 0.573565 0.294095 0.406241
v 0.573982 0.081000 0.092078
v 0.573982 0.081000 -0.092078
v 0.575196 1.546309 -0.000000
v 0.575196 1.546309 -0.000000
v 0.575334 0.095238 -0.092295
v 0.575334 0.095238 0.092295
v 0.575334 0.095238 0.092295
v 0.575334 0.095238 -0.092295
v 0.575334 1.523810 -0.092295
v 0.575334 1.523810 0.092295
v 0.575381 0.067048 -0.000000
v 0.575381 0.067048 -0.000000
v 0.579489 0.201143 -0.290970
v 0.579489 0.201143 0.290970
v 0.579775 1.029762 -0.410640
v 0.579775 1.029762 0.410640
v 0.580704 0.112429 0.093156
v 0.580704 0.112429 -0.093156
v 0.581145 1.423857 -0.188403
v 0.581145 1.423857 0.188403
v 0.581472 0.081000 -0.000000
v 0.581472 0.081000 -0.000000
v 0.582841 0.095238 -0.000000
v 0.582841 0.095238 -0.000000
v 0.582841 1.523810 -0.000000
v 0.582841 1.523810 -0.000000
v 0.588281 0.112429 -0.000000
v 0.588281 0.112429 -0.000000
v 0.593415 0.165095 -0.192381
v 0.593415 0.165095 0.192381
v 0.594097 1.225095 -0.298305
v 0.594097 1.225095 0.298305
v 0.594948 0.351571 -0.421386
v 0.594948 0.351571 0.421386
v 0.595279 0.135619 0.095494
v 0.595279 0.135619 -0.095495
v 0.596206 0.934095 -0.422277
v 0.596206 0.934095 0.422277
v 0.603046 0.135619 -0.000000
v 0.603046 0.135619 -0.000000
v 0.604005 1.423857 -0.096894
v 0.604005 1.423857 0.096894
v 0.605075 0.244048 -0.303818
v 0.605075 0.244048 0.303817
v 0.608177 1.324190 -0.197167
v 0.608177 1.324190 0.197167
v 0.609806 0.840143 -0.431910
v 0.609806 0.840143 0.431910
v 0.611886 1.423857 -0.000000
v 0.611886 1.423857 -0.000000
v 0.612557 0.416762 -0.433859
v 0.612557 0.416762 0.433858
v 0.616758 0.165095 0.098940
v 0.616758 0.165095 -0.098940
v 0.616830 1.126857 -0.309720
v 0.616830 1.126857 0.309720
v 0.618510 0.201143 -0.200517
v 0.618510 0.201143 0.200517
v 0.620104 0.748190 -0.439204
v 0.620104 0.748191 0.439204
v 0.624507 0.489952 -0.442322
v 0.624507 0.489952 0.442322
v 0.624806 0.165095 -0.000000
v 0.624806 0.165095 -0.000000
v 0.626629 0.658524 -0.443825
v 0.626629 0.658524 0.443825
v 0.628909 0.571428 -0.445440
v 0.628909 0.571428 -0.445440
v 0.628909 0.571429 0.445440
v 0.628909 0.571429 0.445440
v 0.630661 0.294095 -0.316665
v 0.630661 0.294095 0.316665
v 0.632101 1.324190 -0.101402
v 0.632101 1.324190 0.101401
v 0.634102 1.225095 -0.205571
v 0.634102 1.225095 0.205571
v 0.637489 1.029762 -0.320094
v 0.637489 1.029762 0.320094
v 0.640348 1.324190 -0.000000
v 0.640348 1.324190 -0.000000
v 0.642840 0.201143 -0.103124
v 0.642840 0.201143 0.103124
v 0.645819 0.244048 -0.209370
v 0.645819 0.244048 0.209370
v 0.651228 0.201143 -0.000000
v 0.651228 0.201143 -0.000000
v 0.654172 0.351571 -0.328470
v 0.654172 0.351571 0.328470
v 0.655555 0.934095 -0.329165
v 0.655555 0.934095 0.329164
v 0.658367 1.126857 -0.213438
v 0.658367 1.126857 0.213438
v 0.659045 1.225095 -0.105724
v 0.659045 1.225095 0.105724
v 0.660553 0.380952 -0.000000
v 0.660553 0.380952 -0.000000
v 0.660553 0.395619 0.066825
v 0.660553 0.395619 -0.066825
v 0.660553 0.435429 -0.118800
v 0.660553 0.435429 0.118800
v 0.660553 0.494095 0.155925
v 0.660553 0.494095 -0.155925
v 0.660553 0.565333 -0.178200
v 0.660553 0.565333 0.178200
v 0.660553 0.642857 -0.185625
v 0.660553 0.642857 0.185625
v 0.660553 0.720381 -0.178200
v 0.660553 0.720381 0.178200
v 0.660553 0.791619 0.155925
v 0.660553 0.791619 -0.155925
v 0.660553 0.850286 -0.118800
v 0.660553 0.850286 0.118800
v 0.660553 0.890095 0.066825
v 0.660553 0.890095 -0.066825
v 0.660553 0.904762 -0.000000
v 0.660553 0.904762 -0.000000
v 0.667645 1.225095 -0.000000
v 0.667645 1.225095 -0.000000
v 0.670509 0.840143 -0.336673
v 0.670509 0.840143 0.336673
v 0.671223 0.244048 -0.107678
v 0.671223 0.244048 0.107677
v 0.673128 0.294095 -0.218223
v 0.673128 0.294095 0.218223
v 0.673534 0.416762 -0.338192
v 0.673534 0.416762 0.338192
v 0.679981 0.244048 -0.000000
v 0.679981 0.244048 -0.000000
v 0.680417 1.029762 -0.220586
v 0.680417 1.029762 0.220586
v 0.681832 0.748190 -0.342359
v 0.681832 0.748190 0.342359
v 0.684264 1.126857 -0.109770
v 0.684264 1.126857 0.109770
v 0.686673 0.489952 -0.344790
v 0.686673 0.489952 0.344790
v 0.689007 0.658524 -0.345962
v 0.689007 0.658524 0.345961
v 0.691514 0.571429 -0.347220
v 0.691514 0.571429 -0.347220
v 0.691514 0.571429 0.347220
v 0.691514 0.571429 0.347220
v 0.693192 1.126857 -0.000000
v 0.693192 1.126857 -0.000000
v 0.698223 0.351571 -0.226359
v 0.698223 0.351571 0.226359
v 0.699606 0.294095 -0.112231
v 0.699606 0.294095 0.112231
v 0.699699 0.934095 -0.226838
v 0.699699 0.934095 0.226837
v 0.707182 1.029762 -0.113446
v 0.707182 1.029762 0.113446
v 0.708735 0.294095 -0.000000
v 0.708735 0.294095 -0.000000
v 0.715660 0.840143 -0.232012
v 0.715660 0.840143 0.232012
v 0.716409 1.029762 -0.000000
v 0.716409 1.029762 -0.000000
v 0.718889 0.416762 -0.233059
v 0.718889 0.416762 0.233059
v 0.725688 0.351571 -0.116415
v 0.725688 0.351571 0.116415
v 0.727223 0.934095 -0.116661
v 0.727223 0.934095 0.116661
v 0.727746 0.748190 -0.235930
v 0.727746 0.748190 0.235930
v 0.732912 0.489952 -0.237605
v 0.732912 0.489952 0.237605
v 0.735157 0.351571 -0.000000
v 0.735157 0.351571 -0.000000
v 0.735403 0.658524 -0.238413
v 0.735403 0.658524 0.238413
v 0.736711 0.934095 -0.000000
v 0.736711 0.934095 -0.000000
v 0.738079 0.571429 -0.239280
v 0.738079 0.571429 -0.239280
v 0.738079 0.571429 0.239280
v 0.738079 0.571429 0.239280
v 0.743811 0.840143 -0.119322
v 0.743811 0.840143 0.119322
v 0.747167 0.416762 -0.119861
v 0.747167 0.416762 0.119860
v 0.752215 0.916952 -0.000000
v 0.752215 0.916952 -0.000000
v 0.753516 0.840143 -0.000000
v 0.753516 0.840143 -0.000000
v 0.753572 0.903632 -0.065663
v 0.753572 0.903632 0.065662
v 0.756373 0.748190 -0.121337
v 0.756373 0.748190 0.121337
v 0.756916 0.416762 -0.000000
v 0.756916 0.416762 -0.000000
v 0.757258 0.867478 -0.116734
v 0.757258 0.867478 0.116734
v 0.761742 0.489952 -0.122199
v 0.761742 0.489952 0.122199
v 0.762689 0.814198 -0.153213
v 0.762689 0.814198 0.153213
v 0.764331 0.658524 -0.122614
v 0.764331 0.658524 0.122614
v 0.766242 0.748190 -0.000000
v 0.766242 0.748190 -0.000000
v 0.767112 0.571429 -0.123060
v 0.767112 0.571429 0.123060
v 0.767112 0.571429 0.123060
v 0.769284 0.749501 -0.175100
v 0.769284 0.749501 0.175100
v 0.771682 0.489952 -0.000000
v 0.771682 0.489952 -0.000000
v 0.774305 0.658524 -0.000000
v 0.774305 0.658524 -0.000000
v 0.776461 0.679095 -0.182396
v 0.776461 0.679095 0.182396
v 0.777122 0.571429 -0.000000
v 0.777122 0.571429 -0.000000
v 0.783638 0.608689 -0.175100
v 0.783638 0.608689 0.175100
v 0.790233 0.543992 -0.153213
v 0.790233 0.543992 0.153213
v 0.795664 0.490712 0.116734
v 0.795664 0.490712 -0.116734
v 0.799350 0.454558 0.065662
v 0.799350 0.454558 -0.065663
v 0.800707 0.441238 -0.000000
v 0.800707 0.441238 -0.000000
v 0.820330 0.950857 -0.000000
v 0.820330 0.950857 -0.000000
v 0.822575 0.939124 -0.062508
v 0.822575 0.939124 0.062508
v 0.828670 0.907276 -0.111125
v 0.828670 0.907276 0.111125
v 0.837652 0.860343 -0.145851
v 0.837652 0.860343 0.145851
v 0.848560 0.803352 -0.166687
v 0.848560 0.803352 0.166687
v 0.860429 0.741333 -0.173633
v 0.860429 0.741333 0.173632
v 0.869327 1.002476 -0.000000
v 0.869327 1.002476 -0.000000
v 0.872108 0.992489 -0.057858
v 0.872108 0.992489 0.057858
v 0.872298 0.679314 -0.166687
v 0.872298 0.679314 0.166687
v 0.879656 0.965383 -0.102859
v 0.879656 0.965383 0.102859
v 0.883206 0.622324 -0.145851
v 0.883206 0.622324 0.145851
v 0.890779 0.925436 -0.135003
v 0.890779 0.925436 0.135003
v 0.892188 0.575390 -0.111125
v 0.892188 0.575390 0.111125
v 0.898283 0.543543 -0.062508
v 0.898283 0.543543 0.062508
v 0.900528 0.531810 -0.000000
v 0.900528 0.531810 -0.000000
v 0.903637 1.067809 -0.000000
v 0.903637 1.067809 -0.000000
v 0.904286 0.876929 -0.154289
v 0.904286 0.876929 0.154289
v 0.906718 1.059649 -0.052213
v 0.906718 1.059649 0.052213
v 0.915081 1.037501 -0.092822
v 0.915081 1.037501 0.092822
v 0.918985 0.824143 -0.160718
v 0.918985 0.824143 0.160717
v 0.927406 1.004861 -0.121829
v 0.927406 1.004861 0.121829
v 0.927689 1.142857 -0.000000
v 0.927689 1.142857 -0.000000
v 0.930953 1.136524 0.046069
v 0.930953 1.136524 -0.046069
v 0.933684 0.771356 -0.154289
v 0.933684 0.771356 0.154289
v 0.939812 1.119333 -0.081900
v 0.939812 1.119333 0.081900
v 0.942371 0.965227 -0.139234
v 0.942371 0.965227 0.139234
v 0.945912 1.223619 -0.000000
v 0.945912 1.223619 -0.000000
v 0.947191 0.722849 -0.135003
v 0.947191 0.722849 0.135003
v 0.949359 1.219032 0.039925
v 0.949359 1.219032 -0.039925
v 0.952868 1.094000 -0.107494
v 0.952868 1.094000 0.107494
v 0.958314 0.682903 -0.102859
v 0.958314 0.682903 0.102859
v 0.958657 0.922095 -0.145035
v 0.958657 0.922095 0.145035
v 0.958714 1.206583 0.070978
v 0.958714 1.206583 -0.070978
v 0.962737 1.306095 -0.000000
v 0.962737 1.306095 -0.000000
v 0.965862 0.655796 -0.057858
v 0.965862 0.655796 0.057858
v 0.966484 1.303095 -0.034279
v 0.966484 1.303095 0.034279
v 0.968643 0.645810 -0.000000
v 0.968643 0.645810 -0.000000
v 0.968721 1.063238 -0.122850
v 0.968721 1.063238 0.122850
v 0.972501 1.188236 0.093158
v 0.972501 1.188236 -0.093158
v 0.974943 0.878964 -0.139234
v 0.974943 0.878964 0.139234
v 0.976655 1.294952 0.060941
v 0.976655 1.294952 -0.060941
v 0.982592 1.386286 -0.000000
v 0.985973 1.029762 -0.127969
v 0.985973 1.029762 0.127969
v 0.986875 1.384632 -0.029630
v 0.986875 1.384632 0.029630
v 0.989242 1.165958 -0.106466
v 0.989242 1.165958 0.106466
v 0.989909 0.839329 -0.121829
v 0.989909 0.839329 0.121829
v 0.991642 1.282952 -0.079985
v 0.991642 1.282952 0.079985
v 0.998498 1.380145 -0.052675
v 0.998498 1.380145 0.052675
v 1.002233 0.806689 -0.092822
v 1.002233 0.806689 0.092822
v 1.003225 0.996286 -0.122850
v 1.003225 0.996286 0.122850
v 1.007460 1.141714 -0.110903
v 1.007460 1.141714 0.110902
v 1.009842 1.268381 -0.091411
v 1.009842 1.268381 0.091411
v 1.009908 1.460190 -0.000000
v 1.009908 1.460190 -0.000000
v 1.010596 0.784541 -0.052213
v 1.010596 0.784541 0.052213
v 1.013677 0.776381 -0.000000
v 1.013677 0.776381 -0.000000
v 1.015079 1.459564 0.026475
v 1.015079 1.459564 -0.026475
v 1.015627 1.373531 -0.069136
v 1.015627 1.373531 0.069136
v 1.019078 0.965524 -0.107494
v 1.019078 0.965524 0.107494
v 1.025679 1.117470 -0.106466
v 1.025679 1.117470 0.106466
v 1.029111 1.457863 0.047066
v 1.029111 1.457863 -0.047066
v 1.029647 1.252524 0.095220
v 1.029647 1.252524 -0.095220
v 1.032134 0.940190 -0.081900
v 1.032134 0.940190 0.081900
v 1.036426 1.365501 -0.079013
v 1.036426 1.365501 0.079013
v 1.040993 0.923000 0.046069
v 1.040993 0.923000 -0.046069
v 1.042420 1.095192 0.093158
v 1.042420 1.095192 -0.093158
v 1.044257 0.916667 -0.000000
v 1.044257 0.916667 -0.000000
v 1.049114 1.523810 -0.000000
v 1.049114 1.523810 -0.000000
v 1.049114 1.523810 -0.000000
v 1.049453 1.236667 -0.091411
v 1.049453 1.236667 0.091411
v 1.049791 1.455356 0.061774
v 1.049791 1.455356 -0.061775
v 1.055642 1.523810 0.025312
v 1.055642 1.523810 -0.025313
v 1.055642 1.523810 -0.025313
v 1.055642 1.523810 0.025312
v 1.056206 1.076846 0.070978
v 1.056206 1.076846 -0.070978
v 1.059061 1.356762 -0.082305
v 1.059061 1.356762 0.082305
v 1.060693 1.536667 -0.000000
v 1.065562 1.064396 0.039925
v 1.065562 1.064396 -0.039925
v 1.067535 1.536766 -0.025029
v 1.067535 1.536766 0.025029
v 1.067652 1.222095 -0.079985
v 1.067652 1.222095 0.079985
v 1.069008 1.059809 -0.000000
v 1.069008 1.059809 -0.000000
v 1.071806 1.546667 -0.000000
v 1.073360 1.523810 0.045000
v 1.073360 1.523810 -0.045000
v 1.073360 1.523810 -0.045000
v 1.073360 1.523810 0.045000
v 1.074903 1.452312 0.070600
v 1.074903 1.452312 -0.070600
v 1.078786 1.546858 -0.024260
v 1.078786 1.546858 0.024259
v 1.081696 1.348023 -0.079013
v 1.081696 1.348023 0.079013
v 1.081986 1.553809 -0.000000
v 1.081986 1.553809 -0.000000
v 1.082640 1.210095 0.060941
v 1.082640 1.210095 -0.060941
v 1.086104 1.537034 -0.044496
v 1.086104 1.537034 0.044496
v 1.087970 1.523810 -0.000000
v 1.088952 1.554082 -0.023126
v 1.088952 1.554082 0.023125
v 1.090768 1.558095 -0.000000
v 1.092322 1.523810 -0.015188
v 1.092322 1.523810 0.015187
v 1.092811 1.201952 0.034279
v 1.092811 1.201952 -0.034279
v 1.096557 1.198952 -0.000000
v 1.096557 1.198952 -0.000000
v 1.097373 1.536667 -0.000000
v 1.097373 1.536667 -0.000000
v 1.097587 1.558431 -0.021749
v 1.097587 1.558431 0.021748
v 1.097684 1.559524 -0.000000
v 1.097684 1.559524 -0.000000
v 1.097733 1.547380 -0.043128
v 1.097733 1.547380 0.043128
v 1.099472 1.523810 0.059062
v 1.099472 1.523810 -0.059063
v 1.099472 1.523810 -0.059063
v 1.099472 1.523810 0.059062
v 1.102219 1.536837 -0.015471
v 1.102219 1.536837 0.015471
v 1.102230 1.449000 0.073541
v 1.102230 1.449000 -0.073541
v 1.102269 1.558095 -0.000000
v 1.102269 1.558095 -0.000000
v 1.102495 1.339992 -0.069136
v 1.102495 1.339992 0.069136
v 1.102580 1.546667 -0.000000
v 1.102580 1.546667 -0.000000
v 1.104057 1.553809 -0.000000
v 1.104057 1.553809 -0.000000
v 1.104134 1.523810 -0.027000
v 1.104134 1.523810 0.027000
v 1.104246 1.559899 -0.020250
v 1.104246 1.559899 0.020250
v 1.107860 1.554823 -0.041112
v 1.107860 1.554823 0.041112
v 1.107915 1.546955 -0.016241
v 1.107915 1.546955 0.016240
v 1.108484 1.558479 -0.018752
v 1.108484 1.558479 0.018751
v 1.109855 1.554166 -0.017375
v 1.109855 1.554166 0.017374
v 1.113470 1.537430 -0.058401
v 1.113470 1.537430 0.058401
v 1.115373 1.537302 -0.027504
v 1.115373 1.537302 0.027504
v 1.116097 1.559343 -0.038664
v 1.116097 1.559343 0.038664
v 1.119625 1.333379 -0.052675
v 1.119625 1.333379 0.052675
v 1.121542 1.523810 -0.035438
v 1.121542 1.523810 0.035437
v 1.122057 1.560917 -0.036000
v 1.122057 1.560917 0.036000
v 1.122397 1.547736 -0.028872
v 1.122397 1.547736 0.028872
v 1.125352 1.559521 0.033336
v 1.125352 1.559521 -0.033336
v 1.125594 1.555135 -0.030888
v 1.125594 1.555135 0.030888
v 1.125655 1.548148 -0.056606
v 1.125655 1.548148 0.056605
v 1.129558 1.445688 0.070600
v 1.129558 1.445688 -0.070600
v 1.131178 1.523810 -0.067500
v 1.131178 1.523810 -0.067500
v 1.131178 1.523810 0.067500
v 1.131248 1.328891 -0.029630
v 1.131248 1.328891 0.029630
v 1.134758 1.537986 -0.036099
v 1.134758 1.537986 0.036099
v 1.135530 1.327238 -0.000000
v 1.135724 1.555915 -0.053960
v 1.135724 1.555915 0.053959
v 1.142679 1.523810 -0.040500
v 1.142679 1.523810 0.040500
v 1.143375 1.560687 -0.050747
v 1.143375 1.560687 0.050746
v 1.143739 1.548888 -0.037895
v 1.143739 1.548888 0.037894
v 1.146700 1.537911 -0.066744
v 1.146700 1.537911 0.066744
v 1.148304 1.562416 -0.047250
v 1.148304 1.562416 0.047250
v 1.148789 1.556564 -0.040541
v 1.148789 1.556564 0.040540
v 1.150209 1.561058 -0.043754
v 1.150209 1.561058 0.043753
v 1.154669 1.442644 0.061774
v 1.154669 1.442644 -0.061775
v 1.158296 1.538816 0.041256
v 1.158296 1.538816 -0.041256
v 1.159560 1.549080 -0.064692
v 1.159560 1.549080 0.064692
v 1.165682 1.523810 -0.070313
v 1.165682 1.523810 -0.070313
v 1.165682 1.523810 -0.042188
v 1.165682 1.523810 0.042187
v 1.165682 1.523810 0.070312
v 1.169559 1.557241 -0.061668
v 1.169559 1.557241 0.061668
v 1.169654 1.550287 -0.043308
v 1.169654 1.550287 0.043308
v 1.175349 1.440137 0.047066
v 1.175349 1.440137 -0.047066
v 1.176497 1.562319 -0.057996
v 1.176497 1.562319 0.057996
v 1.176953 1.558298 -0.046332
v 1.176953 1.558298 0.046332
v 1.180176 1.564238 -0.054000
v 1.180176 1.564238 0.054000
v 1.180394 1.562922 0.050004
v 1.180394 1.562922 -0.050004
v 1.182861 1.538434 -0.069525
v 1.182861 1.538434 0.069525
v 1.183910 1.539720 0.042975
v 1.183910 1.539720 -0.042975
v 1.188685 1.523810 -0.040500
v 1.188685 1.523810 0.040500
v 1.189382 1.438436 0.026475
v 1.189382 1.438436 -0.026475
v 1.194552 1.437809 -0.000000
v 1.194552 1.437809 -0.000000
v 1.196456 1.550095 -0.067388
v 1.196456 1.550095 0.067387
v 1.197855 1.551809 -0.045113
v 1.197855 1.551809 0.045112
v 1.200186 1.523810 -0.067500
v 1.200186 1.523810 -0.067500
v 1.200186 1.523810 0.067500
v 1.206379 1.558684 -0.064238
v 1.206379 1.558684 0.064237
v 1.207603 1.560185 -0.048263
v 1.207603 1.560185 0.048262
v 1.209526 1.540624 0.041256
v 1.209526 1.540624 -0.041256
v 1.209823 1.523810 -0.035438
v 1.209823 1.523810 0.035437
v 1.212543 1.564095 0.060412
v 1.212543 1.564095 -0.060413
v 1.213242 1.564952 0.052087
v 1.213242 1.564952 -0.052088
v 1.214859 1.566220 -0.056250
v 1.214859 1.566220 0.056250
v 1.219024 1.538958 -0.066744
v 1.219024 1.538958 0.066744
v 1.226057 1.553332 -0.043308
v 1.226057 1.553332 0.043308
v 1.227230 1.523810 -0.027000
v 1.227230 1.523810 0.027000
v 1.231893 1.523810 -0.059063
v 1.231893 1.523810 0.059062
v 1.231893 1.523810 -0.059063
v 1.233064 1.541455 -0.036099
v 1.233064 1.541455 0.036099
v 1.233353 1.551110 -0.064692
v 1.233353 1.551110 0.064692
v 1.238253 1.562072 -0.046332
v 1.238253 1.562072 0.046332
v 1.239043 1.523810 -0.015188
v 1.239043 1.523810 0.015187
v 1.243199 1.560127 -0.061668
v 1.243199 1.560127 0.061668
v 1.243394 1.523810 -0.000000
v 1.246090 1.566982 0.050004
v 1.246090 1.566982 -0.050004
v 1.248588 1.565871 -0.057996
v 1.248588 1.565871 0.057996
v 1.249543 1.568202 -0.054000
v 1.249543 1.568202 0.054000
v 1.251972 1.554731 -0.037895
v 1.251972 1.554731 0.037894
v 1.252253 1.539439 -0.058401
v 1.252253 1.539439 0.058401
v 1.252448 1.542138 -0.027504
v 1.252448 1.542138 0.027504
v 1.258004 1.523810 -0.045000
v 1.258004 1.523810 0.045000
v 1.258004 1.523810 -0.045000
v 1.265602 1.542602 -0.015471
v 1.265602 1.542602 0.015471
v 1.266418 1.563806 -0.040541
v 1.266418 1.563806 0.040540
v 1.267258 1.552042 -0.056606
v 1.267258 1.552042 0.056605
v 1.270448 1.542774 -0.000000
v 1.270448 1.542774 -0.000000
v 1.273313 1.555882 -0.028872
v 1.273313 1.555882 0.028872
v 1.275723 1.523810 -0.025313
v 1.275723 1.523810 0.025312
v 1.275723 1.523810 -0.025313
v 1.276275 1.568847 -0.043754
v 1.276275 1.568847 0.043753
v 1.277035 1.561453 -0.053960
v 1.277035 1.561453 0.053959
v 1.279619 1.539835 -0.044496
v 1.279619 1.539835 0.044496
v 1.281415 1.570023 -0.047250
v 1.281415 1.570024 0.047250
v 1.281711 1.567503 -0.050747
v 1.281711 1.567503 0.050746
v 1.282251 1.523810 -0.000000
v 1.282251 1.523810 -0.000000
v 1.287795 1.556664 -0.016241
v 1.287795 1.556664 0.016240
v 1.289612 1.565234 -0.030888
v 1.289612 1.565234 0.030888
v 1.293130 1.556952 -0.000000
v 1.293130 1.556952 -0.000000
v 1.295179 1.552811 -0.043128
v 1.295179 1.552811 0.043128
v 1.298189 1.540103 -0.025029
v 1.298189 1.540103 0.025029
v 1.301133 1.570383 0.033336
v 1.301133 1.570383 -0.033336
v 1.304898 1.562545 -0.041112
v 1.304898 1.562545 0.041112
v 1.305030 1.540202 -0.000000
v 1.305351 1.566202 -0.017375
v 1.305351 1.566202 0.017374
v 1.307662 1.571524 -0.036000
v 1.307662 1.571524 0.036000
v 1.308989 1.568847 -0.038664
v 1.308989 1.568847 0.038664
v 1.311150 1.566559 -0.000000
v 1.311150 1.566559 -0.000000
v 1.314126 1.553332 -0.024260
v 1.314126 1.553332 0.024259
v 1.318000 1.571425 -0.018752
v 1.318000 1.571425 0.018751
v 1.321107 1.553524 -0.000000
v 1.323806 1.563286 -0.023126
v 1.323806 1.563286 0.023125
v 1.324215 1.571809 -0.000000
v 1.324215 1.571809 -0.000000
v 1.325473 1.572541 -0.020250
v 1.325473 1.572541 0.020250
v 1.327498 1.569759 -0.021749
v 1.327498 1.569759 0.021748
v 1.330772 1.563559 -0.000000
v 1.332035 1.572917 -0.000000
v 1.332035 1.572917 -0.000000
v 1.334318 1.570095 -0.000000
vn -0.9687 -0.2355 0.0788
vn -0.9429 -0.2353 0.2356
vn -0.8925 -0.2349 0.3850
vn -0.8198 -0.2341 0.5226
vn -0.7278 -0.2330 0.6450
vn -0.6192 -0.2318 0.7502
vn -0.4967 -0.2306 0.8367
vn -0.3629 -0.2294 0.9032
vn -0.2206 -0.2284 0.9482
vn -0.0736 -0.2278 0.9709
vn -0.9893 -0.1214 0.0805
vn -0.9630 -0.1213 0.2406
vn -0.9114 -0.1211 0.3932
vn -0.9115 -0.1210 0.3932
vn -0.8371 -0.1206 0.5336
vn -0.7430 -0.1201 0.6584
vn -0.6320 -0.1194 0.7657
vn -0.5069 -0.1187 0.8538
vn -0.3702 -0.1181 0.9214
vn -0.2251 -0.1176 0.9672
vn -0.2250 -0.1176 0.9672
vn -0.0750 -0.1172 0.9903
vn -0.9951 0.0565 0.0809
vn -0.9951 0.0564 0.0809
vn -0.9686 0.0564 0.2420
vn -0.9167 0.0563 0.3955
vn -0.8419 0.0561 0.5366
vn -0.8419 0.0561 0.5367
vn -0.7472 0.0559 0.6622
vn -0.7472 0.0558 0.6622
vn -0.6356 0.0555 0.7700
vn -0.5097 0.0552 0.8586
vn -0.3723 0.0549 0.9265
vn -0.2263 0.0547 0.9725
vn -0.0754 0.0545 0.9957
vn -0.9216 0.3808 0.0750
vn -0.8972 0.3805 0.2241
vn -0.8494 0.3799 0.3664
vn -0.7804 0.3788 0.4975
vn -0.7804 0.3788 0.4974
vn -0.6931 0.3772 0.6143
vn -0.6931 0.3772 0.6142
vn -0.5900 0.3754 0.7148
vn -0.4735 0.3736 0.7976
vn -0.3461 0.3718 0.8614
vn -0.3461 0.3719 0.8614
vn -0.2105 0.3703 0.9047
vn -0.2105 0.3704 0.9047
vn -0.0702 0.3694 0.9266
vn -0.0702 0.3695 0.9266
vn -0.4454 0.8946 0.0362
vn -0.4337 0.8945 0.1084
vn -0.4112 0.8941 0.1774
vn -0.3787 0.8935 0.2414
vn -0.3374 0.8926 0.2990
vn -0.3374 0.8926 0.2989
vn -0.2882 0.8916 0.3492
vn -0.2882 0.8916 0.3491
vn -0.2322 0.8906 0.3911
vn -0.1703 0.8896 0.4239
vn -0.1039 0.8887 0.4466
vn -0.1039 0.8887 0.4465
vn -0.0347 0.8882 0.4582
vn -0.0347 0.8882 0.4581
vn 0.3599 0.9325 -0.0293
vn 0.3505 0.9325 -0.0876
vn 0.3323 0.9322 -0.1433
vn 0.3323 0.9322 -0.1434
vn 0.3061 0.9318 -0.1951
vn 0.2728 0.9312 -0.2417
vn 0.2728 0.9312 -0.2418
vn 0.2331 0.9305 -0.2824
vn 0.2332 0.9305 -0.2825
vn 0.1879 0.9298 -0.3165
vn 0.1379 0.9291 -0.3432
vn 0.0841 0.9285 -0.3616
vn 0.0281 0.9282 -0.3711
vn 0.7074 0.7045 -0.0575
vn 0.6888 0.7043 -0.1721
vn 0.6525 0.7035 -0.2815
vn 0.6525 0.7036 -0.2815
vn 0.6003 0.7023 -0.3826
vn 0.5340 0.7006 -0.4732
vn 0.5340 0.7006 -0.4733
vn 0.4555 0.6986 -0.5518
vn 0.4554 0.6986 -0.5518
vn 0.3663 0.6966 -0.6169
vn 0.3663 0.6966 -0.6170
vn 0.2682 0.6946 -0.6675
vn 0.1634 0.6930 -0.7022
vn 0.0545 0.6920 -0.7199
vn 0.0545 0.6919 -0.7199
vn 0.8405 0.5375 -0.0684
vn 0.8182 0.5373 -0.2044
vn 0.7749 0.5365 -0.3343
vn 0.7748 0.5365 -0.3343
vn 0.7123 0.5352 -0.4540
vn 0.7124 0.5352 -0.4540
vn 0.6331 0.5334 -0.5610
vn 0.5393 0.5313 -0.6534
vn 0.5393 0.5312 -0.6534
vn 0.4332 0.5291 -0.7297
vn 0.3169 0.5270 -0.7886
vn 0.1928 0.5252 -0.8288
vn 0.1928 0.5253 -0.8288
vn 0.0643 0.5242 -0.8492
vn 0.9060 0.4169 -0.0737
vn 0.8820 0.4167 -0.2203
vn 0.8350 0.4160 -0.3602
vn 0.7673 0.4147 -0.4891
vn 0.6816 0.4131 -0.6040
vn 0.5803 0.4112 -0.7030
vn 0.4658 0.4093 -0.7846
vn 0.3405 0.4074 -0.8474
vn 0.2071 0.4059 -0.8902
vn 0.0691 0.4049 -0.9117
vn 0.9440 0.3208 -0.0768
vn 0.9190 0.3206 -0.2296
vn 0.8699 0.3200 -0.3753
vn 0.7992 0.3190 -0.5094
vn 0.7097 0.3176 -0.6289
vn 0.6039 0.3161 -0.7317
vn 0.6040 0.3161 -0.7317
vn 0.4846 0.3144 -0.8163
vn 0.3541 0.3129 -0.8813
vn 0.2153 0.3116 -0.9255
vn 0.0718 0.3108 -0.9478
vn 0.0736 -0.2278 0.9709
vn 0.2206 -0.2284 0.9482
vn 0.3629 -0.2294 0.9032
vn 0.4967 -0.2306 0.8367
vn 0.4967 -0.2305 0.8367
vn 0.6192 -0.2318 0.7502
vn 0.7278 -0.2330 0.6450
vn 0.8198 -0.2341 0.5226
vn 0.8925 -0.2349 0.3850
vn 0.9429 -0.2353 0.2356
vn 0.9687 -0.2355 0.0788
vn 0.0750 -0.1172 0.9903
vn 0.2251 -0.1176 0.9672
vn 0.3702 -0.1181 0.9214
vn 0.5069 -0.1187 0.8538
vn 0.6320 -0.1194 0.7657
vn 0.7430 -0.1201 0.6584
vn 0.8371 -0.1206 0.5336
vn 0.9115 -0.1210 0.3932
vn 0.9114 -0.1211 0.3932
vn 0.9630 -0.1213 0.2406
vn 0.9893 -0.1214 0.0805
vn 0.0754 0.0545 0.9957
vn 0.2263 0.0547 0.9725
vn 0.3723 0.0549 0.9265
vn 0.5097 0.0552 0.8586
vn 0.6356 0.0555 0.7700
vn 0.7472 0.0558 0.6622
vn 0.7472 0.0559 0.6622
vn 0.8419 0.0561 0.5366
vn 0.8419 0.0561 0.5367
vn 0.9167 0.0563 0.3955
vn 0.9686 0.0564 0.2420
vn 0.9951 0.0565 0.0809
vn 0.0702 0.3695 0.9266
vn 0.2105 0.3703 0.9047
vn 0.2105 0.3704 0.9047
vn 0.3461 0.3718 0.8614
vn 0.4735 0.3736 0.7976
vn 0.5900 0.3754 0.7148
vn 0.6931 0.3772 0.6142
vn 0.7804 0.3788 0.4974
vn 0.8494 0.3799 0.3664
vn 0.8972 0.3806 0.2241
vn 0.8972 0.3805 0.2241
vn 0.9216 0.3808 0.0750
vn 0.0347 0.8882 0.4582
vn 0.1039 0.8887 0.4466
vn 0.1039 0.8887 0.4465
vn 0.1703 0.8896 0.4239
vn 0.2322 0.8906 0.3911
vn 0.2882 0.8916 0.3492
vn 0.3374 0.8926 0.2990
vn 0.3787 0.8935 0.2414
vn 0.4112 0.8941 0.1774
vn 0.4337 0.8945 0.1084
vn 0.4454 0.8946 0.0362
vn -0.0281 0.9282 -0.3711
vn -0.0841 0.9285 -0.3616
vn -0.1379 0.9291 -0.3432
vn -0.1879 0.9298 -0.3165
vn -0.2332 0.9305 -0.2824
vn -0.2331 0.9305 -0.2825
vn -0.2728 0.9312 -0.2417
vn -0.2728 0.9312 -0.2418
vn -0.3061 0.9318 -0.1951
vn -0.3323 0.9322 -0.1433
vn -0.3323 0.9322 -0.1434
vn -0.3505 0.9325 -0.0876
vn -0.3599 0.9325 -0.0293
vn -0.0545 0.6919 -0.7199
vn -0.1634 0.6930 -0.7022
vn -0.2682 0.6946 -0.6675
vn -0.3663 0.6966 -0.6170
vn -0.4555 0.6986 -0.5518
vn -0.5340 0.7006 -0.4732
vn -0.5340 0.7006 -0.4733
vn -0.6003 0.7023 -0.3826
vn -0.6003 0.7023 -0.3827
vn -0.6525 0.7036 -0.2815
vn -0.6525 0.7035 -0.2815
vn -0.6888 0.7043 -0.1721
vn -0.7074 0.7045 -0.0575
vn -0.0643 0.5242 -0.8492
vn -0.1928 0.5253 -0.8288
vn -0.1928 0.5252 -0.8288
vn -0.3169 0.5270 -0.7886
vn -0.4332 0.5291 -0.7297
vn -0.4332 0.5290 -0.7297
vn -0.5393 0.5313 -0.6534
vn -0.6331 0.5334 -0.5610
vn -0.7124 0.5352 -0.4540
vn -0.7123 0.5352 -0.4540
vn -0.7749 0.5365 -0.3343
vn -0.8182 0.5373 -0.2044
vn -0.8405 0.5375 -0.0684
vn -0.0691 0.4049 -0.9117
vn -0.2071 0.4059 -0.8902
vn -0.3405 0.4074 -0.8474
vn -0.4658 0.4093 -0.7846
vn -0.5803 0.4112 -0.7030
vn -0.6816 0.4131 -0.6040
vn -0.7673 0.4148 -0.4891
vn -0.7673 0.4147 -0.4891
vn -0.8350 0.4159 -0.3602
vn -0.8350 0.4160 -0.3602
vn -0.8820 0.4167 -0.2203
vn -0.9060 0.4169 -0.0737
vn -0.0718 0.3108 -0.9478
vn -0.2153 0.3116 -0.9255
vn -0.3541 0.3129 -0.8813
vn -0.4846 0.3144 -0.8163
vn -0.6039 0.3160 -0.7317
vn -0.6039 0.3161 -0.7317
vn -0.7097 0.3176 -0.6289
vn -0.7992 0.3190 -0.5094
vn -0.8699 0.3200 -0.3753
vn -0.9190 0.3206 -0.2296
vn -0.9440 0.3208 -0.0768
vn 0.9687 -0.2355 -0.0788
vn 0.9429 -0.2353 -0.2356
vn 0.8925 -0.2349 -0.3850
vn 0.8198 -0.2341 -0.5226
vn 0.7278 -0.2330 -0.6450
vn 0.6192 -0.2318 -0.7502
vn 0.4967 -0.2306 -0.8367
vn 0.3629 -0.2294 -0.9032
vn 0.2206 -0.2284 -0.9482
vn 0.0736 -0.2278 -0.9709
vn 0.9893 -0.1214 -0.0805
vn 0.9630 -0.1213 -0.2406
vn 0.9114 -0.1211 -0.3932
vn 0.9115 -0.1210 -0.3932
vn 0.8371 -0.1206 -0.5336
vn 0.7430 -0.1201 -0.6584
vn 0.6320 -0.1194 -0.7657
vn 0.5069 -0.1187 -0.8538
vn 0.3702 -0.1181 -0.9214
vn 0.2251 -0.1176 -0.9672
vn 0.2250 -0.1176 -0.9672
vn 0.0750 -0.1172 -0.9903
vn 0.9951 0.0565 -0.0809
vn 0.9951 0.0564 -0.0809
vn 0.9686 0.0564 -0.2420
vn 0.9167 0.0563 -0.3955
vn 0.8419 0.0561 -0.5366
vn 0.8419 0.0561 -0.5367
vn 0.7472 0.0559 -0.6622
vn 0.7472 0.0558 -0.6622
vn 0.6356 0.0555 -0.7700
vn 0.5097 0.0552 -0.8586
vn 0.3723 0.0549 -0.9265
vn 0.2263 0.0547 -0.9725
vn 0.0754 0.0545 -0.9957
vn 0.9216 0.3808 -0.0750
vn 0.8972 0.3805 -0.2241
vn 0.8494 0.3799 -0.3664
vn 0.7804 0.3788 -0.4975
vn 0.7804 0.3788 -0.4974
vn 0.6931 0.3772 -0.6143
vn 0.6931 0.3772 -0.6142
vn 0.5900 0.3754 -0.7148
vn 0.4735 0.3736 -0.7976
vn 0.3461 0.3718 -0.8614
vn 0.2105 0.3703 -0.9047
vn 0.2105 0.3704 -0.9047
vn 0.0702 0.3694 -0.9266
vn 0.0702 0.3695 -0.9266
vn 0.4454 0.8946 -0.0362
vn 0.4337 0.8945 -0.1084
vn 0.4112 0.8941 -0.1774
vn 0.3787 0.8935 -0.2414
vn 0.3374 0.8926 -0.2990
vn 0.3374 0.8926 -0.2989
vn 0.2882 0.8916 -0.3492
vn 0.2882 0.8916 -0.3491
vn 0.2322 0.8906 -0.3911
vn 0.1703 0.8896 -0.4239
vn 0.1039 0.8887 -0.4466
vn 0.1039 0.8887 -0.4465
vn 0.0347 0.8882 -0.4582
vn 0.0347 0.8882 -0.4581
vn -0.3599 0.9325 0.0293
vn -0.3505 0.9325 0.0876
vn -0.3323 0.9322 0.1433
vn -0.3323 0.9322 0.1434
vn -0.3061 0.9318 0.1951
vn -0.2728 0.9312 0.2417
vn -0.2728 0.9312 0.2418
vn -0.2331 0.9305 0.2824
vn -0.2332 0.9305 0.2825
vn -0.1879 0.9298 0.3165
vn -0.1379 0.9291 0.3432
vn -0.0841 0.9285 0.3616
vn -0.0281 0.9282 0.3711
vn -0.7074 0.7045 0.0575
vn -0.6888 0.7043 0.1721
vn -0.6525 0.7035 0.2815
vn -0.6525 0.7036 0.2815
vn -0.6003 0.7023 0.3826
vn -0.5340 0.7006 0.4732
vn -0.5340 0.7006 0.4733
vn -0.4555 0.6986 0.5518
vn -0.4554 0.6986 0.5518
vn -0.3663 0.6966 0.6169
vn -0.3663 0.6966 0.6170
vn -0.2682 0.6946 0.6675
vn -0.1634 0.6930 0.7022
vn -0.0545 0.6920 0.7199
vn -0.0545 0.6919 0.7199
vn -0.8405 0.5375 0.0684
vn -0.8182 0.5373 0.2044
vn -0.7749 0.5365 0.3343
vn -0.7748 0.5365 0.3343
vn -0.7123 0.5352 0.4540
vn -0.7124 0.5352 0.4540
vn -0.6331 0.5334 0.5610
vn -0.5393 0.5313 0.6534
vn -0.5393 0.5312 0.6534
vn -0.4332 0.5291 0.7297
vn -0.3169 0.5270 0.7886
vn -0.1928 0.5252 0.8288
vn -0.1928 0.5253 0.8288
vn -0.0643 0.5242 0.8492
vn -0.9060 0.4169 0.0737
vn -0.8820 0.4167 0.2203
vn -0.8350 0.4160 0.3602
vn -0.7673 0.4147 0.4891
vn -0.6816 0.4131 0.6040
vn -0.5803 0.4112 0.7030
vn -0.4658 0.4093 0.7846
vn -0.3405 0.4074 0.8474
vn -0.2071 0.4059 0.8902
vn -0.0691 0.4049 0.9117
vn -0.9440 0.3208 0.0768
vn -0.9190 0.3206 0.2296
vn -0.8699 0.3200 0.3753
vn -0.7992 0.3190 0.5094
vn -0.7097 0.3176 0.6289
vn -0.6039 0.3161 0.7317
vn -0.6040 0.3161 0.7317
vn -0.4846 0.3144 0.8163
vn -0.3541 0.3129 0.8813
vn -0.2153 0.3116 0.9255
vn -0.0718 0.3108 0.9478
vn -0.0736 -0.2278 -0.9709
vn -0.2206 -0.2284 -0.9482
vn -0.3629 -0.2294 -0.9032
vn -0.4967 -0.2306 -0.8367
vn -0.4967 -0.2305 -0.8367
vn -0.6192 -0.2318 -0.7502
vn -0.7278 -0.2330 -0.6450
vn -0.8198 -0.2341 -0.5226
vn -0.8925 -0.2349 -0.3850
vn -0.9429 -0.2353 -0.2356
vn -0.9687 -0.2355 -0.0788
vn -0.0750 -0.1172 -0.9903
vn -0.2251 -0.1176 -0.9672
vn -0.3702 -0.1181 -0.9214
vn -0.5069 -0.1187 -0.8538
vn -0.6320 -0.1194 -0.7657
vn -0.7430 -0.1201 -0.6584
vn -0.8371 -0.1206 -0.5336
vn -0.9115 -0.1210 -0.3932
vn -0.9114 -0.1211 -0.3932
vn -0.9630 -0.1213 -0.2406
vn -0.9893 -0.1214 -0.0805
vn -0.0754 0.0545 -0.9957
vn -0.2263 0.0547 -0.9725
vn -0.3723 0.0549 -0.9265
vn -0.5097 0.0552 -0.8586
vn -0.6356 0.0555 -0.7700
vn -0.7472 0.0558 -0.6622
vn -0.7472 0.0559 -0.6622
vn -0.8419 0.0561 -0.5366
vn -0.8419 0.0561 -0.5367
vn -0.9167 0.0563 -0.3955
vn -0.9686 0.0564 -0.2420
vn -0.9951 0.0565 -0.0809
vn -0.0702 0.3695 -0.9266
vn -0.2105 0.3703 -0.9047
vn -0.2105 0.3704 -0.9047
vn -0.3461 0.3718 -0.8614
vn -0.4735 0.3736 -0.7976
vn -0.5900 0.3754 -0.7148
vn -0.6931 0.3772 -0.6142
vn -0.7804 0.3788 -0.4974
vn -0.8494 0.3799 -0.3664
vn -0.8972 0.3806 -0.2241
vn -0.8972 0.3805 -0.2241
vn -0.9216 0.3808 -0.0750
vn -0.0347 0.8882 -0.4582
vn -0.1039 0.8887 -0.4466
vn -0.1039 0.8887 -0.4465
vn -0.1703 0.8896 -0.4239
vn -0.2322 0.8906 -0.3911
vn -0.2882 0.8916 -0.3492
vn -0.3374 0.8926 -0.2990
vn -0.3787 0.8935 -0.2414
vn -0.4112 0.8941 -0.1774
vn -0.4337 0.8945 -0.1084
vn -0.4454 0.8946 -0.0362
vn 0.0281 0.9282 0.3711
vn 0.0841 0.9285 0.3616
vn 0.1379 0.9291 0.3432
vn 0.1879 0.9298 0.3165
vn 0.2332 0.9305 0.2824
vn 0.2331 0.9305 0.2825
vn 0.2728 0.9312 0.2417
vn 0.2728 0.9312 0.2418
vn 0.3061 0.9318 0.1951
vn 0.3323 0.9322 0.1433
vn 0.3323 0.9322 0.1434
vn 0.3505 0.9325 0.0876
vn 0.3599 0.9325 0.0293
vn 0.0545 0.6919 0.7199
vn 0.1634 0.6930 0.7022
vn 0.2682 0.6946 0.6675
vn 0.3663 0.6966 0.6170
vn 0.4555 0.6986 0.5518
vn 0.5340 0.7006 0.4732
vn 0.5340 0.7006 0.4733
vn 0.6003 0.7023 0.3826
vn 0.6003 0.7023 0.3827
vn 0.6525 0.7036 0.2815
vn 0.6525 0.7035 0.2815
vn 0.6888 0.7043 0.1721
vn 0.7074 0.7045 0.0575
vn 0.0643 0.5242 0.8492
vn 0.1928 0.5253 0.8288
vn 0.1928 0.5252 0.8288
vn 0.3169 0.5270 0.7886
vn 0.4332 0.5291 0.7297
vn 0.4332 0.5290 0.7297
vn 0.5393 0.5313 0.6534
vn 0.6331 0.5334 0.5610
vn 0.7124 0.5352 0.4540
vn 0.7123 0.5352 0.4540
vn 0.7749 0.5365 0.3343
vn 0.8182 0.5373 0.2044
vn 0.8405 0.5375 0.0684
vn 0.0691 0.4049 0.9117
vn 0.2071 0.4059 0.8902
vn 0.3405 0.4074 0.8474
vn 0.4658 0.4093 0.7846
vn 0.5803 0.4112 0.7030
vn 0.6816 0.4131 0.6040
vn 0.7673 0.4148 0.4891
vn 0.7673 0.4147 0.4891
vn 0.8350 0.4159 0.3602
vn 0.8350 0.4160 0.3602
vn 0.8820 0.4167 0.2203
vn 0.9060 0.4169 0.0737
vn 0.0718 0.3108 0.9478
vn 0.2153 0.3116 0.9255
vn 0.3541 0.3129 0.8813
vn 0.4846 0.3144 0.8163
vn 0.6039 0.3160 0.7317
vn 0.6039 0.3161 0.7317
vn 0.7097 0.3176 0.6289
vn 0.7992 0.3190 0.5094
vn 0.8699 0.3200 0.3753
vn 0.9190 0.3206 0.2296
vn 0.9440 0.3208 0.0768
vn 0.9574 0.2782 -0.0779
vn 0.9319 0.2780 -0.2328
vn 0.8821 0.2775 -0.3806
vn 0.8104 0.2766 -0.5165
vn 0.7195 0.2754 -0.6376
vn 0.6122 0.2740 -0.7417
vn 0.4912 0.2725 -0.8273
vn 0.3589 0.2712 -0.8931
vn 0.2182 0.2700 -0.9378
vn 0.0728 0.2693 -0.9603
vn 0.9586 0.2738 -0.0780
vn 0.9332 0.2736 -0.2331
vn 0.8833 0.2731 -0.3811
vn 0.8114 0.2722 -0.5172
vn 0.7204 0.2710 -0.6384
vn 0.6130 0.2696 -0.7427
vn 0.4918 0.2682 -0.8284
vn 0.3593 0.2668 -0.8943
vn 0.2185 0.2657 -0.9390
vn 0.0728 0.2650 -0.9615
vn 0.9611 0.2648 -0.0782
vn 0.9356 0.2646 -0.2337
vn 0.8856 0.2641 -0.3820
vn 0.8135 0.2632 -0.5185
vn 0.7223 0.2621 -0.6401
vn 0.6146 0.2607 -0.7445
vn 0.4930 0.2593 -0.8305
vn 0.3602 0.2580 -0.8965
vn 0.2190 0.2569 -0.9413
vn 0.0730 0.2562 -0.9639
vn 0.9648 0.2509 -0.0785
vn 0.9392 0.2508 -0.2346
vn 0.8890 0.2503 -0.3835
vn 0.8166 0.2495 -0.5205
vn 0.7250 0.2483 -0.6425
vn 0.6168 0.2471 -0.7473
vn 0.4948 0.2457 -0.8335
vn 0.3615 0.2445 -0.8997
vn 0.2198 0.2434 -0.9447
vn 0.0733 0.2428 -0.9673
vn 0.9696 0.2318 -0.0789
vn 0.9438 0.2317 -0.2358
vn 0.8933 0.2312 -0.3854
vn 0.8206 0.2305 -0.5230
vn 0.7284 0.2294 -0.6455
vn 0.6198 0.2282 -0.7509
vn 0.4972 0.2270 -0.8374
vn 0.3632 0.2258 -0.9039
vn 0.2208 0.2249 -0.9490
vn 0.2208 0.2248 -0.9490
vn 0.0736 0.2242 -0.9717
vn 0.9751 0.2069 -0.0793
vn 0.9492 0.2068 -0.2371
vn 0.8984 0.2064 -0.3876
vn 0.8252 0.2057 -0.5260
vn 0.7325 0.2048 -0.6492
vn 0.6232 0.2037 -0.7550
vn 0.4999 0.2026 -0.8421
vn 0.3652 0.2015 -0.9089
vn 0.2220 0.2006 -0.9542
vn 0.0740 0.2001 -0.9770
vn 0.9812 0.1755 -0.0798
vn 0.9551 0.1754 -0.2386
vn 0.9040 0.1751 -0.3900
vn 0.8303 0.1745 -0.5293
vn 0.7370 0.1737 -0.6532
vn 0.6270 0.1727 -0.7596
vn 0.5029 0.1718 -0.8471
vn 0.3674 0.1709 -0.9143
vn 0.2233 0.1701 -0.9598
vn 0.0744 0.1696 -0.9827
vn 0.9874 0.1366 -0.0803
vn 0.9611 0.1366 -0.2401
vn 0.9096 0.1363 -0.3924
vn 0.8355 0.1358 -0.5325
vn 0.7415 0.1352 -0.6572
vn 0.6308 0.1345 -0.7642
vn 0.6308 0.1344 -0.7642
vn 0.5059 0.1337 -0.8522
vn 0.3695 0.1330 -0.9197
vn 0.2246 0.1324 -0.9654
vn 0.0749 0.1320 -0.9884
vn 0.9927 0.0893 -0.0807
vn 0.9663 0.0892 -0.2414
vn 0.9146 0.0890 -0.3945
vn 0.8399 0.0887 -0.5354
vn 0.7455 0.0883 -0.6606
vn 0.6341 0.0878 -0.7682
vn 0.5085 0.0873 -0.8566
vn 0.3714 0.0868 -0.9244
vn 0.2258 0.0864 -0.9703
vn 0.0753 0.0862 -0.9934
vn 0.9962 0.0322 -0.0810
vn 0.9697 0.0322 -0.2422
vn 0.9177 0.0321 -0.3959
vn 0.8428 0.0320 -0.5372
vn 0.7480 0.0319 -0.6629
vn 0.6363 0.0317 -0.7708
vn 0.5102 0.0315 -0.8595
vn 0.3727 0.0313 -0.9274
vn 0.2265 0.0312 -0.9735
vn 0.0755 0.0311 -0.9967
vn -0.0728 0.2693 -0.9603
vn -0.2182 0.2700 -0.9378
vn -0.3589 0.2712 -0.8931
vn -0.4912 0.2725 -0.8273
vn -0.6122 0.2740 -0.7417
vn -0.7195 0.2754 -0.6376
vn -0.8104 0.2766 -0.5165
vn -0.8821 0.2775 -0.3806
vn -0.9319 0.2780 -0.2328
vn -0.9574 0.2782 -0.0779
vn -0.0728 0.2650 -0.9615
vn -0.2185 0.2657 -0.9390
vn -0.3593 0.2668 -0.8943
vn -0.4918 0.2682 -0.8284
vn -0.6130 0.2696 -0.7427
vn -0.7204 0.2710 -0.6384
vn -0.8114 0.2722 -0.5172
vn -0.8833 0.2731 -0.3811
vn -0.9332 0.2736 -0.2331
vn -0.9586 0.2738 -0.0780
vn -0.0730 0.2562 -0.9639
vn -0.2190 0.2569 -0.9413
vn -0.3602 0.2580 -0.8965
vn -0.4930 0.2593 -0.8305
vn -0.6146 0.2607 -0.7445
vn -0.7223 0.2621 -0.6401
vn -0.8135 0.2632 -0.5185
vn -0.8856 0.2641 -0.3820
vn -0.9356 0.2646 -0.2337
vn -0.9611 0.2648 -0.0782
vn -0.0733 0.2428 -0.9673
vn -0.2198 0.2434 -0.9447
vn -0.3615 0.2445 -0.8997
vn -0.4948 0.2457 -0.8335
vn -0.6168 0.2471 -0.7473
vn -0.7250 0.2483 -0.6425
vn -0.8166 0.2495 -0.5205
vn -0.8890 0.2503 -0.3835
vn -0.9392 0.2508 -0.2346
vn -0.9648 0.2509 -0.0785
vn -0.0736 0.2242 -0.9717
vn -0.2208 0.2248 -0.9490
vn -0.2208 0.2249 -0.9490
vn -0.3632 0.2258 -0.9039
vn -0.4972 0.2270 -0.8374
vn -0.6198 0.2282 -0.7509
vn -0.7284 0.2294 -0.6455
vn -0.8206 0.2305 -0.5230
vn -0.8933 0.2312 -0.3854
vn -0.9438 0.2317 -0.2358
vn -0.9696 0.2318 -0.0789
vn -0.0740 0.2001 -0.9770
vn -0.2220 0.2006 -0.9542
vn -0.3652 0.2015 -0.9089
vn -0.4999 0.2026 -0.8421
vn -0.6232 0.2037 -0.7550
vn -0.7325 0.2048 -0.6492
vn -0.8252 0.2057 -0.5260
vn -0.8984 0.2064 -0.3876
vn -0.9492 0.2068 -0.2371
vn -0.9751 0.2069 -0.0793
vn -0.0744 0.1696 -0.9827
vn -0.2233 0.1701 -0.9598
vn -0.3674 0.1709 -0.9143
vn -0.5029 0.1718 -0.8471
vn -0.6270 0.1727 -0.7596
vn -0.7370 0.1737 -0.6532
vn -0.8303 0.1745 -0.5293
vn -0.9040 0.1751 -0.3900
vn -0.9551 0.1754 -0.2386
vn -0.9812 0.1755 -0.0798
vn -0.0749 0.1320 -0.9884
vn -0.2246 0.1324 -0.9654
vn -0.3695 0.1330 -0.9197
vn -0.5059 0.1337 -0.8522
vn -0.6308 0.1344 -0.7642
vn -0.6308 0.1345 -0.7642
vn -0.7415 0.1352 -0.6571
vn -0.7415 0.1352 -0.6572
vn -0.8355 0.1358 -0.5325
vn -0.9096 0.1363 -0.3924
vn -0.9611 0.1366 -0.2401
vn -0.9874 0.1366 -0.0803
vn -0.0753 0.0862 -0.9934
vn -0.2258 0.0865 -0.9703
vn -0.2258 0.0864 -0.9703
vn -0.3714 0.0868 -0.9244
vn -0.5085 0.0873 -0.8566
vn -0.6341 0.0878 -0.7682
vn -0.7455 0.0883 -0.6606
vn -0.8399 0.0887 -0.5354
vn -0.9146 0.0890 -0.3945
vn -0.9663 0.0892 -0.2414
vn -0.9927 0.0893 -0.0807
vn -0.0755 0.0311 -0.9967
vn -0.2265 0.0312 -0.9735
vn -0.3727 0.0313 -0.9274
vn -0.5102 0.0315 -0.8595
vn -0.6363 0.0317 -0.7708
vn -0.7480 0.0319 -0.6629
vn -0.8428 0.0320 -0.5372
vn -0.9177 0.0321 -0.3959
vn -0.9697 0.0322 -0.2422
vn -0.9962 0.0322 -0.0810
vn -0.9574 0.2782 0.0779
vn -0.9319 0.2780 0.2328
vn -0.8821 0.2775 0.3806
vn -0.8104 0.2766 0.5165
vn -0.7195 0.2754 0.6376
vn -0.6122 0.2740 0.7417
vn -0.4912 0.2725 0.8273
vn -0.3589 0.2712 0.8931
vn -0.2182 0.2700 0.9378
vn -0.0728 0.2693 0.9603
vn -0.9586 0.2738 0.0780
vn -0.9332 0.2736 0.2331
vn -0.8833 0.2731 0.3811
vn -0.8114 0.2722 0.5172
vn -0.7204 0.2710 0.6384
vn -0.6130 0.2696 0.7427
vn -0.4918 0.2682 0.8284
vn -0.3593 0.2668 0.8943
vn -0.2185 0.2657 0.9390
vn -0.0728 0.2650 0.9615
vn -0.9611 0.2648 0.0782
vn -0.9356 0.2646 0.2337
vn -0.8856 0.2641 0.3820
vn -0.8135 0.2632 0.5185
vn -0.7223 0.2621 0.6401
vn -0.6146 0.2607 0.7445
vn -0.4930 0.2593 0.8305
vn -0.3602 0.2580 0.8965
vn -0.2190 0.2569 0.9413
vn -0.0730 0.2562 0.9639
vn -0.9648 0.2509 0.0785
vn -0.9392 0.2508 0.2346
vn -0.8890 0.2503 0.3835
vn -0.8166 0.2495 0.5205
vn -0.7250 0.2483 0.6425
vn -0.6168 0.2471 0.7473
vn -0.4948 0.2457 0.8335
vn -0.3615 0.2445 0.8997
vn -0.2198 0.2434 0.9447
vn -0.0733 0.2428 0.9673
vn -0.9696 0.2318 0.0789
vn -0.9438 0.2317 0.2358
vn -0.8933 0.2312 0.3854
vn -0.8206 0.2305 0.5230
vn -0.7284 0.2294 0.6455
vn -0.6198 0.2282 0.7509
vn -0.4972 0.2270 0.8374
vn -0.3632 0.2258 0.9039
vn -0.2208 0.2249 0.9490
vn -0.2208 0.2248 0.9490
vn -0.0736 0.2242 0.9717
vn -0.9751 0.2069 0.0793
vn -0.9492 0.2068 0.2371
vn -0.8984 0.2064 0.3876
vn -0.8252 0.2057 0.5260
vn -0.7325 0.2048 0.6492
vn -0.6232 0.2037 0.7550
vn -0.4999 0.2026 0.8421
vn -0.3652 0.2015 0.9089
vn -0.2220 0.2006 0.9542
vn -0.0740 0.2001 0.9770
vn -0.9812 0.1755 0.0798
vn -0.9551 0.1754 0.2386
vn -0.9040 0.1751 0.3900
vn -0.8303 0.1745 0.5293
vn -0.7370 0.1737 0.6532
vn -0.6270 0.1727 0.7596
vn -0.5029 0.1718 0.8471
vn -0.3674 0.1709 0.9143
vn -0.2233 0.1701 0.9598
vn -0.0744 0.1696 0.9827
vn -0.9874 0.1366 0.0803
vn -0.9611 0.1366 0.2401
vn -0.9096 0.1363 0.3924
vn -0.8355 0.1358 0.5325
vn -0.7415 0.1352 0.6572
vn -0.6308 0.1345 0.7642
vn -0.6308 0.1344 0.7642
vn -0.5059 0.1337 0.8522
vn -0.3695 0.1330 0.9197
vn -0.2246 0.1324 0.9654
vn -0.0749 0.1320 0.9884
vn -0.9927 0.0893 0.0807
vn -0.9663 0.0892 0.2414
vn -0.9146 0.0890 0.3945
vn -0.8399 0.0887 0.5354
vn -0.7455 0.0883 0.6606
vn -0.6341 0.0878 0.7682
vn -0.5085 0.0873 0.8566
vn -0.3714 0.0868 0.9244
vn -0.2258 0.0864 0.9703
vn -0.2258 0.0865 0.9703
vn -0.0753 0.0862 0.9934
vn -0.9962 0.0322 0.0810
vn -0.9697 0.0322 0.2422
vn -0.9177 0.0321 0.3959
vn -0.8428 0.0320 0.5372
vn -0.7480 0.0319 0.6629
vn -0.6363 0.0317 0.7708
vn -0.5102 0.0315 0.8595
vn -0.3727 0.0313 0.9274
vn -0.2265 0.0312 0.9735
vn -0.0755 0.0311 0.9967
vn 0.0728 0.2693 0.9603
vn 0.2182 0.2700 0.9378
vn 0.3589 0.2712 0.8931
vn 0.4912 0.2725 0.8273
vn 0.6122 0.2740 0.7417
vn 0.7195 0.2754 0.6376
vn 0.8104 0.2766 0.5165
vn 0.8821 0.2775 0.3806
vn 0.9319 0.2780 0.2328
vn 0.9574 0.2782 0.0779
vn 0.0728 0.2650 0.9615
vn 0.2185 0.2657 0.9390
vn 0.3593 0.2668 0.8943
vn 0.4918 0.2682 0.8284
vn 0.6130 0.2696 0.7427
vn 0.7204 0.2710 0.6384
vn 0.8114 0.2722 0.5172
vn 0.8833 0.2731 0.3811
vn 0.9332 0.2736 0.2331
vn 0.9586 0.2738 0.0780
vn 0.0730 0.2562 0.9639
vn 0.2190 0.2569 0.9413
vn 0.3602 0.2580 0.8965
vn 0.4930 0.2593 0.8305
vn 0.6146 0.2607 0.7445
vn 0.7223 0.2621 0.6401
vn 0.8135 0.2632 0.5185
vn 0.8856 0.2641 0.3820
vn 0.9356 0.2646 0.2337
vn 0.9611 0.2648 0.0782
vn 0.0733 0.2428 0.9673
vn 0.2198 0.2434 0.9447
vn 0.3615 0.2445 0.8997
vn 0.4948 0.2457 0.8335
vn 0.6168 0.2471 0.7473
vn 0.7250 0.2483 0.6425
vn 0.8166 0.2495 0.5205
vn 0.8890 0.2503 0.3835
vn 0.9392 0.2508 0.2346
vn 0.9648 0.2509 0.0785
vn 0.0736 0.2242 0.9717
vn 0.2208 0.2248 0.9490
vn 0.2208 0.2249 0.9490
vn 0.3632 0.2258 0.9039
vn 0.4972 0.2270 0.8374
vn 0.6198 0.2282 0.7509
vn 0.7284 0.2294 0.6455
vn 0.8206 0.2305 0.5230
vn 0.8933 0.2312 0.3854
vn 0.9438 0.2317 0.2358
vn 0.9696 0.2318 0.0789
vn 0.0740 0.2001 0.9770
vn 0.2220 0.2006 0.9542
vn 0.3652 0.2015 0.9089
vn 0.4999 0.2026 0.8421
vn 0.6232 0.2037 0.7550
vn 0.7325 0.2048 0.6492
vn 0.8252 0.2057 0.5260
vn 0.8984 0.2064 0.3876
vn 0.9492 0.2068 0.2371
vn 0.9751 0.2069 0.0793
vn 0.0744 0.1696 0.9827
vn 0.2233 0.1701 0.9598
vn 0.3674 0.1709 0.9143
vn 0.5029 0.1718 0.8471
vn 0.6270 0.1727 0.7596
vn 0.7370 0.1737 0.6532
vn 0.8303 0.1745 0.5293
vn 0.9040 0.1751 0.3900
vn 0.9551 0.1754 0.2386
vn 0.9812 0.1755 0.0798
vn 0.0749 0.1320 0.9884
vn 0.2246 0.1324 0.9654
vn 0.3695 0.1330 0.9197
vn 0.5059 0.1337 0.8522
vn 0.6308 0.1344 0.7642
vn 0.6308 0.1345 0.7642
vn 0.7415 0.1352 0.6571
vn 0.7415 0.1352 0.6572
vn 0.8355 0.1358 0.5325
vn 0.9096 0.1363 0.3924
vn 0.9611 0.1366 0.2401
vn 0.9874 0.1366 0.0803
vn 0.0753 0.0862 0.9934
vn 0.2258 0.0865 0.9703
vn 0.2258 0.0864 0.9703
vn 0.3714 0.0868 0.9244
vn 0.5085 0.0873 0.8566
vn 0.6341 0.0878 0.7682
vn 0.7455 0.0883 0.6606
vn 0.8399 0.0887 0.5354
vn 0.9146 0.0890 0.3945
vn 0.9663 0.0892 0.2414
vn 0.9927 0.0893 0.0807
vn 0.0755 0.0311 0.9967
vn 0.2265 0.0312 0.9735
vn 0.3727 0.0313 0.9274
vn 0.5102 0.0315 0.8595
vn 0.6363 0.0317 0.7708
vn 0.7480 0.0319 0.6629
vn 0.8428 0.0320 0.5372
vn 0.9177 0.0321 0.3959
vn 0.9697 0.0322 0.2422
vn 0.9962 0.0322 0.0810
vn 0.9945 -0.0664 -0.0809
vn 0.9680 -0.0664 -0.2418
vn 0.9162 -0.0662 -0.3952
vn 0.8414 -0.0660 -0.5363
vn 0.7468 -0.0657 -0.6618
vn 0.6352 -0.0653 -0.7696
vn 0.5094 -0.0649 -0.8581
vn 0.3721 -0.0646 -0.9260
vn 0.2262 -0.0643 -0.9720
vn 0.0754 -0.0641 -0.9951
vn 0.9772 -0.1971 -0.0795
vn 0.9512 -0.1970 -0.2376
vn 0.9003 -0.1966 -0.3884
vn 0.8269 -0.1960 -0.5271
vn 0.7340 -0.1951 -0.6505
vn 0.6245 -0.1940 -0.7566
vn 0.5009 -0.1930 -0.8437
vn 0.3659 -0.1919 -0.9106
vn 0.2225 -0.1911 -0.9560
vn 0.0742 -0.1906 -0.9789
vn 0.9457 -0.3157 -0.0769
vn 0.9206 -0.3155 -0.2300
vn 0.8715 -0.3149 -0.3760
vn 0.8006 -0.3139 -0.5103
vn 0.7109 -0.3126 -0.6300
vn 0.6050 -0.3110 -0.7330
vn 0.4854 -0.3094 -0.8177
vn 0.3547 -0.3079 -0.8828
vn 0.2157 -0.3066 -0.9271
vn 0.0719 -0.3058 -0.9494
vn 0.9061 -0.4165 -0.0737
vn 0.8821 -0.4163 -0.2204
vn 0.8351 -0.4156 -0.3603
vn 0.7675 -0.4144 -0.4892
vn 0.6817 -0.4128 -0.6041
vn 0.5804 -0.4109 -0.7031
vn 0.4659 -0.4089 -0.7847
vn 0.3406 -0.4071 -0.8475
vn 0.3405 -0.4071 -0.8475
vn 0.2072 -0.4055 -0.8903
vn 0.0691 -0.4046 -0.9119
vn 0.8649 -0.4969 -0.0704
vn 0.8421 -0.4967 -0.2104
vn 0.7973 -0.4959 -0.3440
vn 0.7329 -0.4946 -0.4671
vn 0.6512 -0.4928 -0.5771
vn 0.5546 -0.4908 -0.6719
vn 0.4454 -0.4886 -0.7502
vn 0.3257 -0.4866 -0.8106
vn 0.1982 -0.4849 -0.8518
vn 0.0661 -0.4839 -0.8726
vn 0.8288 -0.5554 -0.0674
vn 0.8069 -0.5552 -0.2016
vn 0.7642 -0.5544 -0.3297
vn 0.7026 -0.5531 -0.4478
vn 0.6244 -0.5512 -0.5534
vn 0.5320 -0.5491 -0.6445
vn 0.4274 -0.5469 -0.7199
vn 0.3126 -0.5448 -0.7781
vn 0.1903 -0.5431 -0.8178
vn 0.0635 -0.5420 -0.8380
vn 0.8048 -0.5899 -0.0655
vn 0.7836 -0.5897 -0.1957
vn 0.7421 -0.5889 -0.3201
vn 0.6824 -0.5875 -0.4349
vn 0.6824 -0.5875 -0.4350
vn 0.6066 -0.5857 -0.5376
vn 0.5169 -0.5836 -0.6263
vn 0.4154 -0.5814 -0.6996
vn 0.3039 -0.5793 -0.7564
vn 0.3039 -0.5792 -0.7564
vn 0.1850 -0.5775 -0.7952
vn 0.0617 -0.5764 -0.8148
vn 0.8028 -0.5926 -0.0653
vn 0.7816 -0.5924 -0.1953
vn 0.7403 -0.5916 -0.3194
vn 0.6807 -0.5902 -0.4339
vn 0.6051 -0.5884 -0.5363
vn 0.5157 -0.5863 -0.6248
vn 0.4144 -0.5841 -0.6980
vn 0.3032 -0.5820 -0.7546
vn 0.1846 -0.5802 -0.7933
vn 0.0616 -0.5791 -0.8129
vn 0.8416 -0.5358 -0.0685
vn 0.8416 -0.5358 -0.0684
vn 0.8193 -0.5356 -0.2047
vn 0.7759 -0.5348 -0.3347
vn 0.7133 -0.5334 -0.4546
vn 0.6339 -0.5316 -0.5618
vn 0.6339 -0.5316 -0.5617
vn 0.5400 -0.5295 -0.6542
vn 0.4337 -0.5273 -0.7306
vn 0.3173 -0.5253 -0.7896
vn 0.1931 -0.5235 -0.8298
vn 0.0644 -0.5224 -0.8502
vn 0.9505 -0.3008 -0.0773
vn 0.9253 -0.3006 -0.2312
vn 0.8759 -0.3001 -0.3779
vn 0.8047 -0.2991 -0.5129
vn 0.7144 -0.2978 -0.6331
vn 0.6080 -0.2963 -0.7366
vn 0.4878 -0.2948 -0.8217
vn 0.3564 -0.2933 -0.8871
vn 0.2167 -0.2921 -0.9315
vn 0.0723 -0.2913 -0.9539
vn -0.0754 -0.0641 -0.9951
vn -0.2262 -0.0643 -0.9720
vn -0.3721 -0.0646 -0.9260
vn -0.5094 -0.0649 -0.8581
vn -0.6352 -0.0653 -0.7696
vn -0.7468 -0.0657 -0.6618
vn -0.8414 -0.0660 -0.5363
vn -0.9162 -0.0662 -0.3952
vn -0.9680 -0.0664 -0.2418
vn -0.9945 -0.0664 -0.0809
vn -0.0742 -0.1906 -0.9789
vn -0.2225 -0.1911 -0.9560
vn -0.3659 -0.1919 -0.9106
vn -0.5009 -0.1930 -0.8437
vn -0.6245 -0.1940 -0.7566
vn -0.7340 -0.1951 -0.6505
vn -0.8269 -0.1960 -0.5271
vn -0.9003 -0.1966 -0.3884
vn -0.9512 -0.1970 -0.2376
vn -0.9772 -0.1971 -0.0795
vn -0.0719 -0.3058 -0.9494
vn -0.2157 -0.3066 -0.9271
vn -0.3547 -0.3079 -0.8828
vn -0.4854 -0.3094 -0.8177
vn -0.6050 -0.3110 -0.7330
vn -0.7109 -0.3126 -0.6300
vn -0.8006 -0.3139 -0.5103
vn -0.8715 -0.3149 -0.3760
vn -0.9206 -0.3155 -0.2300
vn -0.9457 -0.3157 -0.0769
vn -0.0691 -0.4046 -0.9119
vn -0.2072 -0.4055 -0.8903
vn -0.3406 -0.4071 -0.8475
vn -0.3405 -0.4071 -0.8475
vn -0.4659 -0.4089 -0.7847
vn -0.5804 -0.4109 -0.7031
vn -0.6817 -0.4128 -0.6041
vn -0.7675 -0.4144 -0.4892
vn -0.7674 -0.4144 -0.4892
vn -0.8351 -0.4156 -0.3603
vn -0.8821 -0.4163 -0.2204
vn -0.9061 -0.4166 -0.0737
vn -0.9061 -0.4165 -0.0737
vn -0.0661 -0.4839 -0.8726
vn -0.1982 -0.4849 -0.8518
vn -0.3257 -0.4866 -0.8106
vn -0.4454 -0.4886 -0.7502
vn -0.5546 -0.4908 -0.6719
vn -0.6512 -0.4928 -0.5771
vn -0.7329 -0.4946 -0.4671
vn -0.7973 -0.4959 -0.3440
vn -0.8421 -0.4967 -0.2104
vn -0.8649 -0.4969 -0.0704
vn -0.0635 -0.5420 -0.8380
vn -0.1903 -0.5431 -0.8178
vn -0.3126 -0.5448 -0.7781
vn -0.4274 -0.5469 -0.7199
vn -0.5320 -0.5491 -0.6445
vn -0.6244 -0.5512 -0.5534
vn -0.7026 -0.5531 -0.4478
vn -0.7642 -0.5544 -0.3297
vn -0.8069 -0.5552 -0.2016
vn -0.8288 -0.5554 -0.0674
vn -0.0617 -0.5764 -0.8148
vn -0.1850 -0.5775 -0.7952
vn -0.3039 -0.5792 -0.7564
vn -0.4154 -0.5814 -0.6996
vn -0.5169 -0.5836 -0.6263
vn -0.6066 -0.5857 -0.5376
vn -0.6824 -0.5875 -0.4349
vn -0.7421 -0.5889 -0.3201
vn -0.7836 -0.5897 -0.1957
vn -0.8048 -0.5899 -0.0655
vn -0.0616 -0.5791 -0.8129
vn -0.1846 -0.5802 -0.7933
vn -0.3032 -0.5820 -0.7546
vn -0.4144 -0.5841 -0.6980
vn -0.5157 -0.5863 -0.6248
vn -0.6051 -0.5884 -0.5363
vn -0.6807 -0.5902 -0.4339
vn -0.7403 -0.5916 -0.3194
vn -0.7816 -0.5924 -0.1953
vn -0.8028 -0.5926 -0.0653
vn -0.0644 -0.5224 -0.8502
vn -0.1931 -0.5235 -0.8298
vn -0.3173 -0.5253 -0.7896
vn -0.4337 -0.5273 -0.7306
vn -0.5400 -0.5295 -0.6542
vn -0.6339 -0.5316 -0.5617
vn -0.7133 -0.5334 -0.4546
vn -0.7759 -0.5348 -0.3347
vn -0.8193 -0.5356 -0.2047
vn -0.8416 -0.5358 -0.0685
vn -0.8416 -0.5358 -0.0684
vn -0.0723 -0.2913 -0.9539
vn -0.2167 -0.2921 -0.9315
vn -0.3564 -0.2933 -0.8871
vn -0.4878 -0.2948 -0.8217
vn -0.6080 -0.2963 -0.7366
vn -0.7144 -0.2978 -0.6331
vn -0.7145 -0.2978 -0.6331
vn -0.8047 -0.2991 -0.5129
vn -0.8759 -0.3001 -0.3779
vn -0.9253 -0.3006 -0.2312
vn -0.9505 -0.3008 -0.0773
vn -0.9945 -0.0664 0.0809
vn -0.9680 -0.0664 0.2418
vn -0.9162 -0.0662 0.3952
vn -0.8414 -0.0660 0.5363
vn -0.7468 -0.0657 0.6618
vn -0.6352 -0.0653 0.7696
vn -0.5094 -0.0649 0.8581
vn -0.3721 -0.0646 0.9260
vn -0.2262 -0.0643 0.9720
vn -0.0754 -0.0641 0.9951
vn -0.9772 -0.1971 0.0795
vn -0.9512 -0.1970 0.2376
vn -0.9003 -0.1966 0.3884
vn -0.8269 -0.1960 0.5271
vn -0.7340 -0.1951 0.6505
vn -0.6245 -0.1940 0.7566
vn -0.5009 -0.1930 0.8437
vn -0.3659 -0.1919 0.9106
vn -0.2225 -0.1911 0.9560
vn -0.0742 -0.1906 0.9789
vn -0.9457 -0.3157 0.0769
vn -0.9206 -0.3155 0.2300
vn -0.8715 -0.3149 0.3760
vn -0.8006 -0.3139 0.5103
vn -0.7109 -0.3126 0.6300
vn -0.6050 -0.3110 0.7330
vn -0.4854 -0.3094 0.8177
vn -0.3547 -0.3079 0.8828
vn -0.2157 -0.3066 0.9271
vn -0.0719 -0.3058 0.9494
vn -0.9061 -0.4165 0.0737
vn -0.8821 -0.4163 0.2204
vn -0.8351 -0.4156 0.3603
vn -0.7675 -0.4144 0.4892
vn -0.6817 -0.4128 0.6041
vn -0.5804 -0.4109 0.7031
vn -0.4659 -0.4089 0.7847
vn -0.3406 -0.4071 0.8475
vn -0.3405 -0.4071 0.8475
vn -0.2072 -0.4055 0.8903
vn -0.0691 -0.4046 0.9119
vn -0.8649 -0.4969 0.0704
vn -0.8421 -0.4967 0.2104
vn -0.7973 -0.4959 0.3440
vn -0.7329 -0.4946 0.4671
vn -0.6512 -0.4928 0.5771
vn -0.5546 -0.4908 0.6719
vn -0.4454 -0.4886 0.7502
vn -0.3257 -0.4866 0.8106
vn -0.1982 -0.4849 0.8518
vn -0.0661 -0.4839 0.8726
vn -0.8288 -0.5554 0.0674
vn -0.8069 -0.5552 0.2016
vn -0.7642 -0.5544 0.3297
vn -0.7026 -0.5531 0.4478
vn -0.6244 -0.5512 0.5534
vn -0.5320 -0.5491 0.6445
vn -0.4274 -0.5469 0.7199
vn -0.3126 -0.5448 0.7781
vn -0.1903 -0.5431 0.8178
vn -0.0635 -0.5420 0.8380
vn -0.8048 -0.5899 0.0655
vn -0.7836 -0.5897 0.1957
vn -0.7421 -0.5889 0.3201
vn -0.6824 -0.5875 0.4349
vn -0.6824 -0.5875 0.4350
vn -0.6066 -0.5857 0.5376
vn -0.5169 -0.5836 0.6263
vn -0.4154 -0.5814 0.6996
vn -0.3039 -0.5793 0.7564
vn -0.3039 -0.5792 0.7564
vn -0.1850 -0.5775 0.7952
vn -0.0617 -0.5764 0.8148
vn -0.8028 -0.5926 0.0653
vn -0.7816 -0.5924 0.1953
vn -0.7403 -0.5916 0.3194
vn -0.6807 -0.5902 0.4339
vn -0.6051 -0.5884 0.5363
vn -0.5157 -0.5863 0.6248
vn -0.4144 -0.5841 0.6980
vn -0.3032 -0.5820 0.7546
vn -0.1846 -0.5802 0.7933
vn -0.0616 -0.5791 0.8129
vn -0.8416 -0.5358 0.0685
vn -0.8416 -0.5358 0.0684
vn -0.8193 -0.5356 0.2047
vn -0.7759 -0.5348 0.3347
vn -0.7133 -0.5334 0.4546
vn -0.6339 -0.5316 0.5618
vn -0.6339 -0.5316 0.5617
vn -0.5400 -0.5295 0.6542
vn -0.4337 -0.5273 0.7306
vn -0.3173 -0.5253 0.7896
vn -0.1931 -0.5235 0.8298
vn -0.0644 -0.5224 0.8502
vn -0.9505 -0.3008 0.0773
vn -0.9253 -0.3006 0.2312
vn -0.8759 -0.3001 0.3779
vn -0.8047 -0.2991 0.5129
vn -0.7144 -0.2978 0.6331
vn -0.6080 -0.2963 0.7366
vn -0.4878 -0.2948 0.8217
vn -0.3564 -0.2933 0.8871
vn -0.2167 -0.2921 0.9315
vn -0.0723 -0.2913 0.9539
vn 0.0754 -0.0641 0.9951
vn 0.2262 -0.0643 0.9720
vn 0.3721 -0.0646 0.9260
vn 0.5094 -0.0649 0.8581
vn 0.6352 -0.0653 0.7696
vn 0.7468 -0.0657 0.6618
vn 0.8414 -0.0660 0.5363
vn 0.9162 -0.0662 0.3952
vn 0.9680 -0.0664 0.2418
vn 0.9945 -0.0664 0.0809
vn 0.0742 -0.1906 0.9789
vn 0.2225 -0.1911 0.9560
vn 0.3659 -0.1919 0.9106
vn 0.5009 -0.1930 0.8437
vn 0.6245 -0.1940 0.7566
vn 0.7340 -0.1951 0.6505
vn 0.8269 -0.1960 0.5271
vn 0.9003 -0.1966 0.3884
vn 0.9512 -0.1970 0.2376
vn 0.9772 -0.1971 0.0795
vn 0.0719 -0.3058 0.9494
vn 0.2157 -0.3066 0.9271
vn 0.3547 -0.3079 0.8828
vn 0.4854 -0.3094 0.8177
vn 0.6050 -0.3110 0.7330
vn 0.7109 -0.3126 0.6300
vn 0.8006 -0.3139 0.5103
vn 0.8715 -0.3149 0.3760
vn 0.9206 -0.3155 0.2300
vn 0.9457 -0.3157 0.0769
vn 0.0691 -0.4046 0.9119
vn 0.2072 -0.4055 0.8903
vn 0.3406 -0.4071 0.8475
vn 0.3405 -0.4071 0.8475
vn 0.4659 -0.4089 0.7847
vn 0.5804 -0.4109 0.7031
vn 0.6817 -0.4128 0.6041
vn 0.7675 -0.4144 0.4892
vn 0.7674 -0.4144 0.4892
vn 0.8351 -0.4156 0.3603
vn 0.8821 -0.4163 0.2204
vn 0.9061 -0.4166 0.0737
vn 0.9061 -0.4165 0.0737
vn 0.0661 -0.4839 0.8726
vn 0.1982 -0.4849 0.8518
vn 0.3257 -0.4866 0.8106
vn 0.4454 -0.4886 0.7502
vn 0.5546 -0.4908 0.6719
vn 0.6512 -0.4928 0.5771
vn 0.7329 -0.4946 0.4671
vn 0.7973 -0.4959 0.3440
vn 0.8421 -0.4967 0.2104
vn 0.8649 -0.4969 0.0704
vn 0.0635 -0.5420 0.8380
vn 0.1903 -0.5431 0.8178
vn 0.3126 -0.5448 0.7781
vn 0.4274 -0.5469 0.7199
vn 0.5320 -0.5491 0.6445
vn 0.6244 -0.5512 0.5534
vn 0.7026 -0.5531 0.4478
vn 0.7642 -0.5544 0.3297
vn 0.8069 -0.5552 0.2016
vn 0.8288 -0.5554 0.0674
vn 0.0617 -0.5764 0.8148
vn 0.1850 -0.5775 0.7952
vn 0.3039 -0.5792 0.7564
vn 0.4154 -0.5814 0.6996
vn 0.5169 -0.5836 0.6263
vn 0.6066 -0.5857 0.5376
vn 0.6824 -0.5875 0.4349
vn 0.7421 -0.5889 0.3201
vn 0.7836 -0.5897 0.1957
vn 0.8048 -0.5899 0.0655
vn 0.0616 -0.5791 0.8129
vn 0.1846 -0.5802 0.7933
vn 0.3032 -0.5820 0.7546
vn 0.4144 -0.5841 0.6980
vn 0.5157 -0.5863 0.6248
vn 0.6051 -0.5884 0.5363
vn 0.6807 -0.5902 0.4339
vn 0.7403 -0.5916 0.3194
vn 0.7816 -0.5924 0.1953
vn 0.8028 -0.5926 0.0653
vn 0.0644 -0.5224 0.8502
vn 0.1931 -0.5235 0.8298
vn 0.3173 -0.5253 0.7896
vn 0.4337 -0.5273 0.7306
vn 0.5400 -0.5295 0.6542
vn 0.6339 -0.5316 0.5617
vn 0.7133 -0.5334 0.4546
vn 0.7759 -0.5348 0.3347
vn 0.8193 -0.5356 0.2047
vn 0.8416 -0.5358 0.0685
vn 0.8416 -0.5358 0.0684
vn 0.0723 -0.2913 0.9539
vn 0.2167 -0.2921 0.9315
vn 0.3564 -0.2933 0.8871
vn 0.4878 -0.2948 0.8217
vn 0.6080 -0.2963 0.7366
vn 0.7144 -0.2978 0.6331
vn 0.7145 -0.2978 0.6331
vn 0.8047 -0.2991 0.5129
vn 0.8759 -0.3001 0.3779
vn 0.9253 -0.3006 0.2312
vn 0.9505 -0.3008 0.0773
vn 0.0018 -0.9914 -0.1305
vn 0.0018 -0.9915 -0.1304
vn 0.0018 -0.9087 -0.4174
vn 0.0017 -0.9088 -0.4172
vn 0.0015 -0.7259 -0.6878
vn 0.0014 -0.7261 -0.6876
vn 0.0010 -0.4624 -0.8867
vn 0.0009 -0.4625 -0.8866
vn 0.0004 -0.1577 -0.9875
vn 0.0003 -0.1578 -0.9875
vn -0.0004 0.1577 -0.9875
vn -0.0004 0.1578 -0.9875
vn -0.0011 0.4624 -0.8867
vn -0.0011 0.4625 -0.8866
vn -0.0018 0.7259 -0.6878
vn -0.0018 0.7261 -0.6876
vn -0.0023 0.9088 -0.4173
vn -0.0023 0.9088 -0.4172
vn -0.0026 0.9914 -0.1305
vn -0.0025 0.9915 -0.1304
vn 0.0142 -0.9914 -0.1303
vn 0.0140 -0.9914 -0.1298
vn 0.0136 -0.9088 -0.4170
vn 0.0131 -0.9095 -0.4155
vn 0.0115 -0.7262 -0.6874
vn 0.0109 -0.7276 -0.6859
vn 0.0077 -0.4628 -0.8864
vn 0.0073 -0.4642 -0.8857
vn 0.0028 -0.1579 -0.9875
vn 0.0027 -0.1585 -0.9874
vn -0.0029 0.1579 -0.9874
vn -0.0028 0.1584 -0.9874
vn -0.0089 0.4628 -0.8864
vn -0.0086 0.4640 -0.8858
vn -0.0143 0.7262 -0.6873
vn -0.0140 0.7273 -0.6861
vn -0.0182 0.9088 -0.4169
vn -0.0179 0.9093 -0.4158
vn -0.0200 0.9913 -0.1303
vn -0.0199 0.9913 -0.1299
vn 0.0432 -0.9905 -0.1303
vn 0.0424 -0.9908 -0.1288
vn 0.0413 -0.9080 -0.4169
vn 0.0396 -0.9100 -0.4128
vn 0.0349 -0.7254 -0.6874
vn 0.0332 -0.7295 -0.6832
vn 0.0236 -0.4621 -0.8865
vn 0.0224 -0.4662 -0.8844
vn 0.0085 -0.1576 -0.9875
vn 0.0081 -0.1593 -0.9872
vn -0.0089 0.1575 -0.9875
vn -0.0086 0.1591 -0.9872
vn -0.0272 0.4616 -0.8867
vn -0.0264 0.4652 -0.8848
vn -0.0439 0.7245 -0.6879
vn -0.0429 0.7277 -0.6845
vn -0.0560 0.9070 -0.4174
vn -0.0550 0.9084 -0.4144
vn -0.0614 0.9895 -0.1305
vn -0.0611 0.9897 -0.1294
vn 0.0953 -0.9869 -0.1305
vn 0.0937 -0.9874 -0.1274
vn 0.0913 -0.9040 -0.4177
vn 0.0877 -0.9082 -0.4093
vn 0.0772 -0.7209 -0.6887
vn 0.0737 -0.7296 -0.6799
vn 0.0522 -0.4580 -0.8874
vn 0.0500 -0.4668 -0.8829
vn 0.0188 -0.1558 -0.9876
vn 0.0181 -0.1593 -0.9871
vn -0.0197 0.1555 -0.9876
vn -0.0192 0.1589 -0.9871
vn -0.0602 0.4557 -0.8881
vn -0.0587 0.4633 -0.8843
vn -0.0974 0.7164 -0.6908
vn -0.0955 0.7233 -0.6839
vn -0.1246 0.8988 -0.4204
vn -0.1227 0.9019 -0.4141
vn -0.1370 0.9818 -0.1316
vn -0.1361 0.9822 -0.1294
vn 0.1811 -0.9747 -0.1312
vn 0.1781 -0.9759 -0.1260
vn 0.1733 -0.8908 -0.4201
vn 0.1670 -0.8986 -0.4057
vn 0.1461 -0.7071 -0.6918
vn 0.1406 -0.7227 -0.6767
vn 0.0983 -0.4465 -0.8894
vn 0.0955 -0.4621 -0.8817
vn 0.0353 -0.1510 -0.9879
vn 0.0346 -0.1572 -0.9870
vn -0.0370 0.1502 -0.9880
vn -0.0365 0.1560 -0.9871
vn -0.1129 0.4401 -0.8908
vn -0.1115 0.4531 -0.8845
vn -0.1837 0.6938 -0.6964
vn -0.1811 0.7058 -0.6848
vn -0.2358 0.8735 -0.4259
vn -0.2328 0.8793 -0.4154
vn -0.2600 0.9563 -0.1337
vn -0.2584 0.9573 -0.1300
vn 0.3144 -0.9400 -0.1322
vn 0.3095 -0.9427 -0.1245
vn 0.2998 -0.8549 -0.4234
vn 0.2904 -0.8683 -0.4020
vn 0.2510 -0.6729 -0.6958
vn 0.2446 -0.6976 -0.6735
vn 0.1675 -0.4205 -0.8917
vn 0.1657 -0.4441 -0.8805
vn 0.0597 -0.1409 -0.9882
vn 0.0598 -0.1500 -0.9869
vn -0.0622 0.1392 -0.9883
vn -0.0626 0.1477 -0.9871
vn -0.1899 0.4068 -0.8936
vn -0.1903 0.4258 -0.8846
vn -0.3094 0.6416 -0.7019
vn -0.3080 0.6597 -0.6855
vn -0.3984 0.8095 -0.4313
vn -0.3949 0.8190 -0.4163
vn -0.4400 0.8877 -0.1358
vn -0.4378 0.8896 -0.1303
vn 0.5053 -0.8527 -0.1325
vn 0.4989 -0.8580 -0.1225
vn 0.4784 -0.7690 -0.4239
vn 0.4680 -0.7897 -0.3966
vn 0.3967 -0.5984 -0.6961
vn 0.3932 -0.6320 -0.6678
vn 0.2620 -0.3694 -0.8916
vn 0.2650 -0.3996 -0.8776
vn 0.0925 -0.1224 -0.9882
vn 0.0948 -0.1336 -0.9865
vn -0.0956 0.1197 -0.9882
vn -0.0982 0.1299 -0.9867
vn -0.2895 0.3464 -0.8923
vn -0.2949 0.3691 -0.8814
vn -0.4678 0.5413 -0.6987
vn -0.4708 0.5633 -0.6790
vn -0.5982 0.6776 -0.4278
vn -0.5964 0.6901 -0.4099
vn -0.6585 0.7404 -0.1344
vn -0.6564 0.7435 -0.1279
vn 0.7309 -0.6702 -0.1287
vn 0.7253 -0.6782 -0.1182
vn 0.6863 -0.5989 -0.4127
vn 0.6805 -0.6240 -0.3842
vn 0.5659 -0.4625 -0.6826
vn 0.5706 -0.4979 -0.6530
vn 0.3725 -0.2840 -0.8835
vn 0.3836 -0.3135 -0.8686
vn 0.1308 -0.0934 -0.9870
vn 0.1364 -0.1040 -0.9852
vn -0.1337 0.0902 -0.9869
vn -0.1392 0.0994 -0.9853
vn -0.3968 0.2554 -0.8817
vn -0.4085 0.2755 -0.8702
vn -0.6247 0.3884 -0.6774
vn -0.6334 0.4077 -0.6578
vn -0.7804 0.4747 -0.4070
vn -0.7821 0.4862 -0.3898
vn -0.8493 0.5126 -0.1266
vn -0.8482 0.5159 -0.1204
vn 0.9109 -0.3951 -0.1191
vn 0.9088 -0.4021 -0.1110
vn 0.8532 -0.3517 -0.3852
vn 0.8547 -0.3707 -0.3634
vn 0.7083 -0.2730 -0.6510
vn 0.7199 -0.2968 -0.6274
vn 0.4716 -0.1693 -0.8654
vn 0.4873 -0.1878 -0.8528
vn 0.1663 -0.0558 -0.9845
vn 0.1734 -0.0622 -0.9829
vn -0.1680 0.0531 -0.9844
vn -0.1746 0.0586 -0.9829
vn -0.4843 0.1460 -0.8626
vn -0.4976 0.1574 -0.8530
vn -0.7351 0.2138 -0.6434
vn -0.7450 0.2246 -0.6281
vn -0.8910 0.2533 -0.3767
vn -0.8942 0.2601 -0.3643
vn -0.9560 0.2696 -0.1157
vn -0.9559 0.2718 -0.1113
vn 0.9873 -0.1155 -0.1091
vn 0.9873 -0.1179 -0.1061
vn 0.9283 -0.1031 -0.3573
vn 0.9308 -0.1089 -0.3490
vn 0.7812 -0.0811 -0.6190
vn 0.7879 -0.0875 -0.6096
vn 0.5294 -0.0511 -0.8469
vn 0.5374 -0.0558 -0.8415
vn 0.1884 -0.0170 -0.9819
vn 0.1920 -0.0185 -0.9812
vn -0.1887 0.0160 -0.9819
vn -0.1920 0.0173 -0.9813
vn -0.5315 0.0429 -0.8460
vn -0.5377 0.0455 -0.8419
vn -0.7849 0.0610 -0.6166
vn -0.7893 0.0636 -0.6107
vn -0.9323 0.0708 -0.3548
vn -0.9339 0.0726 -0.3502
vn -0.9913 0.0746 -0.1081
vn -0.9915 0.0753 -0.1065
vn -0.0025 0.9914 0.1305
vn -0.0026 0.9915 0.1304
vn -0.0023 0.9088 0.4173
vn -0.0023 0.9088 0.4172
vn -0.0018 0.7259 0.6878
vn -0.0018 0.7261 0.6876
vn -0.0011 0.4624 0.8867
vn -0.0011 0.4625 0.8866
vn -0.0004 0.1577 0.9875
vn -0.0004 0.1578 0.9875
vn 0.0003 -0.1577 0.9875
vn 0.0004 -0.1578 0.9875
vn 0.0009 -0.4624 0.8867
vn 0.0010 -0.4625 0.8866
vn 0.0014 -0.7259 0.6878
vn 0.0015 -0.7260 0.6876
vn 0.0017 -0.9087 0.4174
vn 0.0018 -0.9088 0.4172
vn 0.0018 -0.9914 0.1305
vn 0.0018 -0.9915 0.1304
vn -0.0199 0.9913 0.1303
vn -0.0200 0.9913 0.1299
vn -0.0179 0.9088 0.4169
vn -0.0182 0.9093 0.4158
vn -0.0139 0.7262 0.6873
vn -0.0143 0.7273 0.6862
vn -0.0086 0.4628 0.8864
vn -0.0089 0.4640 0.8858
vn -0.0028 0.1579 0.9875
vn -0.0029 0.1584 0.9874
vn 0.0026 -0.1579 0.9875
vn 0.0028 -0.1584 0.9874
vn 0.0073 -0.4627 0.8865
vn 0.0078 -0.4641 0.8857
vn 0.0109 -0.7262 0.6874
vn 0.0115 -0.7275 0.6860
vn 0.0130 -0.9088 0.4170
vn 0.0136 -0.9095 0.4156
vn 0.0140 -0.9914 0.1303
vn 0.0142 -0.9914 0.1298
vn -0.0611 0.9896 0.1305
vn -0.0615 0.9897 0.1294
vn -0.0550 0.9071 0.4174
vn -0.0560 0.9083 0.4145
vn -0.0427 0.7246 0.6878
vn -0.0441 0.7275 0.6847
vn -0.0262 0.4617 0.8866
vn -0.0274 0.4649 0.8849
vn -0.0085 0.1576 0.9875
vn -0.0090 0.1590 0.9872
vn 0.0081 -0.1576 0.9875
vn 0.0086 -0.1591 0.9872
vn 0.0222 -0.4622 0.8865
vn 0.0238 -0.4659 0.8845
vn 0.0330 -0.7256 0.6873
vn 0.0351 -0.7292 0.6834
vn 0.0396 -0.9081 0.4168
vn 0.0414 -0.9098 0.4130
vn 0.0424 -0.9906 0.1303
vn 0.0432 -0.9907 0.1288
vn -0.1361 0.9819 0.1316
vn -0.1370 0.9821 0.1294
vn -0.1223 0.8992 0.4202
vn -0.1249 0.9015 0.4144
vn -0.0947 0.7171 0.6905
vn -0.0983 0.7225 0.6844
vn -0.0579 0.4564 0.8879
vn -0.0610 0.4623 0.8846
vn -0.0188 0.1558 0.9876
vn -0.0201 0.1584 0.9872
vn 0.0178 -0.1561 0.9876
vn 0.0192 -0.1589 0.9871
vn 0.0491 -0.4589 0.8872
vn 0.0530 -0.4656 0.8834
vn 0.0729 -0.7218 0.6882
vn 0.0780 -0.7284 0.6807
vn 0.0874 -0.9045 0.4174
vn 0.0917 -0.9075 0.4099
vn 0.0937 -0.9870 0.1305
vn 0.0954 -0.9872 0.1275
vn -0.2583 0.9568 0.1337
vn -0.2601 0.9568 0.1300
vn -0.2316 0.8748 0.4256
vn -0.2370 0.8779 0.4160
vn -0.1785 0.6957 0.6958
vn -0.1863 0.7036 0.6858
vn -0.1088 0.4419 0.8904
vn -0.1157 0.4508 0.8851
vn -0.0353 0.1510 0.9879
vn -0.0381 0.1549 0.9872
vn 0.0334 -0.1519 0.9878
vn 0.0365 -0.1560 0.9871
vn 0.0928 -0.4489 0.8887
vn 0.1011 -0.4590 0.8827
vn 0.1381 -0.7099 0.6907
vn 0.1487 -0.7195 0.6784
vn 0.1658 -0.8926 0.4193
vn 0.1744 -0.8967 0.4069
vn 0.1780 -0.9753 0.1311
vn 0.1812 -0.9753 0.1262
vn -0.4374 0.8889 0.1357
vn -0.4403 0.8883 0.1304
vn -0.3919 0.8128 0.4310
vn -0.4013 0.8155 0.4170
vn -0.3016 0.6460 0.7012
vn -0.3157 0.6548 0.6867
vn -0.1836 0.4107 0.8931
vn -0.1966 0.4211 0.8855
vn -0.0597 0.1409 0.9882
vn -0.0651 0.1456 0.9872
vn 0.0569 -0.1427 0.9881
vn 0.0626 -0.1477 0.9871
vn 0.1588 -0.4257 0.8908
vn 0.1744 -0.4377 0.8820
vn 0.2382 -0.6793 0.6941
vn 0.2575 -0.6903 0.6762
vn 0.2876 -0.8597 0.4221
vn 0.3027 -0.8633 0.4040
vn 0.3092 -0.9418 0.1321
vn 0.3147 -0.9409 0.1248
vn -0.6558 0.7429 0.1344
vn -0.6591 0.7411 0.1279
vn -0.5910 0.6838 0.4278
vn -0.6035 0.6837 0.4103
vn -0.4588 0.5490 0.6987
vn -0.4795 0.5548 0.6799
vn -0.2819 0.3528 0.8922
vn -0.3022 0.3615 0.8820
vn -0.0925 0.1224 0.9882
vn -0.1011 0.1266 0.9868
vn 0.0890 -0.1254 0.9881
vn 0.0982 -0.1299 0.9867
vn 0.2509 -0.3784 0.8910
vn 0.2758 -0.3887 0.8791
vn 0.3799 -0.6108 0.6947
vn 0.4098 -0.6182 0.6708
vn 0.4620 -0.7796 0.4228
vn 0.4844 -0.7787 0.3988
vn 0.4983 -0.8569 0.1323
vn 0.5060 -0.8538 0.1228
vn -0.8475 0.5155 0.1266
vn -0.8499 0.5130 0.1204
vn -0.7755 0.4821 0.4076
vn -0.7868 0.4786 0.3898
vn -0.6178 0.3977 0.6784
vn -0.6397 0.3977 0.6578
vn -0.3902 0.2632 0.8823
vn -0.4141 0.2666 0.8703
vn -0.1308 0.0934 0.9870
vn -0.1417 0.0955 0.9853
vn 0.1275 -0.0972 0.9871
vn 0.1392 -0.0994 0.9853
vn 0.3621 -0.2959 0.8839
vn 0.3929 -0.2996 0.8694
vn 0.5504 -0.4803 0.6829
vn 0.5852 -0.4783 0.6548
vn 0.6713 -0.6156 0.4127
vn 0.6952 -0.6066 0.3856
vn 0.7243 -0.6773 0.1287
vn 0.7318 -0.6711 0.1184
vn -0.9554 0.2716 0.1157
vn -0.9565 0.2697 0.1113
vn -0.8893 0.2586 0.3772
vn -0.8958 0.2547 0.3642
vn -0.7322 0.2207 0.6444
vn -0.7473 0.2173 0.6280
vn -0.4810 0.1521 0.8634
vn -0.4998 0.1507 0.8529
vn -0.1663 0.0558 0.9845
vn -0.1756 0.0556 0.9829
vn 0.1644 -0.0590 0.9846
vn 0.1746 -0.0586 0.9829
vn 0.4659 -0.1796 0.8664
vn 0.4913 -0.1763 0.8530
vn 0.7006 -0.2888 0.6525
vn 0.7262 -0.2799 0.6279
vn 0.8463 -0.3670 0.3861
vn 0.8612 -0.3550 0.3638
vn 0.9080 -0.4017 0.1192
vn 0.9118 -0.3954 0.1111
vn -0.9913 0.0752 0.1081
vn -0.9915 0.0746 0.1065
vn -0.9321 0.0724 0.3549
vn -0.9340 0.0709 0.3502
vn -0.7845 0.0632 0.6169
vn -0.7894 0.0613 0.6108
vn -0.5310 0.0450 0.8462
vn -0.5378 0.0434 0.8420
vn -0.1884 0.0170 0.9819
vn -0.1920 0.0163 0.9813
vn 0.1880 -0.0181 0.9820
vn 0.1920 -0.0173 0.9813
vn 0.5284 -0.0548 0.8472
vn 0.5375 -0.0518 0.8416
vn 0.7801 -0.0867 0.6196
vn 0.7883 -0.0818 0.6099
vn 0.9275 -0.1085 0.3577
vn 0.9313 -0.1035 0.3492
vn 0.9870 -0.1179 0.1092
vn 0.9876 -0.1156 0.1061
vn 0.9930 0.0501 -0.1067
vn 0.9930 0.0502 -0.1069
vn 0.9353 0.0469 -0.3507
vn 0.9351 0.0472 -0.3512
vn 0.7903 0.0394 -0.6114
vn 0.7898 0.0396 -0.6120
vn 0.5381 0.0266 -0.8425
vn 0.5375 0.0268 -0.8428
vn 0.1920 0.0094 -0.9814
vn 0.1917 0.0095 -0.9814
vn -0.1920 -0.0094 -0.9814
vn -0.1918 -0.0094 -0.9814
vn -0.5381 -0.0261 -0.8425
vn -0.5376 -0.0262 -0.8428
vn -0.7903 -0.0382 -0.6115
vn -0.7900 -0.0384 -0.6119
vn -0.9354 -0.0452 -0.3508
vn -0.9353 -0.0452 -0.3511
vn -0.9931 -0.0479 -0.1067
vn -0.9931 -0.0479 -0.1068
vn 0.9850 0.1338 -0.1090
vn 0.9852 0.1333 -0.1080
vn 0.9253 0.1270 -0.3574
vn 0.9265 0.1259 -0.3545
vn 0.7773 0.1082 -0.6198
vn 0.7802 0.1071 -0.6164
vn 0.5250 0.0742 -0.8478
vn 0.5284 0.0736 -0.8458
vn 0.1862 0.0267 -0.9822
vn 0.1877 0.0265 -0.9819
vn -0.1861 -0.0270 -0.9822
vn -0.1875 -0.0269 -0.9819
vn -0.5243 -0.0768 -0.8481
vn -0.5270 -0.0764 -0.8464
vn -0.7759 -0.1144 -0.6204
vn -0.7780 -0.1139 -0.6179
vn -0.9236 -0.1368 -0.3580
vn -0.9245 -0.1363 -0.3561
vn -0.9833 -0.1459 -0.1092
vn -0.9834 -0.1457 -0.1086
vn 0.9721 0.2064 -0.1112
vn 0.9728 0.2049 -0.1080
vn 0.9102 0.1972 -0.3643
vn 0.9146 0.1941 -0.3548
vn 0.7590 0.1690 -0.6288
vn 0.7688 0.1666 -0.6174
vn 0.5074 0.1164 -0.8538
vn 0.5189 0.1155 -0.8470
vn 0.1783 0.0421 -0.9831
vn 0.1834 0.0421 -0.9821
vn -0.1777 -0.0430 -0.9831
vn -0.1825 -0.0431 -0.9823
vn -0.5033 -0.1243 -0.8551
vn -0.5129 -0.1241 -0.8494
vn -0.7515 -0.1885 -0.6322
vn -0.7591 -0.1875 -0.6234
vn -0.9014 -0.2284 -0.3680
vn -0.9045 -0.2269 -0.3611
vn -0.9630 -0.2448 -0.1127
vn -0.9634 -0.2441 -0.1104
vn 0.9549 0.2750 -0.1122
vn 0.9562 0.2726 -0.1064
vn 0.8918 0.2637 -0.3677
vn 0.9000 0.2592 -0.3503
vn 0.7395 0.2266 -0.6338
vn 0.7579 0.2241 -0.6127
vn 0.4902 0.1562 -0.8575
vn 0.5115 0.1567 -0.8449
vn 0.1708 0.0565 -0.9837
vn 0.1801 0.0574 -0.9820
vn -0.1695 -0.0580 -0.9838
vn -0.1783 -0.0590 -0.9822
vn -0.4806 -0.1693 -0.8604
vn -0.4986 -0.1708 -0.8498
vn -0.7216 -0.2598 -0.6417
vn -0.7362 -0.2593 -0.6251
vn -0.8703 -0.3176 -0.3764
vn -0.8767 -0.3156 -0.3632
vn -0.9325 -0.3420 -0.1157
vn -0.9336 -0.3407 -0.1113
vn 0.9323 0.3440 -0.1115
vn 0.9344 0.3409 -0.1032
vn 0.8698 0.3305 -0.3664
vn 0.8818 0.3254 -0.3413
vn 0.7196 0.2846 -0.6334
vn 0.7461 0.2835 -0.6024
vn 0.4747 0.1963 -0.8580
vn 0.5057 0.2000 -0.8392
vn 0.1643 0.0710 -0.9839
vn 0.1780 0.0736 -0.9813
vn -0.1621 -0.0728 -0.9841
vn -0.1749 -0.0755 -0.9817
vn -0.4585 -0.2130 -0.8628
vn -0.4847 -0.2178 -0.8471
vn -0.6889 -0.3281 -0.6463
vn -0.7102 -0.3298 -0.6220
vn -0.8323 -0.4029 -0.3808
vn -0.8418 -0.4010 -0.3613
vn -0.8928 -0.4348 -0.1173
vn -0.8945 -0.4331 -0.1108
vn 0.9026 0.4163 -0.1095
vn 0.9054 0.4128 -0.0991
vn 0.8422 0.4003 -0.3611
vn 0.8573 0.3954 -0.3296
vn 0.6973 0.3454 -0.6281
vn 0.7303 0.3471 -0.5883
vn 0.4596 0.2384 -0.8555
vn 0.4986 0.2470 -0.8309
vn 0.1585 0.0860 -0.9836
vn 0.1758 0.0912 -0.9802
vn -0.1555 -0.0880 -0.9839
vn -0.1715 -0.0931 -0.9808
vn -0.4372 -0.2562 -0.8621
vn -0.4696 -0.2657 -0.8419
vn -0.6542 -0.3938 -0.6458
vn -0.6804 -0.3987 -0.6149
vn -0.7886 -0.4830 -0.3806
vn -0.8006 -0.4819 -0.3562
vn -0.8454 -0.5210 -0.1173
vn -0.8477 -0.5192 -0.1092
vn 0.8630 0.4937 -0.1069
vn 0.8664 0.4902 -0.0954
vn 0.8060 0.4745 -0.3540
vn 0.8227 0.4707 -0.3187
vn 0.6689 0.4097 -0.6203
vn 0.7052 0.4151 -0.5748
vn 0.4419 0.2829 -0.8513
vn 0.4850 0.2970 -0.8225
vn 0.1523 0.1018 -0.9831
vn 0.1714 0.1097 -0.9791
vn -0.1486 -0.1035 -0.9835
vn -0.1662 -0.1112 -0.9798
vn -0.4151 -0.2989 -0.8593
vn -0.4500 -0.3132 -0.8363
vn -0.6169 -0.4560 -0.6414
vn -0.6448 -0.4643 -0.6071
vn -0.7404 -0.5565 -0.3771
vn -0.7532 -0.5567 -0.3504
vn -0.7922 -0.5991 -0.1161
vn -0.7948 -0.5974 -0.1073
vn 0.8099 0.5771 -0.1051
vn 0.8134 0.5740 -0.0940
vn 0.7567 0.5528 -0.3490
vn 0.7731 0.5509 -0.3145
vn 0.6293 0.4760 -0.6143
vn 0.6637 0.4849 -0.5695
vn 0.4169 0.3277 -0.8478
vn 0.4575 0.3460 -0.8192
vn 0.1438 0.1174 -0.9826
vn 0.1617 0.1271 -0.9786
vn -0.1401 -0.1185 -0.9830
vn -0.1564 -0.1277 -0.9794
vn -0.3895 -0.3392 -0.8563
vn -0.4214 -0.3563 -0.8339
vn -0.5759 -0.5129 -0.6366
vn -0.6012 -0.5235 -0.6037
vn -0.6884 -0.6221 -0.3730
vn -0.7001 -0.6236 -0.3478
vn -0.7353 -0.6680 -0.1146
vn -0.7377 -0.6667 -0.1064
vn 0.7386 0.6657 -0.1063
vn 0.7417 0.6637 -0.0976
vn 0.6895 0.6330 -0.3520
vn 0.7025 0.6331 -0.3250
vn 0.5727 0.5393 -0.6174
vn 0.5986 0.5496 -0.5828
vn 0.3793 0.3675 -0.8492
vn 0.4087 0.3849 -0.8275
vn 0.1311 0.1306 -0.9827
vn 0.1438 0.1393 -0.9798
vn -0.1281 -0.1309 -0.9831
vn -0.1397 -0.1391 -0.9804
vn -0.3574 -0.3729 -0.8563
vn -0.3801 -0.3883 -0.8395
vn -0.5294 -0.5614 -0.6361
vn -0.5476 -0.5714 -0.6113
vn -0.6332 -0.6785 -0.3723
vn -0.6418 -0.6806 -0.3533
vn -0.6764 -0.7276 -0.1144
vn -0.6783 -0.7268 -0.1082
vn 0.6444 0.7563 -0.1132
vn 0.6458 0.7556 -0.1095
vn 0.5997 0.7092 -0.3706
vn 0.6052 0.7102 -0.3595
vn 0.4944 0.5909 -0.6374
vn 0.5045 0.5966 -0.6241
vn 0.3255 0.3936 -0.8597
vn 0.3360 0.4015 -0.8520
vn 0.1128 0.1379 -0.9840
vn 0.1171 0.1416 -0.9830
vn -0.1116 -0.1378 -0.9841
vn -0.1156 -0.1413 -0.9832
vn -0.3166 -0.3943 -0.8627
vn -0.3247 -0.4010 -0.8566
vn -0.4763 -0.5970 -0.6456
vn -0.4831 -0.6017 -0.6361
vn -0.5755 -0.7243 -0.3797
vn -0.5789 -0.7255 -0.3722
vn -0.6173 -0.7780 -0.1169
vn -0.6181 -0.7778 -0.1144
vn -0.9931 -0.0479 0.1067
vn -0.9931 -0.0479 0.1068
vn -0.9354 -0.0453 0.3508
vn -0.9353 -0.0451 0.3511
vn -0.7903 -0.0384 0.6115
vn -0.7901 -0.0382 0.6118
vn -0.5381 -0.0262 0.8425
vn -0.5377 -0.0261 0.8427
vn -0.1920 -0.0094 0.9814
vn -0.1918 -0.0094 0.9814
vn 0.1920 0.0095 0.9814
vn 0.1918 0.0094 0.9814
vn 0.5381 0.0268 0.8425
vn 0.5376 0.0266 0.8428
vn 0.7903 0.0397 0.6114
vn 0.7899 0.0393 0.6120
vn 0.9353 0.0472 0.3507
vn 0.9351 0.0469 0.3512
vn 0.9930 0.0502 0.1067
vn 0.9930 0.0501 0.1069
vn -0.9833 -0.1457 0.1092
vn -0.9833 -0.1459 0.1086
vn -0.9237 -0.1362 0.3580
vn -0.9243 -0.1369 0.3562
vn -0.7761 -0.1136 0.6203
vn -0.7777 -0.1147 0.6180
vn -0.5245 -0.0760 0.8480
vn -0.5267 -0.0771 0.8465
vn -0.1862 -0.0267 0.9822
vn -0.1873 -0.0272 0.9819
vn 0.1863 0.0263 0.9821
vn 0.1875 0.0269 0.9819
vn 0.5253 0.0731 0.8478
vn 0.5279 0.0746 0.8460
vn 0.7776 0.1067 0.6197
vn 0.7797 0.1085 0.6167
vn 0.9255 0.1257 0.3573
vn 0.9263 0.1272 0.3547
vn 0.9851 0.1333 0.1090
vn 0.9851 0.1338 0.1080
vn -0.9632 -0.2440 0.1127
vn -0.9632 -0.2449 0.1105
vn -0.9020 -0.2263 0.3678
vn -0.9038 -0.2290 0.3615
vn -0.7526 -0.1859 0.6317
vn -0.7578 -0.1901 0.6242
vn -0.5045 -0.1221 0.8547
vn -0.5114 -0.1263 0.8500
vn -0.1783 -0.0421 0.9831
vn -0.1817 -0.0440 0.9824
vn 0.1789 0.0410 0.9830
vn 0.1825 0.0431 0.9823
vn 0.5089 0.1133 0.8533
vn 0.5168 0.1185 0.8479
vn 0.7605 0.1648 0.6280
vn 0.7669 0.1708 0.6186
vn 0.9112 0.1934 0.3638
vn 0.9135 0.1979 0.3555
vn 0.9725 0.2048 0.1112
vn 0.9725 0.2064 0.1081
vn -0.9331 -0.3405 0.1156
vn -0.9330 -0.3422 0.1114
vn -0.8719 -0.3139 0.3758
vn -0.8750 -0.3193 0.3640
vn -0.7242 -0.2551 0.6407
vn -0.7332 -0.2639 0.6267
vn -0.4834 -0.1655 0.8596
vn -0.4952 -0.1745 0.8511
vn -0.1708 -0.0565 0.9837
vn -0.1766 -0.0605 0.9824
vn 0.1722 0.0549 0.9835
vn 0.1783 0.0590 0.9822
vn 0.4937 0.1513 0.8564
vn 0.5071 0.1616 0.8466
vn 0.7431 0.2197 0.6321
vn 0.7538 0.2310 0.6152
vn 0.8940 0.2575 0.3666
vn 0.8977 0.2654 0.3518
vn 0.9556 0.2724 0.1120
vn 0.9555 0.2752 0.1066
vn -0.8939 -0.4328 0.1172
vn -0.8935 -0.4351 0.1109
vn -0.8352 -0.3978 0.3798
vn -0.8388 -0.4061 0.3626
vn -0.6934 -0.3220 0.6446
vn -0.7052 -0.3359 0.6244
vn -0.4632 -0.2081 0.8614
vn -0.4791 -0.2225 0.8491
vn -0.1643 -0.0710 0.9839
vn -0.1721 -0.0773 0.9820
vn 0.1667 0.0689 0.9836
vn 0.1749 0.0755 0.9817
vn 0.4806 0.1901 0.8561
vn 0.4985 0.2061 0.8420
vn 0.7255 0.2757 0.6305
vn 0.7395 0.2925 0.6063
vn 0.8736 0.3224 0.3646
vn 0.8779 0.3336 0.3436
vn 0.9336 0.3406 0.1113
vn 0.9331 0.3443 0.1035
vn -0.8469 -0.5187 0.1171
vn -0.8462 -0.5215 0.1094
vn -0.7927 -0.4772 0.3793
vn -0.7963 -0.4877 0.3579
vn -0.6605 -0.3870 0.6434
vn -0.6734 -0.4054 0.6182
vn -0.4437 -0.2511 0.8603
vn -0.4618 -0.2706 0.8447
vn -0.1585 -0.0860 0.9836
vn -0.1676 -0.0949 0.9813
vn 0.1618 0.0839 0.9832
vn 0.1715 0.0931 0.9808
vn 0.4678 0.2317 0.8529
vn 0.4887 0.2535 0.8348
vn 0.7056 0.3354 0.6242
vn 0.7211 0.3572 0.5937
vn 0.8476 0.3910 0.3587
vn 0.8518 0.4048 0.3326
vn 0.9044 0.4124 0.1091
vn 0.9036 0.4167 0.0995
vn -0.7940 -0.5968 0.1159
vn -0.7930 -0.5996 0.1075
vn -0.7453 -0.5509 0.3756
vn -0.7481 -0.5623 0.3524
vn -0.6244 -0.4496 0.6387
vn -0.6366 -0.4705 0.6110
vn -0.4229 -0.2944 0.8571
vn -0.4407 -0.3173 0.8397
vn -0.1523 -0.1018 0.9831
vn -0.1616 -0.1125 0.9804
vn 0.1563 0.1000 0.9826
vn 0.1662 0.1112 0.9798
vn 0.4519 0.2768 0.8480
vn 0.4729 0.3027 0.8275
vn 0.6792 0.3998 0.6155
vn 0.6938 0.4250 0.5814
vn 0.8127 0.4649 0.3511
vn 0.8158 0.4803 0.3223
vn 0.8654 0.4897 0.1065
vn 0.8640 0.4943 0.0959
vn -0.7370 -0.6661 0.1145
vn -0.7359 -0.6686 0.1067
vn -0.6933 -0.6175 0.3715
vn -0.6950 -0.6281 0.3498
vn -0.5834 -0.5080 0.6337
vn -0.5930 -0.5282 0.6077
vn -0.3973 -0.3359 0.8540
vn -0.4121 -0.3589 0.8375
vn -0.1438 -0.1174 0.9826
vn -0.1517 -0.1283 0.9801
vn 0.1479 0.1163 0.9821
vn 0.1564 0.1277 0.9794
vn 0.4273 0.3232 0.8443
vn 0.4449 0.3497 0.8245
vn 0.6403 0.4678 0.6093
vn 0.6517 0.4928 0.5766
vn 0.7641 0.5444 0.3460
vn 0.7654 0.5593 0.3183
vn 0.8125 0.5734 0.1047
vn 0.8108 0.5777 0.0945
vn -0.6778 -0.7263 0.1142
vn -0.6769 -0.7281 0.1084
vn -0.6371 -0.6756 0.3710
vn -0.6378 -0.6835 0.3550
vn -0.5353 -0.5585 0.6337
vn -0.5412 -0.5739 0.6146
vn -0.3636 -0.3714 0.8543
vn -0.3729 -0.3891 0.8424
vn -0.1311 -0.1306 0.9827
vn -0.1360 -0.1390 0.9809
vn 0.1344 0.1302 0.9823
vn 0.1397 0.1391 0.9804
vn 0.3879 0.3653 0.8462
vn 0.3986 0.3861 0.8319
vn 0.5820 0.5343 0.6130
vn 0.5884 0.5542 0.5887
vn 0.6960 0.6273 0.3494
vn 0.6958 0.6388 0.3283
vn 0.7410 0.6631 0.1059
vn 0.7393 0.6662 0.0980
vn -0.6179 -0.7775 0.1168
vn -0.6175 -0.7782 0.1145
vn -0.5771 -0.7233 0.3792
vn -0.5773 -0.7264 0.3729
vn -0.4787 -0.5962 0.6445
vn -0.4805 -0.6023 0.6375
vn -0.3191 -0.3941 0.8619
vn -0.3219 -0.4009 0.8577
vn -0.1128 -0.1379 0.9840
vn -0.1142 -0.1410 0.9834
vn 0.1141 0.1380 0.9838
vn 0.1156 0.1413 0.9832
vn 0.3290 0.3933 0.8585
vn 0.3320 0.4014 0.8536
vn 0.4985 0.5896 0.6356
vn 0.5001 0.5977 0.6266
vn 0.6027 0.7073 0.3694
vn 0.6021 0.7121 0.3611
vn 0.6455 0.7553 0.1130
vn 0.6447 0.7565 0.1097
vn 0.1381 -0.9674 0.2123
vn 0.1292 -0.9713 0.1997
vn 0.1271 -0.7874 0.6031
vn 0.1103 -0.8074 0.5796
vn 0.0953 -0.5323 0.8412
vn 0.0814 -0.5574 0.8262
vn 0.0526 -0.2980 0.9531
vn 0.0447 -0.3160 0.9477
vn 0.0021 -0.0953 0.9954
vn -0.0007 -0.1031 0.9947
vn -0.0586 0.0952 0.9937
vn -0.0580 0.0970 0.9936
vn -0.1336 0.2958 0.9459
vn -0.1314 0.3056 0.9430
vn -0.2257 0.5209 0.8232
vn -0.2230 0.5351 0.8148
vn -0.3238 0.7511 0.5753
vn -0.3204 0.7621 0.5626
vn -0.3873 0.9005 0.1976
vn -0.3850 0.9029 0.1911
vn 0.4425 -0.8770 0.1871
vn 0.4382 -0.8804 0.1810
vn 0.3716 -0.7449 0.5541
vn 0.3647 -0.7573 0.5418
vn 0.2467 -0.5302 0.8112
vn 0.2418 -0.5468 0.8016
vn 0.1093 -0.3085 0.9449
vn 0.1067 -0.3233 0.9402
vn -0.0255 -0.1056 0.9941
vn -0.0264 -0.1162 0.9929
vn -0.1614 0.0854 0.9832
vn -0.1614 0.0793 0.9837
vn -0.3055 0.2770 0.9110
vn -0.3054 0.2749 0.9117
vn -0.4566 0.4705 0.7551
vn -0.4566 0.4710 0.7547
vn -0.5899 0.6383 0.4945
vn -0.5898 0.6396 0.4930
vn -0.6631 0.7308 0.1620
vn -0.6628 0.7312 0.1611
vn 0.7176 -0.6794 0.1533
vn 0.7169 -0.6805 0.1519
vn 0.6237 -0.6157 0.4815
vn 0.6228 -0.6197 0.4777
vn 0.4336 -0.4809 0.7621
vn 0.4339 -0.4884 0.7571
vn 0.1938 -0.3039 0.9328
vn 0.1959 -0.3147 0.9287
vn -0.0485 -0.1203 0.9915
vn -0.0447 -0.1330 0.9901
vn -0.2758 0.0547 0.9597
vn -0.2710 0.0417 0.9617
vn -0.4847 0.2170 0.8474
vn -0.4802 0.2054 0.8528
vn -0.6644 0.3582 0.6560
vn -0.6616 0.3495 0.6634
vn -0.7921 0.4603 0.4008
vn -0.7916 0.4556 0.4072
vn -0.8516 0.5088 0.1261
vn -0.8520 0.5076 0.1286
vn 0.8780 -0.4628 0.1221
vn 0.8785 -0.4614 0.1239
vn 0.7977 -0.4480 0.4037
vn 0.7975 -0.4452 0.4071
vn 0.6011 -0.3927 0.6960
vn 0.6009 -0.3921 0.6965
vn 0.2924 -0.2819 0.9138
vn 0.2967 -0.2878 0.9106
vn -0.0555 -0.1359 0.9892
vn -0.0440 -0.1495 0.9878
vn -0.3677 0.0109 0.9299
vn -0.3523 -0.0071 0.9359
vn -0.6147 0.1376 0.7766
vn -0.6012 0.1200 0.7901
vn -0.7908 0.2347 0.5653
vn -0.7828 0.2213 0.5816
vn -0.8963 0.2970 0.3292
vn -0.8940 0.2895 0.3420
vn -0.9405 0.3244 0.1012
vn -0.9407 0.3222 0.1059
vn 0.9462 -0.3066 0.1038
vn 0.9466 -0.3034 0.1088
vn 0.8817 -0.3135 0.3526
vn 0.8794 -0.3064 0.3644
vn 0.7041 -0.3043 0.6416
vn 0.6982 -0.2979 0.6510
vn 0.3755 -0.2501 0.8924
vn 0.3767 -0.2510 0.8917
vn -0.0376 -0.1471 0.9884
vn -0.0179 -0.1602 0.9869
vn -0.4050 -0.0300 0.9138
vn -0.3748 -0.0516 0.9257
vn -0.6705 0.0711 0.7385
vn -0.6445 0.0488 0.7631
vn -0.8409 0.1457 0.5212
vn -0.8261 0.1286 0.5487
vn -0.9352 0.1921 0.2974
vn -0.9305 0.1824 0.3176
vn -0.9730 0.2121 0.0906
vn -0.9730 0.2093 0.0977
vn 0.9696 -0.2237 0.0994
vn 0.9697 -0.2188 0.1088
vn 0.9095 -0.2396 0.3398
vn 0.9031 -0.2285 0.3637
vn 0.7403 -0.2492 0.6243
vn 0.7244 -0.2379 0.6471
vn 0.4182 -0.2240 0.8803
vn 0.4105 -0.2201 0.8849
vn 0.0007 -0.1508 0.9886
vn 0.0244 -0.1622 0.9865
vn -0.3797 -0.0545 0.9235
vn -0.3340 -0.0791 0.9393
vn -0.6589 0.0355 0.7514
vn -0.6160 0.0076 0.7877
vn -0.8398 0.1054 0.5326
vn -0.8141 0.0830 0.5747
vn -0.9406 0.1502 0.3046
vn -0.9319 0.1373 0.3358
vn -0.9811 0.1696 0.0928
vn -0.9807 0.1659 0.1037
vn 0.9728 -0.2054 0.1076
vn 0.9723 -0.1983 0.1236
vn 0.9044 -0.2248 0.3626
vn 0.8909 -0.2086 0.4035
vn 0.7253 -0.2365 0.6465
vn 0.6950 -0.2189 0.6849
vn 0.4175 -0.2138 0.8831
vn 0.3976 -0.2047 0.8944
vn 0.0430 -0.1484 0.9880
vn 0.0633 -0.1576 0.9855
vn -0.3088 -0.0583 0.9493
vn -0.2538 -0.0855 0.9635
vn -0.5934 0.0345 0.8042
vn -0.5322 -0.0008 0.8466
vn -0.7988 0.1140 0.5908
vn -0.7569 0.0832 0.6482
vn -0.9231 0.1687 0.3457
vn -0.9075 0.1505 0.3921
vn -0.9754 0.1931 0.1064
vn -0.9744 0.1880 0.1230
vn 0.9606 -0.2474 0.1267
vn 0.9594 -0.2376 0.1519
vn 0.8717 -0.2636 0.4130
vn 0.8475 -0.2390 0.4740
vn 0.6719 -0.2609 0.6932
vn 0.6257 -0.2327 0.7446
vn 0.3862 -0.2201 0.8958
vn 0.3549 -0.2033 0.9126
vn 0.0750 -0.1434 0.9868
vn 0.0857 -0.1492 0.9851
vn -0.2225 -0.0440 0.9739
vn -0.1712 -0.0734 0.9825
vn -0.4923 0.0656 0.8679
vn -0.4221 0.0213 0.9063
vn -0.7192 0.1706 0.6735
vn -0.6612 0.1274 0.7393
vn -0.8766 0.2504 0.4109
vn -0.8520 0.2239 0.4733
vn -0.9488 0.2883 0.1289
vn -0.9474 0.2813 0.1526
vn 0.9227 -0.3538 0.1531
vn 0.9213 -0.3405 0.1880
vn 0.8064 -0.3519 0.4752
vn 0.7723 -0.3139 0.5523
vn 0.5920 -0.3140 0.7422
vn 0.5364 -0.2690 0.8000
vn 0.3398 -0.2388 0.9097
vn 0.3015 -0.2096 0.9302
vn 0.0909 -0.1363 0.9865
vn 0.0898 -0.1354 0.9867
vn -0.1486 -0.0124 0.9888
vn -0.1120 -0.0419 0.9928
vn -0.3841 0.1296 0.9142
vn -0.3223 0.0767 0.9435
vn -0.6076 0.2781 0.7440
vn -0.5475 0.2204 0.8073
vn -0.7836 0.4022 0.4735
vn -0.7549 0.3654 0.5446
vn -0.8719 0.4654 0.1520
vn -0.8709 0.4570 0.1809
vn 0.8311 -0.5279 0.1748
vn 0.8315 -0.5124 0.2144
vn 0.7023 -0.4875 0.5189
vn 0.6697 -0.4338 0.6027
vn 0.5006 -0.3938 0.7709
vn 0.4481 -0.3268 0.8321
vn 0.2903 -0.2683 0.9186
vn 0.2509 -0.2194 0.9428
vn 0.0918 -0.1205 0.9885
vn 0.0808 -0.1065 0.9910
vn -0.1007 0.0516 0.9936
vn -0.0812 0.0259 0.9964
vn -0.2941 0.2490 0.9228
vn -0.2524 0.1906 0.9487
vn -0.4790 0.4546 0.7509
vn -0.4369 0.3886 0.8112
vn -0.6219 0.6224 0.4752
vn -0.6039 0.5831 0.5435
vn -0.6920 0.7057 0.1519
vn -0.6930 0.6984 0.1787
vn 0.3845 -0.9016 0.1979
vn 0.3879 -0.9017 0.1909
vn 0.3169 -0.7530 0.5767
vn 0.3274 -0.7599 0.5616
vn 0.2180 -0.5219 0.8247
vn 0.2308 -0.5336 0.8137
vn 0.1281 -0.2960 0.9466
vn 0.1370 -0.3049 0.9425
vn 0.0574 -0.0952 0.9938
vn 0.0592 -0.0969 0.9935
vn 0.0028 0.0953 0.9954
vn -0.0044 0.1026 0.9947
vn -0.0406 0.2982 0.9536
vn -0.0573 0.3147 0.9475
vn -0.0768 0.5332 0.8425
vn -0.1008 0.5551 0.8257
vn -0.1073 0.7893 0.6046
vn -0.1307 0.8047 0.5791
vn -0.1288 0.9686 0.2126
vn -0.1387 0.9700 0.1996
vn 0.6628 -0.7311 0.1620
vn 0.6632 -0.7309 0.1610
vn 0.5892 -0.6388 0.4948
vn 0.5906 -0.6391 0.4927
vn 0.4563 -0.4706 0.7552
vn 0.4570 -0.4709 0.7546
vn 0.3069 -0.2768 0.9106
vn 0.3041 -0.2752 0.9120
vn 0.1655 -0.0849 0.9825
vn 0.1572 -0.0801 0.9843
vn 0.0332 0.1064 0.9938
vn 0.0186 0.1148 0.9932
vn -0.0979 0.3100 0.9457
vn -0.1183 0.3209 0.9397
vn -0.2332 0.5331 0.8133
vn -0.2557 0.5429 0.7999
vn -0.3598 0.7491 0.5562
vn -0.3769 0.7524 0.5402
vn -0.4377 0.8794 0.1874
vn -0.4433 0.8780 0.1807
vn 0.8522 -0.5078 0.1259
vn 0.8513 -0.5086 0.1287
vn 0.7943 -0.4578 0.3995
vn 0.7894 -0.4583 0.4085
vn 0.6688 -0.3552 0.6531
vn 0.6571 -0.3530 0.6660
vn 0.4919 -0.2144 0.8439
vn 0.4730 -0.2087 0.8560
vn 0.2854 -0.0526 0.9570
vn 0.2616 -0.0446 0.9642
vn 0.0590 0.1222 0.9907
vn 0.0344 0.1302 0.9909
vn -0.1844 0.3062 0.9339
vn -0.2052 0.3117 0.9277
vn -0.4272 0.4835 0.7640
vn -0.4403 0.4853 0.7554
vn -0.6206 0.6180 0.4827
vn -0.6260 0.6171 0.4767
vn -0.7167 0.6803 0.1534
vn -0.7178 0.6795 0.1518
vn 0.9411 -0.3226 0.1009
vn 0.9400 -0.3242 0.1061
vn 0.8987 -0.2924 0.3268
vn 0.8914 -0.2946 0.3443
vn 0.7964 -0.2287 0.5599
vn 0.7770 -0.2281 0.5868
vn 0.6249 -0.1319 0.7695
vn 0.5910 -0.1267 0.7966
vn 0.3813 -0.0064 0.9244
vn 0.3392 0.0016 0.9407
vn 0.0678 0.1392 0.9879
vn 0.0323 0.1452 0.9889
vn -0.2867 0.2840 0.9150
vn -0.3020 0.2854 0.9096
vn -0.6016 0.3924 0.6958
vn -0.6005 0.3925 0.6967
vn -0.7994 0.4458 0.4026
vn -0.7957 0.4476 0.4080
vn -0.8787 0.4615 0.1219
vn -0.8777 0.4628 0.1241
vn 0.9736 -0.2097 0.0902
vn 0.9724 -0.2120 0.0980
vn 0.9374 -0.1859 0.2944
vn 0.9281 -0.1895 0.3204
vn 0.8466 -0.1373 0.5142
vn 0.8201 -0.1383 0.5552
vn 0.6818 -0.0626 0.7288
vn 0.6334 -0.0588 0.7716
vn 0.4207 0.0369 0.9064
vn 0.3604 0.0432 0.9318
vn 0.0499 0.1516 0.9872
vn 0.0072 0.1548 0.9879
vn -0.3746 0.2506 0.8927
vn -0.3775 0.2505 0.8915
vn -0.7091 0.2995 0.6383
vn -0.6933 0.3032 0.6538
vn -0.8851 0.3070 0.3497
vn -0.8757 0.3136 0.3670
vn -0.9472 0.3036 0.1033
vn -0.9455 0.3068 0.1092
vn 0.9817 -0.1666 0.0924
vn 0.9800 -0.1695 0.1041
vn 0.9429 -0.1420 0.3013
vn 0.9293 -0.1468 0.3388
vn 0.8460 -0.0943 0.5248
vn 0.8079 -0.0958 0.5815
vn 0.6710 -0.0241 0.7411
vn 0.6050 -0.0209 0.7960
vn 0.3956 0.0638 0.9162
vn 0.3209 0.0683 0.9447
vn 0.0091 0.1557 0.9878
vn -0.0320 0.1566 0.9871
vn -0.4217 0.2216 0.8793
vn -0.4076 0.2227 0.8856
vn -0.7482 0.2395 0.6188
vn -0.7171 0.2485 0.6512
vn -0.9137 0.2288 0.3357
vn -0.8985 0.2406 0.3672
vn -0.9707 0.2190 0.0989
vn -0.9684 0.2242 0.1094
vn 0.9762 -0.1890 0.1060
vn 0.9735 -0.1927 0.1233
vn 0.9262 -0.1579 0.3424
vn 0.9042 -0.1629 0.3947
vn 0.8060 -0.0997 0.5835
vn 0.7504 -0.0997 0.6534
vn 0.6055 -0.0203 0.7956
vn 0.5227 -0.0155 0.8523
vn 0.3220 0.0692 0.9442
vn 0.2446 0.0733 0.9668
vn -0.0373 0.1527 0.9876
vn -0.0671 0.1530 0.9859
vn -0.4237 0.2082 0.8816
vn -0.3932 0.2106 0.8950
vn -0.7351 0.2220 0.6406
vn -0.6867 0.2345 0.6881
vn -0.9099 0.2094 0.3581
vn -0.8852 0.2259 0.4067
vn -0.9742 0.1987 0.1069
vn -0.9706 0.2061 0.1241
vn 0.9504 -0.2831 0.1287
vn 0.9456 -0.2873 0.1527
vn 0.8814 -0.2370 0.4086
vn 0.8474 -0.2392 0.4740
vn 0.7273 -0.1534 0.6690
vn 0.6553 -0.1469 0.7409
vn 0.5024 -0.0494 0.8632
vn 0.4162 -0.0394 0.9084
vn 0.2310 0.0552 0.9714
vn 0.1668 0.0613 0.9841
vn -0.0729 0.1459 0.9866
vn -0.0867 0.1466 0.9854
vn -0.3928 0.2112 0.8950
vn -0.3510 0.2125 0.9119
vn -0.6826 0.2419 0.6896
vn -0.6179 0.2528 0.7445
vn -0.8792 0.2432 0.4097
vn -0.8404 0.2615 0.4748
vn -0.9629 0.2384 0.1261
vn -0.9568 0.2479 0.1521
vn 0.8748 -0.4599 0.1521
vn 0.8677 -0.4632 0.1804
vn 0.7905 -0.3877 0.4742
vn 0.7488 -0.3818 0.5418
vn 0.6153 -0.2593 0.7444
vn 0.5429 -0.2411 0.8044
vn 0.3904 -0.1126 0.9137
vn 0.3198 -0.0949 0.9427
vn 0.1524 0.0225 0.9881
vn 0.1107 0.0313 0.9934
vn -0.0910 0.1359 0.9865
vn -0.0898 0.1358 0.9867
vn -0.3452 0.2261 0.9109
vn -0.2991 0.2225 0.9279
vn -0.6022 0.2909 0.7435
vn -0.5303 0.2930 0.7956
vn -0.8165 0.3274 0.4756
vn -0.7637 0.3404 0.5486
vn -0.9269 0.3426 0.1531
vn -0.9167 0.3529 0.1874
vn 0.6959 -0.7017 0.1525
vn 0.6890 -0.7026 0.1777
vn 0.6301 -0.6106 0.4798
vn 0.5968 -0.5962 0.5371
vn 0.4856 -0.4367 0.7572
vn 0.4329 -0.4078 0.8039
vn 0.2973 -0.2321 0.9261
vn 0.2516 -0.2077 0.9453
vn 0.1017 -0.0434 0.9939
vn 0.0812 -0.0339 0.9961
vn -0.0924 0.1156 0.9890
vn -0.0807 0.1112 0.9905
vn -0.2939 0.2499 0.9226
vn -0.2498 0.2373 0.9388
vn -0.5094 0.3662 0.7787
vn -0.4434 0.3544 0.8233
vn -0.7151 0.4610 0.5254
vn -0.6595 0.4611 0.5936
vn -0.8381 0.5165 0.1759
vn -0.8245 0.5244 0.2126
vn -0.7218 0.6666 -0.1861
vn -0.7286 0.6562 -0.1966
vn -0.5970 0.5958 -0.5373
vn -0.6013 0.5643 -0.5657
vn -0.4190 0.4683 -0.7779
vn -0.4140 0.4295 -0.8026
vn -0.2439 0.3175 -0.9164
vn -0.2371 0.2887 -0.9276
vn -0.0804 0.1475 -0.9858
vn -0.0779 0.1387 -0.9873
vn 0.0811 -0.0512 -0.9954
vn 0.0772 -0.0370 -0.9963
vn 0.2467 -0.2821 -0.9271
vn 0.2392 -0.2506 -0.9381
vn 0.4045 -0.5219 -0.7510
vn 0.4007 -0.4892 -0.7747
vn 0.5221 -0.7117 -0.4699
vn 0.5259 -0.6938 -0.4920
vn 0.5776 -0.8026 -0.1490
vn 0.5812 -0.7987 -0.1557
vn -0.6508 0.7388 -0.1750
vn -0.6576 0.7307 -0.1834
vn -0.5396 0.6734 -0.5054
vn -0.5458 0.6489 -0.5301
vn -0.3823 0.5580 -0.7365
vn -0.3808 0.5284 -0.7588
vn -0.2265 0.4221 -0.8778
vn -0.2229 0.4022 -0.8880
vn -0.0777 0.2667 -0.9606
vn -0.0775 0.2658 -0.9609
vn 0.0753 0.0791 -0.9940
vn 0.0697 0.1006 -0.9925
vn 0.2427 -0.1525 -0.9580
vn 0.2335 -0.1122 -0.9659
vn 0.4170 -0.4148 -0.8088
vn 0.4118 -0.3717 -0.8320
vn 0.5588 -0.6427 -0.5241
vn 0.5634 -0.6177 -0.5486
vn 0.6289 -0.7589 -0.1689
vn 0.6337 -0.7532 -0.1764
vn -0.5607 0.8134 -0.1549
vn -0.5668 0.8079 -0.1612
vn -0.4690 0.7600 -0.4500
vn -0.4760 0.7435 -0.4697
vn -0.3391 0.6659 -0.6645
vn -0.3400 0.6473 -0.6822
vn -0.2076 0.5533 -0.8067
vn -0.2065 0.5446 -0.8129
vn -0.0776 0.4211 -0.9037
vn -0.0796 0.4307 -0.8990
vn 0.0635 0.2543 -0.9650
vn 0.0555 0.2866 -0.9564
vn 0.2310 0.0334 -0.9724
vn 0.2180 0.0879 -0.9720
vn 0.4268 -0.2459 -0.8703
vn 0.4175 -0.1836 -0.8899
vn 0.6084 -0.5236 -0.5964
vn 0.6134 -0.4830 -0.6249
vn 0.7060 -0.6800 -0.1978
vn 0.7131 -0.6698 -0.2069
vn -0.4313 0.8943 -0.1194
vn -0.4353 0.8919 -0.1227
vn -0.3680 0.8609 -0.3514
vn -0.3727 0.8546 -0.3617
vn -0.2764 0.8009 -0.5312
vn -0.2773 0.7964 -0.5375
vn -0.1797 0.7257 -0.6641
vn -0.1800 0.7315 -0.6577
vn -0.0785 0.6336 -0.7697
vn -0.0826 0.6556 -0.7505
vn 0.0399 0.5114 -0.8584
vn 0.0284 0.5553 -0.8312
vn 0.1966 0.3371 -0.9207
vn 0.1760 0.4077 -0.8960
vn 0.4146 0.0829 -0.9062
vn 0.3913 0.1772 -0.9031
vn 0.6746 -0.2360 -0.6994
vn 0.6707 -0.1535 -0.7257
vn 0.8509 -0.4616 -0.2509
vn 0.8610 -0.4351 -0.2633
vn -0.2045 0.9776 -0.0490
vn -0.2020 0.9782 -0.0473
vn -0.1877 0.9702 -0.1531
vn -0.1822 0.9728 -0.1432
vn -0.1578 0.9553 -0.2500
vn -0.1524 0.9619 -0.2272
vn -0.1199 0.9335 -0.3378
vn -0.1180 0.9461 -0.3017
vn -0.0728 0.9041 -0.4211
vn -0.0770 0.9246 -0.3731
vn -0.0089 0.8647 -0.5023
vn -0.0223 0.8954 -0.4448
vn 0.0864 0.8117 -0.5777
vn 0.0599 0.8559 -0.5137
vn 0.2406 0.7419 -0.6258
vn 0.1952 0.8034 -0.5625
vn 0.4877 0.6618 -0.5694
vn 0.4247 0.7356 -0.5278
vn 0.7536 0.6097 -0.2457
vn 0.7166 0.6533 -0.2443
vn 0.2810 0.9535 0.1087
vn 0.2954 0.9481 0.1173
vn 0.1834 0.9456 0.2686
vn 0.2046 0.9307 0.3031
vn 0.0837 0.9434 0.3209
vn 0.0962 0.9256 0.3660
vn 0.0118 0.9500 0.3121
vn 0.0157 0.9349 0.3547
vn -0.0368 0.9598 0.2781
vn -0.0387 0.9485 0.3144
vn -0.0706 0.9694 0.2349
vn -0.0761 0.9617 0.2634
vn -0.0957 0.9775 0.1882
vn -0.1031 0.9727 0.2080
vn -0.1154 0.9837 0.1381
vn -0.1231 0.9811 0.1491
vn -0.1307 0.9879 0.0840
vn -0.1366 0.9868 0.0875
vn -0.1402 0.9898 0.0271
vn -0.1424 0.9894 0.0269
vn 0.8779 0.3744 0.2986
vn 0.8801 0.3671 0.3012
vn 0.5780 0.4218 0.6986
vn 0.5797 0.4093 0.7046
vn 0.3123 0.4852 0.8167
vn 0.3127 0.4760 0.8220
vn 0.1363 0.5518 0.8228
vn 0.1361 0.5474 0.8258
vn 0.0118 0.6172 0.7867
vn 0.0116 0.6165 0.7873
vn -0.0882 0.6830 0.7251
vn -0.0877 0.6844 0.7238
vn -0.1779 0.7522 0.6345
vn -0.1765 0.7544 0.6323
vn -0.2616 0.8240 0.5026
vn -0.2592 0.8259 0.5007
vn -0.3316 0.8875 0.3201
vn -0.3292 0.8885 0.3197
vn -0.3708 0.9229 0.1040
vn -0.3698 0.9232 0.1045
vn 0.9302 -0.2021 0.3063
vn 0.9332 -0.1929 0.3032
vn 0.6522 -0.0763 0.7542
vn 0.6580 -0.0589 0.7507
vn 0.3797 0.0682 0.9226
vn 0.3841 0.0846 0.9194
vn 0.1861 0.1940 0.9632
vn 0.1894 0.2063 0.9600
vn 0.0408 0.3098 0.9499
vn 0.0434 0.3179 0.9471
vn -0.0830 0.4273 0.9003
vn -0.0808 0.4319 0.8983
vn -0.2003 0.5543 0.8078
vn -0.1986 0.5563 0.8069
vn -0.3143 0.6887 0.6534
vn -0.3134 0.6893 0.6532
vn -0.4117 0.8079 0.4216
vn -0.4114 0.8080 0.4217
vn -0.4660 0.8740 0.1376
vn 0.8476 -0.4566 0.2703
vn 0.8557 -0.4455 0.2631
vn 0.6301 -0.3322 0.7019
vn 0.6474 -0.3115 0.6956
vn 0.3914 -0.1736 0.9037
vn 0.4050 -0.1545 0.9012
vn 0.2059 -0.0289 0.9781
vn 0.2145 -0.0159 0.9766
vn 0.0576 0.1090 0.9924
vn 0.0625 0.1155 0.9913
vn -0.0754 0.2538 0.9643
vn -0.0737 0.2555 0.9640
vn -0.2074 0.4152 0.8858
vn -0.2087 0.4145 0.8858
vn -0.3411 0.5906 0.7314
vn -0.3447 0.5897 0.7304
vn -0.4580 0.7490 0.4787
vn -0.4618 0.7485 0.4760
vn -0.5235 0.8374 0.1571
vn -0.5249 0.8369 0.1551
vn 0.7761 -0.5845 0.2367
vn 0.7864 -0.5751 0.2253
vn 0.6021 -0.4777 0.6398
vn 0.6269 -0.4626 0.6269
vn 0.3928 -0.3260 0.8599
vn 0.4142 -0.3131 0.8546
vn 0.2166 -0.1770 0.9601
vn 0.2296 -0.1693 0.9585
vn 0.0679 -0.0285 0.9973
vn 0.0731 -0.0259 0.9970
vn -0.0710 0.1325 0.9886
vn -0.0725 0.1320 0.9886
vn -0.2137 0.3161 0.9244
vn -0.2210 0.3154 0.9228
vn -0.3617 0.5190 0.7745
vn -0.3727 0.5197 0.7688
vn -0.4927 0.7040 0.5114
vn -0.5019 0.7044 0.5019
vn -0.5658 0.8072 0.1683
vn -0.5687 0.8062 0.1630
vn 0.5817 -0.7994 0.1500
vn 0.5771 -0.8019 0.1546
vn 0.5305 -0.7005 0.4774
vn 0.5177 -0.7054 0.4841
vn 0.4101 -0.5020 0.7615
vn 0.3956 -0.5096 0.7641
vn 0.2482 -0.2621 0.9326
vn 0.2381 -0.2707 0.9328
vn 0.0812 -0.0417 0.9958
vn 0.0773 -0.0464 0.9959
vn -0.0804 0.1414 0.9867
vn -0.0780 0.1447 0.9864
vn -0.2455 0.2972 0.9227
vn -0.2358 0.3089 0.9214
vn -0.4257 0.4404 0.7905
vn -0.4080 0.4577 0.7900
vn -0.6098 0.5718 0.5488
vn -0.5890 0.5887 0.5537
vn -0.7298 0.6572 0.1882
vn -0.7205 0.6656 0.1943
vn 0.6342 -0.7542 0.1704
vn 0.6282 -0.7582 0.1748
vn 0.5687 -0.6257 0.5339
vn 0.5535 -0.6356 0.5382
vn 0.4223 -0.3859 0.8202
vn 0.4070 -0.4016 0.8204
vn 0.2433 -0.1245 0.9619
vn 0.2334 -0.1407 0.9622
vn 0.0750 0.0946 0.9927
vn 0.0703 0.0850 0.9939
vn -0.0777 0.2660 0.9608
vn -0.0775 0.2665 0.9607
vn -0.2279 0.4073 0.8844
vn -0.2217 0.4172 0.8814
vn -0.3886 0.5359 0.7495
vn -0.3750 0.5512 0.7454
vn -0.5516 0.6544 0.5172
vn -0.5339 0.6686 0.5176
vn -0.6584 0.7316 0.1771
vn -0.6498 0.7382 0.1811
vn 0.7137 -0.6712 0.2001
vn 0.7051 -0.6791 0.2044
vn 0.6206 -0.4933 0.6095
vn 0.6013 -0.5151 0.6109
vn 0.4304 -0.1996 0.8803
vn 0.4148 -0.2319 0.8799
vn 0.2294 0.0749 0.9704
vn 0.2202 0.0452 0.9744
vn 0.0623 0.2794 0.9581
vn 0.0570 0.2609 0.9637
vn -0.0775 0.4286 0.9002
vn -0.0796 0.4230 0.9026
vn -0.2085 0.5465 0.8111
vn -0.2058 0.5516 0.8083
vn -0.3443 0.6514 0.6761
vn -0.3349 0.6624 0.6701
vn -0.4794 0.7469 0.4607
vn -0.4654 0.7573 0.4581
vn -0.5672 0.8085 0.1568
vn -0.5600 0.8131 0.1591
vn 0.8623 -0.4377 0.2546
vn 0.8490 -0.4605 0.2591
vn 0.6830 -0.1671 0.7111
vn 0.6631 -0.2266 0.7134
vn 0.4080 0.1619 0.8985
vn 0.3992 0.0951 0.9119
vn 0.1891 0.3969 0.8982
vn 0.1843 0.3461 0.9199
vn 0.0368 0.5486 0.8353
vn 0.0319 0.5170 0.8554
vn -0.0782 0.6521 0.7541
vn -0.0828 0.6364 0.7669
vn -0.1788 0.7305 0.6591
vn -0.1809 0.7265 0.6629
vn -0.2783 0.7972 0.5357
vn -0.2754 0.8002 0.5327
vn -0.3739 0.8557 0.3578
vn -0.3666 0.8601 0.3547
vn -0.4354 0.8921 0.1206
vn -0.4310 0.8942 0.1213
vn 0.7207 0.6518 0.2360
vn 0.7518 0.6082 0.2549
vn 0.4383 0.7338 0.5191
vn 0.4763 0.6598 0.5813
vn 0.2087 0.8016 0.5602
vn 0.2282 0.7412 0.6313
vn 0.0707 0.8542 0.5152
vn 0.0762 0.8118 0.5789
vn -0.0140 0.8937 0.4485
vn -0.0170 0.8654 0.5008
vn -0.0708 0.9231 0.3780
vn -0.0788 0.9049 0.4182
vn -0.1138 0.9449 0.3070
vn -0.1242 0.9343 0.3343
vn -0.1501 0.9611 0.2319
vn -0.1603 0.9557 0.2467
vn -0.1815 0.9725 0.1462
vn -0.1888 0.9704 0.1508
vn -0.2020 0.9782 0.0482
vn -0.2047 0.9776 0.0482
vn -0.1422 0.9894 -0.0277
vn -0.1402 0.9898 -0.0262
vn -0.1357 0.9867 -0.0897
vn -0.1313 0.9880 -0.0813
vn -0.1212 0.9809 -0.1520
vn -0.1171 0.9840 -0.1342
vn -0.1001 0.9725 -0.2104
vn -0.0986 0.9779 -0.1844
vn -0.0721 0.9616 -0.2649
vn -0.0746 0.9699 -0.2318
vn -0.0338 0.9487 -0.3143
vn -0.0418 0.9602 -0.2762
vn 0.0211 0.9357 -0.3521
vn 0.0060 0.9499 -0.3124
vn 0.1015 0.9273 -0.3604
vn 0.0775 0.9429 -0.3241
vn 0.2079 0.9325 -0.2954
vn 0.1786 0.9449 -0.2742
vn 0.2955 0.9486 -0.1134
vn 0.2797 0.9535 -0.1122
vn -0.3699 0.9233 -0.1037
vn -0.3708 0.9228 -0.1048
vn -0.3298 0.8889 -0.3179
vn -0.3311 0.8869 -0.3221
vn -0.2602 0.8267 -0.4989
vn -0.2607 0.8230 -0.5046
vn -0.1774 0.7551 -0.6312
vn -0.1770 0.7513 -0.6358
vn -0.0882 0.6848 -0.7234
vn -0.0877 0.6825 -0.7256
vn 0.0119 0.6164 -0.7874
vn 0.0115 0.6174 -0.7866
vn 0.1372 0.5470 -0.8258
vn 0.1351 0.5525 -0.8225
vn 0.3148 0.4758 -0.8213
vn 0.3101 0.4861 -0.8170
vn 0.5821 0.4094 -0.7025
vn 0.5753 0.4227 -0.7003
vn 0.8806 0.3673 -0.2994
vn 0.8771 0.3748 -0.3004
vn -0.4660 0.8740 -0.1376
vn -0.4115 0.8081 -0.4214
vn -0.4116 0.8078 -0.4219
vn -0.3139 0.6899 -0.6523
vn -0.3138 0.6880 -0.6544
vn -0.2000 0.5578 -0.8055
vn -0.1989 0.5526 -0.8094
vn -0.0832 0.4342 -0.8970
vn -0.0806 0.4246 -0.9018
vn 0.0398 0.3209 -0.9463
vn 0.0443 0.3061 -0.9510
vn 0.1846 0.2096 -0.9602
vn 0.1910 0.1895 -0.9631
vn 0.3781 0.0878 -0.9216
vn 0.3857 0.0635 -0.9204
vn 0.6524 -0.0566 -0.7558
vn 0.6577 -0.0801 -0.7491
vn 0.9320 -0.1927 -0.3071
vn 0.9313 -0.2029 -0.3024
vn -0.5246 0.8366 -0.1575
vn -0.5237 0.8378 -0.1547
vn -0.4600 0.7462 -0.4812
vn -0.4596 0.7514 -0.4735
vn -0.3421 0.5865 -0.7342
vn -0.3435 0.5939 -0.7275
vn -0.2075 0.4131 -0.8867
vn -0.2086 0.4167 -0.8848
vn -0.0755 0.2575 -0.9633
vn -0.0736 0.2516 -0.9650
vn 0.0569 0.1210 -0.9910
vn 0.0630 0.1029 -0.9927
vn 0.2049 -0.0076 -0.9788
vn 0.2152 -0.0385 -0.9758
vn 0.3919 -0.1447 -0.9085
vn 0.4038 -0.1851 -0.8959
vn 0.6355 -0.3038 -0.7098
vn 0.6410 -0.3413 -0.6875
vn 0.8534 -0.4443 -0.2725
vn 0.8495 -0.4584 -0.2610
vn -0.5681 0.8054 -0.1690
vn -0.5664 0.8080 -0.1623
vn -0.4968 0.6977 -0.5161
vn -0.4975 0.7106 -0.4975
vn -0.3639 0.5086 -0.7803
vn -0.3699 0.5299 -0.7631
vn -0.2140 0.3069 -0.9274
vn -0.2203 0.3246 -0.9198
vn -0.0710 0.1302 -0.9889
vn -0.0725 0.1343 -0.9883
vn 0.0677 -0.0201 -0.9975
vn 0.0731 -0.0344 -0.9967
vn 0.2166 -0.1570 -0.9635
vn 0.2287 -0.1899 -0.9548
vn 0.3958 -0.2972 -0.8689
vn 0.4098 -0.3426 -0.8454
vn 0.6113 -0.4503 -0.6509
vn 0.6163 -0.4903 -0.6163
vn 0.7837 -0.5732 -0.2392
vn 0.7785 -0.5866 -0.2231
vn 0.0716 0.9974 -0.0058
vn 0.0698 0.9974 -0.0173
vn 0.0661 0.9974 -0.0284
vn 0.0609 0.9974 -0.0387
vn 0.0543 0.9974 -0.0481
vn 0.0464 0.9973 -0.0563
vn 0.0374 0.9973 -0.0631
vn 0.0274 0.9973 -0.0685
vn 0.0167 0.9972 -0.0723
vn 0.0056 0.9972 -0.0742
vn 0.3229 0.9461 -0.0260
vn 0.3145 0.9461 -0.0780
vn 0.2982 0.9459 -0.1280
vn 0.2746 0.9456 -0.1745
vn 0.2746 0.9456 -0.1746
vn 0.2446 0.9451 -0.2166
vn 0.2089 0.9446 -0.2533
vn 0.2089 0.9445 -0.2533
vn 0.1682 0.9439 -0.2841
vn 0.1232 0.9433 -0.3081
vn 0.0750 0.9428 -0.3247
vn 0.0250 0.9425 -0.3333
vn 0.7682 0.6372 -0.0619
vn 0.7482 0.6370 -0.1856
vn 0.7088 0.6364 -0.3043
vn 0.6518 0.6352 -0.4143
vn 0.5793 0.6335 -0.5129
vn 0.5794 0.6335 -0.5129
vn 0.4934 0.6313 -0.5983
vn 0.3960 0.6291 -0.6689
vn 0.2893 0.6269 -0.7234
vn 0.1758 0.6250 -0.7606
vn 0.0585 0.6238 -0.7794
vn 0.9968 0.0026 -0.0804
vn 0.9706 0.0026 -0.2408
vn 0.9189 0.0026 -0.3945
vn 0.8440 0.0025 -0.5364
vn 0.8439 0.0025 -0.5364
vn 0.7487 0.0025 -0.6629
vn 0.6362 0.0025 -0.7715
vn 0.5094 0.0025 -0.8605
vn 0.3713 0.0025 -0.9285
vn 0.2252 0.0025 -0.9743
vn 0.0749 0.0025 -0.9972
vn 0.9316 -0.3556 -0.0751
vn 0.9316 -0.3556 -0.0752
vn 0.9071 -0.3555 -0.2251
vn 0.9071 -0.3555 -0.2252
vn 0.8590 -0.3551 -0.3688
vn 0.8590 -0.3550 -0.3689
vn 0.7893 -0.3541 -0.5017
vn 0.7892 -0.3541 -0.5017
vn 0.7006 -0.3527 -0.6203
vn 0.5957 -0.3510 -0.7224
vn 0.5958 -0.3510 -0.7224
vn 0.4774 -0.3491 -0.8064
vn 0.4774 -0.3492 -0.8063
vn 0.3482 -0.3473 -0.8707
vn 0.3483 -0.3474 -0.8707
vn 0.2113 -0.3458 -0.9142
vn 0.2114 -0.3458 -0.9142
vn 0.0703 -0.3448 -0.9360
vn 0.8770 -0.4752 -0.0708
vn 0.8540 -0.4752 -0.2120
vn 0.8540 -0.4751 -0.2121
vn 0.8088 -0.4746 -0.3473
vn 0.8087 -0.4746 -0.3475
vn 0.7433 -0.4735 -0.4725
vn 0.7433 -0.4735 -0.4726
vn 0.6601 -0.4718 -0.5845
vn 0.5617 -0.4698 -0.6811
vn 0.5617 -0.4698 -0.6810
vn 0.4504 -0.4676 -0.7606
vn 0.3287 -0.4654 -0.8218
vn 0.3288 -0.4654 -0.8217
vn 0.1996 -0.4635 -0.8633
vn 0.1997 -0.4636 -0.8633
vn 0.0664 -0.4624 -0.8842
vn 0.0665 -0.4624 -0.8842
vn 0.8740 -0.4808 -0.0705
vn 0.8740 -0.4808 -0.0707
vn 0.8510 -0.4808 -0.2114
vn 0.8510 -0.4807 -0.2116
vn 0.8059 -0.4802 -0.3463
vn 0.8059 -0.4802 -0.3465
vn 0.7407 -0.4791 -0.4710
vn 0.7406 -0.4791 -0.4711
vn 0.6578 -0.4774 -0.5825
vn 0.6578 -0.4774 -0.5826
vn 0.5598 -0.4754 -0.6787
vn 0.4489 -0.4731 -0.7580
vn 0.4490 -0.4732 -0.7579
vn 0.3278 -0.4709 -0.8190
vn 0.3280 -0.4710 -0.8189
vn 0.1990 -0.4691 -0.8604
vn 0.1992 -0.4691 -0.8604
vn 0.0663 -0.4679 -0.8813
vn 0.0664 -0.4679 -0.8813
vn 0.9189 -0.3874 -0.0743
vn 0.9189 -0.3873 -0.0745
vn 0.8947 -0.3874 -0.2224
vn 0.8946 -0.3872 -0.2228
vn 0.8471 -0.3869 -0.3642
vn 0.8470 -0.3868 -0.3646
vn 0.7784 -0.3860 -0.4951
vn 0.7782 -0.3859 -0.4955
vn 0.6911 -0.3845 -0.6120
vn 0.6910 -0.3845 -0.6121
vn 0.5879 -0.3827 -0.7127
vn 0.5880 -0.3827 -0.7126
vn 0.4714 -0.3806 -0.7956
vn 0.4716 -0.3807 -0.7954
vn 0.3441 -0.3786 -0.8592
vn 0.3444 -0.3787 -0.8590
vn 0.2090 -0.3769 -0.9024
vn 0.2093 -0.3770 -0.9022
vn 0.0696 -0.3759 -0.9241
vn 0.0697 -0.3759 -0.9240
vn 0.9884 -0.1290 -0.0801
vn 0.9884 -0.1290 -0.0803
vn 0.9622 -0.1291 -0.2397
vn 0.9621 -0.1290 -0.2401
vn 0.9108 -0.1291 -0.3921
vn 0.9106 -0.1290 -0.3926
vn 0.8365 -0.1289 -0.5326
vn 0.8364 -0.1288 -0.5329
vn 0.7424 -0.1283 -0.6576
vn 0.7423 -0.1283 -0.6577
vn 0.6312 -0.1276 -0.7650
vn 0.6313 -0.1277 -0.7649
vn 0.5059 -0.1267 -0.8532
vn 0.5062 -0.1268 -0.8530
vn 0.3692 -0.1258 -0.9208
vn 0.3697 -0.1260 -0.9206
vn 0.2242 -0.1251 -0.9665
vn 0.2246 -0.1252 -0.9664
vn 0.0747 -0.1246 -0.9894
vn 0.0749 -0.1246 -0.9894
vn 0.9237 0.3757 -0.0751
vn 0.8993 0.3754 -0.2244
vn 0.8992 0.3755 -0.2246
vn 0.8514 0.3747 -0.3671
vn 0.8513 0.3747 -0.3672
vn 0.7824 0.3734 -0.4985
vn 0.7822 0.3735 -0.4986
vn 0.6948 0.3719 -0.6156
vn 0.6947 0.3719 -0.6157
vn 0.5913 0.3701 -0.7165
vn 0.5914 0.3701 -0.7164
vn 0.4744 0.3684 -0.7995
vn 0.4746 0.3683 -0.7994
vn 0.3467 0.3667 -0.8633
vn 0.3469 0.3667 -0.8633
vn 0.2108 0.3654 -0.9067
vn 0.2110 0.3653 -0.9067
vn 0.0703 0.3645 -0.9285
vn 0.0703 0.3645 -0.9286
vn -0.0056 0.9972 -0.0742
vn -0.0167 0.9972 -0.0723
vn -0.0274 0.9973 -0.0685
vn -0.0374 0.9973 -0.0631
vn -0.0464 0.9973 -0.0563
vn -0.0543 0.9974 -0.0481
vn -0.0609 0.9974 -0.0387
vn -0.0661 0.9974 -0.0284
vn -0.0698 0.9974 -0.0173
vn -0.0716 0.9974 -0.0058
vn -0.0250 0.9425 -0.3333
vn -0.0750 0.9428 -0.3247
vn -0.1232 0.9433 -0.3081
vn -0.1682 0.9439 -0.2841
vn -0.2089 0.9445 -0.2534
vn -0.2089 0.9446 -0.2533
vn -0.2446 0.9451 -0.2166
vn -0.2746 0.9456 -0.1746
vn -0.2746 0.9456 -0.1745
vn -0.2982 0.9459 -0.1280
vn -0.3145 0.9461 -0.0780
vn -0.3229 0.9461 -0.0260
vn -0.0585 0.6238 -0.7794
vn -0.1758 0.6250 -0.7606
vn -0.2893 0.6269 -0.7234
vn -0.3960 0.6291 -0.6689
vn -0.4934 0.6314 -0.5983
vn -0.4934 0.6313 -0.5983
vn -0.5794 0.6335 -0.5129
vn -0.6518 0.6352 -0.4143
vn -0.7088 0.6364 -0.3043
vn -0.7482 0.6370 -0.1856
vn -0.7682 0.6372 -0.0619
vn -0.0749 0.0025 -0.9972
vn -0.2252 0.0025 -0.9743
vn -0.3713 0.0025 -0.9285
vn -0.5094 0.0025 -0.8605
vn -0.6362 0.0025 -0.7715
vn -0.7487 0.0025 -0.6629
vn -0.8440 0.0025 -0.5364
vn -0.8439 0.0025 -0.5364
vn -0.9189 0.0026 -0.3945
vn -0.9189 0.0025 -0.3945
vn -0.9706 0.0026 -0.2408
vn -0.9968 0.0026 -0.0804
vn -0.0703 -0.3448 -0.9360
vn -0.2113 -0.3458 -0.9142
vn -0.2114 -0.3458 -0.9142
vn -0.3482 -0.3474 -0.8707
vn -0.3483 -0.3473 -0.8707
vn -0.4774 -0.3492 -0.8063
vn -0.4774 -0.3491 -0.8063
vn -0.5957 -0.3510 -0.7224
vn -0.5958 -0.3510 -0.7224
vn -0.7006 -0.3527 -0.6203
vn -0.7893 -0.3541 -0.5017
vn -0.7892 -0.3541 -0.5017
vn -0.8590 -0.3551 -0.3688
vn -0.8590 -0.3551 -0.3689
vn -0.9072 -0.3555 -0.2251
vn -0.9071 -0.3555 -0.2252
vn -0.9316 -0.3556 -0.0751
vn -0.9316 -0.3556 -0.0752
vn -0.0664 -0.4624 -0.8842
vn -0.0665 -0.4624 -0.8842
vn -0.1996 -0.4636 -0.8633
vn -0.1997 -0.4635 -0.8633
vn -0.3287 -0.4654 -0.8218
vn -0.3289 -0.4654 -0.8218
vn -0.4504 -0.4676 -0.7606
vn -0.5617 -0.4698 -0.6810
vn -0.6601 -0.4718 -0.5845
vn -0.7433 -0.4735 -0.4725
vn -0.7433 -0.4735 -0.4726
vn -0.8088 -0.4746 -0.3473
vn -0.8087 -0.4746 -0.3475
vn -0.8540 -0.4751 -0.2120
vn -0.8540 -0.4752 -0.2121
vn -0.8770 -0.4752 -0.0708
vn -0.0663 -0.4679 -0.8813
vn -0.0664 -0.4679 -0.8813
vn -0.1990 -0.4691 -0.8604
vn -0.1992 -0.4691 -0.8604
vn -0.3277 -0.4710 -0.8190
vn -0.3280 -0.4709 -0.8189
vn -0.4489 -0.4732 -0.7580
vn -0.4491 -0.4731 -0.7579
vn -0.5598 -0.4754 -0.6787
vn -0.6578 -0.4774 -0.5825
vn -0.7407 -0.4791 -0.4710
vn -0.7406 -0.4791 -0.4711
vn -0.8059 -0.4802 -0.3463
vn -0.8058 -0.4802 -0.3465
vn -0.8510 -0.4807 -0.2114
vn -0.8509 -0.4808 -0.2116
vn -0.8740 -0.4808 -0.0705
vn -0.8740 -0.4808 -0.0707
vn -0.0696 -0.3759 -0.9240
vn -0.0697 -0.3759 -0.9240
vn -0.2089 -0.3770 -0.9023
vn -0.2093 -0.3769 -0.9023
vn -0.3441 -0.3787 -0.8592
vn -0.3444 -0.3786 -0.8591
vn -0.4713 -0.3807 -0.7956
vn -0.4717 -0.3806 -0.7954
vn -0.5879 -0.3827 -0.7127
vn -0.5880 -0.3827 -0.7126
vn -0.6911 -0.3845 -0.6120
vn -0.6910 -0.3845 -0.6121
vn -0.7784 -0.3859 -0.4951
vn -0.7782 -0.3860 -0.4954
vn -0.8472 -0.3868 -0.3643
vn -0.8470 -0.3869 -0.3646
vn -0.8947 -0.3873 -0.2224
vn -0.8946 -0.3874 -0.2228
vn -0.9189 -0.3873 -0.0743
vn -0.9189 -0.3874 -0.0745
vn -0.0747 -0.1246 -0.9894
vn -0.0749 -0.1246 -0.9894
vn -0.2242 -0.1252 -0.9665
vn -0.2246 -0.1250 -0.9664
vn -0.3692 -0.1260 -0.9208
vn -0.3697 -0.1258 -0.9206
vn -0.5059 -0.1268 -0.8532
vn -0.5062 -0.1267 -0.8530
vn -0.6312 -0.1277 -0.7650
vn -0.6313 -0.1276 -0.7649
vn -0.7424 -0.1283 -0.6576
vn -0.7422 -0.1283 -0.6577
vn -0.8365 -0.1288 -0.5326
vn -0.8363 -0.1289 -0.5328
vn -0.9108 -0.1290 -0.3921
vn -0.9106 -0.1291 -0.3926
vn -0.9622 -0.1290 -0.2397
vn -0.9621 -0.1291 -0.2401
vn -0.9884 -0.1290 -0.0801
vn -0.9884 -0.1290 -0.0803
vn -0.0703 0.3645 -0.9286
vn -0.0703 0.3645 -0.9285
vn -0.2108 0.3653 -0.9067
vn -0.2110 0.3653 -0.9067
vn -0.3467 0.3667 -0.8633
vn -0.3469 0.3667 -0.8633
vn -0.4745 0.3683 -0.7995
vn -0.4746 0.3684 -0.7994
vn -0.5913 0.3701 -0.7165
vn -0.5914 0.3701 -0.7164
vn -0.6947 0.3719 -0.6156
vn -0.6947 0.3719 -0.6157
vn -0.7823 0.3735 -0.4984
vn -0.7823 0.3734 -0.4986
vn -0.8514 0.3747 -0.3671
vn -0.8513 0.3747 -0.3673
vn -0.8993 0.3755 -0.2244
vn -0.8992 0.3754 -0.2246
vn -0.9237 0.3757 -0.0751
vn -0.0716 0.9974 0.0058
vn -0.0698 0.9974 0.0173
vn -0.0661 0.9974 0.0284
vn -0.0609 0.9974 0.0387
vn -0.0543 0.9974 0.0481
vn -0.0464 0.9973 0.0563
vn -0.0374 0.9973 0.0631
vn -0.0274 0.9973 0.0685
vn -0.0167 0.9972 0.0723
vn -0.0056 0.9972 0.0742
vn -0.3229 0.9461 0.0260
vn -0.3145 0.9461 0.0780
vn -0.2982 0.9459 0.1280
vn -0.2746 0.9456 0.1745
vn -0.2746 0.9456 0.1746
vn -0.2446 0.9451 0.2166
vn -0.2089 0.9446 0.2533
vn -0.2089 0.9445 0.2533
vn -0.1682 0.9439 0.2841
vn -0.1232 0.9433 0.3081
vn -0.0750 0.9428 0.3247
vn -0.0250 0.9425 0.3333
vn -0.7682 0.6372 0.0619
vn -0.7482 0.6370 0.1856
vn -0.7088 0.6364 0.3043
vn -0.6518 0.6352 0.4143
vn -0.5793 0.6335 0.5129
vn -0.5794 0.6335 0.5129
vn -0.4934 0.6313 0.5983
vn -0.3960 0.6291 0.6689
vn -0.2893 0.6269 0.7234
vn -0.1758 0.6250 0.7606
vn -0.0585 0.6238 0.7794
vn -0.9968 0.0026 0.0804
vn -0.9706 0.0026 0.2408
vn -0.9189 0.0026 0.3945
vn -0.8440 0.0025 0.5364
vn -0.8439 0.0025 0.5364
vn -0.7487 0.0025 0.6629
vn -0.6362 0.0025 0.7715
vn -0.5094 0.0025 0.8605
vn -0.3713 0.0025 0.9285
vn -0.2252 0.0025 0.9743
vn -0.0749 0.0025 0.9972
vn -0.9316 -0.3556 0.0751
vn -0.9316 -0.3556 0.0752
vn -0.9071 -0.3555 0.2251
vn -0.9071 -0.3555 0.2252
vn -0.8590 -0.3551 0.3688
vn -0.8590 -0.3550 0.3689
vn -0.7893 -0.3541 0.5017
vn -0.7892 -0.3541 0.5017
vn -0.7006 -0.3527 0.6203
vn -0.5957 -0.3510 0.7224
vn -0.5958 -0.3510 0.7224
vn -0.4774 -0.3491 0.8064
vn -0.4774 -0.3492 0.8063
vn -0.3482 -0.3473 0.8707
vn -0.3483 -0.3474 0.8707
vn -0.2113 -0.3458 0.9142
vn -0.2114 -0.3458 0.9142
vn -0.0703 -0.3448 0.9360
vn -0.8770 -0.4752 0.0708
vn -0.8540 -0.4752 0.2120
vn -0.8540 -0.4751 0.2121
vn -0.8088 -0.4746 0.3473
vn -0.8087 -0.4746 0.3475
vn -0.7433 -0.4735 0.4725
vn -0.7433 -0.4735 0.4726
vn -0.6601 -0.4718 0.5845
vn -0.5617 -0.4698 0.6811
vn -0.5617 -0.4698 0.6810
vn -0.4504 -0.4676 0.7606
vn -0.3287 -0.4654 0.8218
vn -0.3288 -0.4654 0.8217
vn -0.1996 -0.4635 0.8633
vn -0.1997 -0.4636 0.8633
vn -0.0664 -0.4624 0.8842
vn -0.0665 -0.4624 0.8842
vn -0.8740 -0.4808 0.0705
vn -0.8740 -0.4808 0.0707
vn -0.8510 -0.4808 0.2114
vn -0.8510 -0.4807 0.2116
vn -0.8059 -0.4802 0.3463
vn -0.8059 -0.4802 0.3465
vn -0.7407 -0.4791 0.4710
vn -0.7406 -0.4791 0.4711
vn -0.6578 -0.4774 0.5825
vn -0.6578 -0.4774 0.5826
vn -0.5598 -0.4754 0.6787
vn -0.4489 -0.4731 0.7580
vn -0.4490 -0.4732 0.7579
vn -0.3278 -0.4709 0.8190
vn -0.3280 -0.4710 0.8189
vn -0.1990 -0.4691 0.8604
vn -0.1992 -0.4691 0.8604
vn -0.0663 -0.4679 0.8813
vn -0.0664 -0.4679 0.8813
vn -0.9189 -0.3874 0.0743
vn -0.9189 -0.3873 0.0745
vn -0.8947 -0.3874 0.2224
vn -0.8946 -0.3872 0.2228
vn -0.8471 -0.3869 0.3642
vn -0.8470 -0.3868 0.3646
vn -0.7784 -0.3860 0.4951
vn -0.7782 -0.3859 0.4955
vn -0.6911 -0.3845 0.6120
vn -0.6910 -0.3845 0.6121
vn -0.5879 -0.3827 0.7127
vn -0.5880 -0.3827 0.7126
vn -0.4714 -0.3806 0.7956
vn -0.4716 -0.3807 0.7954
vn -0.3441 -0.3786 0.8592
vn -0.3444 -0.3787 0.8590
vn -0.2090 -0.3769 0.9024
vn -0.2093 -0.3770 0.9022
vn -0.0696 -0.3759 0.9241
vn -0.0697 -0.3759 0.9240
vn -0.9884 -0.1290 0.0801
vn -0.9884 -0.1290 0.0803
vn -0.9622 -0.1291 0.2397
vn -0.9621 -0.1290 0.2401
vn -0.9108 -0.1291 0.3921
vn -0.9106 -0.1290 0.3926
vn -0.8365 -0.1289 0.5326
vn -0.8364 -0.1288 0.5329
vn -0.7424 -0.1283 0.6576
vn -0.7423 -0.1283 0.6577
vn -0.6312 -0.1276 0.7650
vn -0.6313 -0.1277 0.7649
vn -0.5059 -0.1267 0.8532
vn -0.5062 -0.1268 0.8530
vn -0.3692 -0.1258 0.9208
vn -0.3697 -0.1260 0.9206
vn -0.2242 -0.1251 0.9665
vn -0.2246 -0.1252 0.9664
vn -0.0747 -0.1246 0.9894
vn -0.0749 -0.1246 0.9894
vn -0.9237 0.3757 0.0751
vn -0.8993 0.3754 0.2244
vn -0.8992 0.3755 0.2246
vn -0.8514 0.3747 0.3671
vn -0.8513 0.3747 0.3672
vn -0.7824 0.3734 0.4985
vn -0.7822 0.3735 0.4986
vn -0.6948 0.3719 0.6156
vn -0.6947 0.3719 0.6157
vn -0.5913 0.3701 0.7165
vn -0.5914 0.3701 0.7164
vn -0.4744 0.3684 0.7995
vn -0.4746 0.3683 0.7994
vn -0.3467 0.3667 0.8633
vn -0.3469 0.3667 0.8633
vn -0.2108 0.3654 0.9067
vn -0.2110 0.3653 0.9067
vn -0.0703 0.3645 0.9285
vn -0.0703 0.3645 0.9286
vn 0.0056 0.9972 0.0742
vn 0.0167 0.9972 0.0723
vn 0.0274 0.9973 0.0685
vn 0.0374 0.9973 0.0631
vn 0.0464 0.9973 0.0563
vn 0.0543 0.9974 0.0481
vn 0.0609 0.9974 0.0387
vn 0.0661 0.9974 0.0284
vn 0.0698 0.9974 0.0173
vn 0.0716 0.9974 0.0058
vn 0.0250 0.9425 0.3333
vn 0.0750 0.9428 0.3247
vn 0.1232 0.9433 0.3081
vn 0.1682 0.9439 0.2841
vn 0.2089 0.9445 0.2534
vn 0.2089 0.9446 0.2533
vn 0.2446 0.9451 0.2166
vn 0.2746 0.9456 0.1746
vn 0.2746 0.9456 0.1745
vn 0.2982 0.9459 0.1280
vn 0.3145 0.9461 0.0780
vn 0.3229 0.9461 0.0260
vn 0.0585 0.6238 0.7794
vn 0.1758 0.6250 0.7606
vn 0.2893 0.6269 0.7234
vn 0.3960 0.6291 0.6689
vn 0.4934 0.6314 0.5983
vn 0.4934 0.6313 0.5983
vn 0.5794 0.6335 0.5129
vn 0.6518 0.6352 0.4143
vn 0.7088 0.6364 0.3043
vn 0.7482 0.6370 0.1856
vn 0.7682 0.6372 0.0619
vn 0.0749 0.0025 0.9972
vn 0.2252 0.0025 0.9743
vn 0.3713 0.0025 0.9285
vn 0.5094 0.0025 0.8605
vn 0.6362 0.0025 0.7715
vn 0.7487 0.0025 0.6629
vn 0.8440 0.0025 0.5364
vn 0.8439 0.0025 0.5364
vn 0.9189 0.0026 0.3945
vn 0.9706 0.0026 0.2408
vn 0.9968 0.0026 0.0804
vn 0.0703 -0.3448 0.9360
vn 0.2113 -0.3458 0.9142
vn 0.2114 -0.3458 0.9142
vn 0.3482 -0.3474 0.8707
vn 0.3483 -0.3473 0.8707
vn 0.4774 -0.3492 0.8063
vn 0.4774 -0.3491 0.8063
vn 0.5957 -0.3510 0.7224
vn 0.5958 -0.3510 0.7224
vn 0.7006 -0.3527 0.6203
vn 0.7893 -0.3541 0.5017
vn 0.7892 -0.3541 0.5017
vn 0.8590 -0.3551 0.3688
vn 0.8590 -0.3551 0.3689
vn 0.9072 -0.3555 0.2251
vn 0.9071 -0.3555 0.2252
vn 0.9316 -0.3556 0.0751
vn 0.9316 -0.3556 0.0752
vn 0.0664 -0.4624 0.8842
vn 0.0665 -0.4624 0.8842
vn 0.1996 -0.4636 0.8633
vn 0.1997 -0.4635 0.8633
vn 0.3287 -0.4654 0.8218
vn 0.3289 -0.4654 0.8218
vn 0.4504 -0.4676 0.7606
vn 0.5617 -0.4698 0.6810
vn 0.6601 -0.4718 0.5845
vn 0.7433 -0.4735 0.4725
vn 0.7433 -0.4735 0.4726
vn 0.8088 -0.4746 0.3473
vn 0.8087 -0.4746 0.3475
vn 0.8540 -0.4751 0.2120
vn 0.8540 -0.4752 0.2121
vn 0.8770 -0.4752 0.0708
vn 0.0663 -0.4679 0.8813
vn 0.0664 -0.4679 0.8813
vn 0.1990 -0.4691 0.8604
vn 0.1992 -0.4691 0.8604
vn 0.3277 -0.4710 0.8190
vn 0.3280 -0.4709 0.8189
vn 0.4489 -0.4732 0.7580
vn 0.4491 -0.4731 0.7579
vn 0.5598 -0.4754 0.6787
vn 0.6578 -0.4774 0.5825
vn 0.7407 -0.4791 0.4710
vn 0.7406 -0.4791 0.4711
vn 0.8059 -0.4802 0.3463
vn 0.8058 -0.4802 0.3465
vn 0.8510 -0.4807 0.2114
vn 0.8509 -0.4808 0.2116
vn 0.8740 -0.4808 0.0705
vn 0.8740 -0.4808 0.0707
vn 0.0696 -0.3759 0.9240
vn 0.0697 -0.3759 0.9240
vn 0.2089 -0.3770 0.9023
vn 0.2093 -0.3769 0.9023
vn 0.3441 -0.3787 0.8592
vn 0.3444 -0.3786 0.8591
vn 0.4713 -0.3807 0.7956
vn 0.4717 -0.3806 0.7954
vn 0.5879 -0.3827 0.7127
vn 0.5880 -0.3827 0.7126
vn 0.6911 -0.3845 0.6120
vn 0.6910 -0.3845 0.6121
vn 0.7784 -0.3859 0.4951
vn 0.7782 -0.3860 0.4954
vn 0.8472 -0.3868 0.3643
vn 0.8470 -0.3869 0.3646
vn 0.8947 -0.3873 0.2224
vn 0.8946 -0.3874 0.2228
vn 0.9189 -0.3873 0.0743
vn 0.9189 -0.3874 0.0745
vn 0.0747 -0.1246 0.9894
vn 0.0749 -0.1246 0.9894
vn 0.2242 -0.1252 0.9665
vn 0.2246 -0.1250 0.9664
vn 0.3692 -0.1260 0.9208
vn 0.3697 -0.1258 0.9206
vn 0.5059 -0.1268 0.8532
vn 0.5062 -0.1267 0.8530
vn 0.6312 -0.1277 0.7650
vn 0.6313 -0.1276 0.7649
vn 0.7424 -0.1283 0.6576
vn 0.7422 -0.1283 0.6577
vn 0.8365 -0.1288 0.5326
vn 0.8363 -0.1289 0.5328
vn 0.9108 -0.1290 0.3921
vn 0.9106 -0.1291 0.3926
vn 0.9622 -0.1290 0.2397
vn 0.9621 -0.1291 0.2401
vn 0.9884 -0.1290 0.0801
vn 0.9884 -0.1290 0.0803
vn 0.0703 0.3645 0.9286
vn 0.0703 0.3645 0.9285
vn 0.2108 0.3653 0.9067
vn 0.2110 0.3653 0.9067
vn 0.3467 0.3667 0.8633
vn 0.3469 0.3667 0.8633
vn 0.4745 0.3683 0.7995
vn 0.4746 0.3684 0.7994
vn 0.5913 0.3701 0.7165
vn 0.5914 0.3701 0.7164
vn 0.6947 0.3719 0.6156
vn 0.6947 0.3719 0.6157
vn 0.7823 0.3735 0.4984
vn 0.7823 0.3734 0.4986
vn 0.8514 0.3747 0.3671
vn 0.8513 0.3747 0.3673
vn 0.8993 0.3755 0.2244
vn 0.8992 0.3754 0.2246
vn 0.9237 0.3757 0.0751
vn 0.6422 0.7648 -0.0522
vn 0.6253 0.7646 -0.1562
vn 0.5925 0.7639 -0.2556
vn 0.5453 0.7628 -0.3476
vn 0.4853 0.7613 -0.4301
vn 0.4853 0.7613 -0.4300
vn 0.4141 0.7595 -0.5017
vn 0.3332 0.7577 -0.5612
vn 0.2441 0.7559 -0.6075
vn 0.1488 0.7544 -0.6393
vn 0.1487 0.7544 -0.6393
vn 0.0497 0.7535 -0.6556
vn 0.4405 0.8970 -0.0358
vn 0.4290 0.8969 -0.1072
vn 0.4067 0.8966 -0.1755
vn 0.4067 0.8966 -0.1754
vn 0.3746 0.8959 -0.2387
vn 0.3337 0.8951 -0.2957
vn 0.2851 0.8941 -0.3454
vn 0.2297 0.8931 -0.3869
vn 0.1685 0.8921 -0.4193
vn 0.1028 0.8912 -0.4417
vn 0.0343 0.8907 -0.4532
vn 0.3238 0.9458 -0.0263
vn 0.3153 0.9457 -0.0788
vn 0.2990 0.9455 -0.1290
vn 0.2755 0.9451 -0.1756
vn 0.2455 0.9447 -0.2176
vn 0.2099 0.9441 -0.2542
vn 0.1692 0.9435 -0.2849
vn 0.1241 0.9429 -0.3090
vn 0.0758 0.9425 -0.3256
vn 0.0253 0.9422 -0.3342
vn 0.2624 0.9647 -0.0213
vn 0.2555 0.9647 -0.0638
vn 0.2423 0.9645 -0.1045
vn 0.2233 0.9643 -0.1423
vn 0.1990 0.9640 -0.1764
vn 0.1702 0.9636 -0.2062
vn 0.1372 0.9632 -0.2311
vn 0.1007 0.9628 -0.2506
vn 0.0615 0.9625 -0.2642
vn 0.0205 0.9623 -0.2712
vn 0.2389 0.9708 -0.0194
vn 0.2327 0.9708 -0.0581
vn 0.2206 0.9707 -0.0952
vn 0.2033 0.9705 -0.1296
vn 0.1812 0.9702 -0.1606
vn 0.1813 0.9702 -0.1606
vn 0.1550 0.9699 -0.1877
vn 0.1249 0.9696 -0.2105
vn 0.0917 0.9693 -0.2283
vn 0.0560 0.9690 -0.2406
vn 0.0187 0.9688 -0.2470
vn 0.2482 0.9685 -0.0202
vn 0.2417 0.9685 -0.0604
vn 0.2292 0.9683 -0.0989
vn 0.2112 0.9681 -0.1346
vn 0.1883 0.9678 -0.1668
vn 0.1610 0.9675 -0.1950
vn 0.1298 0.9671 -0.2186
vn 0.0953 0.9668 -0.2371
vn 0.0582 0.9665 -0.2499
vn 0.0194 0.9663 -0.2566
vn 0.2957 0.9550 -0.0241
vn 0.2880 0.9549 -0.0720
vn 0.2731 0.9547 -0.1178
vn 0.2516 0.9544 -0.1604
vn 0.2243 0.9540 -0.1988
vn 0.1917 0.9536 -0.2323
vn 0.1546 0.9531 -0.2604
vn 0.1135 0.9526 -0.2824
vn 0.1135 0.9526 -0.2823
vn 0.0692 0.9522 -0.2976
vn 0.0231 0.9519 -0.3055
vn 0.4029 0.9146 -0.0328
vn 0.3924 0.9145 -0.0980
vn 0.3720 0.9142 -0.1605
vn 0.3427 0.9137 -0.2184
vn 0.3053 0.9130 -0.2706
vn 0.2609 0.9122 -0.3161
vn 0.2609 0.9121 -0.3161
vn 0.2102 0.9113 -0.3541
vn 0.1542 0.9104 -0.3839
vn 0.0941 0.9097 -0.4045
vn 0.0314 0.9093 -0.4150
vn 0.6175 0.7850 -0.0502
vn 0.6013 0.7848 -0.1502
vn 0.5698 0.7842 -0.2458
vn 0.5244 0.7831 -0.3343
vn 0.4668 0.7817 -0.4137
vn 0.3984 0.7800 -0.4826
vn 0.3206 0.7782 -0.5400
vn 0.2349 0.7765 -0.5846
vn 0.2349 0.7766 -0.5846
vn 0.1432 0.7751 -0.6153
vn 0.1432 0.7751 -0.6154
vn 0.0478 0.7743 -0.6310
vn 0.0478 0.7743 -0.6311
vn 0.9318 0.3550 -0.0758
vn 0.9071 0.3548 -0.2266
vn 0.8587 0.3542 -0.3704
vn 0.7890 0.3531 -0.5029
vn 0.7006 0.3516 -0.6209
vn 0.5963 0.3499 -0.7225
vn 0.4786 0.3482 -0.8061
vn 0.3497 0.3465 -0.8704
vn 0.2127 0.3451 -0.9141
vn 0.0709 0.3442 -0.9362
vn -0.0497 0.7535 -0.6556
vn -0.1488 0.7544 -0.6393
vn -0.1487 0.7544 -0.6393
vn -0.2441 0.7559 -0.6075
vn -0.3332 0.7577 -0.5612
vn -0.4141 0.7595 -0.5016
vn -0.4141 0.7595 -0.5017
vn -0.4853 0.7613 -0.4300
vn -0.4853 0.7613 -0.4301
vn -0.5453 0.7628 -0.3476
vn -0.5925 0.7639 -0.2556
vn -0.6253 0.7646 -0.1562
vn -0.6422 0.7648 -0.0522
vn -0.0343 0.8907 -0.4532
vn -0.1028 0.8912 -0.4417
vn -0.1685 0.8921 -0.4193
vn -0.2297 0.8931 -0.3869
vn -0.2851 0.8941 -0.3454
vn -0.3337 0.8951 -0.2957
vn -0.3746 0.8959 -0.2387
vn -0.3746 0.8959 -0.2388
vn -0.4067 0.8966 -0.1754
vn -0.4067 0.8966 -0.1755
vn -0.4290 0.8969 -0.1072
vn -0.4405 0.8970 -0.0358
vn -0.0253 0.9422 -0.3342
vn -0.0758 0.9425 -0.3256
vn -0.1241 0.9429 -0.3090
vn -0.1692 0.9435 -0.2849
vn -0.2099 0.9441 -0.2542
vn -0.2455 0.9447 -0.2176
vn -0.2755 0.9451 -0.1756
vn -0.2990 0.9455 -0.1290
vn -0.3153 0.9457 -0.0788
vn -0.3238 0.9458 -0.0263
vn -0.0205 0.9623 -0.2712
vn -0.0615 0.9625 -0.2642
vn -0.1007 0.9628 -0.2506
vn -0.1372 0.9632 -0.2311
vn -0.1702 0.9636 -0.2062
vn -0.1702 0.9636 -0.2061
vn -0.1990 0.9640 -0.1764
vn -0.2233 0.9643 -0.1423
vn -0.2423 0.9645 -0.1045
vn -0.2555 0.9647 -0.0638
vn -0.2624 0.9647 -0.0213
vn -0.0187 0.9688 -0.2470
vn -0.0560 0.9690 -0.2406
vn -0.0917 0.9693 -0.2283
vn -0.1249 0.9696 -0.2105
vn -0.1550 0.9699 -0.1877
vn -0.1812 0.9702 -0.1606
vn -0.2033 0.9705 -0.1296
vn -0.2206 0.9707 -0.0952
vn -0.2327 0.9708 -0.0581
vn -0.2389 0.9708 -0.0194
vn -0.0194 0.9663 -0.2566
vn -0.0582 0.9665 -0.2499
vn -0.0953 0.9668 -0.2371
vn -0.1298 0.9671 -0.2186
vn -0.1610 0.9675 -0.1950
vn -0.1883 0.9678 -0.1668
vn -0.2112 0.9681 -0.1346
vn -0.2292 0.9683 -0.0989
vn -0.2417 0.9685 -0.0604
vn -0.2482 0.9685 -0.0202
vn -0.0231 0.9519 -0.3055
vn -0.0692 0.9522 -0.2976
vn -0.1135 0.9526 -0.2823
vn -0.1135 0.9526 -0.2824
vn -0.1546 0.9531 -0.2604
vn -0.1917 0.9536 -0.2323
vn -0.2243 0.9540 -0.1988
vn -0.2516 0.9544 -0.1604
vn -0.2731 0.9547 -0.1178
vn -0.2880 0.9549 -0.0720
vn -0.2957 0.9550 -0.0241
vn -0.0314 0.9093 -0.4150
vn -0.0941 0.9097 -0.4045
vn -0.1542 0.9104 -0.3839
vn -0.2102 0.9113 -0.3541
vn -0.2609 0.9121 -0.3161
vn -0.2609 0.9122 -0.3161
vn -0.3053 0.9130 -0.2706
vn -0.3427 0.9137 -0.2184
vn -0.3720 0.9142 -0.1605
vn -0.3924 0.9145 -0.0980
vn -0.4029 0.9146 -0.0328
vn -0.0478 0.7743 -0.6310
vn -0.0478 0.7743 -0.6311
vn -0.1432 0.7751 -0.6153
vn -0.1432 0.7751 -0.6154
vn -0.2349 0.7766 -0.5846
vn -0.2349 0.7765 -0.5846
vn -0.3206 0.7782 -0.5400
vn -0.3984 0.7800 -0.4826
vn -0.4668 0.7817 -0.4137
vn -0.5244 0.7831 -0.3342
vn -0.5244 0.7831 -0.3343
vn -0.5698 0.7842 -0.2458
vn -0.6013 0.7848 -0.1502
vn -0.6175 0.7850 -0.0502
vn -0.0709 0.3442 -0.9362
vn -0.2127 0.3451 -0.9141
vn -0.3497 0.3465 -0.8704
vn -0.4786 0.3482 -0.8061
vn -0.5963 0.3499 -0.7225
vn -0.7006 0.3516 -0.6209
vn -0.7890 0.3531 -0.5029
vn -0.8587 0.3542 -0.3704
vn -0.9071 0.3548 -0.2266
vn -0.9318 0.3550 -0.0758
vn -0.6422 0.7648 0.0522
vn -0.6253 0.7646 0.1562
vn -0.5925 0.7639 0.2556
vn -0.5453 0.7628 0.3476
vn -0.4853 0.7613 0.4301
vn -0.4853 0.7613 0.4300
vn -0.4141 0.7595 0.5017
vn -0.3332 0.7577 0.5612
vn -0.2441 0.7559 0.6075
vn -0.1488 0.7544 0.6393
vn -0.1487 0.7544 0.6393
vn -0.0497 0.7535 0.6556
vn -0.4405 0.8970 0.0358
vn -0.4290 0.8969 0.1072
vn -0.4067 0.8966 0.1755
vn -0.4067 0.8966 0.1754
vn -0.3746 0.8959 0.2387
vn -0.3337 0.8951 0.2957
vn -0.2851 0.8941 0.3454
vn -0.2297 0.8931 0.3869
vn -0.1685 0.8921 0.4193
vn -0.1028 0.8912 0.4417
vn -0.0343 0.8907 0.4532
vn -0.3238 0.9458 0.0263
vn -0.3153 0.9457 0.0788
vn -0.2990 0.9455 0.1290
vn -0.2755 0.9451 0.1756
vn -0.2455 0.9447 0.2176
vn -0.2099 0.9441 0.2542
vn -0.1692 0.9435 0.2849
vn -0.1241 0.9429 0.3090
vn -0.0758 0.9425 0.3256
vn -0.0253 0.9422 0.3342
vn -0.2624 0.9647 0.0213
vn -0.2555 0.9647 0.0638
vn -0.2423 0.9645 0.1045
vn -0.2233 0.9643 0.1423
vn -0.1990 0.9640 0.1764
vn -0.1702 0.9636 0.2062
vn -0.1372 0.9632 0.2311
vn -0.1007 0.9628 0.2506
vn -0.0615 0.9625 0.2642
vn -0.0205 0.9623 0.2712
vn -0.2389 0.9708 0.0194
vn -0.2327 0.9708 0.0581
vn -0.2206 0.9707 0.0952
vn -0.2033 0.9705 0.1296
vn -0.1812 0.9702 0.1606
vn -0.1813 0.9702 0.1606
vn -0.1550 0.9699 0.1877
vn -0.1249 0.9696 0.2105
vn -0.0917 0.9693 0.2283
vn -0.0560 0.9690 0.2406
vn -0.0187 0.9688 0.2470
vn -0.2482 0.9685 0.0202
vn -0.2417 0.9685 0.0604
vn -0.2292 0.9683 0.0989
vn -0.2112 0.9681 0.1346
vn -0.1883 0.9678 0.1668
vn -0.1610 0.9675 0.1950
vn -0.1298 0.9671 0.2186
vn -0.0953 0.9668 0.2371
vn -0.0582 0.9665 0.2499
vn -0.0194 0.9663 0.2566
vn -0.2957 0.9550 0.0241
vn -0.2880 0.9549 0.0720
vn -0.2731 0.9547 0.1178
vn -0.2516 0.9544 0.1604
vn -0.2243 0.9540 0.1988
vn -0.1917 0.9536 0.2323
vn -0.1546 0.9531 0.2604
vn -0.1135 0.9526 0.2824
vn -0.1135 0.9526 0.2823
vn -0.0692 0.9522 0.2976
vn -0.0231 0.9519 0.3055
vn -0.4029 0.9146 0.0328
vn -0.3924 0.9145 0.0980
vn -0.3720 0.9142 0.1605
vn -0.3427 0.9137 0.2184
vn -0.3053 0.9130 0.2706
vn -0.2609 0.9122 0.3161
vn -0.2609 0.9121 0.3161
vn -0.2102 0.9113 0.3541
vn -0.1542 0.9104 0.3839
vn -0.0941 0.9097 0.4045
vn -0.0314 0.9093 0.4150
vn -0.6175 0.7850 0.0502
vn -0.6013 0.7848 0.1502
vn -0.5698 0.7842 0.2458
vn -0.5244 0.7831 0.3343
vn -0.4668 0.7817 0.4137
vn -0.3984 0.7800 0.4826
vn -0.3206 0.7782 0.5400
vn -0.2349 0.7765 0.5846
vn -0.2349 0.7766 0.5846
vn -0.1432 0.7751 0.6153
vn -0.1432 0.7751 0.6154
vn -0.0478 0.7743 0.6310
vn -0.0478 0.7743 0.6311
vn -0.9318 0.3550 0.0758
vn -0.9071 0.3548 0.2266
vn -0.8587 0.3542 0.3704
vn -0.7890 0.3531 0.5029
vn -0.7006 0.3516 0.6209
vn -0.5963 0.3499 0.7225
vn -0.4786 0.3482 0.8061
vn -0.3497 0.3465 0.8704
vn -0.2127 0.3451 0.9141
vn -0.0709 0.3442 0.9362
vn 0.0497 0.7535 0.6556
vn 0.1488 0.7544 0.6393
vn 0.1487 0.7544 0.6393
vn 0.2441 0.7559 0.6075
vn 0.3332 0.7577 0.5612
vn 0.4141 0.7595 0.5016
vn 0.4141 0.7595 0.5017
vn 0.4853 0.7613 0.4300
vn 0.4853 0.7613 0.4301
vn 0.5453 0.7628 0.3476
vn 0.5925 0.7639 0.2556
vn 0.6253 0.7646 0.1562
vn 0.6422 0.7648 0.0522
vn 0.0343 0.8907 0.4532
vn 0.1028 0.8912 0.4417
vn 0.1685 0.8921 0.4193
vn 0.2297 0.8931 0.3869
vn 0.2851 0.8941 0.3454
vn 0.3337 0.8951 0.2957
vn 0.3746 0.8959 0.2387
vn 0.3746 0.8959 0.2388
vn 0.4067 0.8966 0.1754
vn 0.4067 0.8966 0.1755
vn 0.4290 0.8969 0.1072
vn 0.4405 0.8970 0.0358
vn 0.0253 0.9422 0.3342
vn 0.0758 0.9425 0.3256
vn 0.1241 0.9429 0.3090
vn 0.1692 0.9435 0.2849
vn 0.2099 0.9441 0.2542
vn 0.2455 0.9447 0.2176
vn 0.2755 0.9451 0.1756
vn 0.2990 0.9455 0.1290
vn 0.3153 0.9457 0.0788
vn 0.3238 0.9458 0.0263
vn 0.0205 0.9623 0.2712
vn 0.0615 0.9625 0.2642
vn 0.1007 0.9628 0.2506
vn 0.1372 0.9632 0.2311
vn 0.1702 0.9636 0.2062
vn 0.1702 0.9636 0.2061
vn 0.1990 0.9640 0.1764
vn 0.2233 0.9643 0.1423
vn 0.2423 0.9645 0.1045
vn 0.2555 0.9647 0.0638
vn 0.2624 0.9647 0.0213
vn 0.0187 0.9688 0.2470
vn 0.0560 0.9690 0.2406
vn 0.0917 0.9693 0.2283
vn 0.1249 0.9696 0.2105
vn 0.1550 0.9699 0.1877
vn 0.1812 0.9702 0.1606
vn 0.2033 0.9705 0.1296
vn 0.2206 0.9707 0.0952
vn 0.2327 0.9708 0.0581
vn 0.2389 0.9708 0.0194
vn 0.0194 0.9663 0.2566
vn 0.0582 0.9665 0.2499
vn 0.0953 0.9668 0.2371
vn 0.1298 0.9671 0.2186
vn 0.1610 0.9675 0.1950
vn 0.1883 0.9678 0.1668
vn 0.2112 0.9681 0.1346
vn 0.2292 0.9683 0.0989
vn 0.2417 0.9685 0.0604
vn 0.2482 0.9685 0.0202
vn 0.0231 0.9519 0.3055
vn 0.0692 0.9522 0.2976
vn 0.1135 0.9526 0.2823
vn 0.1135 0.9526 0.2824
vn 0.1546 0.9531 0.2603
vn 0.1546 0.9531 0.2604
vn 0.1917 0.9536 0.2323
vn 0.2243 0.9540 0.1988
vn 0.2516 0.9544 0.1604
vn 0.2731 0.9547 0.1178
vn 0.2880 0.9549 0.0720
vn 0.2957 0.9550 0.0241
vn 0.0314 0.9093 0.4150
vn 0.0941 0.9097 0.4045
vn 0.1542 0.9104 0.3839
vn 0.2102 0.9113 0.3541
vn 0.2609 0.9121 0.3161
vn 0.2609 0.9122 0.3161
vn 0.3053 0.9130 0.2706
vn 0.3427 0.9137 0.2184
vn 0.3720 0.9142 0.1605
vn 0.3924 0.9145 0.0980
vn 0.4029 0.9146 0.0328
vn 0.0478 0.7743 0.6310
vn 0.0478 0.7743 0.6311
vn 0.1432 0.7751 0.6153
vn 0.1432 0.7751 0.6154
vn 0.2349 0.7766 0.5846
vn 0.2349 0.7765 0.5846
vn 0.3206 0.7782 0.5400
vn 0.3984 0.7800 0.4826
vn 0.4668 0.7817 0.4137
vn 0.5244 0.7831 0.3342
vn 0.5244 0.7831 0.3343
vn 0.5698 0.7842 0.2458
vn 0.6013 0.7848 0.1502
vn 0.6175 0.7850 0.0502
vn 0.0709 0.3442 0.9362
vn 0.2127 0.3451 0.9141
vn 0.3497 0.3465 0.8704
vn 0.4786 0.3482 0.8061
vn 0.5963 0.3499 0.7225
vn 0.7006 0.3516 0.6209
vn 0.7890 0.3531 0.5029
vn 0.8587 0.3542 0.3704
vn 0.9071 0.3548 0.2266
vn 0.9318 0.3550 0.0758
vn 0.0092 -1.0000 0.0007
vn 0.0089 -1.0000 0.0022
vn 0.0085 -1.0000 0.0036
vn 0.0078 -1.0000 0.0050
vn 0.0069 -1.0000 0.0062
vn 0.0059 -1.0000 0.0072
vn 0.0048 -1.0000 0.0081
vn 0.0035 -1.0000 0.0088
vn 0.0021 -1.0000 0.0092
vn 0.0007 -1.0000 0.0095
vn 0.0323 -0.9995 0.0026
vn 0.0314 -0.9995 0.0079
vn 0.0298 -0.9995 0.0129
vn 0.0275 -0.9995 0.0175
vn 0.0245 -0.9995 0.0217
vn 0.0210 -0.9995 0.0254
vn 0.0169 -0.9995 0.0285
vn 0.0124 -0.9994 0.0309
vn 0.0076 -0.9994 0.0326
vn 0.0025 -0.9994 0.0334
vn 0.0643 -0.9979 0.0052
vn 0.0626 -0.9979 0.0156
vn 0.0594 -0.9979 0.0256
vn 0.0547 -0.9979 0.0349
vn 0.0488 -0.9979 0.0432
vn 0.0417 -0.9978 0.0506
vn 0.0337 -0.9978 0.0567
vn 0.0247 -0.9978 0.0615
vn 0.0151 -0.9978 0.0649
vn 0.0050 -0.9978 0.0666
vn 0.1102 -0.9939 0.0090
vn 0.1074 -0.9939 0.0268
vn 0.1018 -0.9938 0.0439
vn 0.0938 -0.9938 0.0598
vn 0.0837 -0.9937 0.0741
vn 0.0716 -0.9937 0.0867
vn 0.0577 -0.9936 0.0972
vn 0.0424 -0.9935 0.1055
vn 0.0259 -0.9935 0.1112
vn 0.0086 -0.9934 0.1142
vn 0.1790 -0.9837 0.0146
vn 0.1743 -0.9837 0.0436
vn 0.1653 -0.9837 0.0713
vn 0.1523 -0.9835 0.0971
vn 0.1358 -0.9834 0.1204
vn 0.1162 -0.9832 0.1407
vn 0.0937 -0.9830 0.1578
vn 0.0688 -0.9828 0.1712
vn 0.0420 -0.9827 0.1804
vn 0.0140 -0.9826 0.1852
vn 0.2862 -0.9579 0.0233
vn 0.2788 -0.9578 0.0696
vn 0.2643 -0.9577 0.1140
vn 0.2435 -0.9574 0.1552
vn 0.2171 -0.9570 0.1924
vn 0.1856 -0.9566 0.2248
vn 0.1496 -0.9561 0.2520
vn 0.1098 -0.9556 0.2733
vn 0.0670 -0.9553 0.2881
vn 0.0224 -0.9550 0.2957
vn 0.4556 -0.8894 0.0371
vn 0.4437 -0.8893 0.1108
vn 0.4206 -0.8889 0.1814
vn 0.3873 -0.8883 0.2469
vn 0.3451 -0.8874 0.3058
vn 0.2948 -0.8863 0.3571
vn 0.2375 -0.8852 0.4000
vn 0.1742 -0.8842 0.4335
vn 0.1062 -0.8833 0.4566
vn 0.0355 -0.8827 0.4685
vn 0.6954 -0.7164 0.0566
vn 0.6771 -0.7162 0.1692
vn 0.6771 -0.7161 0.1692
vn 0.6415 -0.7154 0.2768
vn 0.5902 -0.7142 0.3762
vn 0.5251 -0.7125 0.4654
vn 0.5251 -0.7125 0.4653
vn 0.4479 -0.7106 0.5426
vn 0.3602 -0.7086 0.6068
vn 0.2638 -0.7066 0.6565
vn 0.2638 -0.7066 0.6566
vn 0.1607 -0.7050 0.6907
vn 0.0536 -0.7040 0.7081
vn 0.9139 -0.3990 0.0743
vn 0.8897 -0.3987 0.2223
vn 0.8423 -0.3981 0.3634
vn 0.7740 -0.3969 0.4934
vn 0.6875 -0.3953 0.6092
vn 0.5852 -0.3935 0.7090
vn 0.4697 -0.3915 0.7912
vn 0.3434 -0.3897 0.8545
vn 0.2088 -0.3882 0.8976
vn 0.2089 -0.3882 0.8976
vn 0.0696 -0.3873 0.9193
vn 0.9922 -0.0955 0.0807
vn 0.9922 -0.0954 0.0807
vn 0.9658 -0.0954 0.2413
vn 0.9140 -0.0952 0.3943
vn 0.8395 -0.0949 0.5351
vn 0.7451 -0.0944 0.6603
vn 0.6338 -0.0939 0.7678
vn 0.5083 -0.0934 0.8561
vn 0.3712 -0.0929 0.9239
vn 0.2257 -0.0924 0.9698
vn 0.0752 -0.0922 0.9929
vn -0.0007 -1.0000 0.0095
vn -0.0021 -1.0000 0.0092
vn -0.0035 -1.0000 0.0088
vn -0.0048 -1.0000 0.0081
vn -0.0059 -1.0000 0.0072
vn -0.0069 -1.0000 0.0062
vn -0.0078 -1.0000 0.0050
vn -0.0085 -1.0000 0.0036
vn -0.0089 -1.0000 0.0022
vn -0.0092 -1.0000 0.0007
vn -0.0025 -0.9994 0.0334
vn -0.0076 -0.9994 0.0326
vn -0.0124 -0.9994 0.0309
vn -0.0169 -0.9995 0.0285
vn -0.0210 -0.9995 0.0254
vn -0.0245 -0.9995 0.0217
vn -0.0275 -0.9995 0.0175
vn -0.0298 -0.9995 0.0129
vn -0.0314 -0.9995 0.0079
vn -0.0323 -0.9995 0.0026
vn -0.0050 -0.9978 0.0666
vn -0.0151 -0.9978 0.0649
vn -0.0247 -0.9978 0.0615
vn -0.0337 -0.9978 0.0567
vn -0.0417 -0.9978 0.0506
vn -0.0488 -0.9979 0.0432
vn -0.0547 -0.9979 0.0349
vn -0.0594 -0.9979 0.0256
vn -0.0626 -0.9979 0.0156
vn -0.0643 -0.9979 0.0052
vn -0.0086 -0.9934 0.1142
vn -0.0259 -0.9935 0.1112
vn -0.0424 -0.9935 0.1055
vn -0.0577 -0.9936 0.0972
vn -0.0716 -0.9937 0.0867
vn -0.0837 -0.9937 0.0741
vn -0.0938 -0.9938 0.0598
vn -0.1018 -0.9938 0.0439
vn -0.1074 -0.9939 0.0268
vn -0.1102 -0.9939 0.0090
vn -0.0140 -0.9826 0.1852
vn -0.0420 -0.9827 0.1804
vn -0.0688 -0.9828 0.1712
vn -0.0937 -0.9830 0.1578
vn -0.1162 -0.9832 0.1407
vn -0.1358 -0.9834 0.1204
vn -0.1523 -0.9835 0.0971
vn -0.1653 -0.9837 0.0713
vn -0.1743 -0.9837 0.0435
vn -0.1743 -0.9837 0.0436
vn -0.1790 -0.9837 0.0146
vn -0.0224 -0.9550 0.2957
vn -0.0670 -0.9553 0.2881
vn -0.1098 -0.9556 0.2733
vn -0.1496 -0.9561 0.2520
vn -0.1856 -0.9566 0.2248
vn -0.2171 -0.9570 0.1924
vn -0.2435 -0.9574 0.1552
vn -0.2643 -0.9577 0.1140
vn -0.2788 -0.9578 0.0696
vn -0.2862 -0.9579 0.0233
vn -0.0355 -0.8827 0.4685
vn -0.1062 -0.8833 0.4566
vn -0.1742 -0.8842 0.4335
vn -0.2375 -0.8852 0.4000
vn -0.2948 -0.8863 0.3571
vn -0.3451 -0.8874 0.3058
vn -0.3873 -0.8883 0.2469
vn -0.4206 -0.8889 0.1814
vn -0.4437 -0.8893 0.1108
vn -0.4556 -0.8894 0.0371
vn -0.0536 -0.7040 0.7081
vn -0.1607 -0.7050 0.6907
vn -0.2638 -0.7066 0.6566
vn -0.2638 -0.7066 0.6565
vn -0.3602 -0.7086 0.6068
vn -0.4479 -0.7106 0.5426
vn -0.5251 -0.7125 0.4653
vn -0.5251 -0.7125 0.4654
vn -0.5902 -0.7142 0.3762
vn -0.6415 -0.7154 0.2768
vn -0.6771 -0.7161 0.1692
vn -0.6771 -0.7162 0.1692
vn -0.6954 -0.7164 0.0566
vn -0.0696 -0.3873 0.9193
vn -0.2088 -0.3882 0.8976
vn -0.2089 -0.3882 0.8976
vn -0.3434 -0.3897 0.8545
vn -0.4697 -0.3915 0.7912
vn -0.5852 -0.3935 0.7090
vn -0.5852 -0.3934 0.7090
vn -0.6875 -0.3953 0.6092
vn -0.7740 -0.3969 0.4933
vn -0.7740 -0.3969 0.4934
vn -0.8423 -0.3981 0.3634
vn -0.8897 -0.3988 0.2223
vn -0.8897 -0.3987 0.2223
vn -0.9139 -0.3990 0.0743
vn -0.0752 -0.0922 0.9929
vn -0.2257 -0.0924 0.9698
vn -0.3712 -0.0929 0.9239
vn -0.5083 -0.0934 0.8561
vn -0.6338 -0.0939 0.7678
vn -0.7451 -0.0944 0.6603
vn -0.8395 -0.0949 0.5351
vn -0.9140 -0.0952 0.3943
vn -0.9658 -0.0954 0.2413
vn -0.9922 -0.0954 0.0807
vn -0.9922 -0.0955 0.0807
vn -0.0092 -1.0000 -0.0007
vn -0.0089 -1.0000 -0.0022
vn -0.0085 -1.0000 -0.0036
vn -0.0078 -1.0000 -0.0050
vn -0.0069 -1.0000 -0.0062
vn -0.0059 -1.0000 -0.0072
vn -0.0048 -1.0000 -0.0081
vn -0.0035 -1.0000 -0.0088
vn -0.0021 -1.0000 -0.0092
vn -0.0007 -1.0000 -0.0095
vn -0.0323 -0.9995 -0.0026
vn -0.0314 -0.9995 -0.0079
vn -0.0298 -0.9995 -0.0129
vn -0.0275 -0.9995 -0.0175
vn -0.0245 -0.9995 -0.0217
vn -0.0210 -0.9995 -0.0254
vn -0.0169 -0.9995 -0.0285
vn -0.0124 -0.9994 -0.0309
vn -0.0076 -0.9994 -0.0326
vn -0.0025 -0.9994 -0.0334
vn -0.0643 -0.9979 -0.0052
vn -0.0626 -0.9979 -0.0156
vn -0.0594 -0.9979 -0.0256
vn -0.0547 -0.9979 -0.0349
vn -0.0488 -0.9979 -0.0432
vn -0.0417 -0.9978 -0.0506
vn -0.0337 -0.9978 -0.0567
vn -0.0247 -0.9978 -0.0615
vn -0.0151 -0.9978 -0.0649
vn -0.0050 -0.9978 -0.0666
vn -0.1102 -0.9939 -0.0090
vn -0.1074 -0.9939 -0.0268
vn -0.1018 -0.9938 -0.0439
vn -0.0938 -0.9938 -0.0598
vn -0.0837 -0.9937 -0.0741
vn -0.0716 -0.9937 -0.0867
vn -0.0577 -0.9936 -0.0972
vn -0.0424 -0.9935 -0.1055
vn -0.0259 -0.9935 -0.1112
vn -0.0086 -0.9934 -0.1142
vn -0.1790 -0.9837 -0.0146
vn -0.1743 -0.9837 -0.0435
vn -0.1743 -0.9837 -0.0436
vn -0.1653 -0.9837 -0.0713
vn -0.1523 -0.9835 -0.0971
vn -0.1358 -0.9834 -0.1204
vn -0.1162 -0.9832 -0.1407
vn -0.0937 -0.9830 -0.1578
vn -0.0688 -0.9828 -0.1712
vn -0.0420 -0.9827 -0.1804
vn -0.0140 -0.9826 -0.1852
vn -0.2862 -0.9579 -0.0233
vn -0.2788 -0.9578 -0.0696
vn -0.2643 -0.9577 -0.1140
vn -0.2435 -0.9574 -0.1552
vn -0.2171 -0.9570 -0.1924
vn -0.1856 -0.9566 -0.2248
vn -0.1496 -0.9561 -0.2520
vn -0.1098 -0.9556 -0.2733
vn -0.0670 -0.9553 -0.2881
vn -0.0224 -0.9550 -0.2957
vn -0.4556 -0.8894 -0.0371
vn -0.4437 -0.8893 -0.1108
vn -0.4206 -0.8889 -0.1814
vn -0.3873 -0.8883 -0.2469
vn -0.3451 -0.8874 -0.3058
vn -0.2948 -0.8863 -0.3571
vn -0.2375 -0.8852 -0.4000
vn -0.1742 -0.8842 -0.4335
vn -0.1062 -0.8833 -0.4566
vn -0.0355 -0.8827 -0.4685
vn -0.6954 -0.7164 -0.0566
vn -0.6771 -0.7162 -0.1692
vn -0.6771 -0.7161 -0.1692
vn -0.6415 -0.7154 -0.2768
vn -0.5902 -0.7142 -0.3762
vn -0.5251 -0.7125 -0.4654
vn -0.5251 -0.7125 -0.4653
vn -0.4479 -0.7106 -0.5426
vn -0.3602 -0.7086 -0.6068
vn -0.2638 -0.7066 -0.6565
vn -0.2638 -0.7066 -0.6566
vn -0.1607 -0.7050 -0.6907
vn -0.0536 -0.7040 -0.7081
vn -0.9139 -0.3990 -0.0743
vn -0.8897 -0.3987 -0.2223
vn -0.8423 -0.3981 -0.3634
vn -0.7740 -0.3969 -0.4934
vn -0.6875 -0.3953 -0.6092
vn -0.5852 -0.3935 -0.7090
vn -0.4697 -0.3915 -0.7912
vn -0.3434 -0.3897 -0.8545
vn -0.2088 -0.3882 -0.8976
vn -0.2089 -0.3882 -0.8976
vn -0.0696 -0.3873 -0.9193
vn -0.9922 -0.0955 -0.0807
vn -0.9922 -0.0954 -0.0807
vn -0.9658 -0.0954 -0.2413
vn -0.9140 -0.0952 -0.3943
vn -0.8395 -0.0949 -0.5351
vn -0.7451 -0.0944 -0.6603
vn -0.6338 -0.0939 -0.7678
vn -0.5083 -0.0934 -0.8561
vn -0.3712 -0.0929 -0.9239
vn -0.2257 -0.0924 -0.9698
vn -0.0752 -0.0922 -0.9929
vn 0.0007 -1.0000 -0.0095
vn 0.0021 -1.0000 -0.0092
vn 0.0035 -1.0000 -0.0088
vn 0.0048 -1.0000 -0.0081
vn 0.0059 -1.0000 -0.0072
vn 0.0069 -1.0000 -0.0062
vn 0.0078 -1.0000 -0.0050
vn 0.0085 -1.0000 -0.0036
vn 0.0089 -1.0000 -0.0022
vn 0.0092 -1.0000 -0.0007
vn 0.0025 -0.9994 -0.0334
vn 0.0076 -0.9994 -0.0326
vn 0.0124 -0.9994 -0.0309
vn 0.0169 -0.9995 -0.0285
vn 0.0210 -0.9995 -0.0254
vn 0.0245 -0.9995 -0.0217
vn 0.0275 -0.9995 -0.0175
vn 0.0298 -0.9995 -0.0129
vn 0.0314 -0.9995 -0.0079
vn 0.0323 -0.9995 -0.0026
vn 0.0050 -0.9978 -0.0666
vn 0.0151 -0.9978 -0.0649
vn 0.0247 -0.9978 -0.0615
vn 0.0337 -0.9978 -0.0567
vn 0.0417 -0.9978 -0.0506
vn 0.0488 -0.9979 -0.0432
vn 0.0547 -0.9979 -0.0349
vn 0.0594 -0.9979 -0.0256
vn 0.0626 -0.9979 -0.0156
vn 0.0643 -0.9979 -0.0052
vn 0.0086 -0.9934 -0.1142
vn 0.0259 -0.9935 -0.1112
vn 0.0424 -0.9935 -0.1055
vn 0.0577 -0.9936 -0.0972
vn 0.0716 -0.9937 -0.0867
vn 0.0837 -0.9937 -0.0741
vn 0.0938 -0.9938 -0.0598
vn 0.1018 -0.9938 -0.0439
vn 0.1074 -0.9939 -0.0268
vn 0.1102 -0.9939 -0.0090
vn 0.0140 -0.9826 -0.1852
vn 0.0420 -0.9827 -0.1804
vn 0.0688 -0.9828 -0.1712
vn 0.0937 -0.9830 -0.1578
vn 0.1162 -0.9832 -0.1407
vn 0.1358 -0.9834 -0.1204
vn 0.1523 -0.9835 -0.0971
vn 0.1653 -0.9837 -0.0713
vn 0.1743 -0.9837 -0.0435
vn 0.1743 -0.9837 -0.0436
vn 0.1790 -0.9837 -0.0146
vn 0.0224 -0.9550 -0.2957
vn 0.0670 -0.9553 -0.2881
vn 0.1098 -0.9556 -0.2733
vn 0.1496 -0.9561 -0.2520
vn 0.1856 -0.9566 -0.2248
vn 0.2171 -0.9570 -0.1924
vn 0.2435 -0.9574 -0.1552
vn 0.2643 -0.9577 -0.1140
vn 0.2788 -0.9578 -0.0696
vn 0.2862 -0.9579 -0.0233
vn 0.0355 -0.8827 -0.4685
vn 0.1062 -0.8833 -0.4566
vn 0.1742 -0.8842 -0.4335
vn 0.2375 -0.8852 -0.4000
vn 0.2948 -0.8863 -0.3571
vn 0.3451 -0.8874 -0.3058
vn 0.3873 -0.8883 -0.2469
vn 0.4206 -0.8889 -0.1814
vn 0.4437 -0.8893 -0.1108
vn 0.4556 -0.8894 -0.0371
vn 0.0536 -0.7040 -0.7081
vn 0.1607 -0.7050 -0.6907
vn 0.2638 -0.7066 -0.6566
vn 0.2638 -0.7066 -0.6565
vn 0.3602 -0.7086 -0.6068
vn 0.4479 -0.7106 -0.5426
vn 0.5251 -0.7125 -0.4653
vn 0.5251 -0.7125 -0.4654
vn 0.5902 -0.7142 -0.3762
vn 0.6415 -0.7154 -0.2768
vn 0.6771 -0.7161 -0.1692
vn 0.6771 -0.7162 -0.1692
vn 0.6954 -0.7164 -0.0566
vn 0.0696 -0.3873 -0.9193
vn 0.2088 -0.3882 -0.8976
vn 0.2089 -0.3882 -0.8976
vn 0.3434 -0.3897 -0.8545
vn 0.4697 -0.3915 -0.7912
vn 0.5852 -0.3935 -0.7090
vn 0.5852 -0.3934 -0.7090
vn 0.6875 -0.3953 -0.6092
vn 0.7740 -0.3969 -0.4933
vn 0.7740 -0.3969 -0.4934
vn 0.8423 -0.3981 -0.3634
vn 0.8897 -0.3988 -0.2223
vn 0.8897 -0.3987 -0.2223
vn 0.9139 -0.3990 -0.0743
vn 0.0752 -0.0922 -0.9929
vn 0.2257 -0.0924 -0.9698
vn 0.3712 -0.0929 -0.9239
vn 0.5083 -0.0934 -0.8561
vn 0.6338 -0.0939 -0.7678
vn 0.7451 -0.0944 -0.6603
vn 0.8395 -0.0949 -0.5351
vn 0.9140 -0.0952 -0.3943
vn 0.9658 -0.0954 -0.2413
vn 0.9922 -0.0954 -0.0807
vn 0.9922 -0.0955 -0.0807
s 0
f 2909//1 2921//1 2939//1
f 2939//1 2931//1 2909//1
f 2869//2 2877//2 2921//2
f 2921//2 2909//2 2869//2
f 2819//3 2827//3 2877//3
f 2877//3 2869//3 2819//3
f 2737//4 2747//4 2827//4
f 2827//4 2819//4 2737//4
f 2669//5 2673//5 2747//5
f 2747//5 2737//5 2669//5
f 2567//6 2575//6 2673//6
f 2673//6 2669//6 2567//6
f 2476//7 2480//7 2575//7
f 2575//7 2567//7 2476//7
f 2358//8 2362//8 2480//8
f 2480//8 2476//8 2358//8
f 2158//9 2162//9 2362//9
f 2362//9 2358//9 2158//9
f 1715//10 1812//10 2162//10
f 2162//10 2158//10 1715//10
f 2901//11 2909//11 2931//11
f 2931//11 2917//11 2901//11
f 2863//12 2869//12 2909//12
f 2909//12 2901//12 2863//12
f 2813//13 2819//13 2869//13
f 2869//14 2863//14 2813//14
f 2729//15 2737//15 2819//15
f 2819//15 2813//15 2729//15
f 2663//16 2669//16 2737//16
f 2737//16 2729//16 2663//16
f 2561//17 2567//17 2669//17
f 2669//17 2663//17 2561//17
f 2468//18 2476//18 2567//18
f 2567//18 2561//18 2468//18
f 2350//19 2358//19 2476//19
f 2476//19 2468//19 2350//19
f 2152//20 2158//20 2358//20
f 2358//21 2350//21 2152//21
f 1717//22 1715//22 2158//22
f 2158//22 2152//22 1717//22
f 2903//23 2901//23 2917//23
f 2917//24 2923//24 2903//24
f 2865//25 2863//25 2901//25
f 2901//25 2903//25 2865//25
f 2815//26 2813//26 2863//26
f 2863//26 2865//26 2815//26
f 2733//27 2729//27 2813//27
f 2813//28 2815//28 2733//28
f 2665//29 2663//29 2729//29
f 2729//30 2733//30 2665//30
f 2564//31 2561//31 2663//31
f 2663//31 2665//31 2564//31
f 2473//32 2468//32 2561//32
f 2561//32 2564//32 2473//32
f 2354//33 2350//33 2468//33
f 2468//33 2473//33 2354//33
f 2155//34 2152//34 2350//34
f 2350//34 2354//34 2155//34
f 1927//35 1717//35 2152//35
f 2152//35 2155//35 1927//35
f 2911//36 2903//36 2923//36
f 2923//36 2935//36 2911//36
f 2875//37 2865//37 2903//37
f 2903//37 2911//37 2875//37
f 2823//38 2815//38 2865//38
f 2865//38 2875//38 2823//38
f 2741//39 2733//39 2815//39
f 2815//40 2823//40 2741//40
f 2671//41 2665//41 2733//41
f 2733//42 2741//42 2671//42
f 2571//43 2564//43 2665//43
f 2665//43 2671//43 2571//43
f 2478//44 2473//44 2564//44
f 2564//44 2571//44 2478//44
f 2360//45 2354//45 2473//45
f 2473//46 2478//46 2360//46
f 2160//47 2155//47 2354//47
f 2354//48 2360//48 2160//48
f 1718//49 1927//49 2155//49
f 2155//50 2160//50 1718//50
f 2929//51 2911//51 2935//51
f 2935//51 2947//51 2929//51
f 2881//52 2875//52 2911//52
f 2911//52 2929//52 2881//52
f 2829//53 2823//53 2875//53
f 2875//53 2881//53 2829//53
f 2751//54 2741//54 2823//54
f 2823//54 2829//54 2751//54
f 2677//55 2671//55 2741//55
f 2741//56 2751//56 2677//56
f 2577//57 2571//57 2671//57
f 2671//58 2677//58 2577//58
f 2482//59 2478//59 2571//59
f 2571//59 2577//59 2482//59
f 2364//60 2360//60 2478//60
f 2478//60 2482//60 2364//60
f 2164//61 2160//61 2360//61
f 2360//62 2364//62 2164//62
f 1842//63 1718//63 2160//63
f 2160//64 2164//64 1842//64
f 2945//65 2929//65 2947//65
f 2947//65 2959//65 2945//65
f 2897//66 2881//66 2929//66
f 2929//66 2945//66 2897//66
f 2835//67 2829//67 2881//67
f 2881//68 2897//68 2835//68
f 2761//69 2751//69 2829//69
f 2829//69 2835//69 2761//69
f 2679//70 2677//70 2751//70
f 2751//71 2761//71 2679//71
f 2579//72 2577//72 2677//72
f 2677//73 2679//73 2579//73
f 2486//74 2482//74 2577//74
f 2577//74 2579//74 2486//74
f 2368//75 2364//75 2482//75
f 2482//75 2486//75 2368//75
f 2172//76 2164//76 2364//76
f 2364//76 2368//76 2172//76
f 1725//77 1842//77 2164//77
f 2164//77 2172//77 1725//77
f 2965//78 2945//78 2959//78
f 2959//78 2981//78 2965//78
f 2907//79 2897//79 2945//79
f 2945//79 2965//79 2907//79
f 2845//80 2835//80 2897//80
f 2897//81 2907//81 2845//81
f 2769//82 2761//82 2835//82
f 2835//82 2845//82 2769//82
f 2685//83 2679//83 2761//83
f 2761//84 2769//84 2685//84
f 2587//85 2579//85 2679//85
f 2679//86 2685//86 2587//86
f 2491//87 2486//87 2579//87
f 2579//88 2587//88 2491//88
f 2370//89 2368//89 2486//89
f 2486//89 2491//89 2370//89
f 2174//90 2172//90 2368//90
f 2368//90 2370//90 2174//90
f 1834//91 1725//91 2172//91
f 2172//92 2174//92 1834//92
f 2982//93 2965//93 2981//93
f 2981//93 2988//93 2982//93
f 2933//94 2907//94 2965//94
f 2965//94 2982//94 2933//94
f 2855//95 2845//95 2907//95
f 2907//96 2933//96 2855//96
f 2779//97 2769//97 2845//97
f 2845//98 2855//98 2779//98
f 2691//99 2685//99 2769//99
f 2769//99 2779//99 2691//99
f 2595//100 2587//100 2685//100
f 2685//101 2691//101 2595//101
f 2500//102 2491//102 2587//102
f 2587//102 2595//102 2500//102
f 2374//103 2370//103 2491//103
f 2491//103 2500//103 2374//103
f 2178//104 2174//104 2370//104
f 2370//105 2374//105 2178//105
f 1716//106 1834//106 2174//106
f 2174//106 2178//106 1716//106
f 2990//107 2982//107 2988//107
f 2988//107 3002//107 2990//107
f 2949//108 2933//108 2982//108
f 2982//108 2990//108 2949//108
f 2871//109 2855//109 2933//109
f 2933//109 2949//109 2871//109
f 2791//110 2779//110 2855//110
f 2855//110 2871//110 2791//110
f 2699//111 2691//111 2779//111
f 2779//111 2791//111 2699//111
f 2601//112 2595//112 2691//112
f 2691//112 2699//112 2601//112
f 2506//113 2500//113 2595//113
f 2595//113 2601//113 2506//113
f 2378//114 2374//114 2500//114
f 2500//114 2506//114 2378//114
f 2180//115 2178//115 2374//115
f 2374//115 2378//115 2180//115
f 1714//116 1716//116 2178//116
f 2178//116 2180//116 1714//116
f 3008//117 2990//117 3002//117
f 3002//117 3024//117 3008//117
f 2973//118 2949//118 2990//118
f 2990//118 3008//118 2973//118
f 2889//119 2871//119 2949//119
f 2949//119 2973//119 2889//119
f 2805//120 2791//120 2871//120
f 2871//120 2889//120 2805//120
f 2711//121 2699//121 2791//121
f 2791//121 2805//121 2711//121
f 2611//122 2601//122 2699//122
f 2699//123 2711//123 2611//123
f 2521//124 2506//124 2601//124
f 2601//124 2611//124 2521//124
f 2387//125 2378//125 2506//125
f 2506//125 2521//125 2387//125
f 2191//126 2180//126 2378//126
f 2378//126 2387//126 2191//126
f 1810//127 1714//127 2180//127
f 2180//127 2191//127 1810//127
f 1464//128 1460//128 1813//128
f 1813//128 1821//128 1464//128
f 1264//129 1260//129 1460//129
f 1460//129 1464//129 1264//129
f 1146//130 1142//130 1260//130
f 1260//130 1264//130 1146//130
f 1055//131 1047//131 1142//131
f 1142//132 1146//132 1055//132
f 953//133 949//133 1047//133
f 1047//133 1055//133 953//133
f 885//134 875//134 949//134
f 949//134 953//134 885//134
f 803//135 795//135 875//135
f 875//135 885//135 803//135
f 753//136 745//136 795//136
f 795//136 803//136 753//136
f 713//137 701//137 745//137
f 745//137 753//137 713//137
f 691//138 683//138 701//138
f 701//138 713//138 691//138
f 1470//139 1464//139 1821//139
f 1821//139 1829//139 1470//139
f 1272//140 1264//140 1464//140
f 1464//140 1470//140 1272//140
f 1154//141 1146//141 1264//141
f 1264//141 1272//141 1154//141
f 1061//142 1055//142 1146//142
f 1146//142 1154//142 1061//142
f 959//143 953//143 1055//143
f 1055//143 1061//143 959//143
f 893//144 885//144 953//144
f 953//144 959//144 893//144
f 809//145 803//145 885//145
f 885//145 893//145 809//145
f 759//146 753//146 803//146
f 803//147 809//147 759//147
f 721//148 713//148 753//148
f 753//148 759//148 721//148
f 705//149 691//149 713//149
f 713//149 721//149 705//149
f 1469//150 1470//150 1829//150
f 1829//150 1835//150 1469//150
f 1268//151 1272//151 1470//151
f 1470//151 1469//151 1268//151
f 1151//152 1154//152 1272//152
f 1272//152 1268//152 1151//152
f 1060//153 1061//153 1154//153
f 1154//153 1151//153 1060//153
f 957//154 959//154 1061//154
f 1061//154 1060//154 957//154
f 889//155 893//155 959//155
f 959//156 957//156 889//156
f 807//157 809//157 893//157
f 893//158 889//158 807//158
f 757//159 759//159 809//159
f 809//159 807//159 757//159
f 719//160 721//160 759//160
f 759//160 757//160 719//160
f 699//161 705//161 721//161
f 721//161 719//161 699//161
f 1462//162 1469//162 1835//162
f 1835//162 1839//162 1462//162
f 1262//163 1268//163 1469//163
f 1469//164 1462//164 1262//164
f 1144//165 1151//165 1268//165
f 1268//165 1262//165 1144//165
f 1051//166 1060//166 1151//166
f 1151//166 1144//166 1051//166
f 951//167 957//167 1060//167
f 1060//167 1051//167 951//167
f 881//168 889//168 957//168
f 957//168 951//168 881//168
f 799//169 807//169 889//169
f 889//169 881//169 799//169
f 747//170 757//170 807//170
f 807//170 799//170 747//170
f 711//171 719//171 757//171
f 757//172 747//172 711//172
f 687//173 699//173 719//173
f 719//173 711//173 687//173
f 1458//174 1462//174 1839//174
f 1839//174 1843//174 1458//174
f 1258//175 1262//175 1462//175
f 1462//176 1458//176 1258//176
f 1140//177 1144//177 1262//177
f 1262//177 1258//177 1140//177
f 1045//178 1051//178 1144//178
f 1144//178 1140//178 1045//178
f 945//179 951//179 1051//179
f 1051//179 1045//179 945//179
f 871//180 881//180 951//180
f 951//180 945//180 871//180
f 793//181 799//181 881//181
f 881//181 871//181 793//181
f 741//182 747//182 799//182
f 799//182 793//182 741//182
f 693//183 711//183 747//183
f 747//183 741//183 693//183
f 675//184 687//184 711//184
f 711//184 693//184 675//184
f 1450//185 1458//185 1843//185
f 1843//185 1838//185 1450//185
f 1254//186 1258//186 1458//186
f 1458//186 1450//186 1254//186
f 1136//187 1140//187 1258//187
f 1258//187 1254//187 1136//187
f 1043//188 1045//188 1140//188
f 1140//188 1136//188 1043//188
f 943//189 945//189 1045//189
f 1045//190 1043//190 943//190
f 861//191 871//191 945//191
f 945//192 943//192 861//192
f 787//193 793//193 871//193
f 871//193 861//193 787//193
f 725//194 741//194 793//194
f 793//195 787//195 725//195
f 677//196 693//196 741//196
f 741//196 725//196 677//196
f 663//197 675//197 693//197
f 693//197 677//197 663//197
f 1448//198 1450//198 1838//198
f 1838//198 1834//198 1448//198
f 1252//199 1254//199 1450//199
f 1450//199 1448//199 1252//199
f 1133//200 1136//200 1254//200
f 1254//200 1252//200 1133//200
f 1035//201 1043//201 1136//201
f 1136//201 1133//201 1035//201
f 937//202 943//202 1043//202
f 1043//202 1035//202 937//202
f 853//203 861//203 943//203
f 943//204 937//204 853//204
f 777//205 787//205 861//205
f 861//206 853//206 777//206
f 715//207 725//207 787//207
f 787//208 777//208 715//208
f 657//209 677//209 725//209
f 725//209 715//209 657//209
f 642//210 663//210 677//210
f 677//210 657//210 642//210
f 1444//211 1448//211 1834//211
f 1834//211 1828//211 1444//211
f 1248//212 1252//212 1448//212
f 1448//213 1444//213 1248//213
f 1122//214 1133//214 1252//214
f 1252//214 1248//214 1122//214
f 1027//215 1035//215 1133//215
f 1133//216 1122//216 1027//216
f 931//217 937//217 1035//217
f 1035//217 1027//217 931//217
f 843//218 853//218 937//218
f 937//218 931//218 843//218
f 767//219 777//219 853//219
f 853//220 843//220 767//220
f 689//221 715//221 777//221
f 777//221 767//221 689//221
f 640//222 657//222 715//222
f 715//222 689//222 640//222
f 634//223 642//223 657//223
f 657//223 640//223 634//223
f 1442//224 1444//224 1828//224
f 1828//224 1820//224 1442//224
f 1244//225 1248//225 1444//225
f 1444//225 1442//225 1244//225
f 1116//226 1122//226 1248//226
f 1248//226 1244//226 1116//226
f 1021//227 1027//227 1122//227
f 1122//227 1116//227 1021//227
f 923//228 931//228 1027//228
f 1027//228 1021//228 923//228
f 831//229 843//229 931//229
f 931//229 923//229 831//229
f 751//230 767//230 843//230
f 843//231 831//231 751//231
f 673//232 689//232 767//232
f 767//233 751//233 673//233
f 632//234 640//234 689//234
f 689//234 673//234 632//234
f 620//235 634//235 640//235
f 640//235 632//235 620//235
f 1429//236 1442//236 1820//236
f 1820//236 1811//236 1429//236
f 1233//237 1244//237 1442//237
f 1442//237 1429//237 1233//237
f 1106//238 1116//238 1244//238
f 1244//238 1233//238 1106//238
f 1011//239 1021//239 1116//239
f 1116//239 1106//239 1011//239
f 911//240 923//240 1021//240
f 1021//241 1011//241 911//241
f 817//242 831//242 923//242
f 923//242 911//242 817//242
f 733//243 751//243 831//243
f 831//243 817//243 733//243
f 649//244 673//244 751//244
f 751//244 733//244 649//244
f 614//245 632//245 673//245
f 673//245 649//245 614//245
f 597//246 620//246 632//246
f 632//246 614//246 597//246
f 714//247 702//247 684//247
f 684//247 692//247 714//247
f 754//248 746//248 702//248
f 702//248 714//248 754//248
f 804//249 796//249 746//249
f 746//249 754//249 804//249
f 886//250 876//250 796//250
f 796//250 804//250 886//250
f 954//251 950//251 876//251
f 876//251 886//251 954//251
f 1056//252 1048//252 950//252
f 950//252 954//252 1056//252
f 1147//253 1143//253 1048//253
f 1048//253 1056//253 1147//253
f 1265//254 1261//254 1143//254
f 1143//254 1147//254 1265//254
f 1465//255 1461//255 1261//255
f 1261//255 1265//255 1465//255
f 1915//256 1817//256 1461//256
f 1461//256 1465//256 1915//256
f 722//257 714//257 692//257
f 692//257 706//257 722//257
f 760//258 754//258 714//258
f 714//258 722//258 760//258
f 810//259 804//259 754//259
f 754//260 760//260 810//260
f 894//261 886//261 804//261
f 804//261 810//261 894//261
f 960//262 954//262 886//262
f 886//262 894//262 960//262
f 1062//263 1056//263 954//263
f 954//263 960//263 1062//263
f 1155//264 1147//264 1056//264
f 1056//264 1062//264 1155//264
f 1273//265 1265//265 1147//265
f 1147//265 1155//265 1273//265
f 1471//266 1465//266 1265//266
f 1265//267 1273//267 1471//267
f 1917//268 1915//268 1465//268
f 1465//268 1471//268 1917//268
f 720//269 722//269 706//269
f 706//270 700//270 720//270
f 758//271 760//271 722//271
f 722//271 720//271 758//271
f 808//272 810//272 760//272
f 760//272 758//272 808//272
f 890//273 894//273 810//273
f 810//274 808//274 890//274
f 958//275 960//275 894//275
f 894//276 890//276 958//276
f 1059//277 1062//277 960//277
f 960//277 958//277 1059//277
f 1150//278 1155//278 1062//278
f 1062//278 1059//278 1150//278
f 1269//279 1273//279 1155//279
f 1155//279 1150//279 1269//279
f 1468//280 1471//280 1273//280
f 1273//280 1269//280 1468//280
f 1697//281 1917//281 1471//281
f 1471//281 1468//281 1697//281
f 712//282 720//282 700//282
f 700//282 688//282 712//282
f 748//283 758//283 720//283
f 720//283 712//283 748//283
f 800//284 808//284 758//284
f 758//284 748//284 800//284
f 882//285 890//285 808//285
f 808//286 800//286 882//286
f 952//287 958//287 890//287
f 890//288 882//288 952//288
f 1052//289 1059//289 958//289
f 958//289 952//289 1052//289
f 1145//290 1150//290 1059//290
f 1059//290 1052//290 1145//290
f 1263//291 1269//291 1150//291
f 1150//291 1145//291 1263//291
f 1463//292 1468//292 1269//292
f 1269//293 1263//293 1463//293
f 1919//294 1697//294 1468//294
f 1468//295 1463//295 1919//295
f 694//296 712//296 688//296
f 688//296 676//296 694//296
f 742//297 748//297 712//297
f 712//297 694//297 742//297
f 794//298 800//298 748//298
f 748//298 742//298 794//298
f 872//299 882//299 800//299
f 800//299 794//299 872//299
f 946//300 952//300 882//300
f 882//301 872//301 946//301
f 1046//302 1052//302 952//302
f 952//303 946//303 1046//303
f 1141//304 1145//304 1052//304
f 1052//304 1046//304 1141//304
f 1259//305 1263//305 1145//305
f 1145//305 1141//305 1259//305
f 1459//306 1463//306 1263//306
f 1263//307 1259//307 1459//307
f 1845//308 1919//308 1463//308
f 1463//309 1459//309 1845//309
f 678//310 694//310 676//310
f 676//310 664//310 678//310
f 726//311 742//311 694//311
f 694//311 678//311 726//311
f 788//312 794//312 742//312
f 742//313 726//313 788//313
f 862//314 872//314 794//314
f 794//314 788//314 862//314
f 944//315 946//315 872//315
f 872//316 862//316 944//316
f 1044//317 1046//317 946//317
f 946//318 944//318 1044//318
f 1137//319 1141//319 1046//319
f 1046//319 1044//319 1137//319
f 1255//320 1259//320 1141//320
f 1141//320 1137//320 1255//320
f 1451//321 1459//321 1259//321
f 1259//321 1255//321 1451//321
f 1898//322 1845//322 1459//322
f 1459//322 1451//322 1898//322
f 658//323 678//323 664//323
f 664//323 642//323 658//323
f 716//324 726//324 678//324
f 678//324 658//324 716//324
f 778//325 788//325 726//325
f 726//326 716//326 778//326
f 854//327 862//327 788//327
f 788//327 778//327 854//327
f 938//328 944//328 862//328
f 862//329 854//329 938//329
f 1036//330 1044//330 944//330
f 944//331 938//331 1036//331
f 1132//332 1137//332 1044//332
f 1044//333 1036//333 1132//333
f 1253//334 1255//334 1137//334
f 1137//334 1132//334 1253//334
f 1449//335 1451//335 1255//335
f 1255//335 1253//335 1449//335
f 1837//336 1898//336 1451//336
f 1451//337 1449//337 1837//337
f 641//338 658//338 642//338
f 642//338 635//338 641//338
f 690//339 716//339 658//339
f 658//339 641//339 690//339
f 768//340 778//340 716//340
f 716//341 690//341 768//341
f 844//342 854//342 778//342
f 778//343 768//343 844//343
f 932//344 938//344 854//344
f 854//344 844//344 932//344
f 1028//345 1036//345 938//345
f 938//346 932//346 1028//346
f 1123//347 1132//347 1036//347
f 1036//347 1028//347 1123//347
f 1249//348 1253//348 1132//348
f 1132//348 1123//348 1249//348
f 1445//349 1449//349 1253//349
f 1253//350 1249//350 1445//350
f 1918//351 1837//351 1449//351
f 1449//351 1445//351 1918//351
f 633//352 641//352 635//352
f 635//352 621//352 633//352
f 674//353 690//353 641//353
f 641//353 633//353 674//353
f 752//354 768//354 690//354
f 690//354 674//354 752//354
f 832//355 844//355 768//355
f 768//355 752//355 832//355
f 924//356 932//356 844//356
f 844//356 832//356 924//356
f 1022//357 1028//357 932//357
f 932//357 924//357 1022//357
f 1117//358 1123//358 1028//358
f 1028//358 1022//358 1117//358
f 1245//359 1249//359 1123//359
f 1123//359 1117//359 1245//359
f 1443//360 1445//360 1249//360
f 1249//360 1245//360 1443//360
f 1916//361 1918//361 1445//361
f 1445//361 1443//361 1916//361
f 616//362 633//362 621//362
f 621//362 600//362 616//362
f 654//363 674//363 633//363
f 633//363 616//363 654//363
f 737//364 752//364 674//364
f 674//364 654//364 737//364
f 822//365 832//365 752//365
f 752//365 737//365 822//365
f 914//366 924//366 832//366
f 832//366 822//366 914//366
f 1014//367 1022//367 924//367
f 924//368 914//368 1014//368
f 1104//369 1117//369 1022//369
f 1022//369 1014//369 1104//369
f 1237//370 1245//370 1117//370
f 1117//370 1104//370 1237//370
f 1433//371 1443//371 1245//371
f 1245//371 1237//371 1433//371
f 1819//372 1916//372 1443//372
f 1443//372 1433//372 1819//372
f 2159//373 2163//373 1816//373
f 1816//373 1822//373 2159//373
f 2359//374 2363//374 2163//374
f 2163//374 2159//374 2359//374
f 2477//375 2481//375 2363//375
f 2363//375 2359//375 2477//375
f 2568//376 2576//376 2481//376
f 2481//377 2477//377 2568//377
f 2670//378 2674//378 2576//378
f 2576//378 2568//378 2670//378
f 2738//379 2748//379 2674//379
f 2674//379 2670//379 2738//379
f 2820//380 2828//380 2748//380
f 2748//380 2738//380 2820//380
f 2870//381 2878//381 2828//381
f 2828//381 2820//381 2870//381
f 2910//382 2922//382 2878//382
f 2878//382 2870//382 2910//382
f 2932//383 2940//383 2922//383
f 2922//383 2910//383 2932//383
f 2153//384 2159//384 1822//384
f 1822//384 1830//384 2153//384
f 2351//385 2359//385 2159//385
f 2159//385 2153//385 2351//385
f 2469//386 2477//386 2359//386
f 2359//386 2351//386 2469//386
f 2562//387 2568//387 2477//387
f 2477//387 2469//387 2562//387
f 2664//388 2670//388 2568//388
f 2568//388 2562//388 2664//388
f 2730//389 2738//389 2670//389
f 2670//389 2664//389 2730//389
f 2814//390 2820//390 2738//390
f 2738//390 2730//390 2814//390
f 2864//391 2870//391 2820//391
f 2820//392 2814//392 2864//392
f 2902//393 2910//393 2870//393
f 2870//393 2864//393 2902//393
f 2918//394 2932//394 2910//394
f 2910//394 2902//394 2918//394
f 2154//395 2153//395 1830//395
f 1830//395 1836//395 2154//395
f 2355//396 2351//396 2153//396
f 2153//396 2154//396 2355//396
f 2472//397 2469//397 2351//397
f 2351//397 2355//397 2472//397
f 2563//398 2562//398 2469//398
f 2469//398 2472//398 2563//398
f 2666//399 2664//399 2562//399
f 2562//399 2563//399 2666//399
f 2734//400 2730//400 2664//400
f 2664//401 2666//401 2734//401
f 2816//402 2814//402 2730//402
f 2730//403 2734//403 2816//403
f 2866//404 2864//404 2814//404
f 2814//404 2816//404 2866//404
f 2904//405 2902//405 2864//405
f 2864//405 2866//405 2904//405
f 2924//406 2918//406 2902//406
f 2902//406 2904//406 2924//406
f 2161//407 2154//407 1836//407
f 1836//407 1840//407 2161//407
f 2361//408 2355//408 2154//408
f 2154//409 2161//409 2361//409
f 2479//410 2472//410 2355//410
f 2355//410 2361//410 2479//410
f 2572//411 2563//411 2472//411
f 2472//411 2479//411 2572//411
f 2672//412 2666//412 2563//412
f 2563//412 2572//412 2672//412
f 2742//413 2734//413 2666//413
f 2666//413 2672//413 2742//413
f 2824//414 2816//414 2734//414
f 2734//414 2742//414 2824//414
f 2876//415 2866//415 2816//415
f 2816//415 2824//415 2876//415
f 2912//416 2904//416 2866//416
f 2866//417 2876//417 2912//417
f 2936//418 2924//418 2904//418
f 2904//418 2912//418 2936//418
f 2165//419 2161//419 1840//419
f 1840//419 1844//419 2165//419
f 2365//420 2361//420 2161//420
f 2161//421 2165//421 2365//421
f 2483//422 2479//422 2361//422
f 2361//422 2365//422 2483//422
f 2578//423 2572//423 2479//423
f 2479//423 2483//423 2578//423
f 2678//424 2672//424 2572//424
f 2572//424 2578//424 2678//424
f 2752//425 2742//425 2672//425
f 2672//425 2678//425 2752//425
f 2830//426 2824//426 2742//426
f 2742//426 2752//426 2830//426
f 2882//427 2876//427 2824//427
f 2824//427 2830//427 2882//427
f 2930//428 2912//428 2876//428
f 2876//428 2882//428 2930//428
f 2948//429 2936//429 2912//429
f 2912//429 2930//429 2948//429
f 2173//430 2165//430 1844//430
f 1844//430 1841//430 2173//430
f 2369//431 2365//431 2165//431
f 2165//431 2173//431 2369//431
f 2487//432 2483//432 2365//432
f 2365//432 2369//432 2487//432
f 2580//433 2578//433 2483//433
f 2483//433 2487//433 2580//433
f 2680//434 2678//434 2578//434
f 2578//435 2580//435 2680//435
f 2762//436 2752//436 2678//436
f 2678//437 2680//437 2762//437
f 2836//438 2830//438 2752//438
f 2752//438 2762//438 2836//438
f 2898//439 2882//439 2830//439
f 2830//440 2836//440 2898//440
f 2946//441 2930//441 2882//441
f 2882//441 2898//441 2946//441
f 2960//442 2948//442 2930//442
f 2930//442 2946//442 2960//442
f 2175//443 2173//443 1841//443
f 1841//443 1837//443 2175//443
f 2371//444 2369//444 2173//444
f 2173//444 2175//444 2371//444
f 2490//445 2487//445 2369//445
f 2369//445 2371//445 2490//445
f 2588//446 2580//446 2487//446
f 2487//446 2490//446 2588//446
f 2686//447 2680//447 2580//447
f 2580//447 2588//447 2686//447
f 2770//448 2762//448 2680//448
f 2680//449 2686//449 2770//449
f 2846//450 2836//450 2762//450
f 2762//451 2770//451 2846//451
f 2908//452 2898//452 2836//452
f 2836//453 2846//453 2908//453
f 2966//454 2946//454 2898//454
f 2898//454 2908//454 2966//454
f 2981//455 2960//455 2946//455
f 2946//455 2966//455 2981//455
f 2179//456 2175//456 1837//456
f 1837//456 1831//456 2179//456
f 2375//457 2371//457 2175//457
f 2175//458 2179//458 2375//458
f 2501//459 2490//459 2371//459
f 2371//459 2375//459 2501//459
f 2596//460 2588//460 2490//460
f 2490//461 2501//461 2596//461
f 2692//462 2686//462 2588//462
f 2588//462 2596//462 2692//462
f 2780//463 2770//463 2686//463
f 2686//463 2692//463 2780//463
f 2856//464 2846//464 2770//464
f 2770//465 2780//465 2856//465
f 2934//466 2908//466 2846//466
f 2846//466 2856//466 2934//466
f 2983//467 2966//467 2908//467
f 2908//467 2934//467 2983//467
f 2989//468 2981//468 2966//468
f 2966//468 2983//468 2989//468
f 2181//469 2179//469 1831//469
f 1831//469 1823//469 2181//469
f 2379//470 2375//470 2179//470
f 2179//470 2181//470 2379//470
f 2507//471 2501//471 2375//471
f 2375//471 2379//471 2507//471
f 2602//472 2596//472 2501//472
f 2501//472 2507//472 2602//472
f 2700//473 2692//473 2596//473
f 2596//473 2602//473 2700//473
f 2792//474 2780//474 2692//474
f 2692//474 2700//474 2792//474
f 2872//475 2856//475 2780//475
f 2780//476 2792//476 2872//476
f 2950//477 2934//477 2856//477
f 2856//478 2872//478 2950//478
f 2991//479 2983//479 2934//479
f 2934//479 2950//479 2991//479
f 3003//480 2989//480 2983//480
f 2983//480 2991//480 3003//480
f 2194//481 2181//481 1823//481
f 1823//481 1818//481 2194//481
f 2391//482 2379//482 2181//482
f 2181//482 2194//482 2391//482
f 2518//483 2507//483 2379//483
f 2379//483 2391//483 2518//483
f 2614//484 2602//484 2507//484
f 2507//484 2518//484 2614//484
f 2712//485 2700//485 2602//485
f 2602//486 2614//486 2712//486
f 2806//487 2792//487 2700//487
f 2700//487 2712//487 2806//487
f 2890//488 2872//488 2792//488
f 2792//488 2806//488 2890//488
f 2974//489 2950//489 2872//489
f 2872//489 2890//489 2974//489
f 3009//490 2991//490 2950//490
f 2950//490 2974//490 3009//490
f 3025//491 3003//491 2991//491
f 2991//491 3009//491 3025//491
f 3040//492 3008//492 3024//492
f 3024//492 3048//492 3040//492
f 3018//493 2973//493 3008//493
f 3008//493 3040//493 3018//493
f 2943//494 2889//494 2973//494
f 2973//494 3018//494 2943//494
f 2841//495 2805//495 2889//495
f 2889//495 2943//495 2841//495
f 2731//496 2711//496 2805//496
f 2805//496 2841//496 2731//496
f 2645//497 2611//497 2711//497
f 2711//497 2731//497 2645//497
f 2529//498 2521//498 2611//498
f 2611//498 2645//498 2529//498
f 2402//499 2387//499 2521//499
f 2521//499 2529//499 2402//499
f 2208//500 2191//500 2387//500
f 2387//500 2402//500 2208//500
f 1806//501 1810//501 2191//501
f 2191//501 2208//501 1806//501
f 3072//502 3040//502 3048//502
f 3048//502 3078//502 3072//502
f 3044//503 3018//503 3040//503
f 3040//503 3072//503 3044//503
f 2994//504 2943//504 3018//504
f 3018//504 3044//504 2994//504
f 2883//505 2841//505 2943//505
f 2943//505 2994//505 2883//505
f 2773//506 2731//506 2841//506
f 2841//506 2883//506 2773//506
f 2659//507 2645//507 2731//507
f 2731//507 2773//507 2659//507
f 2539//508 2529//508 2645//508
f 2645//508 2659//508 2539//508
f 2410//509 2402//509 2529//509
f 2529//509 2539//509 2410//509
f 2222//510 2208//510 2402//510
f 2402//510 2410//510 2222//510
f 1694//511 1806//511 2208//511
f 2208//511 2222//511 1694//511
f 3092//512 3072//512 3078//512
f 3078//512 3116//512 3092//512
f 3074//513 3044//513 3072//513
f 3072//513 3092//513 3074//513
f 3030//514 2994//514 3044//514
f 3044//514 3074//514 3030//514
f 2937//515 2883//515 2994//515
f 2994//515 3030//515 2937//515
f 2810//516 2773//516 2883//516
f 2883//516 2937//516 2810//516
f 2683//517 2659//517 2773//517
f 2773//517 2810//517 2683//517
f 2554//518 2539//518 2659//518
f 2659//518 2683//518 2554//518
f 2420//519 2410//519 2539//519
f 2539//519 2554//519 2420//519
f 2238//520 2222//520 2410//520
f 2410//520 2420//520 2238//520
f 1930//521 1694//521 2222//521
f 2222//521 2238//521 1930//521
f 3132//522 3092//522 3116//522
f 3116//522 3142//522 3132//522
f 3090//523 3074//523 3092//523
f 3092//523 3132//523 3090//523
f 3054//524 3030//524 3074//524
f 3074//524 3090//524 3054//524
f 2984//525 2937//525 3030//525
f 3030//525 3054//525 2984//525
f 2837//526 2810//526 2937//526
f 2937//526 2984//526 2837//526
f 2705//527 2683//527 2810//527
f 2810//527 2837//527 2705//527
f 2574//528 2554//528 2683//528
f 2683//528 2705//528 2574//528
f 2430//529 2420//529 2554//529
f 2554//529 2574//529 2430//529
f 2247//530 2238//530 2420//530
f 2420//530 2430//530 2247//530
f 1913//531 1930//531 2238//531
f 2238//531 2247//531 1913//531
f 3150//532 3132//532 3142//532
f 3142//532 3156//532 3150//532
f 3128//533 3090//533 3132//533
f 3132//533 3150//533 3128//533
f 3076//534 3054//534 3090//534
f 3090//534 3128//534 3076//534
f 3014//535 2984//535 3054//535
f 3054//535 3076//535 3014//535
f 2861//536 2837//536 2984//536
f 2984//536 3014//536 2861//536
f 2723//537 2705//537 2837//537
f 2837//537 2861//537 2723//537
f 2585//538 2574//538 2705//538
f 2705//538 2723//538 2585//538
f 2438//539 2430//539 2574//539
f 2574//539 2585//539 2438//539
f 2253//540 2247//540 2430//540
f 2430//541 2438//541 2253//541
f 1711//542 1913//542 2247//542
f 2247//542 2253//542 1711//542
f 3162//543 3150//543 3156//543
f 3156//543 3172//543 3162//543
f 3148//544 3128//544 3150//544
f 3150//544 3162//544 3148//544
f 3088//545 3076//545 3128//545
f 3128//545 3148//545 3088//545
f 3036//546 3014//546 3076//546
f 3076//546 3088//546 3036//546
f 2893//547 2861//547 3014//547
f 3014//547 3036//547 2893//547
f 2743//548 2723//548 2861//548
f 2861//548 2893//548 2743//548
f 2599//549 2585//549 2723//549
f 2723//549 2743//549 2599//549
f 2450//550 2438//550 2585//550
f 2585//550 2599//550 2450//550
f 2267//551 2253//551 2438//551
f 2438//551 2450//551 2267//551
f 1794//552 1711//552 2253//552
f 2253//552 2267//552 1794//552
f 3178//553 3162//553 3172//553
f 3172//553 3184//553 3178//553
f 3154//554 3148//554 3162//554
f 3162//554 3178//554 3154//554
f 3118//555 3088//555 3148//555
f 3148//555 3154//555 3118//555
f 3046//556 3036//556 3088//556
f 3088//556 3118//556 3046//556
f 2915//557 2893//557 3036//557
f 3036//557 3046//557 2915//557
f 2763//558 2743//558 2893//558
f 2893//558 2915//558 2763//558
f 2615//559 2599//559 2743//559
f 2743//559 2763//559 2615//559
f 2452//560 2450//560 2599//560
f 2599//560 2615//560 2452//560
f 2277//561 2267//561 2450//561
f 2450//561 2452//561 2277//561
f 1710//562 1794//562 2267//562
f 2267//562 2277//562 1710//562
f 3188//563 3178//563 3184//563
f 3184//563 3200//563 3188//563
f 3164//564 3154//564 3178//564
f 3178//564 3188//564 3164//564
f 3130//565 3118//565 3154//565
f 3154//565 3164//565 3130//565
f 3058//566 3046//566 3118//566
f 3118//566 3130//566 3058//566
f 2941//567 2915//567 3046//567
f 3046//567 3058//567 2941//567
f 2775//568 2763//568 2915//568
f 2915//569 2941//569 2775//569
f 2627//570 2615//570 2763//570
f 2763//570 2775//570 2627//570
f 2458//571 2452//571 2615//571
f 2615//571 2627//571 2458//571
f 2287//572 2277//572 2452//572
f 2452//572 2458//572 2287//572
f 1910//573 1710//573 2277//573
f 2277//573 2287//573 1910//573
f 3198//574 3188//574 3200//574
f 3200//574 3209//574 3198//574
f 3170//575 3164//575 3188//575
f 3188//575 3198//575 3170//575
f 3136//576 3130//576 3164//576
f 3164//576 3170//576 3136//576
f 3064//577 3058//577 3130//577
f 3130//577 3136//577 3064//577
f 2955//578 2941//578 3058//578
f 3058//578 3064//578 2955//578
f 2781//579 2775//579 2941//579
f 2941//579 2955//579 2781//579
f 2636//580 2627//580 2775//580
f 2775//580 2781//580 2636//580
f 2462//581 2458//581 2627//581
f 2627//581 2636//581 2462//581
f 2295//582 2287//582 2458//582
f 2458//582 2462//582 2295//582
f 1909//583 1910//583 2287//583
f 2287//583 2295//583 1909//583
f 3202//584 3198//584 3209//584
f 3209//584 3213//584 3202//584
f 3174//585 3170//585 3198//585
f 3198//585 3202//585 3174//585
f 3138//586 3136//586 3170//586
f 3170//586 3174//586 3138//586
f 3066//587 3064//587 3136//587
f 3136//587 3138//587 3066//587
f 2961//588 2955//588 3064//588
f 3064//588 3066//588 2961//588
f 2783//589 2781//589 2955//589
f 2955//589 2961//589 2783//589
f 2642//590 2636//590 2781//590
f 2781//590 2783//590 2642//590
f 2464//591 2462//591 2636//591
f 2636//591 2642//591 2464//591
f 2297//592 2295//592 2462//592
f 2462//592 2464//592 2297//592
f 1784//593 1909//593 2295//593
f 2295//593 2297//593 1784//593
f 1414//594 1429//594 1811//594
f 1811//594 1807//594 1414//594
f 1220//595 1233//595 1429//595
f 1429//595 1414//595 1220//595
f 1093//596 1106//596 1233//596
f 1233//596 1220//596 1093//596
f 977//597 1011//597 1106//597
f 1106//597 1093//597 977//597
f 891//598 911//598 1011//598
f 1011//598 977//598 891//598
f 781//599 817//599 911//599
f 911//599 891//599 781//599
f 679//600 733//600 817//600
f 817//600 781//600 679//600
f 604//601 649//601 733//601
f 733//601 679//601 604//601
f 571//602 614//602 649//602
f 649//602 604//602 571//602
f 561//603 597//603 614//603
f 614//603 571//603 561//603
f 1400//604 1414//604 1807//604
f 1807//604 1804//604 1400//604
f 1212//605 1220//605 1414//605
f 1414//605 1400//605 1212//605
f 1083//606 1093//606 1220//606
f 1220//606 1212//606 1083//606
f 963//607 977//607 1093//607
f 1093//607 1083//607 963//607
f 849//608 891//608 977//608
f 977//608 963//608 849//608
f 739//609 781//609 891//609
f 891//609 849//609 739//609
f 628//610 679//610 781//610
f 781//610 739//610 628//610
f 565//611 604//611 679//611
f 679//611 628//611 565//611
f 530//612 571//612 604//612
f 604//612 565//612 530//612
f 524//613 561//613 571//613
f 571//613 530//613 524//613
f 1386//614 1400//614 1804//614
f 1804//614 1802//614 1386//614
f 1202//615 1212//615 1400//615
f 1400//615 1386//615 1202//615
f 1070//616 1083//616 1212//616
f 1212//616 1202//616 1070//616
f 939//617 963//617 1083//617
f 1083//617 1070//617 939//617
f 814//618 849//618 963//618
f 963//618 939//618 814//618
f 685//619 739//619 849//619
f 849//619 814//619 685//619
f 585//620 628//620 739//620
f 739//620 685//620 585//620
f 528//621 565//621 628//621
f 628//621 585//621 528//621
f 510//622 530//622 565//622
f 565//622 528//622 510//622
f 508//623 524//623 530//623
f 530//623 510//623 508//623
f 1375//624 1386//624 1802//624
f 1802//624 1800//624 1375//624
f 1192//625 1202//625 1386//625
f 1386//625 1375//625 1192//625
f 1050//626 1070//626 1202//626
f 1202//626 1192//626 1050//626
f 917//627 939//627 1070//627
f 1070//627 1050//627 917//627
f 785//628 814//628 939//628
f 939//628 917//628 785//628
f 638//629 685//629 814//629
f 814//629 785//629 638//629
f 553//630 585//630 685//630
f 685//630 638//630 553//630
f 512//631 528//631 585//631
f 585//631 553//631 512//631
f 492//632 510//632 528//632
f 528//632 512//632 492//632
f 482//633 508//633 510//633
f 510//633 492//633 482//633
f 1369//634 1375//634 1800//634
f 1800//634 1798//634 1369//634
f 1184//635 1192//635 1375//635
f 1375//636 1369//636 1184//636
f 1037//637 1050//637 1192//637
f 1192//637 1184//637 1037//637
f 899//638 917//638 1050//638
f 1050//638 1037//638 899//638
f 761//639 785//639 917//639
f 917//639 899//639 761//639
f 608//640 638//640 785//640
f 785//640 761//640 608//640
f 526//641 553//641 638//641
f 638//641 608//641 526//641
f 496//642 512//642 553//642
f 553//642 526//642 496//642
f 454//643 492//643 512//643
f 512//643 496//643 454//643
f 448//644 482//644 492//644
f 492//644 454//644 448//644
f 1355//645 1369//645 1798//645
f 1798//645 1795//645 1355//645
f 1172//646 1184//646 1369//646
f 1369//646 1355//646 1172//646
f 1023//647 1037//647 1184//647
f 1184//647 1172//647 1023//647
f 879//648 899//648 1037//648
f 1037//648 1023//648 879//648
f 729//649 761//649 899//649
f 899//649 879//649 729//649
f 579//650 608//650 761//650
f 761//650 729//650 579//650
f 514//651 526//651 608//651
f 608//651 579//651 514//651
f 457//652 496//652 526//652
f 526//652 514//652 457//652
f 442//653 454//653 496//653
f 496//653 457//653 442//653
f 432//654 448//654 454//654
f 454//654 442//654 432//654
f 1345//655 1355//655 1795//655
f 1795//655 1792//655 1345//655
f 1170//656 1172//656 1355//656
f 1355//656 1345//656 1170//656
f 1007//657 1023//657 1172//657
f 1172//657 1170//657 1007//657
f 859//658 879//658 1023//658
f 1023//658 1007//658 859//658
f 707//659 729//659 879//659
f 879//659 859//659 707//659
f 563//660 579//660 729//660
f 729//660 707//660 563//660
f 506//661 514//661 579//661
f 579//661 563//661 506//661
f 450//662 457//662 514//662
f 514//662 506//662 450//662
f 420//663 442//663 457//663
f 457//663 450//663 420//663
f 412//664 432//664 442//664
f 442//664 420//664 412//664
f 1335//665 1345//665 1792//665
f 1792//665 1790//665 1335//665
f 1164//666 1170//666 1345//666
f 1345//666 1335//666 1164//666
f 995//667 1007//667 1170//667
f 1170//667 1164//667 995//667
f 847//668 859//668 1007//668
f 1007//668 995//668 847//668
f 681//669 707//669 859//669
f 859//670 847//670 681//670
f 547//671 563//671 707//671
f 707//672 681//672 547//672
f 494//673 506//673 563//673
f 563//673 547//673 494//673
f 440//674 450//674 506//674
f 506//674 494//674 440//674
f 410//675 420//675 450//675
f 450//675 440//675 410//675
f 398//676 412//676 420//676
f 420//676 410//676 398//676
f 1327//677 1335//677 1790//677
f 1790//677 1788//677 1327//677
f 1160//678 1164//678 1335//678
f 1335//679 1327//679 1160//679
f 988//680 995//680 1164//680
f 1164//680 1160//680 988//680
f 841//681 847//681 995//681
f 995//681 988//681 841//681
f 667//682 681//682 847//682
f 847//682 841//682 667//682
f 538//683 547//683 681//683
f 681//683 667//683 538//683
f 488//684 494//684 547//684
f 547//684 538//684 488//684
f 434//685 440//685 494//685
f 494//685 488//685 434//685
f 400//686 410//686 440//686
f 440//686 434//686 400//686
f 381//687 398//687 410//687
f 410//687 400//687 381//687
f 1324//688 1327//688 1788//688
f 1788//688 1785//688 1324//688
f 1156//689 1160//689 1327//689
f 1327//689 1324//689 1156//689
f 979//690 988//690 1160//690
f 1160//690 1156//690 979//690
f 837//691 841//691 988//691
f 988//691 979//691 837//691
f 659//692 667//692 841//692
f 841//692 837//692 659//692
f 534//693 538//693 667//693
f 667//693 659//693 534//693
f 484//694 488//694 538//694
f 538//694 534//694 484//694
f 428//695 434//695 488//695
f 488//695 484//695 428//695
f 395//696 400//696 434//696
f 434//696 428//696 395//696
f 374//697 381//697 400//697
f 400//697 395//697 374//697
f 572//698 616//698 600//698
f 600//698 562//698 572//698
f 605//699 654//699 616//699
f 616//699 572//699 605//699
f 680//700 737//700 654//700
f 654//700 605//700 680//700
f 782//701 822//701 737//701
f 737//701 680//701 782//701
f 892//702 914//702 822//702
f 822//702 782//702 892//702
f 978//703 1014//703 914//703
f 914//703 892//703 978//703
f 1094//704 1104//704 1014//704
f 1014//704 978//704 1094//704
f 1221//705 1237//705 1104//705
f 1104//705 1094//705 1221//705
f 1415//706 1433//706 1237//706
f 1237//706 1221//706 1415//706
f 1809//707 1819//707 1433//707
f 1433//707 1415//707 1809//707
f 531//708 572//708 562//708
f 562//708 525//708 531//708
f 566//709 605//709 572//709
f 572//709 531//709 566//709
f 629//710 680//710 605//710
f 605//710 566//710 629//710
f 740//711 782//711 680//711
f 680//711 629//711 740//711
f 850//712 892//712 782//712
f 782//712 740//712 850//712
f 964//713 978//713 892//713
f 892//713 850//713 964//713
f 1084//714 1094//714 978//714
f 978//714 964//714 1084//714
f 1213//715 1221//715 1094//715
f 1094//715 1084//715 1213//715
f 1401//716 1415//716 1221//716
f 1221//716 1213//716 1401//716
f 1931//717 1809//717 1415//717
f 1415//717 1401//717 1931//717
f 511//718 531//718 525//718
f 525//718 509//718 511//718
f 529//719 566//719 531//719
f 531//719 511//719 529//719
f 586//720 629//720 566//720
f 566//720 529//720 586//720
f 686//721 740//721 629//721
f 629//721 586//721 686//721
f 813//722 850//722 740//722
f 740//722 686//722 813//722
f 940//723 964//723 850//723
f 850//723 813//723 940//723
f 1069//724 1084//724 964//724
f 964//724 940//724 1069//724
f 1203//725 1213//725 1084//725
f 1084//725 1069//725 1203//725
f 1385//726 1401//726 1213//726
f 1213//726 1203//726 1385//726
f 1693//727 1931//727 1401//727
f 1401//727 1385//727 1693//727
f 493//728 511//728 509//728
f 509//728 483//728 493//728
f 513//729 529//729 511//729
f 511//729 493//729 513//729
f 554//730 586//730 529//730
f 529//730 513//730 554//730
f 639//731 686//731 586//731
f 586//731 554//731 639//731
f 786//732 813//732 686//732
f 686//732 639//732 786//732
f 918//733 940//733 813//733
f 813//733 786//733 918//733
f 1049//734 1069//734 940//734
f 940//734 918//734 1049//734
f 1193//735 1203//735 1069//735
f 1069//735 1049//735 1193//735
f 1376//736 1385//736 1203//736
f 1203//736 1193//736 1376//736
f 1712//737 1693//737 1385//737
f 1385//737 1376//737 1712//737
f 455//738 493//738 483//738
f 483//738 449//738 455//738
f 497//739 513//739 493//739
f 493//739 455//739 497//739
f 527//740 554//740 513//740
f 513//740 497//740 527//740
f 609//741 639//741 554//741
f 554//741 527//741 609//741
f 762//742 786//742 639//742
f 639//742 609//742 762//742
f 900//743 918//743 786//743
f 786//743 762//743 900//743
f 1038//744 1049//744 918//744
f 918//744 900//744 1038//744
f 1185//745 1193//745 1049//745
f 1049//745 1038//745 1185//745
f 1370//746 1376//746 1193//746
f 1193//747 1185//747 1370//747
f 1912//748 1712//748 1376//748
f 1376//748 1370//748 1912//748
f 443//749 455//749 449//749
f 449//749 433//749 443//749
f 458//750 497//750 455//750
f 455//750 443//750 458//750
f 515//751 527//751 497//751
f 497//751 458//751 515//751
f 580//752 609//752 527//752
f 527//752 515//752 580//752
f 730//753 762//753 609//753
f 609//753 580//753 730//753
f 880//754 900//754 762//754
f 762//754 730//754 880//754
f 1024//755 1038//755 900//755
f 900//755 880//755 1024//755
f 1173//756 1185//756 1038//756
f 1038//756 1024//756 1173//756
f 1356//757 1370//757 1185//757
f 1185//757 1173//757 1356//757
f 1797//758 1912//758 1370//758
f 1370//758 1356//758 1797//758
f 421//759 443//759 433//759
f 433//759 413//759 421//759
f 451//760 458//760 443//760
f 443//760 421//760 451//760
f 507//761 515//761 458//761
f 458//761 451//761 507//761
f 564//762 580//762 515//762
f 515//762 507//762 564//762
f 708//763 730//763 580//763
f 580//763 564//763 708//763
f 860//764 880//764 730//764
f 730//764 708//764 860//764
f 1008//765 1024//765 880//765
f 880//765 860//765 1008//765
f 1171//766 1173//766 1024//766
f 1024//766 1008//766 1171//766
f 1346//767 1356//767 1173//767
f 1173//767 1171//767 1346//767
f 1911//768 1797//768 1356//768
f 1356//768 1346//768 1911//768
f 411//769 421//769 413//769
f 413//769 399//769 411//769
f 441//770 451//770 421//770
f 421//770 411//770 441//770
f 495//771 507//771 451//771
f 451//771 441//771 495//771
f 548//772 564//772 507//772
f 507//772 495//772 548//772
f 682//773 708//773 564//773
f 564//773 548//773 682//773
f 848//774 860//774 708//774
f 708//775 682//775 848//775
f 996//776 1008//776 860//776
f 860//776 848//776 996//776
f 1165//777 1171//777 1008//777
f 1008//777 996//777 1165//777
f 1336//778 1346//778 1171//778
f 1171//778 1165//778 1336//778
f 1709//779 1911//779 1346//779
f 1346//779 1336//779 1709//779
f 401//780 411//780 399//780
f 399//780 382//780 401//780
f 435//781 441//781 411//781
f 411//781 401//781 435//781
f 489//782 495//782 441//782
f 441//782 435//782 489//782
f 539//783 548//783 495//783
f 495//783 489//783 539//783
f 668//784 682//784 548//784
f 548//784 539//784 668//784
f 842//785 848//785 682//785
f 682//785 668//785 842//785
f 987//786 996//786 848//786
f 848//786 842//786 987//786
f 1161//787 1165//787 996//787
f 996//787 987//787 1161//787
f 1328//788 1336//788 1165//788
f 1165//789 1161//789 1328//789
f 1708//790 1709//790 1336//790
f 1336//790 1328//790 1708//790
f 397//791 401//791 382//791
f 382//791 376//791 397//791
f 431//792 435//792 401//792
f 401//792 397//792 431//792
f 487//793 489//793 435//793
f 435//793 431//793 487//793
f 537//794 539//794 489//794
f 489//794 487//794 537//794
f 662//795 668//795 539//795
f 539//795 537//795 662//795
f 840//796 842//796 668//796
f 668//796 662//796 840//796
f 981//797 987//797 842//797
f 842//797 840//797 981//797
f 1159//798 1161//798 987//798
f 987//798 981//798 1159//798
f 1326//799 1328//799 1161//799
f 1161//799 1159//799 1326//799
f 1787//800 1708//800 1328//800
f 1328//800 1326//800 1787//800
f 2209//801 2194//801 1818//801
f 1818//801 1808//801 2209//801
f 2403//802 2391//802 2194//802
f 2194//802 2209//802 2403//802
f 2530//803 2518//803 2391//803
f 2391//803 2403//803 2530//803
f 2646//804 2614//804 2518//804
f 2518//804 2530//804 2646//804
f 2732//805 2712//805 2614//805
f 2614//805 2646//805 2732//805
f 2842//806 2806//806 2712//806
f 2712//806 2732//806 2842//806
f 2944//807 2890//807 2806//807
f 2806//807 2842//807 2944//807
f 3019//808 2974//808 2890//808
f 2890//808 2944//808 3019//808
f 3041//809 3009//809 2974//809
f 2974//809 3019//809 3041//809
f 3049//810 3025//810 3009//810
f 3009//810 3041//810 3049//810
f 2223//811 2209//811 1808//811
f 1808//811 1805//811 2223//811
f 2411//812 2403//812 2209//812
f 2209//812 2223//812 2411//812
f 2540//813 2530//813 2403//813
f 2403//813 2411//813 2540//813
f 2660//814 2646//814 2530//814
f 2530//814 2540//814 2660//814
f 2774//815 2732//815 2646//815
f 2646//815 2660//815 2774//815
f 2884//816 2842//816 2732//816
f 2732//816 2774//816 2884//816
f 2995//817 2944//817 2842//817
f 2842//817 2884//817 2995//817
f 3045//818 3019//818 2944//818
f 2944//818 2995//818 3045//818
f 3073//819 3041//819 3019//819
f 3019//819 3045//819 3073//819
f 3079//820 3049//820 3041//820
f 3041//820 3073//820 3079//820
f 2237//821 2223//821 1805//821
f 1805//821 1803//821 2237//821
f 2421//822 2411//822 2223//822
f 2223//822 2237//822 2421//822
f 2553//823 2540//823 2411//823
f 2411//823 2421//823 2553//823
f 2684//824 2660//824 2540//824
f 2540//824 2553//824 2684//824
f 2809//825 2774//825 2660//825
f 2660//825 2684//825 2809//825
f 2938//826 2884//826 2774//826
f 2774//826 2809//826 2938//826
f 3031//827 2995//827 2884//827
f 2884//827 2938//827 3031//827
f 3075//828 3045//828 2995//828
f 2995//828 3031//828 3075//828
f 3093//829 3073//829 3045//829
f 3045//829 3075//829 3093//829
f 3117//830 3079//830 3073//830
f 3073//830 3093//830 3117//830
f 2248//831 2237//831 1803//831
f 1803//831 1801//831 2248//831
f 2431//832 2421//832 2237//832
f 2237//832 2248//832 2431//832
f 2573//833 2553//833 2421//833
f 2421//833 2431//833 2573//833
f 2706//834 2684//834 2553//834
f 2553//834 2573//834 2706//834
f 2838//835 2809//835 2684//835
f 2684//835 2706//835 2838//835
f 2985//836 2938//836 2809//836
f 2809//836 2838//836 2985//836
f 3055//837 3031//837 2938//837
f 2938//837 2985//837 3055//837
f 3091//838 3075//838 3031//838
f 3031//838 3055//838 3091//838
f 3133//839 3093//839 3075//839
f 3075//839 3091//839 3133//839
f 3143//840 3117//840 3093//840
f 3093//840 3133//840 3143//840
f 2254//841 2248//841 1801//841
f 1801//841 1799//841 2254//841
f 2439//842 2431//842 2248//842
f 2248//843 2254//843 2439//843
f 2586//844 2573//844 2431//844
f 2431//844 2439//844 2586//844
f 2724//845 2706//845 2573//845
f 2573//845 2586//845 2724//845
f 2862//846 2838//846 2706//846
f 2706//846 2724//846 2862//846
f 3015//847 2985//847 2838//847
f 2838//847 2862//847 3015//847
f 3077//848 3055//848 2985//848
f 2985//848 3015//848 3077//848
f 3129//849 3091//849 3055//849
f 3055//849 3077//849 3129//849
f 3151//850 3133//850 3091//850
f 3091//850 3129//850 3151//850
f 3157//851 3143//851 3133//851
f 3133//851 3151//851 3157//851
f 2268//852 2254//852 1799//852
f 1799//852 1796//852 2268//852
f 2451//853 2439//853 2254//853
f 2254//853 2268//853 2451//853
f 2600//854 2586//854 2439//854
f 2439//854 2451//854 2600//854
f 2744//855 2724//855 2586//855
f 2586//855 2600//855 2744//855
f 2894//856 2862//856 2724//856
f 2724//856 2744//856 2894//856
f 3037//857 3015//857 2862//857
f 2862//857 2894//857 3037//857
f 3089//858 3077//858 3015//858
f 3015//858 3037//858 3089//858
f 3149//859 3129//859 3077//859
f 3077//859 3089//859 3149//859
f 3163//860 3151//860 3129//860
f 3129//860 3149//860 3163//860
f 3173//861 3157//861 3151//861
f 3151//861 3163//861 3173//861
f 2278//862 2268//862 1796//862
f 1796//862 1793//862 2278//862
f 2453//863 2451//863 2268//863
f 2268//863 2278//863 2453//863
f 2616//864 2600//864 2451//864
f 2451//864 2453//864 2616//864
f 2764//865 2744//865 2600//865
f 2600//865 2616//865 2764//865
f 2916//866 2894//866 2744//866
f 2744//866 2764//866 2916//866
f 3047//867 3037//867 2894//867
f 2894//867 2916//867 3047//867
f 3119//868 3089//868 3037//868
f 3037//868 3047//868 3119//868
f 3155//869 3149//869 3089//869
f 3089//869 3119//869 3155//869
f 3179//870 3163//870 3149//870
f 3149//870 3155//870 3179//870
f 3185//871 3173//871 3163//871
f 3163//871 3179//871 3185//871
f 2288//872 2278//872 1793//872
f 1793//872 1791//872 2288//872
f 2459//873 2453//873 2278//873
f 2278//873 2288//873 2459//873
f 2628//874 2616//874 2453//874
f 2453//874 2459//874 2628//874
f 2776//875 2764//875 2616//875
f 2616//875 2628//875 2776//875
f 2942//876 2916//876 2764//876
f 2764//877 2776//877 2942//877
f 3059//878 3047//878 2916//878
f 2916//879 2942//879 3059//879
f 3131//880 3119//880 3047//880
f 3047//880 3059//880 3131//880
f 3165//881 3155//881 3119//881
f 3119//881 3131//881 3165//881
f 3189//882 3179//882 3155//882
f 3155//882 3165//882 3189//882
f 3201//883 3185//883 3179//883
f 3179//883 3189//883 3201//883
f 2296//884 2288//884 1791//884
f 1791//884 1789//884 2296//884
f 2463//885 2459//885 2288//885
f 2288//886 2296//886 2463//886
f 2635//887 2628//887 2459//887
f 2459//887 2463//887 2635//887
f 2782//888 2776//888 2628//888
f 2628//888 2635//888 2782//888
f 2956//889 2942//889 2776//889
f 2776//889 2782//889 2956//889
f 3065//890 3059//890 2942//890
f 2942//890 2956//890 3065//890
f 3137//891 3131//891 3059//891
f 3059//891 3065//891 3137//891
f 3171//892 3165//892 3131//892
f 3131//892 3137//892 3171//892
f 3199//893 3189//893 3165//893
f 3165//893 3171//893 3199//893
f 3210//894 3201//894 3189//894
f 3189//894 3199//894 3210//894
f 2299//895 2296//895 1789//895
f 1789//895 1786//895 2299//895
f 2467//896 2463//896 2296//896
f 2296//896 2299//896 2467//896
f 2644//897 2635//897 2463//897
f 2463//897 2467//897 2644//897
f 2786//898 2782//898 2635//898
f 2635//898 2644//898 2786//898
f 2964//899 2956//899 2782//899
f 2782//899 2786//899 2964//899
f 3069//900 3065//900 2956//900
f 2956//900 2964//900 3069//900
f 3141//901 3137//901 3065//901
f 3065//901 3069//901 3141//901
f 3177//902 3171//902 3137//902
f 3137//902 3141//902 3177//902
f 3204//903 3199//903 3171//903
f 3171//903 3177//903 3204//903
f 3214//904 3210//904 3199//904
f 3199//904 3204//904 3214//904
f 3194//905 3202//905 3213//905
f 3213//905 3207//905 3194//905
f 3166//906 3175//906 3202//906
f 3202//906 3194//906 3166//906
f 3134//907 3139//907 3175//907
f 3175//907 3166//907 3134//907
f 3060//908 3067//908 3139//908
f 3139//908 3134//908 3060//908
f 2953//909 2962//909 3067//909
f 3067//909 3060//909 2953//909
f 2777//910 2784//910 2962//910
f 2962//910 2953//910 2777//910
f 2629//911 2643//911 2784//911
f 2784//911 2777//911 2629//911
f 2460//912 2465//912 2643//912
f 2643//912 2629//912 2460//912
f 2293//913 2298//913 2465//913
f 2465//913 2460//913 2293//913
f 1696//914 1785//914 2298//914
f 2298//914 2293//914 1696//914
f 3180//915 3194//915 3207//915
f 3207//915 3190//915 3180//915
f 3158//916 3166//916 3194//916
f 3194//916 3180//916 3158//916
f 3124//917 3134//917 3166//917
f 3166//917 3158//917 3124//917
f 3050//918 3060//918 3134//918
f 3134//918 3124//918 3050//918
f 2927//919 2953//919 3060//919
f 3060//919 3050//919 2927//919
f 2767//920 2777//920 2953//920
f 2953//920 2927//920 2767//920
f 2619//921 2629//921 2777//921
f 2777//921 2767//921 2619//921
f 2454//922 2460//922 2629//922
f 2629//922 2619//922 2454//922
f 2283//923 2293//923 2460//923
f 2460//923 2454//923 2283//923
f 1695//924 1696//924 2293//924
f 2293//924 2283//924 1695//924
f 3160//925 3180//925 3190//925
f 3190//925 3168//925 3160//925
f 3144//926 3158//926 3180//926
f 3180//926 3160//926 3144//926
f 3086//927 3124//927 3158//927
f 3158//927 3144//927 3086//927
f 3032//928 3050//928 3124//928
f 3124//928 3086//928 3032//928
f 2891//929 2927//929 3050//929
f 3050//929 3032//929 2891//929
f 2739//930 2767//930 2927//930
f 2927//930 2891//930 2739//930
f 2597//931 2619//931 2767//931
f 2767//931 2739//931 2597//931
f 2448//932 2454//932 2619//932
f 2619//932 2597//932 2448//932
f 2265//933 2283//933 2454//933
f 2454//933 2448//933 2265//933
f 1707//934 1695//934 2283//934
f 2283//934 2265//934 1707//934
f 3146//935 3160//935 3168//935
f 3168//935 3152//935 3146//935
f 3122//936 3144//936 3160//936
f 3160//936 3146//936 3122//936
f 3070//937 3086//937 3144//937
f 3144//937 3122//937 3070//937
f 2998//938 3032//938 3086//938
f 3086//938 3070//938 2998//938
f 2853//939 2891//939 3032//939
f 3032//939 2998//939 2853//939
f 2717//940 2739//940 2891//940
f 2891//940 2853//940 2717//940
f 2582//941 2597//941 2739//941
f 2739//941 2717//941 2582//941
f 2434//942 2448//942 2597//942
f 2597//943 2582//943 2434//943
f 2251//944 2265//944 2448//944
f 2448//944 2434//944 2251//944
f 1907//945 1707//945 2265//945
f 2265//945 2251//945 1907//945
f 3120//946 3146//946 3152//946
f 3152//946 3126//946 3120//946
f 3082//947 3122//947 3146//947
f 3146//947 3120//947 3082//947
f 3042//948 3070//948 3122//948
f 3122//948 3082//948 3042//948
f 2957//949 2998//949 3070//949
f 3070//949 3042//949 2957//949
f 2825//950 2853//950 2998//950
f 2998//950 2957//950 2825//950
f 2693//951 2717//951 2853//951
f 2853//951 2825//951 2693//951
f 2556//952 2582//952 2717//952
f 2717//952 2693//952 2556//952
f 2424//953 2434//953 2582//953
f 2582//953 2556//953 2424//953
f 2239//954 2251//954 2434//954
f 2434//954 2424//954 2239//954
f 1906//955 1907//955 2251//955
f 2251//955 2239//955 1906//955
f 3080//956 3120//956 3126//956
f 3126//956 3084//956 3080//956
f 3056//957 3082//957 3120//957
f 3120//957 3080//957 3056//957
f 3012//958 3042//958 3082//958
f 3082//958 3056//958 3012//958
f 2899//959 2957//959 3042//959
f 3042//959 3012//959 2899//959
f 2789//960 2825//960 2957//960
f 2957//960 2899//960 2789//960
f 2675//961 2693//961 2825//961
f 2825//961 2789//961 2675//961
f 2545//962 2556//962 2693//962
f 2693//962 2675//962 2545//962
f 2416//963 2424//963 2556//963
f 2556//963 2545//963 2416//963
f 2228//964 2239//964 2424//964
f 2424//964 2416//964 2228//964
f 1770//965 1906//965 2239//965
f 2239//965 2228//965 1770//965
f 3053//966 3080//966 3084//966
f 3084//966 3062//966 3053//966
f 3028//967 3056//967 3080//967
f 3080//967 3053//967 3028//967
f 2978//968 3012//968 3056//968
f 3056//968 3028//968 2978//968
f 2860//969 2899//969 3012//969
f 3012//970 2978//970 2860//970
f 2754//971 2789//971 2899//971
f 2899//971 2860//971 2754//971
f 2652//972 2675//972 2789//972
f 2789//972 2754//972 2652//972
f 2534//973 2545//973 2675//973
f 2675//973 2652//973 2534//973
f 2406//974 2416//974 2545//974
f 2545//975 2534//975 2406//975
f 2217//976 2228//976 2416//976
f 2416//976 2406//976 2217//976
f 1929//977 1770//977 2228//977
f 2228//977 2217//977 1929//977
f 3035//978 3053//978 3062//978
f 3062//978 3039//978 3035//978
f 2997//979 3028//979 3053//979
f 3053//979 3035//979 2997//979
f 2920//980 2978//980 3028//980
f 3028//980 2997//980 2920//980
f 2832//981 2860//981 2978//981
f 2978//981 2920//981 2832//981
f 2728//982 2754//982 2860//982
f 2860//982 2832//982 2728//982
f 2634//983 2652//983 2754//983
f 2754//983 2728//983 2634//983
f 2528//984 2534//984 2652//984
f 2652//984 2634//984 2528//984
f 2396//985 2406//985 2534//985
f 2534//985 2528//985 2396//985
f 2202//986 2217//986 2406//986
f 2406//986 2396//986 2202//986
f 1765//987 1929//987 2217//987
f 2217//987 2202//987 1765//987
f 3017//988 3035//988 3039//988
f 3039//989 3027//989 3017//989
f 2980//990 2997//990 3035//990
f 3035//990 3017//990 2980//990
f 2896//991 2920//991 2997//991
f 2997//991 2980//991 2896//991
f 2812//992 2832//992 2920//992
f 2920//992 2896//992 2812//992
f 2715//993 2728//993 2832//993
f 2832//994 2812//994 2715//994
f 2618//995 2634//995 2728//995
f 2728//995 2715//995 2618//995
f 2523//996 2528//996 2634//996
f 2634//996 2618//996 2523//996
f 2392//997 2396//997 2528//997
f 2528//997 2523//997 2392//997
f 2196//998 2202//998 2396//998
f 2396//998 2392//998 2196//998
f 1724//999 1765//999 2202//999
f 2202//999 2196//999 1724//999
f 3007//1000 3017//1000 3027//1000
f 3027//1000 3023//1000 3007//1000
f 2969//1001 2980//1001 3017//1001
f 3017//1001 3007//1001 2969//1001
f 2887//1002 2896//1002 2980//1002
f 2980//1002 2969//1002 2887//1002
f 2802//1003 2812//1003 2896//1003
f 2896//1003 2887//1003 2802//1003
f 2709//1004 2715//1004 2812//1004
f 2812//1004 2802//1004 2709//1004
f 2609//1005 2618//1005 2715//1005
f 2715//1005 2709//1005 2609//1005
f 2519//1006 2523//1006 2618//1006
f 2618//1006 2609//1006 2519//1006
f 2386//1007 2392//1007 2523//1007
f 2523//1007 2519//1007 2386//1007
f 2190//1008 2196//1008 2392//1008
f 2392//1008 2386//1008 2190//1008
f 1759//1009 1724//1009 2196//1009
f 2196//1009 2190//1009 1759//1009
f 1329//1010 1324//1010 1785//1010
f 1785//1010 1782//1010 1329//1010
f 1162//1011 1157//1011 1324//1011
f 1324//1011 1329//1011 1162//1011
f 993//1012 982//1012 1157//1012
f 1157//1012 1162//1012 993//1012
f 845//1013 838//1013 982//1013
f 982//1013 993//1013 845//1013
f 669//1014 660//1014 838//1014
f 838//1014 845//1014 669//1014
f 542//1015 535//1015 660//1015
f 660//1015 669//1015 542//1015
f 490//1016 485//1016 535//1016
f 535//1016 542//1016 490//1016
f 438//1017 429//1017 485//1017
f 485//1017 490//1017 438//1017
f 404//1018 396//1018 429//1018
f 429//1018 438//1018 404//1018
f 387//1019 376//1019 396//1019
f 396//1019 404//1019 387//1019
f 1339//1020 1329//1020 1782//1020
f 1782//1020 1780//1020 1339//1020
f 1168//1021 1162//1021 1329//1021
f 1329//1021 1339//1021 1168//1021
f 1003//1022 993//1022 1162//1022
f 1162//1022 1168//1022 1003//1022
f 855//1023 845//1023 993//1023
f 993//1023 1003//1023 855//1023
f 695//1024 669//1024 845//1024
f 845//1024 855//1024 695//1024
f 559//1025 542//1025 669//1025
f 669//1025 695//1025 559//1025
f 500//1026 490//1026 542//1026
f 542//1026 559//1026 500//1026
f 446//1027 438//1027 490//1027
f 490//1027 500//1027 446//1027
f 416//1028 404//1028 438//1028
f 438//1028 446//1028 416//1028
f 408//1029 387//1029 404//1029
f 404//1029 416//1029 408//1029
f 1357//1030 1339//1030 1780//1030
f 1780//1030 1778//1030 1357//1030
f 1174//1031 1168//1031 1339//1031
f 1339//1031 1357//1031 1174//1031
f 1025//1032 1003//1032 1168//1032
f 1168//1032 1174//1032 1025//1032
f 883//1033 855//1033 1003//1033
f 1003//1033 1025//1033 883//1033
f 731//1034 695//1034 855//1034
f 855//1034 883//1034 731//1034
f 583//1035 559//1035 695//1035
f 695//1035 731//1035 583//1035
f 516//1036 500//1036 559//1036
f 559//1036 583//1036 516//1036
f 467//1037 446//1037 500//1037
f 500//1037 516//1037 467//1037
f 444//1038 416//1038 446//1038
f 446//1038 467//1038 444//1038
f 436//1039 408//1039 416//1039
f 416//1039 444//1039 436//1039
f 1371//1040 1357//1040 1778//1040
f 1778//1040 1776//1040 1371//1040
f 1188//1041 1174//1041 1357//1041
f 1357//1041 1371//1041 1188//1041
f 1042//1042 1025//1042 1174//1042
f 1174//1043 1188//1043 1042//1043
f 905//1044 883//1044 1025//1044
f 1025//1044 1042//1044 905//1044
f 769//1045 731//1045 883//1045
f 883//1045 905//1045 769//1045
f 624//1046 583//1046 731//1046
f 731//1046 769//1046 624//1046
f 532//1047 516//1047 583//1047
f 583//1048 624//1048 532//1048
f 502//1049 467//1049 516//1049
f 516//1049 532//1049 502//1049
f 459//1050 444//1050 467//1050
f 467//1050 502//1050 459//1050
f 452//1051 436//1051 444//1051
f 444//1052 459//1052 452//1052
f 1383//1053 1371//1053 1776//1053
f 1776//1053 1774//1053 1383//1053
f 1198//1054 1188//1054 1371//1054
f 1371//1054 1383//1054 1198//1054
f 1068//1055 1042//1055 1188//1055
f 1188//1055 1198//1055 1068//1055
f 929//1056 905//1056 1042//1056
f 1042//1056 1068//1056 929//1056
f 797//1057 769//1057 905//1057
f 905//1057 929//1057 797//1057
f 665//1058 624//1058 769//1058
f 769//1058 797//1058 665//1058
f 569//1059 532//1059 624//1059
f 624//1059 665//1059 569//1059
f 520//1060 502//1060 532//1060
f 532//1060 569//1060 520//1060
f 504//1061 459//1061 502//1061
f 502//1061 520//1061 504//1061
f 498//1062 452//1062 459//1062
f 459//1062 504//1062 498//1062
f 1394//1063 1383//1063 1774//1063
f 1774//1063 1771//1063 1394//1063
f 1206//1064 1198//1064 1383//1064
f 1383//1064 1394//1064 1206//1064
f 1077//1065 1068//1065 1198//1065
f 1198//1065 1206//1065 1077//1065
f 947//1066 929//1066 1068//1066
f 1068//1066 1077//1066 947//1066
f 833//1067 797//1067 929//1067
f 929//1067 947//1067 833//1067
f 723//1068 665//1068 797//1068
f 797//1068 833//1068 723//1068
f 610//1069 569//1069 665//1069
f 665//1069 723//1069 610//1069
f 549//1070 520//1070 569//1070
f 569//1070 610//1070 549//1070
f 522//1071 504//1071 520//1071
f 520//1071 549//1071 522//1071
f 518//1072 498//1072 504//1072
f 504//1072 522//1072 518//1072
f 1407//1073 1394//1073 1771//1073
f 1771//1073 1768//1073 1407//1073
f 1216//1074 1206//1074 1394//1074
f 1394//1074 1407//1074 1216//1074
f 1090//1075 1077//1075 1206//1075
f 1206//1075 1216//1075 1090//1075
f 972//1076 947//1076 1077//1076
f 1077//1076 1090//1076 972//1076
f 870//1077 833//1077 947//1077
f 947//1077 972//1077 870//1077
f 764//1078 723//1078 833//1078
f 833//1078 870//1078 764//1078
f 646//1079 610//1079 723//1079
f 723//1079 764//1079 646//1079
f 587//1080 549//1080 610//1080
f 610//1080 646//1080 587//1080
f 556//1081 522//1081 549//1081
f 549//1081 587//1081 556//1081
f 540//1082 518//1082 522//1082
f 522//1082 556//1082 540//1082
f 1420//1083 1407//1083 1768//1083
f 1768//1083 1764//1083 1420//1083
f 1226//1084 1216//1084 1407//1084
f 1407//1084 1420//1084 1226//1084
f 1096//1085 1090//1085 1216//1085
f 1216//1085 1226//1085 1096//1085
f 990//1086 972//1086 1090//1086
f 1090//1086 1096//1086 990//1086
f 896//1087 870//1087 972//1087
f 972//1087 990//1087 896//1087
f 792//1088 764//1088 870//1088
f 870//1088 896//1088 792//1088
f 704//1089 646//1089 764//1089
f 764//1089 792//1089 704//1089
f 627//1090 587//1090 646//1090
f 646//1090 704//1090 627//1090
f 582//1091 556//1091 587//1091
f 587//1091 627//1091 582//1091
f 574//1092 540//1092 556//1092
f 556//1092 582//1092 574//1092
f 1426//1093 1420//1093 1764//1093
f 1764//1093 1762//1093 1426//1093
f 1230//1094 1226//1094 1420//1094
f 1420//1094 1426//1094 1230//1094
f 1101//1095 1096//1095 1226//1095
f 1226//1095 1230//1095 1101//1095
f 1006//1096 990//1096 1096//1096
f 1096//1096 1101//1096 1006//1096
f 907//1097 896//1097 990//1097
f 990//1097 1006//1097 907//1097
f 812//1098 792//1098 896//1098
f 896//1098 907//1098 812//1098
f 728//1099 704//1099 792//1099
f 792//1099 812//1099 728//1099
f 644//1100 627//1100 704//1100
f 704//1100 728//1100 644//1100
f 607//1101 582//1101 627//1101
f 627//1101 644//1101 607//1101
f 592//1102 574//1102 582//1102
f 582//1103 607//1103 592//1103
f 1430//1104 1426//1104 1762//1104
f 1762//1104 1758//1104 1430//1104
f 1234//1105 1230//1105 1426//1105
f 1426//1105 1430//1105 1234//1105
f 1107//1106 1101//1106 1230//1106
f 1230//1106 1234//1106 1107//1106
f 1012//1107 1006//1107 1101//1107
f 1101//1107 1107//1107 1012//1107
f 912//1108 907//1108 1006//1108
f 1006//1108 1012//1108 912//1108
f 819//1109 812//1109 907//1109
f 907//1110 912//1110 819//1110
f 738//1111 728//1111 812//1111
f 812//1111 819//1111 738//1111
f 651//1112 644//1112 728//1112
f 728//1112 738//1112 651//1112
f 618//1113 607//1113 644//1113
f 644//1113 651//1113 618//1113
f 601//1114 592//1114 607//1114
f 607//1114 618//1114 601//1114
f 405//1115 397//1115 376//1115
f 376//1115 388//1115 405//1115
f 439//1116 430//1116 397//1116
f 397//1116 405//1116 439//1116
f 491//1117 486//1117 430//1117
f 430//1117 439//1117 491//1117
f 543//1118 536//1118 486//1118
f 486//1118 491//1118 543//1118
f 670//1119 661//1119 536//1119
f 536//1119 543//1119 670//1119
f 846//1120 839//1120 661//1120
f 661//1120 670//1120 846//1120
f 994//1121 980//1121 839//1121
f 839//1121 846//1121 994//1121
f 1163//1122 1158//1122 980//1122
f 980//1122 994//1122 1163//1122
f 1330//1123 1325//1123 1158//1123
f 1158//1123 1163//1123 1330//1123
f 1926//1124 1786//1124 1325//1124
f 1325//1124 1330//1124 1926//1124
f 417//1125 405//1125 388//1125
f 388//1125 409//1125 417//1125
f 447//1126 439//1126 405//1126
f 405//1126 417//1126 447//1126
f 501//1127 491//1127 439//1127
f 439//1127 447//1127 501//1127
f 560//1128 543//1128 491//1128
f 491//1128 501//1128 560//1128
f 696//1129 670//1129 543//1129
f 543//1129 560//1129 696//1129
f 856//1130 846//1130 670//1130
f 670//1130 696//1130 856//1130
f 1004//1131 994//1131 846//1131
f 846//1131 856//1131 1004//1131
f 1169//1132 1163//1132 994//1132
f 994//1132 1004//1132 1169//1132
f 1340//1133 1330//1133 1163//1133
f 1163//1133 1169//1133 1340//1133
f 1925//1134 1926//1134 1330//1134
f 1330//1134 1340//1134 1925//1134
f 445//1135 417//1135 409//1135
f 409//1135 437//1135 445//1135
f 468//1136 447//1136 417//1136
f 417//1136 445//1136 468//1136
f 517//1137 501//1137 447//1137
f 447//1137 468//1137 517//1137
f 584//1138 560//1138 501//1138
f 501//1138 517//1138 584//1138
f 732//1139 696//1139 560//1139
f 560//1139 584//1139 732//1139
f 884//1140 856//1140 696//1140
f 696//1140 732//1140 884//1140
f 1026//1141 1004//1141 856//1141
f 856//1141 884//1141 1026//1141
f 1175//1142 1169//1142 1004//1142
f 1004//1142 1026//1142 1175//1142
f 1358//1143 1340//1143 1169//1143
f 1169//1143 1175//1143 1358//1143
f 1908//1144 1925//1144 1340//1144
f 1340//1144 1358//1144 1908//1144
f 460//1145 445//1145 437//1145
f 437//1145 453//1145 460//1145
f 503//1146 468//1146 445//1146
f 445//1146 460//1146 503//1146
f 533//1147 517//1147 468//1147
f 468//1147 503//1147 533//1147
f 625//1148 584//1148 517//1148
f 517//1148 533//1148 625//1148
f 770//1149 732//1149 584//1149
f 584//1149 625//1149 770//1149
f 906//1150 884//1150 732//1150
f 732//1150 770//1150 906//1150
f 1041//1151 1026//1151 884//1151
f 884//1151 906//1151 1041//1151
f 1189//1152 1175//1152 1026//1152
f 1026//1153 1041//1153 1189//1153
f 1372//1154 1358//1154 1175//1154
f 1175//1154 1189//1154 1372//1154
f 1706//1155 1908//1155 1358//1155
f 1358//1155 1372//1155 1706//1155
f 505//1156 460//1156 453//1156
f 453//1156 499//1156 505//1156
f 521//1157 503//1157 460//1157
f 460//1157 505//1157 521//1157
f 570//1158 533//1158 503//1158
f 503//1158 521//1158 570//1158
f 666//1159 625//1159 533//1159
f 533//1159 570//1159 666//1159
f 798//1160 770//1160 625//1160
f 625//1160 666//1160 798//1160
f 930//1161 906//1161 770//1161
f 770//1161 798//1161 930//1161
f 1067//1162 1041//1162 906//1162
f 906//1162 930//1162 1067//1162
f 1199//1163 1189//1163 1041//1163
f 1041//1163 1067//1163 1199//1163
f 1384//1164 1372//1164 1189//1164
f 1189//1164 1199//1164 1384//1164
f 1705//1165 1706//1165 1372//1165
f 1372//1165 1384//1165 1705//1165
f 523//1166 505//1166 499//1166
f 499//1166 519//1166 523//1166
f 550//1167 521//1167 505//1167
f 505//1167 523//1167 550//1167
f 611//1168 570//1168 521//1168
f 521//1168 550//1168 611//1168
f 724//1169 666//1169 570//1169
f 570//1169 611//1169 724//1169
f 834//1170 798//1170 666//1170
f 666//1170 724//1170 834//1170
f 948//1171 930//1171 798//1171
f 798//1171 834//1171 948//1171
f 1078//1172 1067//1172 930//1172
f 930//1172 948//1172 1078//1172
f 1207//1173 1199//1173 1067//1173
f 1067//1173 1078//1173 1207//1173
f 1395//1174 1384//1174 1199//1174
f 1199//1174 1207//1174 1395//1174
f 1773//1175 1705//1175 1384//1175
f 1384//1175 1395//1175 1773//1175
f 555//1176 523//1176 519//1176
f 519//1176 541//1176 555//1176
f 588//1177 550//1177 523//1177
f 523//1177 555//1177 588//1177
f 645//1178 611//1178 550//1178
f 550//1178 588//1178 645//1178
f 763//1179 724//1179 611//1179
f 611//1180 645//1180 763//1180
f 869//1181 834//1181 724//1181
f 724//1181 763//1181 869//1181
f 971//1182 948//1182 834//1182
f 834//1182 869//1182 971//1182
f 1089//1183 1078//1183 948//1183
f 948//1183 971//1183 1089//1183
f 1217//1184 1207//1184 1078//1184
f 1078//1185 1089//1185 1217//1185
f 1406//1186 1395//1186 1207//1186
f 1207//1186 1217//1186 1406//1186
f 1692//1187 1773//1187 1395//1187
f 1395//1187 1406//1187 1692//1187
f 581//1188 555//1188 541//1188
f 541//1188 573//1188 581//1188
f 626//1189 588//1189 555//1189
f 555//1189 581//1189 626//1189
f 703//1190 645//1190 588//1190
f 588//1190 626//1190 703//1190
f 791//1191 763//1191 645//1191
f 645//1191 703//1191 791//1191
f 895//1192 869//1192 763//1192
f 763//1192 791//1192 895//1192
f 989//1193 971//1193 869//1193
f 869//1193 895//1193 989//1193
f 1095//1194 1089//1194 971//1194
f 971//1194 989//1194 1095//1194
f 1227//1195 1217//1195 1089//1195
f 1089//1195 1095//1195 1227//1195
f 1421//1196 1406//1196 1217//1196
f 1217//1196 1227//1196 1421//1196
f 1766//1197 1692//1197 1406//1197
f 1406//1197 1421//1197 1766//1197
f 606//1198 581//1198 573//1198
f 573//1199 591//1199 606//1199
f 643//1200 626//1200 581//1200
f 581//1200 606//1200 643//1200
f 727//1201 703//1201 626//1201
f 626//1201 643//1201 727//1201
f 811//1202 791//1202 703//1202
f 703//1202 727//1202 811//1202
f 908//1203 895//1203 791//1203
f 791//1204 811//1204 908//1204
f 1005//1205 989//1205 895//1205
f 895//1205 908//1205 1005//1205
f 1100//1206 1095//1206 989//1206
f 989//1206 1005//1206 1100//1206
f 1231//1207 1227//1207 1095//1207
f 1095//1207 1100//1207 1231//1207
f 1427//1208 1421//1208 1227//1208
f 1227//1208 1231//1208 1427//1208
f 1897//1209 1766//1209 1421//1209
f 1421//1209 1427//1209 1897//1209
f 615//1210 606//1210 591//1210
f 591//1210 598//1210 615//1210
f 653//1211 643//1211 606//1211
f 606//1211 615//1211 653//1211
f 735//1212 727//1212 643//1212
f 643//1212 653//1212 735//1212
f 820//1213 811//1213 727//1213
f 727//1213 735//1213 820//1213
f 913//1214 908//1214 811//1214
f 811//1214 820//1214 913//1214
f 1013//1215 1005//1215 908//1215
f 908//1215 913//1215 1013//1215
f 1103//1216 1100//1216 1005//1216
f 1005//1216 1013//1216 1103//1216
f 1236//1217 1231//1217 1100//1217
f 1100//1217 1103//1217 1236//1217
f 1432//1218 1427//1218 1231//1218
f 1231//1218 1236//1218 1432//1218
f 1760//1219 1897//1219 1427//1219
f 1427//1219 1432//1219 1760//1219
f 2294//1220 2299//1220 1786//1220
f 1786//1220 1783//1220 2294//1220
f 2461//1221 2466//1221 2299//1221
f 2299//1221 2294//1221 2461//1221
f 2630//1222 2641//1222 2466//1222
f 2466//1222 2461//1222 2630//1222
f 2778//1223 2785//1223 2641//1223
f 2641//1223 2630//1223 2778//1223
f 2954//1224 2963//1224 2785//1224
f 2785//1224 2778//1224 2954//1224
f 3061//1225 3068//1225 2963//1225
f 2963//1225 2954//1225 3061//1225
f 3135//1226 3140//1226 3068//1226
f 3068//1226 3061//1226 3135//1226
f 3167//1227 3176//1227 3140//1227
f 3140//1227 3135//1227 3167//1227
f 3195//1228 3203//1228 3176//1228
f 3176//1228 3167//1228 3195//1228
f 3208//1229 3213//1229 3203//1229
f 3203//1229 3195//1229 3208//1229
f 2284//1230 2294//1230 1783//1230
f 1783//1230 1781//1230 2284//1230
f 2455//1231 2461//1231 2294//1231
f 2294//1231 2284//1231 2455//1231
f 2620//1232 2630//1232 2461//1232
f 2461//1232 2455//1232 2620//1232
f 2768//1233 2778//1233 2630//1233
f 2630//1233 2620//1233 2768//1233
f 2928//1234 2954//1234 2778//1234
f 2778//1234 2768//1234 2928//1234
f 3051//1235 3061//1235 2954//1235
f 2954//1235 2928//1235 3051//1235
f 3125//1236 3135//1236 3061//1236
f 3061//1236 3051//1236 3125//1236
f 3159//1237 3167//1237 3135//1237
f 3135//1237 3125//1237 3159//1237
f 3181//1238 3195//1238 3167//1238
f 3167//1238 3159//1238 3181//1238
f 3191//1239 3208//1239 3195//1239
f 3195//1239 3181//1239 3191//1239
f 2266//1240 2284//1240 1781//1240
f 1781//1240 1779//1240 2266//1240
f 2449//1241 2455//1241 2284//1241
f 2284//1241 2266//1241 2449//1241
f 2598//1242 2620//1242 2455//1242
f 2455//1242 2449//1242 2598//1242
f 2740//1243 2768//1243 2620//1243
f 2620//1243 2598//1243 2740//1243
f 2892//1244 2928//1244 2768//1244
f 2768//1244 2740//1244 2892//1244
f 3033//1245 3051//1245 2928//1245
f 2928//1245 2892//1245 3033//1245
f 3087//1246 3125//1246 3051//1246
f 3051//1246 3033//1246 3087//1246
f 3145//1247 3159//1247 3125//1247
f 3125//1247 3087//1247 3145//1247
f 3161//1248 3181//1248 3159//1248
f 3159//1248 3145//1248 3161//1248
f 3169//1249 3191//1249 3181//1249
f 3181//1249 3161//1249 3169//1249
f 2252//1250 2266//1250 1779//1250
f 1779//1250 1777//1250 2252//1250
f 2435//1251 2449//1251 2266//1251
f 2266//1251 2252//1251 2435//1251
f 2581//1252 2598//1252 2449//1252
f 2449//1253 2435//1253 2581//1253
f 2718//1254 2740//1254 2598//1254
f 2598//1254 2581//1254 2718//1254
f 2854//1255 2892//1255 2740//1255
f 2740//1255 2718//1255 2854//1255
f 2999//1256 3033//1256 2892//1256
f 2892//1256 2854//1256 2999//1256
f 3071//1257 3087//1257 3033//1257
f 3033//1258 2999//1258 3071//1258
f 3123//1259 3145//1259 3087//1259
f 3087//1259 3071//1259 3123//1259
f 3147//1260 3161//1260 3145//1260
f 3145//1260 3123//1260 3147//1260
f 3153//1261 3169//1261 3161//1261
f 3161//1262 3147//1262 3153//1262
f 2240//1263 2252//1263 1777//1263
f 1777//1263 1775//1263 2240//1263
f 2425//1264 2435//1264 2252//1264
f 2252//1264 2240//1264 2425//1264
f 2555//1265 2581//1265 2435//1265
f 2435//1265 2425//1265 2555//1265
f 2694//1266 2718//1266 2581//1266
f 2581//1266 2555//1266 2694//1266
f 2826//1267 2854//1267 2718//1267
f 2718//1267 2694//1267 2826//1267
f 2958//1268 2999//1268 2854//1268
f 2854//1268 2826//1268 2958//1268
f 3043//1269 3071//1269 2999//1269
f 2999//1269 2958//1269 3043//1269
f 3083//1270 3123//1270 3071//1270
f 3071//1270 3043//1270 3083//1270
f 3121//1271 3147//1271 3123//1271
f 3123//1271 3083//1271 3121//1271
f 3127//1272 3153//1272 3147//1272
f 3147//1272 3121//1272 3127//1272
f 2229//1273 2240//1273 1775//1273
f 1775//1273 1772//1273 2229//1273
f 2417//1274 2425//1274 2240//1274
f 2240//1274 2229//1274 2417//1274
f 2546//1275 2555//1275 2425//1275
f 2425//1275 2417//1275 2546//1275
f 2676//1276 2694//1276 2555//1276
f 2555//1276 2546//1276 2676//1276
f 2790//1277 2826//1277 2694//1277
f 2694//1277 2676//1277 2790//1277
f 2900//1278 2958//1278 2826//1278
f 2826//1278 2790//1278 2900//1278
f 3013//1279 3043//1279 2958//1279
f 2958//1279 2900//1279 3013//1279
f 3057//1280 3083//1280 3043//1280
f 3043//1280 3013//1280 3057//1280
f 3081//1281 3121//1281 3083//1281
f 3083//1281 3057//1281 3081//1281
f 3085//1282 3127//1282 3121//1282
f 3121//1282 3081//1282 3085//1282
f 2216//1283 2229//1283 1772//1283
f 1772//1283 1769//1283 2216//1283
f 2407//1284 2417//1284 2229//1284
f 2229//1284 2216//1284 2407//1284
f 2533//1285 2546//1285 2417//1285
f 2417//1285 2407//1285 2533//1285
f 2651//1286 2676//1286 2546//1286
f 2546//1286 2533//1286 2651//1286
f 2753//1287 2790//1287 2676//1287
f 2676//1287 2651//1287 2753//1287
f 2859//1288 2900//1288 2790//1288
f 2790//1288 2753//1288 2859//1288
f 2977//1289 3013//1289 2900//1289
f 2900//1289 2859//1289 2977//1289
f 3029//1290 3057//1290 3013//1290
f 3013//1290 2977//1290 3029//1290
f 3052//1291 3081//1291 3057//1291
f 3057//1291 3029//1291 3052//1291
f 3063//1292 3085//1292 3081//1292
f 3081//1292 3052//1292 3063//1292
f 2203//1293 2216//1293 1769//1293
f 1769//1293 1767//1293 2203//1293
f 2397//1294 2407//1294 2216//1294
f 2216//1294 2203//1294 2397//1294
f 2527//1295 2533//1295 2407//1295
f 2407//1295 2397//1295 2527//1295
f 2633//1296 2651//1296 2533//1296
f 2533//1296 2527//1296 2633//1296
f 2727//1297 2753//1297 2651//1297
f 2651//1297 2633//1297 2727//1297
f 2831//1298 2859//1298 2753//1298
f 2753//1298 2727//1298 2831//1298
f 2919//1299 2977//1299 2859//1299
f 2859//1299 2831//1299 2919//1299
f 2996//1300 3029//1300 2977//1300
f 2977//1300 2919//1300 2996//1300
f 3034//1301 3052//1301 3029//1301
f 3029//1301 2996//1301 3034//1301
f 3038//1302 3063//1302 3052//1302
f 3052//1302 3034//1302 3038//1302
f 2197//1303 2203//1303 1767//1303
f 1767//1303 1763//1303 2197//1303
f 2393//1304 2397//1304 2203//1304
f 2203//1304 2197//1304 2393//1304
f 2522//1305 2527//1305 2397//1305
f 2397//1305 2393//1305 2522//1305
f 2617//1306 2633//1306 2527//1306
f 2527//1306 2522//1306 2617//1306
f 2716//1307 2727//1307 2633//1307
f 2633//1307 2617//1307 2716//1307
f 2811//1308 2831//1308 2727//1308
f 2727//1308 2716//1308 2811//1308
f 2895//1309 2919//1309 2831//1309
f 2831//1309 2811//1309 2895//1309
f 2979//1310 2996//1310 2919//1310
f 2919//1310 2895//1310 2979//1310
f 3016//1311 3034//1311 2996//1311
f 2996//1311 2979//1311 3016//1311
f 3026//1312 3038//1312 3034//1312
f 3034//1313 3016//1313 3026//1313
f 2193//1314 2197//1314 1763//1314
f 1763//1314 1761//1314 2193//1314
f 2389//1315 2393//1315 2197//1315
f 2197//1315 2193//1315 2389//1315
f 2516//1316 2522//1316 2393//1316
f 2393//1316 2389//1316 2516//1316
f 2610//1317 2617//1317 2522//1317
f 2522//1317 2516//1317 2610//1317
f 2710//1318 2716//1318 2617//1318
f 2617//1318 2610//1318 2710//1318
f 2803//1319 2811//1319 2716//1319
f 2716//1320 2710//1320 2803//1320
f 2885//1321 2895//1321 2811//1321
f 2811//1321 2803//1321 2885//1321
f 2971//1322 2979//1322 2895//1322
f 2895//1322 2885//1322 2971//1322
f 3005//1323 3016//1323 2979//1323
f 2979//1323 2971//1323 3005//1323
f 3022//1324 3026//1324 3016//1324
f 3016//1324 3005//1324 3022//1324
f 461//1325 545//1325 544//1325
f 544//1326 456//1326 461//1326
f 463//1327 551//1327 545//1327
f 545//1328 461//1328 463//1328
f 465//1329 557//1329 551//1329
f 551//1330 463//1330 465//1330
f 469//1331 567//1331 557//1331
f 557//1332 465//1332 469//1332
f 471//1333 575//1333 567//1333
f 567//1334 469//1334 471//1334
f 473//1335 577//1335 575//1335
f 575//1336 471//1336 473//1336
f 475//1337 589//1337 577//1337
f 577//1338 473//1338 475//1338
f 477//1339 593//1339 589//1339
f 589//1340 475//1340 477//1340
f 479//1341 595//1341 593//1341
f 593//1342 477//1342 479//1342
f 481//1343 599//1343 595//1343
f 595//1344 479//1344 481//1344
f 389//1345 461//1345 456//1345
f 456//1346 392//1346 389//1346
f 386//1347 463//1347 461//1347
f 461//1348 389//1348 386//1348
f 379//1349 465//1349 463//1349
f 463//1350 386//1350 379//1350
f 373//1351 469//1351 465//1351
f 465//1352 379//1352 373//1352
f 371//1353 471//1353 469//1353
f 469//1354 373//1354 371//1354
f 369//1355 473//1355 471//1355
f 471//1356 371//1356 369//1356
f 366//1357 475//1357 473//1357
f 473//1358 369//1358 366//1358
f 364//1359 477//1359 475//1359
f 475//1360 366//1360 364//1360
f 362//1361 479//1361 477//1361
f 477//1362 364//1362 362//1362
f 361//1363 481//1363 479//1363
f 479//1364 362//1364 361//1364
f 335//1365 389//1365 392//1365
f 392//1366 337//1366 335//1366
f 333//1367 386//1367 389//1367
f 389//1368 335//1368 333//1368
f 331//1369 379//1369 386//1369
f 386//1370 333//1370 331//1370
f 329//1371 373//1371 379//1371
f 379//1372 331//1372 329//1372
f 328//1373 371//1373 373//1373
f 373//1374 329//1374 328//1374
f 325//1375 369//1375 371//1375
f 371//1376 328//1376 325//1376
f 323//1377 366//1377 369//1377
f 369//1378 325//1378 323//1378
f 321//1379 364//1379 366//1379
f 366//1380 323//1380 321//1380
f 319//1381 362//1381 364//1381
f 364//1382 321//1382 319//1382
f 316//1383 361//1383 362//1383
f 362//1384 319//1384 316//1384
f 298//1385 335//1385 337//1385
f 337//1386 302//1386 298//1386
f 290//1387 333//1387 335//1387
f 335//1388 298//1388 290//1388
f 288//1389 331//1389 333//1389
f 333//1390 290//1390 288//1390
f 286//1391 329//1391 331//1391
f 331//1392 288//1392 286//1392
f 281//1393 328//1393 329//1393
f 329//1394 286//1394 281//1394
f 275//1395 325//1395 328//1395
f 328//1396 281//1396 275//1396
f 265//1397 323//1397 325//1397
f 325//1398 275//1398 265//1398
f 259//1399 321//1399 323//1399
f 323//1400 265//1400 259//1400
f 255//1401 319//1401 321//1401
f 321//1402 259//1402 255//1402
f 249//1403 316//1403 319//1403
f 319//1404 255//1404 249//1404
f 269//1405 298//1405 302//1405
f 302//1406 271//1406 269//1406
f 261//1407 290//1407 298//1407
f 298//1408 269//1408 261//1408
f 251//1409 288//1409 290//1409
f 290//1410 261//1410 251//1410
f 238//1411 286//1411 288//1411
f 288//1412 251//1412 238//1412
f 230//1413 281//1413 286//1413
f 286//1414 238//1414 230//1414
f 218//1415 275//1415 281//1415
f 281//1416 230//1416 218//1416
f 208//1417 265//1417 275//1417
f 275//1418 218//1418 208//1418
f 196//1419 259//1419 265//1419
f 265//1420 208//1420 196//1420
f 186//1421 255//1421 259//1421
f 259//1422 196//1422 186//1422
f 181//1423 249//1423 255//1423
f 255//1424 186//1424 181//1424
f 228//1425 269//1425 271//1425
f 271//1426 234//1426 228//1426
f 222//1427 261//1427 269//1427
f 269//1428 228//1428 222//1428
f 212//1429 251//1429 261//1429
f 261//1430 222//1430 212//1430
f 200//1431 238//1431 251//1431
f 251//1432 212//1432 200//1432
f 177//1433 230//1433 238//1433
f 238//1434 200//1434 177//1434
f 160//1435 218//1435 230//1435
f 230//1436 177//1436 160//1436
f 134//1437 208//1437 218//1437
f 218//1438 160//1438 134//1438
f 112//1439 196//1439 208//1439
f 208//1440 134//1440 112//1440
f 102//1441 186//1441 196//1441
f 196//1442 112//1442 102//1442
f 96//1443 181//1443 186//1443
f 186//1444 102//1444 96//1444
f 198//1445 228//1445 234//1445
f 234//1446 205//1446 198//1446
f 182//1447 222//1447 228//1447
f 228//1448 198//1448 182//1448
f 168//1449 212//1449 222//1449
f 222//1450 182//1450 168//1450
f 146//1451 200//1451 212//1451
f 212//1452 168//1452 146//1452
f 118//1453 177//1453 200//1453
f 200//1454 146//1454 118//1454
f 92//1455 160//1455 177//1455
f 177//1456 118//1456 92//1456
f 74//1457 134//1457 160//1457
f 160//1458 92//1458 74//1458
f 63//1459 112//1459 134//1459
f 134//1460 74//1460 63//1460
f 53//1461 102//1461 112//1461
f 112//1462 63//1462 53//1462
f 50//1463 96//1463 102//1463
f 102//1464 53//1464 50//1464
f 167//1465 198//1465 205//1465
f 205//1466 170//1466 167//1466
f 154//1467 182//1467 198//1467
f 198//1468 167//1468 154//1468
f 126//1469 168//1469 182//1469
f 182//1470 154//1470 126//1470
f 100//1471 146//1471 168//1471
f 168//1472 126//1472 100//1472
f 83//1473 118//1473 146//1473
f 146//1474 100//1474 83//1474
f 61//1475 92//1475 118//1475
f 118//1476 83//1476 61//1476
f 46//1477 74//1477 92//1477
f 92//1478 61//1478 46//1478
f 32//1479 63//1479 74//1479
f 74//1480 46//1480 32//1480
f 25//1481 53//1481 63//1481
f 63//1482 32//1482 25//1482
f 21//1483 50//1483 53//1483
f 53//1484 25//1484 21//1484
f 143//1485 167//1485 170//1485
f 170//1486 150//1486 143//1486
f 124//1487 154//1487 167//1487
f 167//1488 143//1488 124//1488
f 104//1489 126//1489 154//1489
f 154//1490 124//1490 104//1490
f 84//1491 100//1491 126//1491
f 126//1492 104//1492 84//1492
f 65//1493 83//1493 100//1493
f 100//1494 84//1494 65//1494
f 44//1495 61//1495 83//1495
f 83//1496 65//1496 44//1496
f 30//1497 46//1497 61//1497
f 61//1498 44//1498 30//1498
f 17//1499 32//1499 46//1499
f 46//1500 30//1500 17//1500
f 9//1501 25//1501 32//1501
f 32//1502 17//1502 9//1502
f 5//1503 21//1503 25//1503
f 25//1504 9//1504 5//1504
f 132//1505 143//1505 150//1505
f 150//1506 140//1506 132//1506
f 116//1507 124//1507 143//1507
f 143//1508 132//1508 116//1508
f 94//1509 104//1509 124//1509
f 124//1510 116//1510 94//1510
f 76//1511 84//1511 104//1511
f 104//1512 94//1512 76//1512
f 55//1513 65//1513 84//1513
f 84//1514 76//1514 55//1514
f 40//1515 44//1515 65//1515
f 65//1516 55//1516 40//1516
f 22//1517 30//1517 44//1517
f 44//1518 40//1518 22//1518
f 11//1519 17//1519 30//1519
f 30//1520 22//1520 11//1520
f 2//1521 9//1521 17//1521
f 17//1522 11//1522 2//1522
f 1//1523 5//1523 9//1523
f 9//1524 2//1524 1//1524
f 480//1525 596//1525 599//1525
f 599//1526 481//1526 480//1526
f 478//1527 594//1527 596//1527
f 596//1528 480//1528 478//1528
f 476//1529 590//1529 594//1529
f 594//1530 478//1530 476//1530
f 474//1531 578//1531 590//1531
f 590//1532 476//1532 474//1532
f 472//1533 576//1533 578//1533
f 578//1534 474//1534 472//1534
f 470//1535 568//1535 576//1535
f 576//1536 472//1536 470//1536
f 466//1537 558//1537 568//1537
f 568//1538 470//1538 466//1538
f 464//1539 552//1539 558//1539
f 558//1540 466//1540 464//1540
f 462//1541 546//1541 552//1541
f 552//1542 464//1542 462//1542
f 456//1543 544//1543 546//1543
f 546//1544 462//1544 456//1544
f 363//1545 480//1545 481//1545
f 481//1546 360//1546 363//1546
f 365//1547 478//1547 480//1547
f 480//1548 363//1548 365//1548
f 367//1549 476//1549 478//1549
f 478//1550 365//1550 367//1550
f 368//1551 474//1551 476//1551
f 476//1552 367//1552 368//1552
f 370//1553 472//1553 474//1553
f 474//1554 368//1554 370//1554
f 372//1555 470//1555 472//1555
f 472//1556 370//1556 372//1556
f 380//1557 466//1557 470//1557
f 470//1558 372//1558 380//1558
f 385//1559 464//1559 466//1559
f 466//1560 380//1560 385//1560
f 390//1561 462//1561 464//1561
f 464//1562 385//1562 390//1562
f 391//1563 456//1563 462//1563
f 462//1564 390//1564 391//1564
f 320//1565 363//1565 360//1565
f 360//1566 316//1566 320//1566
f 322//1567 365//1567 363//1567
f 363//1568 320//1568 322//1568
f 324//1569 367//1569 365//1569
f 365//1570 322//1570 324//1570
f 326//1571 368//1571 367//1571
f 367//1572 324//1572 326//1572
f 327//1573 370//1573 368//1573
f 368//1574 326//1574 327//1574
f 330//1575 372//1575 370//1575
f 370//1576 327//1576 330//1576
f 332//1577 380//1577 372//1577
f 372//1578 330//1578 332//1578
f 334//1579 385//1579 380//1579
f 380//1580 332//1580 334//1580
f 336//1581 390//1581 385//1581
f 385//1582 334//1582 336//1582
f 337//1583 391//1583 390//1583
f 390//1584 336//1584 337//1584
f 256//1585 320//1585 316//1585
f 316//1586 250//1586 256//1586
f 260//1587 322//1587 320//1587
f 320//1588 256//1588 260//1588
f 266//1589 324//1589 322//1589
f 322//1590 260//1590 266//1590
f 276//1591 326//1591 324//1591
f 324//1592 266//1592 276//1592
f 282//1593 327//1593 326//1593
f 326//1594 276//1594 282//1594
f 287//1595 330//1595 327//1595
f 327//1596 282//1596 287//1596
f 289//1597 332//1597 330//1597
f 330//1598 287//1598 289//1598
f 291//1599 334//1599 332//1599
f 332//1600 289//1600 291//1600
f 299//1601 336//1601 334//1601
f 334//1602 291//1602 299//1602
f 303//1603 337//1603 336//1603
f 336//1604 299//1604 303//1604
f 187//1605 256//1605 250//1605
f 250//1606 181//1606 187//1606
f 197//1607 260//1607 256//1607
f 256//1608 187//1608 197//1608
f 209//1609 266//1609 260//1609
f 260//1610 197//1610 209//1610
f 219//1611 276//1611 266//1611
f 266//1612 209//1612 219//1612
f 231//1613 282//1613 276//1613
f 276//1614 219//1614 231//1614
f 239//1615 287//1615 282//1615
f 282//1616 231//1616 239//1616
f 252//1617 289//1617 287//1617
f 287//1618 239//1618 252//1618
f 262//1619 291//1619 289//1619
f 289//1620 252//1620 262//1620
f 270//1621 299//1621 291//1621
f 291//1622 262//1622 270//1622
f 272//1623 303//1623 299//1623
f 299//1624 270//1624 272//1624
f 103//1625 187//1625 181//1625
f 181//1626 97//1626 103//1626
f 113//1627 197//1627 187//1627
f 187//1628 103//1628 113//1628
f 135//1629 209//1629 197//1629
f 197//1630 113//1630 135//1630
f 161//1631 219//1631 209//1631
f 209//1632 135//1632 161//1632
f 178//1633 231//1633 219//1633
f 219//1634 161//1634 178//1634
f 201//1635 239//1635 231//1635
f 231//1636 178//1636 201//1636
f 213//1637 252//1637 239//1637
f 239//1638 201//1638 213//1638
f 223//1639 262//1639 252//1639
f 252//1640 213//1640 223//1640
f 229//1641 270//1641 262//1641
f 262//1642 223//1642 229//1642
f 235//1643 272//1643 270//1643
f 270//1644 229//1644 235//1644
f 54//1645 103//1645 97//1645
f 97//1646 50//1646 54//1646
f 64//1647 113//1647 103//1647
f 103//1648 54//1648 64//1648
f 75//1649 135//1649 113//1649
f 113//1650 64//1650 75//1650
f 93//1651 161//1651 135//1651
f 135//1652 75//1652 93//1652
f 119//1653 178//1653 161//1653
f 161//1654 93//1654 119//1654
f 147//1655 201//1655 178//1655
f 178//1656 119//1656 147//1656
f 169//1657 213//1657 201//1657
f 201//1658 147//1658 169//1658
f 183//1659 223//1659 213//1659
f 213//1660 169//1660 183//1660
f 199//1661 229//1661 223//1661
f 223//1662 183//1662 199//1662
f 205//1663 235//1663 229//1663
f 229//1664 199//1664 205//1664
f 24//1665 54//1665 50//1665
f 50//1666 21//1666 24//1666
f 33//1667 64//1667 54//1667
f 54//1668 24//1668 33//1668
f 47//1669 75//1669 64//1669
f 64//1670 33//1670 47//1670
f 62//1671 93//1671 75//1671
f 75//1672 47//1672 62//1672
f 82//1673 119//1673 93//1673
f 93//1674 62//1674 82//1674
f 101//1675 147//1675 119//1675
f 119//1676 82//1676 101//1676
f 127//1677 169//1677 147//1677
f 147//1678 101//1678 127//1678
f 155//1679 183//1679 169//1679
f 169//1680 127//1680 155//1680
f 166//1681 199//1681 183//1681
f 183//1682 155//1682 166//1682
f 171//1683 205//1683 199//1683
f 199//1684 166//1684 171//1684
f 10//1685 24//1685 21//1685
f 21//1686 6//1686 10//1686
f 18//1687 33//1687 24//1687
f 24//1688 10//1688 18//1688
f 31//1689 47//1689 33//1689
f 33//1690 18//1690 31//1690
f 45//1691 62//1691 47//1691
f 47//1692 31//1692 45//1692
f 66//1693 82//1693 62//1693
f 62//1694 45//1694 66//1694
f 85//1695 101//1695 82//1695
f 82//1696 66//1696 85//1696
f 105//1697 127//1697 101//1697
f 101//1698 85//1698 105//1698
f 125//1699 155//1699 127//1699
f 127//1700 105//1700 125//1700
f 144//1701 166//1701 155//1701
f 155//1702 125//1702 144//1702
f 151//1703 171//1703 166//1703
f 166//1704 144//1704 151//1704
f 3//1705 10//1705 6//1705
f 6//1706 1//1706 3//1706
f 12//1707 18//1707 10//1707
f 10//1708 3//1708 12//1708
f 23//1709 31//1709 18//1709
f 18//1710 12//1710 23//1710
f 41//1711 45//1711 31//1711
f 31//1712 23//1712 41//1712
f 56//1713 66//1713 45//1713
f 45//1714 41//1714 56//1714
f 77//1715 85//1715 66//1715
f 66//1716 56//1716 77//1716
f 95//1717 105//1717 85//1717
f 85//1718 77//1718 95//1718
f 117//1719 125//1719 105//1719
f 105//1720 95//1720 117//1720
f 133//1721 144//1721 125//1721
f 125//1722 117//1722 133//1722
f 140//1723 151//1723 144//1723
f 144//1724 133//1724 140//1724
f 138//1725 132//1725 140//1725
f 140//1726 145//1726 138//1726
f 122//1727 116//1727 132//1727
f 132//1728 138//1728 122//1728
f 98//1729 94//1729 116//1729
f 116//1730 122//1730 98//1730
f 80//1731 76//1731 94//1731
f 94//1732 98//1732 80//1732
f 60//1733 55//1733 76//1733
f 76//1734 80//1734 60//1734
f 42//1735 40//1735 55//1735
f 55//1736 60//1736 42//1736
f 28//1737 22//1737 40//1737
f 40//1738 42//1738 28//1738
f 13//1739 11//1739 22//1739
f 22//1740 28//1740 13//1740
f 7//1741 2//1741 11//1741
f 11//1742 13//1742 7//1742
f 4//1743 1//1743 2//1743
f 2//1744 7//1744 4//1744
f 152//1745 138//1745 145//1745
f 145//1746 158//1746 152//1746
f 136//1747 122//1747 138//1747
f 138//1748 152//1748 136//1748
f 108//1749 98//1749 122//1749
f 122//1750 136//1750 108//1750
f 89//1751 80//1751 98//1751
f 98//1752 108//1752 89//1752
f 70//1753 60//1753 80//1753
f 80//1754 89//1754 70//1754
f 52//1755 42//1755 60//1755
f 60//1756 70//1756 52//1756
f 38//1757 28//1757 42//1757
f 42//1758 52//1758 38//1758
f 26//1759 13//1759 28//1759
f 28//1760 38//1760 26//1760
f 19//1761 7//1761 13//1761
f 13//1762 26//1762 19//1762
f 15//1763 4//1763 7//1763
f 7//1764 19//1764 15//1764
f 173//1765 152//1765 158//1765
f 158//1766 176//1766 173//1766
f 162//1767 136//1767 152//1767
f 152//1768 173//1768 162//1768
f 142//1769 108//1769 136//1769
f 136//1770 162//1770 142//1770
f 111//1771 89//1771 108//1771
f 108//1772 142//1772 111//1772
f 91//1773 70//1773 89//1773
f 89//1774 111//1774 91//1774
f 73//1775 52//1775 70//1775
f 70//1776 91//1776 73//1776
f 58//1777 38//1777 52//1777
f 52//1778 73//1778 58//1778
f 48//1779 26//1779 38//1779
f 38//1780 58//1780 48//1780
f 37//1781 19//1781 26//1781
f 26//1782 48//1782 37//1782
f 35//1783 15//1783 19//1783
f 19//1784 37//1784 35//1784
f 194//1785 173//1785 176//1785
f 176//1786 202//1786 194//1786
f 184//1787 162//1787 173//1787
f 173//1788 194//1788 184//1788
f 174//1789 142//1789 162//1789
f 162//1790 184//1790 174//1790
f 156//1791 111//1791 142//1791
f 142//1792 174//1792 156//1792
f 128//1793 91//1793 111//1793
f 111//1794 156//1794 128//1794
f 106//1795 73//1795 91//1795
f 91//1796 128//1796 106//1796
f 86//1797 58//1797 73//1797
f 73//1798 106//1798 86//1798
f 78//1799 48//1799 58//1799
f 58//1800 86//1800 78//1800
f 68//1801 37//1801 48//1801
f 48//1802 78//1802 68//1802
f 67//1803 35//1803 37//1803
f 37//1804 68//1804 67//1804
f 221//1805 194//1805 202//1805
f 202//1806 225//1806 221//1806
f 216//1807 184//1807 194//1807
f 194//1808 221//1808 216//1808
f 206//1809 174//1809 184//1809
f 184//1810 216//1810 206//1810
f 192//1811 156//1811 174//1811
f 174//1812 206//1812 192//1812
f 180//1813 128//1813 156//1813
f 156//1814 192//1814 180//1814
f 164//1815 106//1815 128//1815
f 128//1816 180//1816 164//1816
f 148//1817 86//1817 106//1817
f 106//1818 164//1818 148//1818
f 130//1819 78//1819 86//1819
f 86//1820 148//1820 130//1820
f 121//1821 68//1821 78//1821
f 78//1822 130//1822 121//1822
f 115//1823 67//1823 68//1823
f 68//1824 121//1824 115//1824
f 244//1825 221//1825 225//1825
f 225//1826 247//1826 244//1826
f 240//1827 216//1827 221//1827
f 221//1828 244//1828 240//1828
f 236//1829 206//1829 216//1829
f 216//1830 240//1830 236//1830
f 233//1831 192//1831 206//1831
f 206//1832 236//1832 233//1832
f 227//1833 180//1833 192//1833
f 192//1834 233//1834 227//1834
f 215//1835 164//1835 180//1835
f 180//1836 227//1836 215//1836
f 210//1837 148//1837 164//1837
f 164//1838 215//1838 210//1838
f 203//1839 130//1839 148//1839
f 148//1840 210//1840 203//1840
f 191//1841 121//1841 130//1841
f 130//1842 203//1842 191//1842
f 188//1843 115//1843 121//1843
f 121//1844 191//1844 188//1844
f 284//1845 244//1845 247//1845
f 247//1846 285//1846 284//1846
f 279//1847 240//1847 244//1847
f 244//1848 284//1848 279//1848
f 277//1849 236//1849 240//1849
f 240//1850 279//1850 277//1850
f 273//1851 233//1851 236//1851
f 236//1852 277//1852 273//1852
f 267//1853 227//1853 233//1853
f 233//1854 273//1854 267//1854
f 263//1855 215//1855 227//1855
f 227//1856 267//1856 263//1856
f 258//1857 210//1857 215//1857
f 215//1858 263//1858 258//1858
f 253//1859 203//1859 210//1859
f 210//1860 258//1860 253//1860
f 245//1861 191//1861 203//1861
f 203//1862 253//1862 245//1862
f 242//1863 188//1863 191//1863
f 191//1864 245//1864 242//1864
f 315//1865 284//1865 285//1865
f 285//1866 318//1866 315//1866
f 312//1867 279//1867 284//1867
f 284//1868 315//1868 312//1868
f 311//1869 277//1869 279//1869
f 279//1870 312//1870 311//1870
f 309//1871 273//1871 277//1871
f 277//1872 311//1872 309//1872
f 307//1873 267//1873 273//1873
f 273//1874 309//1874 307//1874
f 305//1875 263//1875 267//1875
f 267//1876 307//1876 305//1876
f 301//1877 258//1877 263//1877
f 263//1878 305//1878 301//1878
f 297//1879 253//1879 258//1879
f 258//1880 301//1880 297//1880
f 295//1881 245//1881 253//1881
f 253//1882 297//1882 295//1882
f 293//1883 242//1883 245//1883
f 245//1884 295//1884 293//1884
f 341//1885 315//1885 318//1885
f 318//1886 339//1886 341//1886
f 343//1887 312//1887 315//1887
f 315//1888 341//1888 343//1888
f 345//1889 311//1889 312//1889
f 312//1890 343//1890 345//1890
f 347//1891 309//1891 311//1891
f 311//1892 345//1892 347//1892
f 349//1893 307//1893 309//1893
f 309//1894 347//1894 349//1894
f 351//1895 305//1895 307//1895
f 307//1896 349//1896 351//1896
f 353//1897 301//1897 305//1897
f 305//1898 351//1898 353//1898
f 355//1899 297//1899 301//1899
f 301//1900 353//1900 355//1900
f 357//1901 295//1901 297//1901
f 297//1902 355//1902 357//1902
f 359//1903 293//1903 295//1903
f 295//1904 357//1904 359//1904
f 378//1905 341//1905 339//1905
f 339//1906 376//1906 378//1906
f 384//1907 343//1907 341//1907
f 341//1908 378//1908 384//1908
f 394//1909 345//1909 343//1909
f 343//1910 384//1910 394//1910
f 403//1911 347//1911 345//1911
f 345//1912 394//1912 403//1912
f 406//1913 349//1913 347//1913
f 347//1914 403//1914 406//1914
f 415//1915 351//1915 349//1915
f 349//1916 406//1916 415//1916
f 419//1917 353//1917 351//1917
f 351//1918 415//1918 419//1918
f 423//1919 355//1919 353//1919
f 353//1920 419//1920 423//1920
f 425//1921 357//1921 355//1921
f 355//1922 423//1922 425//1922
f 427//1923 359//1923 357//1923
f 357//1924 425//1924 427//1924
f 8//1925 3//1925 1//1925
f 1//1926 4//1926 8//1926
f 14//1927 12//1927 3//1927
f 3//1928 8//1928 14//1928
f 29//1929 23//1929 12//1929
f 12//1930 14//1930 29//1930
f 43//1931 41//1931 23//1931
f 23//1932 29//1932 43//1932
f 59//1933 56//1933 41//1933
f 41//1934 43//1934 59//1934
f 81//1935 77//1935 56//1935
f 56//1936 59//1936 81//1936
f 99//1937 95//1937 77//1937
f 77//1938 81//1938 99//1938
f 123//1939 117//1939 95//1939
f 95//1940 99//1940 123//1940
f 139//1941 133//1941 117//1941
f 117//1942 123//1942 139//1942
f 145//1943 140//1943 133//1943
f 133//1944 139//1944 145//1944
f 20//1945 8//1945 4//1945
f 4//1946 16//1946 20//1946
f 27//1947 14//1947 8//1947
f 8//1948 20//1948 27//1948
f 39//1949 29//1949 14//1949
f 14//1950 27//1950 39//1950
f 51//1951 43//1951 29//1951
f 29//1952 39//1952 51//1952
f 71//1953 59//1953 43//1953
f 43//1954 51//1954 71//1954
f 88//1955 81//1955 59//1955
f 59//1956 71//1956 88//1956
f 109//1957 99//1957 81//1957
f 81//1958 88//1958 109//1958
f 137//1959 123//1959 99//1959
f 99//1960 109//1960 137//1960
f 153//1961 139//1961 123//1961
f 123//1962 137//1962 153//1962
f 159//1963 145//1963 139//1963
f 139//1964 153//1964 159//1964
f 36//1965 20//1965 16//1965
f 16//1966 34//1966 36//1966
f 49//1967 27//1967 20//1967
f 20//1968 36//1968 49//1968
f 57//1969 39//1969 27//1969
f 27//1970 49//1970 57//1970
f 72//1971 51//1971 39//1971
f 39//1972 57//1972 72//1972
f 90//1973 71//1973 51//1973
f 51//1974 72//1974 90//1974
f 110//1975 88//1975 71//1975
f 71//1976 90//1976 110//1976
f 141//1977 109//1977 88//1977
f 88//1978 110//1978 141//1978
f 163//1979 137//1979 109//1979
f 109//1980 141//1980 163//1980
f 172//1981 153//1981 137//1981
f 137//1982 163//1982 172//1982
f 176//1983 159//1983 153//1983
f 153//1984 172//1984 176//1984
f 69//1985 36//1985 34//1985
f 34//1986 67//1986 69//1986
f 79//1987 49//1987 36//1987
f 36//1988 69//1988 79//1988
f 87//1989 57//1989 49//1989
f 49//1990 79//1990 87//1990
f 107//1991 72//1991 57//1991
f 57//1992 87//1992 107//1992
f 129//1993 90//1993 72//1993
f 72//1994 107//1994 129//1994
f 157//1995 110//1995 90//1995
f 90//1996 129//1996 157//1996
f 175//1997 141//1997 110//1997
f 110//1998 157//1998 175//1998
f 185//1999 163//1999 141//1999
f 141//2000 175//2000 185//2000
f 195//2001 172//2001 163//2001
f 163//2002 185//2002 195//2002
f 202//2003 176//2003 172//2003
f 172//2004 195//2004 202//2004
f 120//2005 69//2005 67//2005
f 67//2006 114//2006 120//2006
f 131//2007 79//2007 69//2007
f 69//2008 120//2008 131//2008
f 149//2009 87//2009 79//2009
f 79//2010 131//2010 149//2010
f 165//2011 107//2011 87//2011
f 87//2012 149//2012 165//2012
f 179//2013 129//2013 107//2013
f 107//2014 165//2014 179//2014
f 193//2015 157//2015 129//2015
f 129//2016 179//2016 193//2016
f 207//2017 175//2017 157//2017
f 157//2018 193//2018 207//2018
f 217//2019 185//2019 175//2019
f 175//2020 207//2020 217//2020
f 220//2021 195//2021 185//2021
f 185//2022 217//2022 220//2022
f 224//2023 202//2023 195//2023
f 195//2024 220//2024 224//2024
f 190//2025 120//2025 114//2025
f 114//2026 189//2026 190//2026
f 204//2027 131//2027 120//2027
f 120//2028 190//2028 204//2028
f 211//2029 149//2029 131//2029
f 131//2030 204//2030 211//2030
f 214//2031 165//2031 149//2031
f 149//2032 211//2032 214//2032
f 226//2033 179//2033 165//2033
f 165//2034 214//2034 226//2034
f 232//2035 193//2035 179//2035
f 179//2036 226//2036 232//2036
f 237//2037 207//2037 193//2037
f 193//2038 232//2038 237//2038
f 241//2039 217//2039 207//2039
f 207//2040 237//2040 241//2040
f 243//2041 220//2041 217//2041
f 217//2042 241//2042 243//2042
f 248//2043 224//2043 220//2043
f 220//2044 243//2044 248//2044
f 246//2045 190//2045 189//2045
f 189//2046 242//2046 246//2046
f 254//2047 204//2047 190//2047
f 190//2048 246//2048 254//2048
f 257//2049 211//2049 204//2049
f 204//2050 254//2050 257//2050
f 264//2051 214//2051 211//2051
f 211//2052 257//2052 264//2052
f 268//2053 226//2053 214//2053
f 214//2054 264//2054 268//2054
f 274//2055 232//2055 226//2055
f 226//2056 268//2056 274//2056
f 278//2057 237//2057 232//2057
f 232//2058 274//2058 278//2058
f 280//2059 241//2059 237//2059
f 237//2060 278//2060 280//2060
f 283//2061 243//2061 241//2061
f 241//2062 280//2062 283//2062
f 285//2063 248//2063 243//2063
f 243//2064 283//2064 285//2064
f 294//2065 246//2065 242//2065
f 242//2066 292//2066 294//2066
f 296//2067 254//2067 246//2067
f 246//2068 294//2068 296//2068
f 300//2069 257//2069 254//2069
f 254//2070 296//2070 300//2070
f 304//2071 264//2071 257//2071
f 257//2072 300//2072 304//2072
f 306//2073 268//2073 264//2073
f 264//2074 304//2074 306//2074
f 308//2075 274//2075 268//2075
f 268//2076 306//2076 308//2076
f 310//2077 278//2077 274//2077
f 274//2078 308//2078 310//2078
f 313//2079 280//2079 278//2079
f 278//2080 310//2080 313//2080
f 314//2081 283//2081 280//2081
f 280//2082 313//2082 314//2082
f 317//2083 285//2083 283//2083
f 283//2084 314//2084 317//2084
f 356//2085 294//2085 292//2085
f 292//2086 358//2086 356//2086
f 354//2087 296//2087 294//2087
f 294//2088 356//2088 354//2088
f 352//2089 300//2089 296//2089
f 296//2090 354//2090 352//2090
f 350//2091 304//2091 300//2091
f 300//2092 352//2092 350//2092
f 348//2093 306//2093 304//2093
f 304//2094 350//2094 348//2094
f 346//2095 308//2095 306//2095
f 306//2096 348//2096 346//2096
f 344//2097 310//2097 308//2097
f 308//2098 346//2098 344//2098
f 342//2099 313//2099 310//2099
f 310//2100 344//2100 342//2100
f 340//2101 314//2101 313//2101
f 313//2102 342//2102 340//2102
f 338//2103 317//2103 314//2103
f 314//2104 340//2104 338//2104
f 424//2105 356//2105 358//2105
f 358//2106 426//2106 424//2106
f 422//2107 354//2107 356//2107
f 356//2108 424//2108 422//2108
f 418//2109 352//2109 354//2109
f 354//2110 422//2110 418//2110
f 414//2111 350//2111 352//2111
f 352//2112 418//2112 414//2112
f 407//2113 348//2113 350//2113
f 350//2114 414//2114 407//2114
f 402//2115 346//2115 348//2115
f 348//2116 407//2116 402//2116
f 393//2117 344//2117 346//2117
f 346//2118 402//2118 393//2118
f 383//2119 342//2119 344//2119
f 344//2120 393//2120 383//2120
f 377//2121 340//2121 342//2121
f 342//2122 383//2122 377//2122
f 375//2123 338//2123 340//2123
f 340//2124 377//2124 375//2124
f 3186//2125 3115//2125 3113//2125
f 3115//2126 3186//2126 3182//2126
f 3192//2127 3113//2127 3110//2127
f 3113//2128 3192//2128 3186//2128
f 3196//2129 3110//2129 3109//2129
f 3110//2130 3196//2130 3192//2130
f 3205//2131 3109//2131 3106//2131
f 3109//2132 3205//2132 3196//2132
f 3211//2133 3106//2133 3104//2133
f 3106//2134 3211//2134 3205//2134
f 3215//2135 3104//2135 3102//2135
f 3104//2136 3215//2136 3211//2136
f 3217//2137 3102//2137 3101//2137
f 3102//2138 3217//2138 3215//2138
f 3220//2139 3101//2139 3098//2139
f 3101//2140 3220//2140 3217//2140
f 3222//2141 3098//2141 3097//2141
f 3098//2142 3222//2142 3220//2142
f 3223//2143 3097//2143 3095//2143
f 3097//2144 3223//2144 3222//2144
f 3227//2145 3182//2145 3186//2145
f 3182//2146 3227//2146 3225//2146
f 3229//2147 3186//2147 3192//2147
f 3186//2148 3229//2148 3227//2148
f 3231//2149 3192//2149 3196//2149
f 3192//2150 3231//2150 3229//2150
f 3233//2151 3196//2151 3205//2151
f 3196//2152 3233//2152 3231//2152
f 3235//2153 3205//2153 3211//2153
f 3205//2154 3235//2154 3233//2154
f 3241//2155 3211//2155 3215//2155
f 3211//2156 3241//2156 3235//2156
f 3245//2157 3215//2157 3217//2157
f 3215//2158 3245//2158 3241//2158
f 3249//2159 3217//2159 3220//2159
f 3217//2160 3249//2160 3245//2160
f 3251//2161 3220//2161 3222//2161
f 3220//2162 3251//2162 3249//2162
f 3253//2163 3222//2163 3223//2163
f 3222//2164 3253//2164 3251//2164
f 3239//2165 3225//2165 3227//2165
f 3225//2166 3239//2166 3237//2166
f 3243//2167 3227//2167 3229//2167
f 3227//2168 3243//2168 3239//2168
f 3247//2169 3229//2169 3231//2169
f 3229//2170 3247//2170 3243//2170
f 3257//2171 3231//2171 3233//2171
f 3231//2172 3257//2172 3247//2172
f 3263//2173 3233//2173 3235//2173
f 3233//2174 3263//2174 3257//2174
f 3271//2175 3235//2175 3241//2175
f 3235//2176 3271//2176 3263//2176
f 3279//2177 3241//2177 3245//2177
f 3241//2178 3279//2178 3271//2178
f 3285//2179 3245//2179 3249//2179
f 3245//2180 3285//2180 3279//2180
f 3293//2181 3249//2181 3251//2181
f 3249//2182 3293//2182 3285//2182
f 3297//2183 3251//2183 3253//2183
f 3251//2184 3297//2184 3293//2184
f 3259//2185 3237//2185 3239//2185
f 3237//2186 3259//2186 3255//2186
f 3261//2187 3239//2187 3243//2187
f 3239//2188 3261//2188 3259//2188
f 3265//2189 3243//2189 3247//2189
f 3243//2190 3265//2190 3261//2190
f 3275//2191 3247//2191 3257//2191
f 3247//2192 3275//2192 3265//2192
f 3287//2193 3257//2193 3263//2193
f 3257//2194 3287//2194 3275//2194
f 3303//2195 3263//2195 3271//2195
f 3263//2196 3303//2196 3287//2196
f 3314//2197 3271//2197 3279//2197
f 3271//2198 3314//2198 3303//2198
f 3320//2199 3279//2199 3285//2199
f 3279//2200 3320//2200 3314//2200
f 3330//2201 3285//2201 3293//2201
f 3285//2202 3330//2202 3320//2202
f 3332//2203 3293//2203 3297//2203
f 3293//2204 3332//2204 3330//2204
f 3270//2205 3255//2205 3259//2205
f 3255//2206 3270//2206 3268//2206
f 3273//2207 3259//2207 3261//2207
f 3259//2208 3273//2208 3270//2208
f 3283//2209 3261//2209 3265//2209
f 3261//2210 3283//2210 3273//2210
f 3299//2211 3265//2211 3275//2211
f 3265//2212 3299//2212 3283//2212
f 3308//2213 3275//2213 3287//2213
f 3275//2214 3308//2214 3299//2214
f 3322//2215 3287//2215 3303//2215
f 3287//2216 3322//2216 3308//2216
f 3338//2217 3303//2217 3314//2217
f 3303//2218 3338//2218 3322//2218
f 3346//2219 3314//2219 3320//2219
f 3314//2220 3346//2220 3338//2220
f 3351//2221 3320//2221 3330//2221
f 3320//2222 3351//2222 3346//2222
f 3355//2223 3330//2223 3332//2223
f 3330//2224 3355//2224 3351//2224
f 3282//2225 3268//2225 3270//2225
f 3268//2226 3282//2226 3278//2226
f 3290//2227 3270//2227 3273//2227
f 3270//2228 3290//2228 3282//2228
f 3302//2229 3273//2229 3283//2229
f 3273//2230 3302//2230 3290//2230
f 3312//2231 3283//2231 3299//2231
f 3283//2232 3312//2232 3302//2232
f 3324//2233 3299//2233 3308//2233
f 3299//2234 3324//2234 3312//2234
f 3340//2235 3308//2235 3322//2235
f 3308//2236 3340//2236 3324//2236
f 3353//2237 3322//2237 3338//2237
f 3322//2238 3353//2238 3340//2238
f 3368//2239 3338//2239 3346//2239
f 3338//2240 3368//2240 3353//2240
f 3373//2241 3346//2241 3351//2241
f 3346//2242 3373//2242 3368//2242
f 3379//2243 3351//2243 3355//2243
f 3351//2244 3379//2244 3373//2244
f 3295//2245 3278//2245 3282//2245
f 3278//2246 3295//2246 3292//2246
f 3306//2247 3282//2247 3290//2247
f 3282//2248 3306//2248 3295//2248
f 3316//2249 3290//2249 3302//2249
f 3290//2250 3316//2250 3306//2250
f 3326//2251 3302//2251 3312//2251
f 3302//2252 3326//2252 3316//2252
f 3345//2253 3312//2253 3324//2253
f 3312//2254 3345//2254 3326//2254
f 3359//2255 3324//2255 3340//2255
f 3324//2256 3359//2256 3345//2256
f 3376//2257 3340//2257 3353//2257
f 3340//2258 3376//2258 3359//2258
f 3394//2259 3353//2259 3368//2259
f 3353//2260 3394//2260 3376//2260
f 3404//2261 3368//2261 3373//2261
f 3368//2262 3404//2262 3394//2262
f 3406//2263 3373//2263 3379//2263
f 3373//2264 3406//2264 3404//2264
f 3310//2265 3292//2265 3295//2265
f 3292//2266 3310//2266 3307//2266
f 3318//2267 3295//2267 3306//2267
f 3295//2268 3318//2268 3310//2268
f 3336//2269 3306//2269 3316//2269
f 3306//2270 3336//2270 3318//2270
f 3348//2271 3316//2271 3326//2271
f 3316//2272 3348//2272 3336//2272
f 3369//2273 3326//2273 3345//2273
f 3326//2274 3369//2274 3348//2274
f 3389//2275 3345//2275 3359//2275
f 3345//2276 3389//2276 3369//2276
f 3425//2277 3359//2277 3376//2277
f 3359//2278 3425//2278 3389//2278
f 3449//2279 3376//2279 3394//2279
f 3376//2280 3449//2280 3425//2280
f 3468//2281 3394//2281 3404//2281
f 3394//2282 3468//2282 3449//2282
f 3472//2283 3404//2283 3406//2283
f 3404//2284 3472//2284 3468//2284
f 3335//2285 3307//2285 3310//2285
f 3307//2286 3335//2286 3329//2286
f 3343//2287 3310//2287 3318//2287
f 3310//2288 3343//2288 3335//2288
f 3362//2289 3318//2289 3336//2289
f 3318//2290 3362//2290 3343//2290
f 3386//2291 3336//2291 3348//2291
f 3336//2292 3386//2292 3362//2292
f 3422//2293 3348//2293 3369//2293
f 3348//2294 3422//2294 3386//2294
f 3464//2295 3369//2295 3389//2295
f 3369//2296 3464//2296 3422//2296
f 3490//2297 3389//2297 3425//2297
f 3389//2298 3490//2298 3464//2298
f 3505//2299 3425//2299 3449//2299
f 3425//2300 3505//2300 3490//2300
f 3521//2301 3449//2301 3468//2301
f 3449//2302 3521//2302 3505//2302
f 3523//2303 3468//2303 3472//2303
f 3468//2304 3523//2304 3521//2304
f 3364//2305 3329//2305 3335//2305
f 3329//2306 3364//2306 3357//2306
f 3382//2307 3335//2307 3343//2307
f 3335//2308 3382//2308 3364//2308
f 3416//2309 3343//2309 3362//2309
f 3343//2310 3416//2310 3382//2310
f 3465//2311 3362//2311 3386//2311
f 3362//2312 3465//2312 3416//2312
f 3495//2313 3386//2313 3422//2313
f 3386//2314 3495//2314 3465//2314
f 3528//2315 3422//2315 3464//2315
f 3422//2316 3528//2316 3495//2316
f 3553//2317 3464//2317 3490//2317
f 3464//2318 3553//2318 3528//2318
f 3579//2319 3490//2319 3505//2319
f 3490//2320 3579//2320 3553//2320
f 3592//2321 3505//2321 3521//2321
f 3505//2322 3592//2322 3579//2322
f 3604//2323 3521//2323 3523//2323
f 3521//2324 3604//2324 3592//2324
f 3221//2325 3096//2325 3094//2325
f 3094//2326 3224//2326 3221//2326
f 3219//2327 3099//2327 3096//2327
f 3096//2328 3221//2328 3219//2328
f 3218//2329 3100//2329 3099//2329
f 3099//2330 3219//2330 3218//2330
f 3216//2331 3103//2331 3100//2331
f 3100//2332 3218//2332 3216//2332
f 3212//2333 3105//2333 3103//2333
f 3103//2334 3216//2334 3212//2334
f 3206//2335 3107//2335 3105//2335
f 3105//2336 3212//2336 3206//2336
f 3197//2337 3108//2337 3107//2337
f 3107//2338 3206//2338 3197//2338
f 3193//2339 3111//2339 3108//2339
f 3108//2340 3197//2340 3193//2340
f 3187//2341 3112//2341 3111//2341
f 3111//2342 3193//2342 3187//2342
f 3183//2343 3114//2343 3112//2343
f 3112//2344 3187//2344 3183//2344
f 3252//2345 3221//2345 3224//2345
f 3224//2346 3254//2346 3252//2346
f 3250//2347 3219//2347 3221//2347
f 3221//2348 3252//2348 3250//2348
f 3246//2349 3218//2349 3219//2349
f 3219//2350 3250//2350 3246//2350
f 3242//2351 3216//2351 3218//2351
f 3218//2352 3246//2352 3242//2352
f 3236//2353 3212//2353 3216//2353
f 3216//2354 3242//2354 3236//2354
f 3234//2355 3206//2355 3212//2355
f 3212//2356 3236//2356 3234//2356
f 3232//2357 3197//2357 3206//2357
f 3206//2358 3234//2358 3232//2358
f 3230//2359 3193//2359 3197//2359
f 3197//2360 3232//2360 3230//2360
f 3228//2361 3187//2361 3193//2361
f 3193//2362 3230//2362 3228//2362
f 3226//2363 3183//2363 3187//2363
f 3187//2364 3228//2364 3226//2364
f 3294//2365 3252//2365 3254//2365
f 3254//2366 3298//2366 3294//2366
f 3286//2367 3250//2367 3252//2367
f 3252//2368 3294//2368 3286//2368
f 3280//2369 3246//2369 3250//2369
f 3250//2370 3286//2370 3280//2370
f 3272//2371 3242//2371 3246//2371
f 3246//2372 3280//2372 3272//2372
f 3264//2373 3236//2373 3242//2373
f 3242//2374 3272//2374 3264//2374
f 3258//2375 3234//2375 3236//2375
f 3236//2376 3264//2376 3258//2376
f 3248//2377 3232//2377 3234//2377
f 3234//2378 3258//2378 3248//2378
f 3244//2379 3230//2379 3232//2379
f 3232//2380 3248//2380 3244//2380
f 3240//2381 3228//2381 3230//2381
f 3230//2382 3244//2382 3240//2382
f 3238//2383 3226//2383 3228//2383
f 3228//2384 3240//2384 3238//2384
f 3331//2385 3294//2385 3298//2385
f 3298//2386 3333//2386 3331//2386
f 3321//2387 3286//2387 3294//2387
f 3294//2388 3331//2388 3321//2388
f 3315//2389 3280//2389 3286//2389
f 3286//2390 3321//2390 3315//2390
f 3304//2391 3272//2391 3280//2391
f 3280//2392 3315//2392 3304//2392
f 3288//2393 3264//2393 3272//2393
f 3272//2394 3304//2394 3288//2394
f 3276//2395 3258//2395 3264//2395
f 3264//2396 3288//2396 3276//2396
f 3266//2397 3248//2397 3258//2397
f 3258//2398 3276//2398 3266//2398
f 3262//2399 3244//2399 3248//2399
f 3248//2400 3266//2400 3262//2400
f 3260//2401 3240//2401 3244//2401
f 3244//2402 3262//2402 3260//2402
f 3256//2403 3238//2403 3240//2403
f 3240//2404 3260//2404 3256//2404
f 3350//2405 3331//2405 3333//2405
f 3333//2406 3354//2406 3350//2406
f 3347//2407 3321//2407 3331//2407
f 3331//2408 3350//2408 3347//2408
f 3339//2409 3315//2409 3321//2409
f 3321//2410 3347//2410 3339//2410
f 3323//2411 3304//2411 3315//2411
f 3315//2412 3339//2412 3323//2412
f 3309//2413 3288//2413 3304//2413
f 3304//2414 3323//2414 3309//2414
f 3300//2415 3276//2415 3288//2415
f 3288//2416 3309//2416 3300//2416
f 3284//2417 3266//2417 3276//2417
f 3276//2418 3300//2418 3284//2418
f 3274//2419 3262//2419 3266//2419
f 3266//2420 3284//2420 3274//2420
f 3269//2421 3260//2421 3262//2421
f 3262//2422 3274//2422 3269//2422
f 3267//2423 3256//2423 3260//2423
f 3260//2424 3269//2424 3267//2424
f 3372//2425 3350//2425 3354//2425
f 3354//2426 3378//2426 3372//2426
f 3367//2427 3347//2427 3350//2427
f 3350//2428 3372//2428 3367//2428
f 3352//2429 3339//2429 3347//2429
f 3347//2430 3367//2430 3352//2430
f 3341//2431 3323//2431 3339//2431
f 3339//2432 3352//2432 3341//2432
f 3325//2433 3309//2433 3323//2433
f 3323//2434 3341//2434 3325//2434
f 3313//2435 3300//2435 3309//2435
f 3309//2436 3325//2436 3313//2436
f 3301//2437 3284//2437 3300//2437
f 3300//2438 3313//2438 3301//2438
f 3289//2439 3274//2439 3284//2439
f 3284//2440 3301//2440 3289//2440
f 3281//2441 3269//2441 3274//2441
f 3274//2442 3289//2442 3281//2442
f 3277//2443 3267//2443 3269//2443
f 3269//2444 3281//2444 3277//2444
f 3403//2445 3372//2445 3378//2445
f 3378//2446 3405//2446 3403//2446
f 3393//2447 3367//2447 3372//2447
f 3372//2448 3403//2448 3393//2448
f 3377//2449 3352//2449 3367//2449
f 3367//2450 3393//2450 3377//2450
f 3360//2451 3341//2451 3352//2451
f 3352//2452 3377//2452 3360//2452
f 3344//2453 3325//2453 3341//2453
f 3341//2454 3360//2454 3344//2454
f 3327//2455 3313//2455 3325//2455
f 3325//2456 3344//2456 3327//2456
f 3317//2457 3301//2457 3313//2457
f 3313//2458 3327//2458 3317//2458
f 3305//2459 3289//2459 3301//2459
f 3301//2460 3317//2460 3305//2460
f 3296//2461 3281//2461 3289//2461
f 3289//2462 3305//2462 3296//2462
f 3291//2463 3277//2463 3281//2463
f 3281//2464 3296//2464 3291//2464
f 3469//2465 3403//2465 3405//2465
f 3405//2466 3472//2466 3469//2466
f 3450//2467 3393//2467 3403//2467
f 3403//2468 3469//2468 3450//2468
f 3426//2469 3377//2469 3393//2469
f 3393//2470 3450//2470 3426//2470
f 3390//2471 3360//2471 3377//2471
f 3377//2472 3426//2472 3390//2472
f 3370//2473 3344//2473 3360//2473
f 3360//2474 3390//2474 3370//2474
f 3349//2475 3327//2475 3344//2475
f 3344//2476 3370//2476 3349//2476
f 3337//2477 3317//2477 3327//2477
f 3327//2478 3349//2478 3337//2478
f 3319//2479 3305//2479 3317//2479
f 3317//2480 3337//2480 3319//2480
f 3311//2481 3296//2481 3305//2481
f 3305//2482 3319//2482 3311//2482
f 3307//2483 3291//2483 3296//2483
f 3296//2484 3311//2484 3307//2484
f 3520//2485 3469//2485 3472//2485
f 3472//2486 3522//2486 3520//2486
f 3504//2487 3450//2487 3469//2487
f 3469//2488 3520//2488 3504//2488
f 3489//2489 3426//2489 3450//2489
f 3450//2490 3504//2490 3489//2490
f 3463//2491 3390//2491 3426//2491
f 3426//2492 3489//2492 3463//2492
f 3421//2493 3370//2493 3390//2493
f 3390//2494 3463//2494 3421//2494
f 3385//2495 3349//2495 3370//2495
f 3370//2496 3421//2496 3385//2496
f 3361//2497 3337//2497 3349//2497
f 3349//2498 3385//2498 3361//2498
f 3342//2499 3319//2499 3337//2499
f 3337//2500 3361//2500 3342//2500
f 3334//2501 3311//2501 3319//2501
f 3319//2502 3342//2502 3334//2502
f 3328//2503 3307//2503 3311//2503
f 3311//2504 3334//2504 3328//2504
f 3591//2505 3520//2505 3522//2505
f 3522//2506 3603//2506 3591//2506
f 3578//2507 3504//2507 3520//2507
f 3520//2508 3591//2508 3578//2508
f 3552//2509 3489//2509 3504//2509
f 3504//2510 3578//2510 3552//2510
f 3530//2511 3463//2511 3489//2511
f 3489//2512 3552//2512 3530//2512
f 3499//2513 3421//2513 3463//2513
f 3463//2514 3530//2514 3499//2514
f 3467//2515 3385//2515 3421//2515
f 3421//2516 3499//2516 3467//2516
f 3415//2517 3361//2517 3385//2517
f 3385//2518 3467//2518 3415//2518
f 3381//2519 3342//2519 3361//2519
f 3361//2520 3415//2520 3381//2520
f 3363//2521 3334//2521 3342//2521
f 3342//2522 3381//2522 3363//2522
f 3356//2523 3328//2523 3334//2523
f 3334//2524 3363//2524 3356//2524
f 3374//2525 3365//2525 3358//2525
f 3358//2526 3371//2526 3374//2526
f 3395//2527 3383//2527 3365//2527
f 3365//2528 3374//2528 3395//2528
f 3443//2529 3417//2529 3383//2529
f 3383//2530 3395//2530 3443//2530
f 3481//2531 3466//2531 3417//2531
f 3417//2532 3443//2532 3481//2532
f 3514//2533 3496//2533 3466//2533
f 3466//2534 3481//2534 3514//2534
f 3545//2535 3529//2535 3496//2535
f 3496//2536 3514//2536 3545//2536
f 3573//2537 3551//2537 3529//2537
f 3529//2538 3545//2538 3573//2538
f 3597//2539 3577//2539 3551//2539
f 3551//2540 3573//2540 3597//2540
f 3613//2541 3590//2541 3577//2541
f 3577//2542 3597//2542 3613//2542
f 3619//2543 3603//2543 3590//2543
f 3590//2544 3613//2544 3619//2544
f 3387//2545 3374//2545 3371//2545
f 3371//2546 3380//2546 3387//2546
f 3413//2547 3395//2547 3374//2547
f 3374//2548 3387//2548 3413//2548
f 3461//2549 3443//2549 3395//2549
f 3395//2550 3413//2550 3461//2550
f 3493//2551 3481//2551 3443//2551
f 3443//2552 3461//2552 3493//2552
f 3524//2553 3514//2553 3481//2553
f 3481//2554 3493//2554 3524//2554
f 3556//2555 3545//2555 3514//2555
f 3514//2556 3524//2556 3556//2556
f 3584//2557 3573//2557 3545//2557
f 3545//2558 3556//2558 3584//2558
f 3611//2559 3597//2559 3573//2559
f 3573//2560 3584//2560 3611//2560
f 3628//2561 3613//2561 3597//2561
f 3597//2562 3611//2562 3628//2562
f 3632//2563 3619//2563 3613//2563
f 3613//2564 3628//2564 3632//2564
f 3398//2565 3387//2565 3380//2565
f 3380//2566 3391//2566 3398//2566
f 3435//2567 3413//2567 3387//2567
f 3387//2568 3398//2568 3435//2568
f 3473//2569 3461//2569 3413//2569
f 3413//2570 3435//2570 3473//2570
f 3500//2571 3493//2571 3461//2571
f 3461//2572 3473//2572 3500//2572
f 3531//2573 3524//2573 3493//2573
f 3493//2574 3500//2574 3531//2574
f 3562//2575 3556//2575 3524//2575
f 3524//2576 3531//2576 3562//2576
f 3595//2577 3584//2577 3556//2577
f 3556//2578 3562//2578 3595//2578
f 3617//2579 3611//2579 3584//2579
f 3584//2580 3595//2580 3617//2580
f 3633//2581 3628//2581 3611//2581
f 3611//2582 3617//2582 3633//2582
f 3641//2583 3632//2583 3628//2583
f 3628//2584 3633//2584 3641//2584
f 3409//2585 3398//2585 3391//2585
f 3391//2586 3400//2586 3409//2586
f 3447//2587 3435//2587 3398//2587
f 3398//2588 3409//2588 3447//2588
f 3477//2589 3473//2589 3435//2589
f 3435//2590 3447//2590 3477//2590
f 3506//2591 3500//2591 3473//2591
f 3473//2592 3477//2592 3506//2592
f 3540//2593 3531//2593 3500//2593
f 3500//2594 3506//2594 3540//2594
f 3567//2595 3562//2595 3531//2595
f 3531//2596 3540//2596 3567//2596
f 3601//2597 3595//2597 3562//2597
f 3562//2598 3567//2598 3601//2598
f 3624//2599 3617//2599 3595//2599
f 3595//2600 3601//2600 3624//2600
f 3639//2601 3633//2601 3617//2601
f 3617//2602 3624//2602 3639//2602
f 3644//2603 3641//2603 3633//2603
f 3633//2604 3639//2604 3644//2604
f 3433//2605 3409//2605 3400//2605
f 3400//2606 3411//2606 3433//2606
f 3453//2607 3447//2607 3409//2607
f 3409//2608 3433//2608 3453//2608
f 3483//2609 3477//2609 3447//2609
f 3447//2610 3453//2610 3483//2610
f 3510//2611 3506//2611 3477//2611
f 3477//2612 3483//2612 3510//2612
f 3543//2613 3540//2613 3506//2613
f 3506//2614 3510//2614 3543//2614
f 3569//2615 3567//2615 3540//2615
f 3540//2616 3543//2616 3569//2616
f 3599//2617 3601//2617 3567//2617
f 3567//2618 3569//2618 3599//2618
f 3622//2619 3624//2619 3601//2619
f 3601//2620 3599//2620 3622//2620
f 3637//2621 3639//2621 3624//2621
f 3624//2622 3622//2622 3637//2622
f 3642//2623 3644//2623 3639//2623
f 3639//2624 3637//2624 3642//2624
f 3439//2625 3433//2625 3411//2625
f 3411//2626 3424//2626 3439//2626
f 3458//2627 3453//2627 3433//2627
f 3433//2628 3439//2628 3458//2628
f 3487//2629 3483//2629 3453//2629
f 3453//2630 3458//2630 3487//2630
f 3513//2631 3510//2631 3483//2631
f 3483//2632 3487//2632 3513//2632
f 3542//2633 3543//2633 3510//2633
f 3510//2634 3513//2634 3542//2634
f 3566//2635 3569//2635 3543//2635
f 3543//2636 3542//2636 3566//2636
f 3593//2637 3599//2637 3569//2637
f 3569//2638 3566//2638 3593//2638
f 3616//2639 3622//2639 3599//2639
f 3599//2640 3593//2640 3616//2640
f 3630//2641 3637//2641 3622//2641
f 3622//2642 3616//2642 3630//2642
f 3636//2643 3642//2643 3637//2643
f 3637//2644 3630//2644 3636//2644
f 3441//2645 3439//2645 3424//2645
f 3424//2646 3429//2646 3441//2646
f 3459//2647 3458//2647 3439//2647
f 3439//2648 3441//2648 3459//2648
f 3485//2649 3487//2649 3458//2649
f 3458//2650 3459//2650 3485//2650
f 3508//2651 3513//2651 3487//2651
f 3487//2652 3485//2652 3508//2652
f 3533//2653 3542//2653 3513//2653
f 3513//2654 3508//2654 3533//2654
f 3558//2655 3566//2655 3542//2655
f 3542//2656 3533//2656 3558//2656
f 3582//2657 3593//2657 3566//2657
f 3566//2658 3558//2658 3582//2658
f 3607//2659 3616//2659 3593//2659
f 3593//2660 3582//2660 3607//2660
f 3620//2661 3630//2661 3616//2661
f 3616//2662 3607//2662 3620//2662
f 3626//2663 3636//2663 3630//2663
f 3630//2664 3620//2664 3626//2664
f 3437//2665 3441//2665 3429//2665
f 3429//2666 3427//2666 3437//2666
f 3455//2667 3459//2667 3441//2667
f 3441//2668 3437//2668 3455//2668
f 3479//2669 3485//2669 3459//2669
f 3459//2670 3455//2670 3479//2670
f 3502//2671 3508//2671 3485//2671
f 3485//2672 3479//2672 3502//2672
f 3526//2673 3533//2673 3508//2673
f 3508//2674 3502//2674 3526//2674
f 3547//2675 3558//2675 3533//2675
f 3533//2676 3526//2676 3547//2676
f 3571//2677 3582//2677 3558//2677
f 3558//2678 3547//2678 3571//2678
f 3588//2679 3607//2679 3582//2679
f 3582//2680 3571//2680 3588//2680
f 3605//2681 3620//2681 3607//2681
f 3607//2682 3588//2682 3605//2682
f 3609//2683 3626//2683 3620//2683
f 3620//2683 3605//2683 3609//2683
f 3419//2684 3437//2684 3427//2684
f 3427//2685 3408//2685 3419//2685
f 3445//2686 3455//2686 3437//2686
f 3437//2687 3419//2687 3445//2687
f 3470//2688 3479//2688 3455//2688
f 3455//2689 3445//2689 3470//2689
f 3492//2690 3502//2690 3479//2690
f 3479//2691 3470//2691 3492//2691
f 3517//2692 3526//2692 3502//2692
f 3502//2693 3492//2693 3517//2693
f 3536//2694 3547//2694 3526//2694
f 3526//2695 3517//2695 3536//2695
f 3554//2696 3571//2696 3547//2696
f 3547//2697 3536//2697 3554//2697
f 3575//2698 3588//2698 3571//2698
f 3571//2699 3554//2699 3575//2699
f 3580//2700 3605//2700 3588//2700
f 3588//2701 3575//2701 3580//2701
f 3587//2702 3609//2702 3605//2702
f 3605//2703 3580//2703 3587//2703
f 3401//2704 3419//2704 3408//2704
f 3408//2705 3397//2705 3401//2705
f 3431//2706 3445//2706 3419//2706
f 3419//2707 3401//2707 3431//2707
f 3451//2708 3470//2708 3445//2708
f 3445//2709 3431//2709 3451//2709
f 3475//2710 3492//2710 3470//2710
f 3470//2711 3451//2711 3475//2711
f 3497//2712 3517//2712 3492//2712
f 3492//2713 3475//2713 3497//2713
f 3518//2714 3536//2714 3517//2714
f 3517//2715 3497//2715 3518//2715
f 3537//2716 3554//2716 3536//2716
f 3536//2717 3518//2717 3537//2717
f 3549//2718 3575//2718 3554//2718
f 3554//2719 3537//2719 3549//2719
f 3560//2720 3580//2720 3575//2720
f 3575//2721 3549//2721 3560//2721
f 3564//2722 3587//2722 3580//2722
f 3580//2723 3560//2723 3564//2723
f 3614//2724 3591//2724 3603//2724
f 3603//2725 3619//2725 3614//2725
f 3598//2726 3578//2726 3591//2726
f 3591//2727 3614//2727 3598//2727
f 3574//2728 3552//2728 3578//2728
f 3578//2729 3598//2729 3574//2729
f 3546//2730 3530//2730 3552//2730
f 3552//2731 3574//2731 3546//2731
f 3515//2732 3499//2732 3530//2732
f 3530//2733 3546//2733 3515//2733
f 3482//2734 3467//2734 3499//2734
f 3499//2735 3515//2735 3482//2735
f 3444//2736 3418//2736 3467//2736
f 3467//2737 3482//2737 3444//2737
f 3396//2738 3384//2738 3418//2738
f 3418//2739 3444//2739 3396//2739
f 3375//2740 3366//2740 3384//2740
f 3384//2741 3396//2741 3375//2741
f 3371//2742 3358//2742 3366//2742
f 3366//2743 3375//2743 3371//2743
f 3629//2744 3614//2744 3619//2744
f 3619//2745 3632//2745 3629//2745
f 3612//2746 3598//2746 3614//2746
f 3614//2747 3629//2747 3612//2747
f 3585//2748 3574//2748 3598//2748
f 3598//2749 3612//2749 3585//2749
f 3557//2750 3546//2750 3574//2750
f 3574//2751 3585//2751 3557//2751
f 3525//2752 3515//2752 3546//2752
f 3546//2753 3557//2753 3525//2753
f 3494//2754 3482//2754 3515//2754
f 3515//2755 3525//2755 3494//2755
f 3462//2756 3444//2756 3482//2756
f 3482//2757 3494//2757 3462//2757
f 3414//2758 3396//2758 3444//2758
f 3444//2759 3462//2759 3414//2759
f 3388//2760 3375//2760 3396//2760
f 3396//2761 3414//2761 3388//2761
f 3380//2762 3371//2762 3375//2762
f 3375//2763 3388//2763 3380//2763
f 3634//2764 3629//2764 3632//2764
f 3632//2765 3641//2765 3634//2765
f 3618//2766 3612//2766 3629//2766
f 3629//2767 3634//2767 3618//2767
f 3596//2768 3585//2768 3612//2768
f 3612//2769 3618//2769 3596//2769
f 3563//2770 3557//2770 3585//2770
f 3585//2771 3596//2771 3563//2771
f 3532//2772 3525//2772 3557//2772
f 3557//2773 3563//2773 3532//2773
f 3501//2774 3494//2774 3525//2774
f 3525//2775 3532//2775 3501//2775
f 3474//2776 3462//2776 3494//2776
f 3494//2777 3501//2777 3474//2777
f 3436//2778 3414//2778 3462//2778
f 3462//2779 3474//2779 3436//2779
f 3399//2780 3388//2780 3414//2780
f 3414//2781 3436//2781 3399//2781
f 3392//2782 3380//2782 3388//2782
f 3388//2783 3399//2783 3392//2783
f 3640//2784 3634//2784 3641//2784
f 3641//2785 3644//2785 3640//2785
f 3625//2786 3618//2786 3634//2786
f 3634//2787 3640//2787 3625//2787
f 3602//2788 3596//2788 3618//2788
f 3618//2789 3625//2789 3602//2789
f 3568//2790 3563//2790 3596//2790
f 3596//2791 3602//2791 3568//2791
f 3539//2792 3532//2792 3563//2792
f 3563//2793 3568//2793 3539//2793
f 3507//2794 3501//2794 3532//2794
f 3532//2795 3539//2795 3507//2795
f 3478//2796 3474//2796 3501//2796
f 3501//2797 3507//2797 3478//2797
f 3448//2798 3436//2798 3474//2798
f 3474//2799 3478//2799 3448//2799
f 3410//2800 3399//2800 3436//2800
f 3436//2801 3448//2801 3410//2801
f 3400//2802 3392//2802 3399//2802
f 3399//2803 3410//2803 3400//2803
f 3638//2804 3640//2804 3644//2804
f 3644//2805 3643//2805 3638//2805
f 3623//2806 3625//2806 3640//2806
f 3640//2807 3638//2807 3623//2807
f 3600//2808 3602//2808 3625//2808
f 3625//2809 3623//2809 3600//2809
f 3570//2810 3568//2810 3602//2810
f 3602//2811 3600//2811 3570//2811
f 3544//2812 3539//2812 3568//2812
f 3568//2813 3570//2813 3544//2813
f 3511//2814 3507//2814 3539//2814
f 3539//2815 3544//2815 3511//2815
f 3484//2816 3478//2816 3507//2816
f 3507//2817 3511//2817 3484//2817
f 3454//2818 3448//2818 3478//2818
f 3478//2819 3484//2819 3454//2819
f 3434//2820 3410//2820 3448//2820
f 3448//2821 3454//2821 3434//2821
f 3412//2822 3400//2822 3410//2822
f 3410//2823 3434//2823 3412//2823
f 3631//2824 3638//2824 3643//2824
f 3643//2825 3635//2825 3631//2825
f 3615//2826 3623//2826 3638//2826
f 3638//2827 3631//2827 3615//2827
f 3594//2828 3600//2828 3623//2828
f 3623//2829 3615//2829 3594//2829
f 3565//2830 3570//2830 3600//2830
f 3600//2831 3594//2831 3565//2831
f 3541//2832 3544//2832 3570//2832
f 3570//2833 3565//2833 3541//2833
f 3512//2834 3511//2834 3544//2834
f 3544//2835 3541//2835 3512//2835
f 3488//2836 3484//2836 3511//2836
f 3511//2837 3512//2837 3488//2837
f 3457//2838 3454//2838 3484//2838
f 3484//2839 3488//2839 3457//2839
f 3440//2840 3434//2840 3454//2840
f 3454//2841 3457//2841 3440//2841
f 3423//2842 3412//2842 3434//2842
f 3434//2843 3440//2843 3423//2843
f 3621//2844 3631//2844 3635//2844
f 3635//2845 3627//2845 3621//2845
f 3608//2846 3615//2846 3631//2846
f 3631//2847 3621//2847 3608//2847
f 3583//2848 3594//2848 3615//2848
f 3615//2849 3608//2849 3583//2849
f 3559//2850 3565//2850 3594//2850
f 3594//2851 3583//2851 3559//2851
f 3534//2852 3541//2852 3565//2852
f 3565//2853 3559//2853 3534//2853
f 3509//2854 3512//2854 3541//2854
f 3541//2855 3534//2855 3509//2855
f 3486//2856 3488//2856 3512//2856
f 3512//2857 3509//2857 3486//2857
f 3460//2858 3457//2858 3488//2858
f 3488//2859 3486//2859 3460//2859
f 3442//2860 3440//2860 3457//2860
f 3457//2861 3460//2861 3442//2861
f 3430//2862 3423//2862 3440//2862
f 3440//2863 3442//2863 3430//2863
f 3606//2864 3621//2864 3627//2864
f 3627//2864 3610//2864 3606//2864
f 3589//2865 3608//2865 3621//2865
f 3621//2866 3606//2866 3589//2866
f 3572//2867 3583//2867 3608//2867
f 3608//2868 3589//2868 3572//2868
f 3548//2869 3559//2869 3583//2869
f 3583//2870 3572//2870 3548//2870
f 3527//2871 3534//2871 3559//2871
f 3559//2872 3548//2872 3527//2872
f 3503//2873 3509//2873 3534//2873
f 3534//2874 3527//2874 3503//2874
f 3480//2875 3486//2875 3509//2875
f 3509//2876 3503//2876 3480//2876
f 3456//2877 3460//2877 3486//2877
f 3486//2878 3480//2878 3456//2878
f 3438//2879 3442//2879 3460//2879
f 3460//2880 3456//2880 3438//2880
f 3428//2881 3430//2881 3442//2881
f 3442//2882 3438//2882 3428//2882
f 3581//2883 3606//2883 3610//2883
f 3610//2884 3586//2884 3581//2884
f 3576//2885 3589//2885 3606//2885
f 3606//2886 3581//2886 3576//2886
f 3555//2887 3572//2887 3589//2887
f 3589//2888 3576//2888 3555//2888
f 3535//2889 3548//2889 3572//2889
f 3572//2890 3555//2890 3535//2890
f 3516//2891 3527//2891 3548//2891
f 3548//2892 3535//2892 3516//2892
f 3491//2893 3503//2893 3527//2893
f 3527//2894 3516//2894 3491//2894
f 3471//2895 3480//2895 3503//2895
f 3503//2896 3491//2896 3471//2896
f 3446//2897 3456//2897 3480//2897
f 3480//2898 3471//2898 3446//2898
f 3420//2899 3438//2899 3456//2899
f 3456//2900 3446//2900 3420//2900
f 3407//2901 3428//2901 3438//2901
f 3438//2902 3420//2902 3407//2902
f 3561//2903 3581//2903 3586//2903
f 3586//2904 3564//2904 3561//2904
f 3550//2905 3576//2905 3581//2905
f 3581//2906 3561//2906 3550//2906
f 3538//2907 3555//2907 3576//2907
f 3576//2908 3550//2908 3538//2908
f 3519//2909 3535//2909 3555//2909
f 3555//2910 3538//2910 3519//2910
f 3498//2911 3516//2911 3535//2911
f 3535//2912 3519//2912 3498//2912
f 3476//2913 3491//2913 3516//2913
f 3516//2914 3498//2914 3476//2914
f 3452//2915 3471//2915 3491//2915
f 3491//2916 3476//2916 3452//2916
f 3432//2917 3446//2917 3471//2917
f 3471//2918 3452//2918 3432//2918
f 3402//2919 3420//2919 3446//2919
f 3446//2920 3432//2920 3402//2920
f 3397//2921 3407//2921 3420//2921
f 3420//2922 3402//2922 3397//2922
f 1888//2923 2110//2923 2104//2923
f 1888//2924 2104//2924 2096//2924
f 1888//2925 2096//2925 2076//2925
f 1888//2926 2076//2926 2048//2926
f 1888//2927 2048//2927 2030//2927
f 1888//2928 2030//2928 2006//2928
f 1888//2929 2006//2929 1982//2929
f 1888//2930 1982//2930 1960//2930
f 1888//2931 1960//2931 1936//2931
f 1888//2932 1936//2932 1732//2932
f 2257//2933 2104//2933 2110//2933
f 2110//2933 2261//2933 2257//2933
f 2249//2934 2096//2934 2104//2934
f 2104//2934 2257//2934 2249//2934
f 2226//2935 2076//2935 2096//2935
f 2096//2935 2249//2935 2226//2935
f 2200//2936 2048//2936 2076//2936
f 2076//2937 2226//2937 2200//2937
f 2142//2938 2030//2938 2048//2938
f 2048//2938 2200//2938 2142//2938
f 2094//2939 2006//2939 2030//2939
f 2030//2940 2142//2940 2094//2940
f 2036//2941 1982//2941 2006//2941
f 2006//2941 2094//2941 2036//2941
f 1988//2942 1960//2942 1982//2942
f 1982//2942 2036//2942 1988//2942
f 1948//2943 1936//2943 1960//2943
f 1960//2943 1988//2943 1948//2943
f 1728//2944 1732//2944 1936//2944
f 1936//2944 1948//2944 1728//2944
f 2310//2945 2257//2945 2261//2945
f 2261//2945 2315//2945 2310//2945
f 2300//2946 2249//2946 2257//2946
f 2257//2946 2310//2946 2300//2946
f 2279//2947 2226//2947 2249//2947
f 2249//2947 2300//2947 2279//2947
f 2243//2948 2200//2948 2226//2948
f 2226//2948 2279//2948 2243//2948
f 2204//2949 2142//2949 2200//2949
f 2200//2950 2243//2950 2204//2950
f 2132//2951 2094//2951 2142//2951
f 2142//2951 2204//2951 2132//2951
f 2067//2952 2036//2952 2094//2952
f 2094//2952 2132//2952 2067//2952
f 2000//2953 1988//2953 2036//2953
f 2036//2953 2067//2953 2000//2953
f 1956//2954 1948//2954 1988//2954
f 1988//2954 2000//2954 1956//2954
f 1734//2955 1728//2955 1948//2955
f 1948//2955 1956//2955 1734//2955
f 2312//2956 2310//2956 2315//2956
f 2315//2956 2316//2956 2312//2956
f 2302//2957 2300//2957 2310//2957
f 2310//2957 2312//2957 2302//2957
f 2281//2958 2279//2958 2300//2958
f 2300//2958 2302//2958 2281//2958
f 2245//2959 2243//2959 2279//2959
f 2279//2960 2281//2960 2245//2960
f 2206//2961 2204//2961 2243//2961
f 2243//2961 2245//2961 2206//2961
f 2134//2962 2132//2962 2204//2962
f 2204//2962 2206//2962 2134//2962
f 2068//2963 2067//2963 2132//2963
f 2132//2963 2134//2963 2068//2963
f 2002//2964 2000//2964 2067//2964
f 2067//2964 2068//2964 2002//2964
f 1958//2965 1956//2965 2000//2965
f 2000//2965 2002//2965 1958//2965
f 1878//2966 1734//2966 1956//2966
f 1956//2966 1958//2966 1878//2966
f 2285//2967 2312//2967 2316//2967
f 2316//2968 2289//2968 2285//2968
f 2259//2969 2302//2969 2312//2969
f 2312//2970 2285//2970 2259//2970
f 2241//2971 2281//2971 2302//2971
f 2302//2972 2259//2972 2241//2972
f 2214//2973 2245//2973 2281//2973
f 2281//2974 2241//2974 2214//2974
f 2168//2975 2206//2975 2245//2975
f 2245//2975 2214//2975 2168//2975
f 2106//2976 2134//2976 2206//2976
f 2206//2977 2168//2977 2106//2977
f 2042//2978 2068//2978 2134//2978
f 2134//2979 2106//2979 2042//2979
f 1994//2980 2002//2980 2068//2980
f 2068//2981 2042//2981 1994//2981
f 1952//2982 1958//2982 2002//2982
f 2002//2983 1994//2983 1952//2983
f 1731//2984 1878//2984 1958//2984
f 1958//2984 1952//2984 1731//2984
f 2220//2985 2285//2985 2289//2985
f 2289//2985 2225//2985 2220//2985
f 2210//2986 2259//2986 2285//2986
f 2285//2987 2220//2987 2210//2987
f 2186//2988 2241//2988 2259//2988
f 2259//2989 2210//2989 2186//2989
f 2146//2990 2214//2990 2241//2990
f 2241//2991 2186//2991 2146//2991
f 2108//2992 2168//2992 2214//2992
f 2214//2992 2146//2992 2108//2992
f 2060//2993 2106//2993 2168//2993
f 2168//2994 2108//2994 2060//2994
f 2018//2995 2042//2995 2106//2995
f 2106//2995 2060//2995 2018//2995
f 1978//2996 1994//2996 2042//2996
f 2042//2997 2018//2997 1978//2997
f 1944//2998 1952//2998 1994//2998
f 1994//2999 1978//2999 1944//2999
f 1727//3000 1731//3000 1952//3000
f 1952//3001 1944//3001 1727//3001
f 2141//3002 2220//3002 2225//3002
f 2225//3003 2145//3003 2141//3003
f 2127//3004 2210//3004 2220//3004
f 2220//3005 2141//3005 2127//3005
f 2112//3006 2186//3006 2210//3006
f 2210//3007 2127//3007 2112//3007
f 2084//3008 2146//3008 2186//3008
f 2186//3009 2112//3009 2084//3009
f 2044//3010 2108//3010 2146//3010
f 2146//3011 2084//3011 2044//3011
f 2024//3012 2060//3012 2108//3012
f 2108//3012 2044//3012 2024//3012
f 1992//3013 2018//3013 2060//3013
f 2060//3014 2024//3014 1992//3014
f 1970//3015 1978//3015 2018//3015
f 2018//3016 1992//3016 1970//3016
f 1942//3017 1944//3017 1978//3017
f 1978//3018 1970//3018 1942//3018
f 1721//3019 1727//3019 1944//3019
f 1944//3020 1942//3020 1721//3020
f 2079//3021 2141//3021 2145//3021
f 2145//3022 2087//3022 2079//3022
f 2075//3023 2127//3023 2141//3023
f 2141//3024 2079//3024 2075//3024
f 2055//3025 2112//3025 2127//3025
f 2127//3026 2075//3026 2055//3026
f 2039//3027 2084//3027 2112//3027
f 2112//3028 2055//3028 2039//3028
f 2021//3029 2044//3029 2084//3029
f 2084//3030 2039//3030 2021//3030
f 1996//3031 2024//3031 2044//3031
f 2044//3032 2021//3032 1996//3032
f 1974//3033 1992//3033 2024//3033
f 2024//3034 1996//3034 1974//3034
f 1954//3035 1970//3035 1992//3035
f 1992//3036 1974//3036 1954//3036
f 1934//3037 1942//3037 1970//3037
f 1970//3038 1954//3038 1934//3038
f 1720//3039 1721//3039 1942//3039
f 1942//3040 1934//3040 1720//3040
f 2063//3041 2079//3041 2087//3041
f 2087//3042 2071//3042 2063//3042
f 2051//3043 2075//3043 2079//3043
f 2079//3044 2063//3044 2051//3044
f 2041//3045 2055//3045 2075//3045
f 2075//3046 2051//3046 2041//3046
f 2029//3047 2039//3047 2055//3047
f 2055//3048 2041//3048 2029//3048
f 2013//3049 2021//3049 2039//3049
f 2039//3050 2029//3050 2013//3050
f 1991//3051 1996//3051 2021//3051
f 2021//3052 2013//3052 1991//3052
f 1972//3053 1974//3053 1996//3053
f 1996//3054 1991//3054 1972//3054
f 1950//3055 1954//3055 1974//3055
f 1974//3056 1972//3056 1950//3056
f 1932//3057 1934//3057 1954//3057
f 1954//3058 1950//3058 1932//3058
f 1701//3059 1720//3059 1934//3059
f 1934//3060 1932//3060 1701//3060
f 2115//3061 2063//3061 2071//3061
f 2071//3061 2123//3061 2115//3061
f 2101//3062 2051//3062 2063//3062
f 2063//3063 2115//3063 2101//3063
f 2081//3064 2041//3064 2051//3064
f 2051//3065 2101//3065 2081//3065
f 2057//3066 2029//3066 2041//3066
f 2041//3067 2081//3067 2057//3067
f 2033//3068 2013//3068 2029//3068
f 2029//3069 2057//3069 2033//3069
f 2009//3070 1991//3070 2013//3070
f 2013//3071 2033//3071 2009//3071
f 1984//3072 1972//3072 1991//3072
f 1991//3073 2009//3073 1984//3073
f 1964//3074 1950//3074 1972//3074
f 1972//3075 1984//3075 1964//3075
f 1938//3076 1932//3076 1950//3076
f 1950//3077 1964//3077 1938//3077
f 1698//3078 1701//3078 1932//3078
f 1932//3079 1938//3079 1698//3079
f 1888//3080 1886//3080 1686//3080
f 1888//3081 1686//3081 1662//3081
f 1888//3082 1662//3082 1640//3082
f 1888//3083 1640//3083 1616//3083
f 1888//3084 1616//3084 1592//3084
f 1888//3085 1592//3085 1574//3085
f 1888//3086 1574//3086 1546//3086
f 1888//3087 1546//3087 1526//3087
f 1888//3088 1526//3088 1518//3088
f 1888//3089 1518//3089 1512//3089
f 1674//3090 1686//3090 1886//3090
f 1886//3090 1884//3090 1674//3090
f 1634//3091 1662//3091 1686//3091
f 1686//3091 1674//3091 1634//3091
f 1586//3092 1640//3092 1662//3092
f 1662//3092 1634//3092 1586//3092
f 1528//3093 1616//3093 1640//3093
f 1640//3093 1586//3093 1528//3093
f 1480//3094 1592//3094 1616//3094
f 1616//3095 1528//3095 1480//3095
f 1422//3096 1574//3096 1592//3096
f 1592//3096 1480//3096 1422//3096
f 1396//3097 1546//3097 1574//3097
f 1574//3098 1422//3098 1396//3098
f 1373//3099 1526//3099 1546//3099
f 1546//3099 1396//3099 1373//3099
f 1365//3100 1518//3100 1526//3100
f 1526//3100 1373//3100 1365//3100
f 1361//3101 1512//3101 1518//3101
f 1518//3101 1365//3101 1361//3101
f 1666//3102 1674//3102 1884//3102
f 1884//3102 1882//3102 1666//3102
f 1622//3103 1634//3103 1674//3103
f 1674//3103 1666//3103 1622//3103
f 1557//3104 1586//3104 1634//3104
f 1634//3104 1622//3104 1557//3104
f 1490//3105 1528//3105 1586//3105
f 1586//3105 1557//3105 1490//3105
f 1418//3106 1480//3106 1528//3106
f 1528//3107 1490//3107 1418//3107
f 1379//3108 1422//3108 1480//3108
f 1480//3108 1418//3108 1379//3108
f 1343//3109 1396//3109 1422//3109
f 1422//3109 1379//3109 1343//3109
f 1322//3110 1373//3110 1396//3110
f 1396//3110 1343//3110 1322//3110
f 1312//3111 1365//3111 1373//3111
f 1373//3111 1322//3111 1312//3111
f 1309//3112 1361//3112 1365//3112
f 1365//3112 1312//3112 1309//3112
f 1664//3113 1666//3113 1882//3113
f 1882//3113 1879//3113 1664//3113
f 1620//3114 1622//3114 1666//3114
f 1666//3114 1664//3114 1620//3114
f 1554//3115 1557//3115 1622//3115
f 1622//3115 1620//3115 1554//3115
f 1488//3116 1490//3116 1557//3116
f 1557//3116 1554//3116 1488//3116
f 1416//3117 1418//3117 1490//3117
f 1490//3117 1488//3117 1416//3117
f 1377//3118 1379//3118 1418//3118
f 1418//3118 1416//3118 1377//3118
f 1341//3119 1343//3119 1379//3119
f 1379//3120 1377//3120 1341//3120
f 1320//3121 1322//3121 1343//3121
f 1343//3122 1341//3122 1320//3122
f 1310//3123 1312//3123 1322//3123
f 1322//3123 1320//3123 1310//3123
f 1306//3124 1309//3124 1312//3124
f 1312//3124 1310//3124 1306//3124
f 1670//3125 1664//3125 1879//3125
f 1879//3125 1876//3125 1670//3125
f 1628//3126 1620//3126 1664//3126
f 1664//3127 1670//3127 1628//3127
f 1580//3128 1554//3128 1620//3128
f 1620//3129 1628//3129 1580//3129
f 1516//3130 1488//3130 1554//3130
f 1554//3131 1580//3131 1516//3131
f 1454//3132 1416//3132 1488//3132
f 1488//3133 1516//3133 1454//3133
f 1408//3134 1377//3134 1416//3134
f 1416//3134 1454//3134 1408//3134
f 1381//3135 1341//3135 1377//3135
f 1377//3136 1408//3136 1381//3136
f 1363//3137 1320//3137 1341//3137
f 1341//3138 1381//3138 1363//3138
f 1337//3139 1310//3139 1320//3139
f 1320//3140 1363//3140 1337//3140
f 1333//3141 1306//3141 1310//3141
f 1310//3142 1337//3142 1333//3142
f 1678//3143 1670//3143 1876//3143
f 1876//3144 1874//3144 1678//3144
f 1644//3145 1628//3145 1670//3145
f 1670//3146 1678//3146 1644//3146
f 1604//3147 1580//3147 1628//3147
f 1628//3148 1644//3148 1604//3148
f 1562//3149 1516//3149 1580//3149
f 1580//3149 1604//3149 1562//3149
f 1514//3150 1454//3150 1516//3150
f 1516//3150 1562//3150 1514//3150
f 1476//3151 1408//3151 1454//3151
f 1454//3151 1514//3151 1476//3151
f 1436//3152 1381//3152 1408//3152
f 1408//3153 1476//3153 1436//3153
f 1412//3154 1363//3154 1381//3154
f 1381//3155 1436//3155 1412//3155
f 1402//3156 1337//3156 1363//3156
f 1363//3157 1412//3157 1402//3157
f 1399//3158 1333//3158 1337//3158
f 1337//3158 1402//3158 1399//3158
f 1680//3159 1678//3159 1874//3159
f 1874//3160 1872//3160 1680//3160
f 1652//3161 1644//3161 1678//3161
f 1678//3162 1680//3162 1652//3162
f 1630//3163 1604//3163 1644//3163
f 1644//3164 1652//3164 1630//3164
f 1598//3165 1562//3165 1604//3165
f 1604//3166 1630//3166 1598//3166
f 1578//3167 1514//3167 1562//3167
f 1562//3167 1598//3167 1578//3167
f 1538//3168 1476//3168 1514//3168
f 1514//3168 1578//3168 1538//3168
f 1510//3169 1436//3169 1476//3169
f 1476//3170 1538//3170 1510//3170
f 1497//3171 1412//3171 1436//3171
f 1436//3172 1510//3172 1497//3172
f 1483//3173 1402//3173 1412//3173
f 1412//3174 1497//3174 1483//3174
f 1479//3175 1399//3175 1402//3175
f 1402//3176 1483//3176 1479//3176
f 1688//3177 1680//3177 1872//3177
f 1872//3178 1870//3178 1688//3178
f 1668//3179 1652//3179 1680//3179
f 1680//3180 1688//3180 1668//3180
f 1648//3181 1630//3181 1652//3181
f 1652//3182 1668//3182 1648//3182
f 1626//3183 1598//3183 1630//3183
f 1630//3184 1648//3184 1626//3184
f 1603//3185 1578//3185 1598//3185
f 1598//3186 1626//3186 1603//3186
f 1585//3187 1538//3187 1578//3187
f 1578//3188 1603//3188 1585//3188
f 1569//3189 1510//3189 1538//3189
f 1538//3190 1585//3190 1569//3190
f 1549//3191 1497//3191 1510//3191
f 1510//3192 1569//3192 1549//3192
f 1545//3193 1483//3193 1497//3193
f 1497//3194 1549//3194 1545//3194
f 1537//3195 1479//3195 1483//3195
f 1483//3196 1545//3196 1537//3196
f 1690//3197 1688//3197 1870//3197
f 1870//3198 1868//3198 1690//3198
f 1672//3199 1668//3199 1688//3199
f 1688//3200 1690//3200 1672//3200
f 1650//3201 1648//3201 1668//3201
f 1668//3202 1672//3202 1650//3202
f 1633//3203 1626//3203 1648//3203
f 1648//3204 1650//3204 1633//3204
f 1611//3205 1603//3205 1626//3205
f 1626//3206 1633//3206 1611//3206
f 1595//3207 1585//3207 1603//3207
f 1603//3208 1611//3208 1595//3208
f 1583//3209 1569//3209 1585//3209
f 1585//3210 1595//3210 1583//3210
f 1573//3211 1549//3211 1569//3211
f 1569//3212 1583//3212 1573//3212
f 1561//3213 1545//3213 1549//3213
f 1549//3214 1573//3214 1561//3214
f 1553//3215 1537//3215 1545//3215
f 1545//3216 1561//3216 1553//3216
f 1684//3217 1690//3217 1868//3217
f 1868//3218 1865//3218 1684//3218
f 1658//3219 1672//3219 1690//3219
f 1690//3220 1684//3220 1658//3220
f 1638//3221 1650//3221 1672//3221
f 1672//3222 1658//3222 1638//3222
f 1615//3223 1633//3223 1650//3223
f 1650//3224 1638//3224 1615//3224
f 1591//3225 1611//3225 1633//3225
f 1633//3226 1615//3226 1591//3226
f 1567//3227 1595//3227 1611//3227
f 1611//3228 1591//3228 1567//3228
f 1543//3229 1583//3229 1595//3229
f 1595//3230 1567//3230 1543//3230
f 1523//3231 1573//3231 1583//3231
f 1583//3232 1543//3232 1523//3232
f 1509//3233 1561//3233 1573//3233
f 1573//3234 1523//3234 1509//3234
f 1501//3235 1553//3235 1561//3235
f 1561//3235 1509//3235 1501//3235
f 1888//3236 1513//3236 1519//3236
f 1888//3237 1519//3237 1527//3237
f 1888//3238 1527//3238 1547//3238
f 1888//3239 1547//3239 1575//3239
f 1888//3240 1575//3240 1593//3240
f 1888//3241 1593//3241 1617//3241
f 1888//3242 1617//3242 1641//3242
f 1888//3243 1641//3243 1663//3243
f 1888//3244 1663//3244 1687//3244
f 1888//3245 1687//3245 1894//3245
f 1366//3246 1519//3246 1513//3246
f 1513//3246 1362//3246 1366//3246
f 1374//3247 1527//3247 1519//3247
f 1519//3247 1366//3247 1374//3247
f 1397//3248 1547//3248 1527//3248
f 1527//3248 1374//3248 1397//3248
f 1423//3249 1575//3249 1547//3249
f 1547//3250 1397//3250 1423//3250
f 1481//3251 1593//3251 1575//3251
f 1575//3251 1423//3251 1481//3251
f 1529//3252 1617//3252 1593//3252
f 1593//3253 1481//3253 1529//3253
f 1587//3254 1641//3254 1617//3254
f 1617//3254 1529//3254 1587//3254
f 1635//3255 1663//3255 1641//3255
f 1641//3255 1587//3255 1635//3255
f 1675//3256 1687//3256 1663//3256
f 1663//3256 1635//3256 1675//3256
f 1895//3257 1894//3257 1687//3257
f 1687//3257 1675//3257 1895//3257
f 1313//3258 1366//3258 1362//3258
f 1362//3258 1308//3258 1313//3258
f 1323//3259 1374//3259 1366//3259
f 1366//3259 1313//3259 1323//3259
f 1344//3260 1397//3260 1374//3260
f 1374//3260 1323//3260 1344//3260
f 1380//3261 1423//3261 1397//3261
f 1397//3261 1344//3261 1380//3261
f 1419//3262 1481//3262 1423//3262
f 1423//3263 1380//3263 1419//3263
f 1491//3264 1529//3264 1481//3264
f 1481//3264 1419//3264 1491//3264
f 1556//3265 1587//3265 1529//3265
f 1529//3265 1491//3265 1556//3265
f 1623//3266 1635//3266 1587//3266
f 1587//3266 1556//3266 1623//3266
f 1667//3267 1675//3267 1635//3267
f 1635//3267 1623//3267 1667//3267
f 1890//3268 1895//3268 1675//3268
f 1675//3268 1667//3268 1890//3268
f 1311//3269 1313//3269 1308//3269
f 1308//3269 1307//3269 1311//3269
f 1321//3270 1323//3270 1313//3270
f 1313//3270 1311//3270 1321//3270
f 1342//3271 1344//3271 1323//3271
f 1323//3271 1321//3271 1342//3271
f 1378//3272 1380//3272 1344//3272
f 1344//3273 1342//3273 1378//3273
f 1417//3274 1419//3274 1380//3274
f 1380//3274 1378//3274 1417//3274
f 1489//3275 1491//3275 1419//3275
f 1419//3275 1417//3275 1489//3275
f 1555//3276 1556//3276 1491//3276
f 1491//3276 1489//3276 1555//3276
f 1621//3277 1623//3277 1556//3277
f 1556//3277 1555//3277 1621//3277
f 1665//3278 1667//3278 1623//3278
f 1623//3278 1621//3278 1665//3278
f 1881//3279 1890//3279 1667//3279
f 1667//3279 1665//3279 1881//3279
f 1338//3280 1311//3280 1307//3280
f 1307//3281 1334//3281 1338//3281
f 1364//3282 1321//3282 1311//3282
f 1311//3283 1338//3283 1364//3283
f 1382//3284 1342//3284 1321//3284
f 1321//3285 1364//3285 1382//3285
f 1409//3286 1378//3286 1342//3286
f 1342//3287 1382//3287 1409//3287
f 1455//3288 1417//3288 1378//3288
f 1378//3288 1409//3288 1455//3288
f 1517//3289 1489//3289 1417//3289
f 1417//3290 1455//3290 1517//3290
f 1581//3291 1555//3291 1489//3291
f 1489//3292 1517//3292 1581//3292
f 1629//3293 1621//3293 1555//3293
f 1555//3294 1581//3294 1629//3294
f 1671//3295 1665//3295 1621//3295
f 1621//3296 1629//3296 1671//3296
f 1893//3297 1881//3297 1665//3297
f 1665//3297 1671//3297 1893//3297
f 1403//3298 1338//3298 1334//3298
f 1334//3298 1398//3298 1403//3298
f 1413//3299 1364//3299 1338//3299
f 1338//3300 1403//3300 1413//3300
f 1437//3301 1382//3301 1364//3301
f 1364//3302 1413//3302 1437//3302
f 1477//3303 1409//3303 1382//3303
f 1382//3304 1437//3304 1477//3304
f 1515//3305 1455//3305 1409//3305
f 1409//3305 1477//3305 1515//3305
f 1563//3306 1517//3306 1455//3306
f 1455//3307 1515//3307 1563//3307
f 1605//3308 1581//3308 1517//3308
f 1517//3308 1563//3308 1605//3308
f 1645//3309 1629//3309 1581//3309
f 1581//3310 1605//3310 1645//3310
f 1679//3311 1671//3311 1629//3311
f 1629//3312 1645//3312 1679//3312
f 1900//3313 1893//3313 1671//3313
f 1671//3314 1679//3314 1900//3314
f 1482//3315 1403//3315 1398//3315
f 1398//3316 1478//3316 1482//3316
f 1496//3317 1413//3317 1403//3317
f 1403//3318 1482//3318 1496//3318
f 1511//3319 1437//3319 1413//3319
f 1413//3320 1496//3320 1511//3320
f 1539//3321 1477//3321 1437//3321
f 1437//3322 1511//3322 1539//3322
f 1579//3323 1515//3323 1477//3323
f 1477//3324 1539//3324 1579//3324
f 1599//3325 1563//3325 1515//3325
f 1515//3325 1579//3325 1599//3325
f 1631//3326 1605//3326 1563//3326
f 1563//3327 1599//3327 1631//3327
f 1653//3328 1645//3328 1605//3328
f 1605//3329 1631//3329 1653//3329
f 1681//3330 1679//3330 1645//3330
f 1645//3331 1653//3331 1681//3331
f 1902//3332 1900//3332 1679//3332
f 1679//3333 1681//3333 1902//3333
f 1544//3334 1482//3334 1478//3334
f 1478//3335 1536//3335 1544//3335
f 1548//3336 1496//3336 1482//3336
f 1482//3337 1544//3337 1548//3337
f 1568//3338 1511//3338 1496//3338
f 1496//3339 1548//3339 1568//3339
f 1584//3340 1539//3340 1511//3340
f 1511//3341 1568//3341 1584//3341
f 1602//3342 1579//3342 1539//3342
f 1539//3343 1584//3343 1602//3343
f 1627//3344 1599//3344 1579//3344
f 1579//3345 1602//3345 1627//3345
f 1649//3346 1631//3346 1599//3346
f 1599//3347 1627//3347 1649//3347
f 1669//3348 1653//3348 1631//3348
f 1631//3349 1649//3349 1669//3349
f 1689//3350 1681//3350 1653//3350
f 1653//3351 1669//3351 1689//3351
f 1921//3352 1902//3352 1681//3352
f 1681//3353 1689//3353 1921//3353
f 1560//3354 1544//3354 1536//3354
f 1536//3355 1552//3355 1560//3355
f 1572//3356 1548//3356 1544//3356
f 1544//3357 1560//3357 1572//3357
f 1582//3358 1568//3358 1548//3358
f 1548//3359 1572//3359 1582//3359
f 1594//3360 1584//3360 1568//3360
f 1568//3361 1582//3361 1594//3361
f 1610//3362 1602//3362 1584//3362
f 1584//3363 1594//3363 1610//3363
f 1632//3364 1627//3364 1602//3364
f 1602//3365 1610//3365 1632//3365
f 1651//3366 1649//3366 1627//3366
f 1627//3367 1632//3367 1651//3367
f 1673//3368 1669//3368 1649//3368
f 1649//3369 1651//3369 1673//3369
f 1691//3370 1689//3370 1669//3370
f 1669//3371 1673//3371 1691//3371
f 1922//3372 1921//3372 1689//3372
f 1689//3373 1691//3373 1922//3373
f 1508//3374 1560//3374 1552//3374
f 1552//3374 1500//3374 1508//3374
f 1522//3375 1572//3375 1560//3375
f 1560//3376 1508//3376 1522//3376
f 1542//3377 1582//3377 1572//3377
f 1572//3378 1522//3378 1542//3378
f 1566//3379 1594//3379 1582//3379
f 1582//3380 1542//3380 1566//3380
f 1590//3381 1610//3381 1594//3381
f 1594//3382 1566//3382 1590//3382
f 1614//3383 1632//3383 1610//3383
f 1610//3384 1590//3384 1614//3384
f 1639//3385 1651//3385 1632//3385
f 1632//3386 1614//3386 1639//3386
f 1659//3387 1673//3387 1651//3387
f 1651//3388 1639//3388 1659//3388
f 1685//3389 1691//3389 1673//3389
f 1673//3390 1659//3390 1685//3390
f 1928//3391 1922//3391 1691//3391
f 1691//3392 1685//3392 1928//3392
f 1888//3393 1887//3393 1937//3393
f 1888//3394 1937//3394 1961//3394
f 1888//3395 1961//3395 1983//3395
f 1888//3396 1983//3396 2007//3396
f 1888//3397 2007//3397 2031//3397
f 1888//3398 2031//3398 2049//3398
f 1888//3399 2049//3399 2077//3399
f 1888//3400 2077//3400 2097//3400
f 1888//3401 2097//3401 2105//3401
f 1888//3402 2105//3402 2111//3402
f 1949//3403 1937//3403 1887//3403
f 1887//3403 1885//3403 1949//3403
f 1989//3404 1961//3404 1937//3404
f 1937//3404 1949//3404 1989//3404
f 2037//3405 1983//3405 1961//3405
f 1961//3405 1989//3405 2037//3405
f 2095//3406 2007//3406 1983//3406
f 1983//3406 2037//3406 2095//3406
f 2143//3407 2031//3407 2007//3407
f 2007//3408 2095//3408 2143//3408
f 2201//3409 2049//3409 2031//3409
f 2031//3409 2143//3409 2201//3409
f 2227//3410 2077//3410 2049//3410
f 2049//3411 2201//3411 2227//3411
f 2250//3412 2097//3412 2077//3412
f 2077//3412 2227//3412 2250//3412
f 2258//3413 2105//3413 2097//3413
f 2097//3413 2250//3413 2258//3413
f 2262//3414 2111//3414 2105//3414
f 2105//3414 2258//3414 2262//3414
f 1957//3415 1949//3415 1885//3415
f 1885//3415 1883//3415 1957//3415
f 2001//3416 1989//3416 1949//3416
f 1949//3416 1957//3416 2001//3416
f 2066//3417 2037//3417 1989//3417
f 1989//3417 2001//3417 2066//3417
f 2133//3418 2095//3418 2037//3418
f 2037//3418 2066//3418 2133//3418
f 2205//3419 2143//3419 2095//3419
f 2095//3420 2133//3420 2205//3420
f 2244//3421 2201//3421 2143//3421
f 2143//3421 2205//3421 2244//3421
f 2280//3422 2227//3422 2201//3422
f 2201//3422 2244//3422 2280//3422
f 2301//3423 2250//3423 2227//3423
f 2227//3423 2280//3423 2301//3423
f 2311//3424 2258//3424 2250//3424
f 2250//3424 2301//3424 2311//3424
f 2314//3425 2262//3425 2258//3425
f 2258//3425 2311//3425 2314//3425
f 1959//3426 1957//3426 1883//3426
f 1883//3426 1880//3426 1959//3426
f 2003//3427 2001//3427 1957//3427
f 1957//3427 1959//3427 2003//3427
f 2069//3428 2066//3428 2001//3428
f 2001//3428 2003//3428 2069//3428
f 2135//3429 2133//3429 2066//3429
f 2066//3429 2069//3429 2135//3429
f 2207//3430 2205//3430 2133//3430
f 2133//3430 2135//3430 2207//3430
f 2246//3431 2244//3431 2205//3431
f 2205//3431 2207//3431 2246//3431
f 2282//3432 2280//3432 2244//3432
f 2244//3433 2246//3433 2282//3433
f 2303//3434 2301//3434 2280//3434
f 2280//3434 2282//3434 2303//3434
f 2313//3435 2311//3435 2301//3435
f 2301//3435 2303//3435 2313//3435
f 2317//3436 2314//3436 2311//3436
f 2311//3436 2313//3436 2317//3436
f 1953//3437 1959//3437 1880//3437
f 1880//3437 1877//3437 1953//3437
f 1995//3438 2003//3438 1959//3438
f 1959//3439 1953//3439 1995//3439
f 2043//3440 2069//3440 2003//3440
f 2003//3441 1995//3441 2043//3441
f 2107//3442 2135//3442 2069//3442
f 2069//3443 2043//3443 2107//3443
f 2169//3444 2207//3444 2135//3444
f 2135//3445 2107//3445 2169//3445
f 2215//3446 2246//3446 2207//3446
f 2207//3446 2169//3446 2215//3446
f 2242//3447 2282//3447 2246//3447
f 2246//3448 2215//3448 2242//3448
f 2260//3449 2303//3449 2282//3449
f 2282//3450 2242//3450 2260//3450
f 2286//3451 2313//3451 2303//3451
f 2303//3452 2260//3452 2286//3452
f 2290//3453 2317//3453 2313//3453
f 2313//3454 2286//3454 2290//3454
f 1945//3455 1953//3455 1877//3455
f 1877//3456 1875//3456 1945//3456
f 1979//3457 1995//3457 1953//3457
f 1953//3458 1945//3458 1979//3458
f 2019//3459 2043//3459 1995//3459
f 1995//3460 1979//3460 2019//3460
f 2061//3461 2107//3461 2043//3461
f 2043//3461 2019//3461 2061//3461
f 2109//3462 2169//3462 2107//3462
f 2107//3462 2061//3462 2109//3462
f 2147//3463 2215//3463 2169//3463
f 2169//3463 2109//3463 2147//3463
f 2187//3464 2242//3464 2215//3464
f 2215//3465 2147//3465 2187//3465
f 2211//3466 2260//3466 2242//3466
f 2242//3467 2187//3467 2211//3467
f 2221//3468 2286//3468 2260//3468
f 2260//3469 2211//3469 2221//3469
f 2224//3470 2290//3470 2286//3470
f 2286//3470 2221//3470 2224//3470
f 1943//3471 1945//3471 1875//3471
f 1875//3472 1873//3472 1943//3472
f 1971//3473 1979//3473 1945//3473
f 1945//3474 1943//3474 1971//3474
f 1993//3475 2019//3475 1979//3475
f 1979//3476 1971//3476 1993//3476
f 2025//3477 2061//3477 2019//3477
f 2019//3478 1993//3478 2025//3478
f 2045//3479 2109//3479 2061//3479
f 2061//3479 2025//3479 2045//3479
f 2085//3480 2147//3480 2109//3480
f 2109//3480 2045//3480 2085//3480
f 2113//3481 2187//3481 2147//3481
f 2147//3482 2085//3482 2113//3482
f 2126//3483 2211//3483 2187//3483
f 2187//3484 2113//3484 2126//3484
f 2140//3485 2221//3485 2211//3485
f 2211//3486 2126//3486 2140//3486
f 2144//3487 2224//3487 2221//3487
f 2221//3488 2140//3488 2144//3488
f 1935//3489 1943//3489 1873//3489
f 1873//3490 1871//3490 1935//3490
f 1955//3491 1971//3491 1943//3491
f 1943//3492 1935//3492 1955//3492
f 1975//3493 1993//3493 1971//3493
f 1971//3494 1955//3494 1975//3494
f 1997//3495 2025//3495 1993//3495
f 1993//3496 1975//3496 1997//3496
f 2020//3497 2045//3497 2025//3497
f 2025//3498 1997//3498 2020//3498
f 2038//3499 2085//3499 2045//3499
f 2045//3500 2020//3500 2038//3500
f 2054//3501 2113//3501 2085//3501
f 2085//3502 2038//3502 2054//3502
f 2074//3503 2126//3503 2113//3503
f 2113//3504 2054//3504 2074//3504
f 2078//3505 2140//3505 2126//3505
f 2126//3506 2074//3506 2078//3506
f 2086//3507 2144//3507 2140//3507
f 2140//3508 2078//3508 2086//3508
f 1933//3509 1935//3509 1871//3509
f 1871//3510 1869//3510 1933//3510
f 1951//3511 1955//3511 1935//3511
f 1935//3512 1933//3512 1951//3512
f 1973//3513 1975//3513 1955//3513
f 1955//3514 1951//3514 1973//3514
f 1990//3515 1997//3515 1975//3515
f 1975//3516 1973//3516 1990//3516
f 2012//3517 2020//3517 1997//3517
f 1997//3518 1990//3518 2012//3518
f 2028//3519 2038//3519 2020//3519
f 2020//3520 2012//3520 2028//3520
f 2040//3521 2054//3521 2038//3521
f 2038//3522 2028//3522 2040//3522
f 2050//3523 2074//3523 2054//3523
f 2054//3524 2040//3524 2050//3524
f 2062//3525 2078//3525 2074//3525
f 2074//3526 2050//3526 2062//3526
f 2070//3527 2086//3527 2078//3527
f 2078//3528 2062//3528 2070//3528
f 1939//3529 1933//3529 1869//3529
f 1869//3530 1866//3530 1939//3530
f 1965//3531 1951//3531 1933//3531
f 1933//3532 1939//3532 1965//3532
f 1985//3533 1973//3533 1951//3533
f 1951//3534 1965//3534 1985//3534
f 2008//3535 1990//3535 1973//3535
f 1973//3536 1985//3536 2008//3536
f 2032//3537 2012//3537 1990//3537
f 1990//3538 2008//3538 2032//3538
f 2056//3539 2028//3539 2012//3539
f 2012//3540 2032//3540 2056//3540
f 2080//3541 2040//3541 2028//3541
f 2028//3542 2056//3542 2080//3542
f 2100//3543 2050//3543 2040//3543
f 2040//3544 2080//3544 2100//3544
f 2114//3545 2062//3545 2050//3545
f 2050//3546 2100//3546 2114//3546
f 2122//3547 2070//3547 2062//3547
f 2062//3547 2114//3547 2122//3547
f 2232//3548 2116//3548 2124//3548
f 2124//3548 2236//3548 2232//3548
f 2218//3549 2102//3549 2116//3549
f 2116//3549 2232//3549 2218//3549
f 2199//3550 2082//3550 2102//3550
f 2102//3550 2218//3550 2199//3550
f 2150//3551 2058//3551 2082//3551
f 2082//3551 2199//3551 2150//3551
f 2120//3552 2034//3552 2058//3552
f 2058//3553 2150//3553 2120//3553
f 2064//3554 2010//3554 2034//3554
f 2034//3554 2120//3554 2064//3554
f 2023//3555 1986//3555 2010//3555
f 2010//3555 2064//3555 2023//3555
f 1980//3556 1966//3556 1986//3556
f 1986//3556 2023//3556 1980//3556
f 1946//3557 1940//3557 1966//3557
f 1966//3558 1980//3558 1946//3558
f 1862//3559 1730//3559 1940//3559
f 1940//3559 1946//3559 1862//3559
f 2332//3560 2232//3560 2236//3560
f 2236//3560 2336//3560 2332//3560
f 2322//3561 2218//3561 2232//3561
f 2232//3561 2332//3561 2322//3561
f 2306//3562 2199//3562 2218//3562
f 2218//3563 2322//3563 2306//3563
f 2275//3564 2150//3564 2199//3564
f 2199//3564 2306//3564 2275//3564
f 2234//3565 2120//3565 2150//3565
f 2150//3565 2275//3565 2234//3565
f 2170//3566 2064//3566 2120//3566
f 2120//3566 2234//3566 2170//3566
f 2093//3567 2023//3567 2064//3567
f 2064//3567 2170//3567 2093//3567
f 2016//3568 1980//3568 2023//3568
f 2023//3568 2093//3568 2016//3568
f 1968//3569 1946//3569 1980//3569
f 1980//3569 2016//3569 1968//3569
f 1858//3570 1862//3570 1946//3570
f 1946//3570 1968//3570 1858//3570
f 2409//3571 2332//3571 2336//3571
f 2336//3571 2413//3571 2409//3571
f 2400//3572 2322//3572 2332//3572
f 2332//3572 2409//3572 2400//3572
f 2376//3573 2306//3573 2322//3573
f 2322//3573 2400//3573 2376//3573
f 2349//3574 2275//3574 2306//3574
f 2306//3574 2376//3574 2349//3574
f 2324//3575 2234//3575 2275//3575
f 2275//3575 2349//3575 2324//3575
f 2271//3576 2170//3576 2234//3576
f 2234//3576 2324//3576 2271//3576
f 2185//3577 2093//3577 2170//3577
f 2170//3577 2271//3577 2185//3577
f 2072//3578 2016//3578 2093//3578
f 2093//3578 2185//3578 2072//3578
f 1976//3579 1968//3579 2016//3579
f 2016//3579 2072//3579 1976//3579
f 1729//3580 1858//3580 1968//3580
f 1968//3580 1976//3580 1729//3580
f 2488//3581 2409//3581 2413//3581
f 2413//3581 2498//3581 2488//3581
f 2470//3582 2400//3582 2409//3582
f 2409//3582 2488//3582 2470//3582
f 2444//3583 2376//3583 2400//3583
f 2400//3583 2470//3583 2444//3583
f 2418//3584 2349//3584 2376//3584
f 2376//3584 2444//3584 2418//3584
f 2384//3585 2324//3585 2349//3585
f 2349//3585 2418//3585 2384//3585
f 2338//3586 2271//3586 2324//3586
f 2324//3586 2384//3586 2338//3586
f 2269//3587 2185//3587 2271//3587
f 2271//3587 2338//3587 2269//3587
f 2138//3588 2072//3588 2185//3588
f 2185//3588 2269//3588 2138//3588
f 1998//3589 1976//3589 2072//3589
f 2072//3589 2138//3589 1998//3589
f 1722//3590 1729//3590 1976//3590
f 1976//3590 1998//3590 1722//3590
f 2559//3591 2488//3591 2498//3591
f 2498//3591 2569//3591 2559//3591
f 2549//3592 2470//3592 2488//3592
f 2488//3592 2559//3592 2549//3592
f 2531//3593 2444//3593 2470//3593
f 2470//3593 2549//3593 2531//3593
f 2492//3594 2418//3594 2444//3594
f 2444//3594 2531//3594 2492//3594
f 2436//3595 2384//3595 2418//3595
f 2418//3596 2492//3596 2436//3596
f 2394//3597 2338//3597 2384//3597
f 2384//3597 2436//3597 2394//3597
f 2326//3598 2269//3598 2338//3598
f 2338//3598 2394//3598 2326//3598
f 2212//3599 2138//3599 2269//3599
f 2269//3599 2326//3599 2212//3599
f 2026//3600 1998//3600 2138//3600
f 2138//3600 2212//3600 2026//3600
f 1850//3601 1722//3601 1998//3601
f 1998//3601 2026//3601 1850//3601
f 2653//3602 2559//3602 2569//3602
f 2569//3602 2655//3602 2653//3602
f 2631//3603 2549//3603 2559//3603
f 2559//3603 2653//3603 2631//3603
f 2593//3604 2531//3604 2549//3604
f 2549//3604 2631//3604 2593//3604
f 2551//3605 2492//3605 2531//3605
f 2531//3605 2593//3605 2551//3605
f 2510//3606 2436//3606 2492//3606
f 2492//3606 2551//3606 2510//3606
f 2432//3607 2394//3607 2436//3607
f 2436//3607 2510//3607 2432//3607
f 2366//3608 2326//3608 2394//3608
f 2394//3608 2432//3608 2366//3608
f 2263//3609 2212//3609 2326//3609
f 2326//3609 2366//3609 2263//3609
f 2052//3610 2026//3610 2212//3610
f 2212//3610 2263//3610 2052//3610
f 1726//3611 1850//3611 2026//3611
f 2026//3611 2052//3611 1726//3611
f 2720//3612 2653//3612 2655//3612
f 2655//3612 2726//3612 2720//3612
f 2697//3613 2631//3613 2653//3613
f 2653//3613 2720//3613 2697//3613
f 2662//3614 2593//3614 2631//3614
f 2631//3614 2697//3614 2662//3614
f 2607//3615 2551//3615 2593//3615
f 2593//3615 2662//3615 2607//3615
f 2547//3616 2510//3616 2551//3616
f 2551//3616 2607//3616 2547//3616
f 2484//3617 2432//3617 2510//3617
f 2510//3617 2547//3617 2484//3617
f 2405//3618 2366//3618 2432//3618
f 2432//3618 2484//3618 2405//3618
f 2308//3619 2263//3619 2366//3619
f 2366//3620 2405//3620 2308//3620
f 2090//3621 2052//3621 2263//3621
f 2263//3621 2308//3621 2090//3621
f 1719//3622 1726//3622 2052//3622
f 2052//3622 2090//3622 1719//3622
f 2787//3623 2720//3623 2726//3623
f 2726//3623 2795//3623 2787//3623
f 2759//3624 2697//3624 2720//3624
f 2720//3624 2787//3624 2759//3624
f 2713//3625 2662//3625 2697//3625
f 2697//3625 2759//3625 2713//3625
f 2657//3626 2607//3626 2662//3626
f 2662//3626 2713//3626 2657//3626
f 2589//3627 2547//3627 2607//3627
f 2607//3627 2657//3627 2589//3627
f 2525//3628 2484//3628 2547//3628
f 2547//3629 2589//3629 2525//3629
f 2422//3630 2405//3630 2484//3630
f 2484//3630 2525//3630 2422//3630
f 2330//3631 2308//3631 2405//3631
f 2405//3631 2422//3631 2330//3631
f 2118//3632 2090//3632 2308//3632
f 2308//3632 2330//3632 2118//3632
f 1700//3633 1719//3633 2090//3633
f 2090//3633 2118//3633 1700//3633
f 2834//3634 2787//3634 2795//3634
f 2795//3634 2844//3634 2834//3634
f 2798//3635 2759//3635 2787//3635
f 2787//3635 2834//3635 2798//3635
f 2750//3636 2713//3636 2759//3636
f 2759//3636 2798//3636 2750//3636
f 2690//3637 2657//3637 2713//3637
f 2713//3637 2750//3637 2690//3637
f 2624//3638 2589//3638 2657//3638
f 2657//3638 2690//3638 2624//3638
f 2536//3639 2525//3639 2589//3639
f 2589//3639 2624//3639 2536//3639
f 2441//3640 2422//3640 2525//3640
f 2525//3640 2536//3640 2441//3640
f 2340//3641 2330//3641 2422//3641
f 2422//3642 2441//3642 2340//3642
f 2128//3643 2118//3643 2330//3643
f 2330//3644 2340//3644 2128//3644
f 1825//3645 1700//3645 2118//3645
f 2118//3646 2128//3646 1825//3646
f 2847//3647 2834//3647 2844//3647
f 2844//3647 2857//3647 2847//3647
f 2821//3648 2798//3648 2834//3648
f 2834//3648 2847//3648 2821//3648
f 2765//3649 2750//3649 2798//3649
f 2798//3649 2821//3649 2765//3649
f 2703//3650 2690//3650 2750//3650
f 2750//3650 2765//3650 2703//3650
f 2637//3651 2624//3651 2690//3651
f 2690//3651 2703//3651 2637//3651
f 2543//3652 2536//3652 2624//3652
f 2624//3652 2637//3652 2543//3652
f 2446//3653 2441//3653 2536//3653
f 2536//3653 2543//3653 2446//3653
f 2344//3654 2340//3654 2441//3654
f 2441//3654 2446//3654 2344//3654
f 2136//3655 2128//3655 2340//3655
f 2340//3655 2344//3655 2136//3655
f 1713//3656 1825//3656 2128//3656
f 2128//3656 2136//3656 1713//3656
f 1676//3657 1682//3657 1864//3657
f 1864//3657 1862//3657 1676//3657
f 1642//3658 1656//3658 1682//3658
f 1682//3659 1676//3659 1642//3659
f 1601//3660 1636//3660 1656//3660
f 1656//3660 1642//3660 1601//3660
f 1558//3661 1612//3661 1636//3661
f 1636//3661 1601//3661 1558//3661
f 1502//3662 1588//3662 1612//3662
f 1612//3663 1558//3663 1502//3663
f 1472//3664 1564//3664 1588//3664
f 1588//3665 1502//3665 1472//3665
f 1425//3666 1540//3666 1564//3666
f 1564//3666 1472//3666 1425//3666
f 1404//3667 1520//3667 1540//3667
f 1540//3667 1425//3667 1404//3667
f 1390//3668 1506//3668 1520//3668
f 1520//3668 1404//3668 1390//3668
f 1387//3669 1498//3669 1506//3669
f 1506//3669 1390//3669 1387//3669
f 1654//3670 1676//3670 1862//3670
f 1862//3670 1859//3670 1654//3670
f 1606//3671 1642//3671 1676//3671
f 1676//3671 1654//3671 1606//3671
f 1531//3672 1601//3672 1642//3672
f 1642//3672 1606//3672 1531//3672
f 1452//3673 1558//3673 1601//3673
f 1601//3673 1531//3673 1452//3673
f 1388//3674 1502//3674 1558//3674
f 1558//3674 1452//3674 1388//3674
f 1347//3675 1472//3675 1502//3675
f 1502//3675 1388//3675 1347//3675
f 1316//3676 1425//3676 1472//3676
f 1472//3677 1347//3677 1316//3677
f 1300//3678 1404//3678 1425//3678
f 1425//3679 1316//3679 1300//3679
f 1290//3680 1390//3680 1404//3680
f 1404//3680 1300//3680 1290//3680
f 1286//3681 1387//3681 1390//3681
f 1390//3681 1290//3681 1286//3681
f 1646//3682 1654//3682 1859//3682
f 1859//3682 1856//3682 1646//3682
f 1550//3683 1606//3683 1654//3683
f 1654//3683 1646//3683 1550//3683
f 1439//3684 1531//3684 1606//3684
f 1606//3684 1550//3684 1439//3684
f 1351//3685 1452//3685 1531//3685
f 1531//3685 1439//3685 1351//3685
f 1298//3686 1388//3686 1452//3686
f 1452//3686 1351//3686 1298//3686
f 1275//3687 1347//3687 1388//3687
f 1388//3687 1298//3687 1275//3687
f 1246//3688 1316//3688 1347//3688
f 1347//3688 1275//3688 1246//3688
f 1222//3689 1300//3689 1316//3689
f 1316//3689 1246//3689 1222//3689
f 1215//3690 1290//3690 1300//3690
f 1300//3690 1222//3690 1215//3690
f 1211//3691 1286//3691 1290//3691
f 1290//3691 1215//3691 1211//3691
f 1624//3692 1646//3692 1856//3692
f 1856//3692 1854//3692 1624//3692
f 1484//3693 1550//3693 1646//3693
f 1646//3693 1624//3693 1484//3693
f 1353//3694 1439//3694 1550//3694
f 1550//3694 1484//3694 1353//3694
f 1284//3695 1351//3695 1439//3695
f 1439//3695 1353//3695 1284//3695
f 1238//3696 1298//3696 1351//3696
f 1351//3697 1284//3697 1238//3697
f 1204//3698 1275//3698 1298//3698
f 1298//3698 1238//3698 1204//3698
f 1178//3699 1246//3699 1275//3699
f 1275//3699 1204//3699 1178//3699
f 1152//3700 1222//3700 1246//3700
f 1246//3700 1178//3700 1152//3700
f 1134//3701 1215//3701 1222//3701
f 1222//3701 1152//3701 1134//3701
f 1124//3702 1211//3702 1215//3702
f 1215//3702 1134//3702 1124//3702
f 1596//3703 1624//3703 1854//3703
f 1854//3703 1851//3703 1596//3703
f 1410//3704 1484//3704 1624//3704
f 1624//3704 1596//3704 1410//3704
f 1296//3705 1353//3705 1484//3705
f 1484//3705 1410//3705 1296//3705
f 1228//3706 1284//3706 1353//3706
f 1353//3706 1296//3706 1228//3706
f 1186//3707 1238//3707 1284//3707
f 1284//3707 1228//3707 1186//3707
f 1130//3708 1204//3708 1238//3708
f 1238//3708 1186//3708 1130//3708
f 1091//3709 1178//3709 1204//3709
f 1204//3709 1130//3709 1091//3709
f 1073//3710 1152//3710 1178//3710
f 1178//3710 1091//3710 1073//3710
f 1063//3711 1134//3711 1152//3711
f 1152//3711 1073//3711 1063//3711
f 1053//3712 1124//3712 1134//3712
f 1134//3712 1063//3712 1053//3712
f 1570//3713 1596//3713 1851//3713
f 1851//3713 1848//3713 1570//3713
f 1359//3714 1410//3714 1596//3714
f 1596//3714 1570//3714 1359//3714
f 1256//3715 1296//3715 1410//3715
f 1410//3715 1359//3715 1256//3715
f 1190//3716 1228//3716 1296//3716
f 1296//3716 1256//3716 1190//3716
f 1112//3717 1186//3717 1228//3717
f 1228//3717 1190//3717 1112//3717
f 1071//3718 1130//3718 1186//3718
f 1186//3718 1112//3718 1071//3718
f 1029//3719 1091//3719 1130//3719
f 1130//3719 1071//3719 1029//3719
f 991//3720 1073//3720 1091//3720
f 1091//3720 1029//3720 991//3720
f 969//3721 1063//3721 1073//3721
f 1073//3721 991//3721 969//3721
f 967//3722 1053//3722 1063//3722
f 1063//3722 969//3722 967//3722
f 1532//3723 1570//3723 1848//3723
f 1848//3723 1846//3723 1532//3723
f 1314//3724 1359//3724 1570//3724
f 1570//3724 1532//3724 1314//3724
f 1219//3725 1256//3725 1359//3725
f 1359//3726 1314//3726 1219//3726
f 1138//3727 1190//3727 1256//3727
f 1256//3727 1219//3727 1138//3727
f 1075//3728 1112//3728 1190//3728
f 1190//3728 1138//3728 1075//3728
f 1015//3729 1071//3729 1112//3729
f 1112//3729 1075//3729 1015//3729
f 962//3730 1029//3730 1071//3730
f 1071//3730 1015//3730 962//3730
f 925//3731 991//3731 1029//3731
f 1029//3731 962//3731 925//3731
f 904//3732 969//3732 991//3732
f 991//3732 925//3732 904//3732
f 898//3733 967//3733 969//3733
f 969//3733 904//3733 898//3733
f 1504//3734 1532//3734 1846//3734
f 1846//3734 1832//3734 1504//3734
f 1292//3735 1314//3735 1532//3735
f 1532//3735 1504//3735 1292//3735
f 1200//3736 1219//3736 1314//3736
f 1314//3736 1292//3736 1200//3736
f 1097//3737 1138//3737 1219//3737
f 1219//3737 1200//3737 1097//3737
f 1033//3738 1075//3738 1138//3738
f 1138//3739 1097//3739 1033//3739
f 965//3740 1015//3740 1075//3740
f 1075//3740 1033//3740 965//3740
f 909//3741 962//3741 1015//3741
f 1015//3741 965//3741 909//3741
f 863//3742 925//3742 962//3742
f 962//3742 909//3742 863//3742
f 835//3743 904//3743 925//3743
f 925//3743 863//3743 835//3743
f 827//3744 898//3744 904//3744
f 904//3744 835//3744 827//3744
f 1494//3745 1504//3745 1832//3745
f 1832//3746 1824//3746 1494//3746
f 1282//3747 1292//3747 1504//3747
f 1504//3748 1494//3748 1282//3748
f 1183//3749 1200//3749 1292//3749
f 1292//3750 1282//3750 1183//3750
f 1088//3751 1097//3751 1200//3751
f 1200//3751 1183//3751 1088//3751
f 1000//3752 1033//3752 1097//3752
f 1097//3752 1088//3752 1000//3752
f 934//3753 965//3753 1033//3753
f 1033//3753 1000//3753 934//3753
f 874//3754 909//3754 965//3754
f 965//3755 934//3755 874//3755
f 826//3756 863//3756 909//3756
f 909//3756 874//3756 826//3756
f 790//3757 835//3757 863//3757
f 863//3757 826//3757 790//3757
f 780//3758 827//3758 835//3758
f 835//3758 790//3758 780//3758
f 1486//3759 1494//3759 1824//3759
f 1824//3759 1814//3759 1486//3759
f 1278//3760 1282//3760 1494//3760
f 1494//3760 1486//3760 1278//3760
f 1176//3761 1183//3761 1282//3761
f 1282//3761 1278//3761 1176//3761
f 1079//3762 1088//3762 1183//3762
f 1183//3762 1176//3762 1079//3762
f 985//3763 1000//3763 1088//3763
f 1088//3763 1079//3763 985//3763
f 919//3764 934//3764 1000//3764
f 1000//3764 985//3764 919//3764
f 857//3765 874//3765 934//3765
f 934//3765 919//3765 857//3765
f 801//3766 826//3766 874//3766
f 874//3766 857//3766 801//3766
f 775//3767 790//3767 826//3767
f 826//3767 801//3767 775//3767
f 765//3768 780//3768 790//3768
f 790//3768 775//3768 765//3768
f 1391//3769 1507//3769 1499//3769
f 1499//3769 1387//3769 1391//3769
f 1405//3770 1521//3770 1507//3770
f 1507//3770 1391//3770 1405//3770
f 1424//3771 1541//3771 1521//3771
f 1521//3771 1405//3771 1424//3771
f 1473//3772 1565//3772 1541//3772
f 1541//3772 1424//3772 1473//3772
f 1503//3773 1589//3773 1565//3773
f 1565//3774 1473//3774 1503//3774
f 1559//3775 1613//3775 1589//3775
f 1589//3775 1503//3775 1559//3775
f 1600//3776 1637//3776 1613//3776
f 1613//3776 1559//3776 1600//3776
f 1643//3777 1657//3777 1637//3777
f 1637//3777 1600//3777 1643//3777
f 1677//3778 1683//3778 1657//3778
f 1657//3779 1643//3779 1677//3779
f 1863//3780 1892//3780 1683//3780
f 1683//3780 1677//3780 1863//3780
f 1291//3781 1391//3781 1387//3781
f 1387//3781 1287//3781 1291//3781
f 1301//3782 1405//3782 1391//3782
f 1391//3782 1291//3782 1301//3782
f 1317//3783 1424//3783 1405//3783
f 1405//3784 1301//3784 1317//3784
f 1348//3785 1473//3785 1424//3785
f 1424//3785 1317//3785 1348//3785
f 1389//3786 1503//3786 1473//3786
f 1473//3786 1348//3786 1389//3786
f 1453//3787 1559//3787 1503//3787
f 1503//3787 1389//3787 1453//3787
f 1530//3788 1600//3788 1559//3788
f 1559//3788 1453//3788 1530//3788
f 1607//3789 1643//3789 1600//3789
f 1600//3789 1530//3789 1607//3789
f 1655//3790 1677//3790 1643//3790
f 1643//3790 1607//3790 1655//3790
f 1861//3791 1863//3791 1677//3791
f 1677//3791 1655//3791 1861//3791
f 1214//3792 1291//3792 1287//3792
f 1287//3792 1210//3792 1214//3792
f 1223//3793 1301//3793 1291//3793
f 1291//3793 1214//3793 1223//3793
f 1247//3794 1317//3794 1301//3794
f 1301//3794 1223//3794 1247//3794
f 1274//3795 1348//3795 1317//3795
f 1317//3795 1247//3795 1274//3795
f 1299//3796 1389//3796 1348//3796
f 1348//3796 1274//3796 1299//3796
f 1352//3797 1453//3797 1389//3797
f 1389//3797 1299//3797 1352//3797
f 1438//3798 1530//3798 1453//3798
f 1453//3798 1352//3798 1438//3798
f 1551//3799 1607//3799 1530//3799
f 1530//3799 1438//3799 1551//3799
f 1647//3800 1655//3800 1607//3800
f 1607//3800 1551//3800 1647//3800
f 1891//3801 1861//3801 1655//3801
f 1655//3801 1647//3801 1891//3801
f 1135//3802 1214//3802 1210//3802
f 1210//3802 1125//3802 1135//3802
f 1153//3803 1223//3803 1214//3803
f 1214//3803 1135//3803 1153//3803
f 1179//3804 1247//3804 1223//3804
f 1223//3804 1153//3804 1179//3804
f 1205//3805 1274//3805 1247//3805
f 1247//3805 1179//3805 1205//3805
f 1239//3806 1299//3806 1274//3806
f 1274//3806 1205//3806 1239//3806
f 1285//3807 1352//3807 1299//3807
f 1299//3807 1239//3807 1285//3807
f 1354//3808 1438//3808 1352//3808
f 1352//3808 1285//3808 1354//3808
f 1485//3809 1551//3809 1438//3809
f 1438//3809 1354//3809 1485//3809
f 1625//3810 1647//3810 1551//3810
f 1551//3810 1485//3810 1625//3810
f 1901//3811 1891//3811 1647//3811
f 1647//3811 1625//3811 1901//3811
f 1064//3812 1135//3812 1125//3812
f 1125//3812 1054//3812 1064//3812
f 1074//3813 1153//3813 1135//3813
f 1135//3813 1064//3813 1074//3813
f 1092//3814 1179//3814 1153//3814
f 1153//3814 1074//3814 1092//3814
f 1131//3815 1205//3815 1179//3815
f 1179//3815 1092//3815 1131//3815
f 1187//3816 1239//3816 1205//3816
f 1205//3817 1131//3817 1187//3817
f 1229//3818 1285//3818 1239//3818
f 1239//3818 1187//3818 1229//3818
f 1297//3819 1354//3819 1285//3819
f 1285//3819 1229//3819 1297//3819
f 1411//3820 1485//3820 1354//3820
f 1354//3820 1297//3820 1411//3820
f 1597//3821 1625//3821 1485//3821
f 1485//3821 1411//3821 1597//3821
f 1853//3822 1901//3822 1625//3822
f 1625//3822 1597//3822 1853//3822
f 970//3823 1064//3823 1054//3823
f 1054//3823 968//3823 970//3823
f 992//3824 1074//3824 1064//3824
f 1064//3824 970//3824 992//3824
f 1030//3825 1092//3825 1074//3825
f 1074//3825 992//3825 1030//3825
f 1072//3826 1131//3826 1092//3826
f 1092//3826 1030//3826 1072//3826
f 1113//3827 1187//3827 1131//3827
f 1131//3827 1072//3827 1113//3827
f 1191//3828 1229//3828 1187//3828
f 1187//3828 1113//3828 1191//3828
f 1257//3829 1297//3829 1229//3829
f 1229//3829 1191//3829 1257//3829
f 1360//3830 1411//3830 1297//3830
f 1297//3830 1257//3830 1360//3830
f 1571//3831 1597//3831 1411//3831
f 1411//3831 1360//3831 1571//3831
f 1899//3832 1853//3832 1597//3832
f 1597//3832 1571//3832 1899//3832
f 903//3833 970//3833 968//3833
f 968//3833 897//3833 903//3833
f 926//3834 992//3834 970//3834
f 970//3834 903//3834 926//3834
f 961//3835 1030//3835 992//3835
f 992//3835 926//3835 961//3835
f 1016//3836 1072//3836 1030//3836
f 1030//3836 961//3836 1016//3836
f 1076//3837 1113//3837 1072//3837
f 1072//3837 1016//3837 1076//3837
f 1139//3838 1191//3838 1113//3838
f 1113//3838 1076//3838 1139//3838
f 1218//3839 1257//3839 1191//3839
f 1191//3839 1139//3839 1218//3839
f 1315//3840 1360//3840 1257//3840
f 1257//3841 1218//3841 1315//3841
f 1533//3842 1571//3842 1360//3842
f 1360//3842 1315//3842 1533//3842
f 1920//3843 1899//3843 1571//3843
f 1571//3843 1533//3843 1920//3843
f 836//3844 903//3844 897//3844
f 897//3844 828//3844 836//3844
f 864//3845 926//3845 903//3845
f 903//3845 836//3845 864//3845
f 910//3846 961//3846 926//3846
f 926//3846 864//3846 910//3846
f 966//3847 1016//3847 961//3847
f 961//3847 910//3847 966//3847
f 1034//3848 1076//3848 1016//3848
f 1016//3848 966//3848 1034//3848
f 1098//3849 1139//3849 1076//3849
f 1076//3850 1034//3850 1098//3850
f 1201//3851 1218//3851 1139//3851
f 1139//3851 1098//3851 1201//3851
f 1293//3852 1315//3852 1218//3852
f 1218//3852 1201//3852 1293//3852
f 1505//3853 1533//3853 1315//3853
f 1315//3853 1293//3853 1505//3853
f 1924//3854 1920//3854 1533//3854
f 1533//3854 1505//3854 1924//3854
f 789//3855 836//3855 828//3855
f 828//3855 779//3855 789//3855
f 825//3856 864//3856 836//3856
f 836//3856 789//3856 825//3856
f 873//3857 910//3857 864//3857
f 864//3857 825//3857 873//3857
f 933//3858 966//3858 910//3858
f 910//3858 873//3858 933//3858
f 999//3859 1034//3859 966//3859
f 966//3859 933//3859 999//3859
f 1087//3860 1098//3860 1034//3860
f 1034//3860 999//3860 1087//3860
f 1182//3861 1201//3861 1098//3861
f 1098//3861 1087//3861 1182//3861
f 1283//3862 1293//3862 1201//3862
f 1201//3863 1182//3863 1283//3863
f 1495//3864 1505//3864 1293//3864
f 1293//3865 1283//3865 1495//3865
f 1826//3866 1924//3866 1505//3866
f 1505//3867 1495//3867 1826//3867
f 776//3868 789//3868 779//3868
f 779//3868 766//3868 776//3868
f 802//3869 825//3869 789//3869
f 789//3869 776//3869 802//3869
f 858//3870 873//3870 825//3870
f 825//3870 802//3870 858//3870
f 920//3871 933//3871 873//3871
f 873//3871 858//3871 920//3871
f 986//3872 999//3872 933//3872
f 933//3872 920//3872 986//3872
f 1080//3873 1087//3873 999//3873
f 999//3873 986//3873 1080//3873
f 1177//3874 1182//3874 1087//3874
f 1087//3874 1080//3874 1177//3874
f 1279//3875 1283//3875 1182//3875
f 1182//3875 1177//3875 1279//3875
f 1487//3876 1495//3876 1283//3876
f 1283//3876 1279//3876 1487//3876
f 1914//3877 1826//3877 1495//3877
f 1495//3877 1487//3877 1914//3877
f 1947//3878 1941//3878 1867//3878
f 1867//3878 1863//3878 1947//3878
f 1981//3879 1967//3879 1941//3879
f 1941//3880 1947//3880 1981//3880
f 2022//3881 1987//3881 1967//3881
f 1967//3881 1981//3881 2022//3881
f 2065//3882 2011//3882 1987//3882
f 1987//3882 2022//3882 2065//3882
f 2121//3883 2035//3883 2011//3883
f 2011//3884 2065//3884 2121//3884
f 2151//3885 2059//3885 2035//3885
f 2035//3886 2121//3886 2151//3886
f 2198//3887 2083//3887 2059//3887
f 2059//3887 2151//3887 2198//3887
f 2219//3888 2103//3888 2083//3888
f 2083//3888 2198//3888 2219//3888
f 2233//3889 2117//3889 2103//3889
f 2103//3889 2219//3889 2233//3889
f 2236//3890 2125//3890 2117//3890
f 2117//3890 2233//3890 2236//3890
f 1969//3891 1947//3891 1863//3891
f 1863//3891 1860//3891 1969//3891
f 2017//3892 1981//3892 1947//3892
f 1947//3892 1969//3892 2017//3892
f 2092//3893 2022//3893 1981//3893
f 1981//3893 2017//3893 2092//3893
f 2171//3894 2065//3894 2022//3894
f 2022//3894 2092//3894 2171//3894
f 2235//3895 2121//3895 2065//3895
f 2065//3895 2171//3895 2235//3895
f 2276//3896 2151//3896 2121//3896
f 2121//3896 2235//3896 2276//3896
f 2307//3897 2198//3897 2151//3897
f 2151//3898 2276//3898 2307//3898
f 2323//3899 2219//3899 2198//3899
f 2198//3900 2307//3900 2323//3900
f 2333//3901 2233//3901 2219//3901
f 2219//3901 2323//3901 2333//3901
f 2337//3902 2236//3902 2233//3902
f 2233//3902 2333//3902 2337//3902
f 1977//3903 1969//3903 1860//3903
f 1860//3903 1857//3903 1977//3903
f 2073//3904 2017//3904 1969//3904
f 1969//3904 1977//3904 2073//3904
f 2184//3905 2092//3905 2017//3905
f 2017//3905 2073//3905 2184//3905
f 2272//3906 2171//3906 2092//3906
f 2092//3906 2184//3906 2272//3906
f 2325//3907 2235//3907 2171//3907
f 2171//3907 2272//3907 2325//3907
f 2348//3908 2276//3908 2235//3908
f 2235//3908 2325//3908 2348//3908
f 2377//3909 2307//3909 2276//3909
f 2276//3909 2348//3909 2377//3909
f 2401//3910 2323//3910 2307//3910
f 2307//3910 2377//3910 2401//3910
f 2408//3911 2333//3911 2323//3911
f 2323//3911 2401//3911 2408//3911
f 2412//3912 2337//3912 2333//3912
f 2333//3912 2408//3912 2412//3912
f 1999//3913 1977//3913 1857//3913
f 1857//3913 1855//3913 1999//3913
f 2139//3914 2073//3914 1977//3914
f 1977//3914 1999//3914 2139//3914
f 2270//3915 2184//3915 2073//3915
f 2073//3915 2139//3915 2270//3915
f 2339//3916 2272//3916 2184//3916
f 2184//3916 2270//3916 2339//3916
f 2385//3917 2325//3917 2272//3917
f 2272//3918 2339//3918 2385//3918
f 2419//3919 2348//3919 2325//3919
f 2325//3919 2385//3919 2419//3919
f 2445//3920 2377//3920 2348//3920
f 2348//3920 2419//3920 2445//3920
f 2471//3921 2401//3921 2377//3921
f 2377//3921 2445//3921 2471//3921
f 2489//3922 2408//3922 2401//3922
f 2401//3922 2471//3922 2489//3922
f 2499//3923 2412//3923 2408//3923
f 2408//3923 2489//3923 2499//3923
f 2027//3924 1999//3924 1855//3924
f 1855//3924 1852//3924 2027//3924
f 2213//3925 2139//3925 1999//3925
f 1999//3925 2027//3925 2213//3925
f 2327//3926 2270//3926 2139//3926
f 2139//3926 2213//3926 2327//3926
f 2395//3927 2339//3927 2270//3927
f 2270//3927 2327//3927 2395//3927
f 2437//3928 2385//3928 2339//3928
f 2339//3928 2395//3928 2437//3928
f 2493//3929 2419//3929 2385//3929
f 2385//3929 2437//3929 2493//3929
f 2532//3930 2445//3930 2419//3930
f 2419//3930 2493//3930 2532//3930
f 2550//3931 2471//3931 2445//3931
f 2445//3931 2532//3931 2550//3931
f 2560//3932 2489//3932 2471//3932
f 2471//3932 2550//3932 2560//3932
f 2570//3933 2499//3933 2489//3933
f 2489//3933 2560//3933 2570//3933
f 2053//3934 2027//3934 1852//3934
f 1852//3934 1849//3934 2053//3934
f 2264//3935 2213//3935 2027//3935
f 2027//3935 2053//3935 2264//3935
f 2367//3936 2327//3936 2213//3936
f 2213//3936 2264//3936 2367//3936
f 2433//3937 2395//3937 2327//3937
f 2327//3937 2367//3937 2433//3937
f 2511//3938 2437//3938 2395//3938
f 2395//3938 2433//3938 2511//3938
f 2552//3939 2493//3939 2437//3939
f 2437//3939 2511//3939 2552//3939
f 2594//3940 2532//3940 2493//3940
f 2493//3940 2552//3940 2594//3940
f 2632//3941 2550//3941 2532//3941
f 2532//3941 2594//3941 2632//3941
f 2654//3942 2560//3942 2550//3942
f 2550//3942 2632//3942 2654//3942
f 2656//3943 2570//3943 2560//3943
f 2560//3943 2654//3943 2656//3943
f 2091//3944 2053//3944 1849//3944
f 1849//3944 1847//3944 2091//3944
f 2309//3945 2264//3945 2053//3945
f 2053//3945 2091//3945 2309//3945
f 2404//3946 2367//3946 2264//3946
f 2264//3947 2309//3947 2404//3947
f 2485//3948 2433//3948 2367//3948
f 2367//3949 2404//3949 2485//3949
f 2548//3950 2511//3950 2433//3950
f 2433//3950 2485//3950 2548//3950
f 2608//3951 2552//3951 2511//3951
f 2511//3951 2548//3951 2608//3951
f 2661//3952 2594//3952 2552//3952
f 2552//3952 2608//3952 2661//3952
f 2698//3953 2632//3953 2594//3953
f 2594//3953 2661//3953 2698//3953
f 2719//3954 2654//3954 2632//3954
f 2632//3954 2698//3954 2719//3954
f 2725//3955 2656//3955 2654//3955
f 2654//3955 2719//3955 2725//3955
f 2119//3956 2091//3956 1847//3956
f 1847//3956 1833//3956 2119//3956
f 2331//3957 2309//3957 2091//3957
f 2091//3957 2119//3957 2331//3957
f 2423//3958 2404//3958 2309//3958
f 2309//3958 2331//3958 2423//3958
f 2526//3959 2485//3959 2404//3959
f 2404//3959 2423//3959 2526//3959
f 2590//3960 2548//3960 2485//3960
f 2485//3961 2526//3961 2590//3961
f 2658//3962 2608//3962 2548//3962
f 2548//3962 2590//3962 2658//3962
f 2714//3963 2661//3963 2608//3963
f 2608//3963 2658//3963 2714//3963
f 2760//3964 2698//3964 2661//3964
f 2661//3964 2714//3964 2760//3964
f 2788//3965 2719//3965 2698//3965
f 2698//3965 2760//3965 2788//3965
f 2796//3966 2725//3966 2719//3966
f 2719//3966 2788//3966 2796//3966
f 2129//3967 2119//3967 1833//3967
f 1833//3968 1827//3968 2129//3968
f 2341//3969 2331//3969 2119//3969
f 2119//3970 2129//3970 2341//3970
f 2440//3971 2423//3971 2331//3971
f 2331//3972 2341//3972 2440//3972
f 2535//3973 2526//3973 2423//3973
f 2423//3973 2440//3973 2535//3973
f 2623//3974 2590//3974 2526//3974
f 2526//3974 2535//3974 2623//3974
f 2689//3975 2658//3975 2590//3975
f 2590//3975 2623//3975 2689//3975
f 2749//3976 2714//3976 2658//3976
f 2658//3977 2689//3977 2749//3977
f 2797//3978 2760//3978 2714//3978
f 2714//3978 2749//3978 2797//3978
f 2833//3979 2788//3979 2760//3979
f 2760//3979 2797//3979 2833//3979
f 2843//3980 2796//3980 2788//3980
f 2788//3980 2833//3980 2843//3980
f 2137//3981 2129//3981 1827//3981
f 1827//3981 1815//3981 2137//3981
f 2345//3982 2341//3982 2129//3982
f 2129//3982 2137//3982 2345//3982
f 2447//3983 2440//3983 2341//3983
f 2341//3983 2345//3983 2447//3983
f 2544//3984 2535//3984 2440//3984
f 2440//3984 2447//3984 2544//3984
f 2638//3985 2623//3985 2535//3985
f 2535//3985 2544//3985 2638//3985
f 2704//3986 2689//3986 2623//3986
f 2623//3986 2638//3986 2704//3986
f 2766//3987 2749//3987 2689//3987
f 2689//3987 2704//3987 2766//3987
f 2822//3988 2797//3988 2749//3988
f 2749//3988 2766//3988 2822//3988
f 2848//3989 2833//3989 2797//3989
f 2797//3989 2822//3989 2848//3989
f 2858//3990 2843//3990 2833//3990
f 2833//3990 2848//3990 2858//3990
f 1735//3991 2334//3991 2329//3991
f 1735//3992 2329//3992 2321//3992
f 1735//3993 2321//3993 2305//3993
f 1735//3994 2305//3994 2274//3994
f 1735//3995 2274//3995 2231//3995
f 1735//3996 2231//3996 2167//3996
f 1735//3997 2167//3997 2089//3997
f 1735//3998 2089//3998 2014//3998
f 1735//3999 2014//3999 1962//3999
f 1735//4000 1962//4000 1733//4000
f 2515//4001 2329//4001 2334//4001
f 2334//4001 2524//4001 2515//4001
f 2495//4002 2321//4002 2329//4002
f 2329//4002 2515//4002 2495//4002
f 2456//4003 2305//4003 2321//4003
f 2321//4003 2495//4003 2456//4003
f 2429//4004 2274//4004 2305//4004
f 2305//4004 2456//4004 2429//4004
f 2399//4005 2231//4005 2274//4005
f 2274//4005 2429//4005 2399//4005
f 2347//4006 2167//4006 2231//4006
f 2231//4006 2399//4006 2347//4006
f 2292//4007 2089//4007 2167//4007
f 2167//4007 2347//4007 2292//4007
f 2148//4008 2014//4008 2089//4008
f 2089//4008 2292//4008 2148//4008
f 2004//4009 1962//4009 2014//4009
f 2014//4009 2148//4009 2004//4009
f 1739//4010 1733//4010 1962//4010
f 1962//4010 2004//4010 1739//4010
f 2647//4011 2515//4011 2524//4011
f 2524//4011 2649//4011 2647//4011
f 2621//4012 2495//4012 2515//4012
f 2515//4012 2647//4012 2621//4012
f 2584//4013 2456//4013 2495//4013
f 2495//4013 2621//4013 2584//4013
f 2541//4014 2429//4014 2456//4014
f 2456//4014 2584//4014 2541//4014
f 2502//4015 2399//4015 2429//4015
f 2429//4015 2541//4015 2502//4015
f 2426//4016 2347//4016 2399//4016
f 2399//4016 2502//4016 2426//4016
f 2352//4017 2292//4017 2347//4017
f 2347//4017 2426//4017 2352//4017
f 2255//4018 2148//4018 2292//4018
f 2292//4018 2352//4018 2255//4018
f 2046//4019 2004//4019 2148//4019
f 2148//4019 2255//4019 2046//4019
f 1702//4020 1739//4020 2004//4020
f 2004//4020 2046//4020 1702//4020
f 2746//4021 2647//4021 2649//4021
f 2649//4021 2757//4021 2746//4021
f 2721//4022 2621//4022 2647//4022
f 2647//4022 2746//4022 2721//4022
f 2681//4023 2584//4023 2621//4023
f 2621//4023 2721//4023 2681//4023
f 2639//4024 2541//4024 2584//4024
f 2584//4024 2681//4024 2639//4024
f 2557//4025 2502//4025 2541//4025
f 2541//4025 2639//4025 2557//4025
f 2505//4026 2426//4026 2502//4026
f 2502//4026 2557//4026 2505//4026
f 2415//4027 2352//4027 2426//4027
f 2426//4027 2505//4027 2415//4027
f 2318//4028 2255//4028 2352//4028
f 2352//4028 2415//4028 2318//4028
f 2098//4029 2046//4029 2255//4029
f 2255//4029 2318//4029 2098//4029
f 1745//4030 1702//4030 2046//4030
f 2046//4030 2098//4030 1745//4030
f 2840//4031 2746//4031 2757//4031
f 2757//4031 2849//4031 2840//4031
f 2808//4032 2721//4032 2746//4032
f 2746//4032 2840//4032 2808//4032
f 2756//4033 2681//4033 2721//4033
f 2721//4033 2808//4033 2756//4033
f 2696//4034 2639//4034 2681//4034
f 2681//4034 2756//4034 2696//4034
f 2626//4035 2557//4035 2639//4035
f 2639//4035 2696//4035 2626//4035
f 2538//4036 2505//4036 2557//4036
f 2557//4036 2626//4036 2538//4036
f 2443//4037 2415//4037 2505//4037
f 2505//4037 2538//4037 2443//4037
f 2342//4038 2318//4038 2415//4038
f 2415//4038 2443//4038 2342//4038
f 2131//4039 2098//4039 2318//4039
f 2318//4039 2342//4039 2131//4039
f 1904//4040 1745//4040 2098//4040
f 2098//4040 2131//4040 1904//4040
f 2906//4041 2840//4041 2849//4041
f 2849//4041 2925//4041 2906//4041
f 2867//4042 2808//4042 2840//4042
f 2840//4042 2906//4042 2867//4042
f 2818//4043 2756//4043 2808//4043
f 2808//4043 2867//4043 2818//4043
f 2736//4044 2696//4044 2756//4044
f 2756//4044 2818//4044 2736//4044
f 2667//4045 2626//4045 2696//4045
f 2696//4045 2736//4045 2667//4045
f 2565//4046 2538//4046 2626//4046
f 2626//4046 2667//4046 2565//4046
f 2475//4047 2443//4047 2538//4047
f 2538//4047 2565//4047 2475//4047
f 2356//4048 2342//4048 2443//4048
f 2443//4048 2475//4048 2356//4048
f 2156//4049 2131//4049 2342//4049
f 2342//4049 2356//4049 2156//4049
f 1704//4050 1904//4050 2131//4050
f 2131//4050 2156//4050 1704//4050
f 2976//4051 2906//4051 2925//4051
f 2925//4051 2987//4051 2976//4051
f 2914//4052 2867//4052 2906//4052
f 2906//4052 2976//4052 2914//4052
f 2852//4053 2818//4053 2867//4053
f 2867//4053 2914//4053 2852//4053
f 2772//4054 2736//4054 2818//4054
f 2818//4054 2852//4054 2772//4054
f 2688//4055 2667//4055 2736//4055
f 2736//4055 2772//4055 2688//4055
f 2592//4056 2565//4056 2667//4056
f 2667//4056 2688//4056 2592//4056
f 2497//4057 2475//4057 2565//4057
f 2565//4057 2592//4057 2497//4057
f 2372//4058 2356//4058 2475//4058
f 2475//4058 2497//4058 2372//4058
f 2176//4059 2156//4059 2356//4059
f 2356//4059 2372//4059 2176//4059
f 1752//4060 1704//4060 2156//4060
f 2156//4060 2176//4060 1752//4060
f 2993//4061 2976//4061 2987//4061
f 2987//4061 3011//4061 2993//4061
f 2952//4062 2914//4062 2976//4062
f 2976//4063 2993//4063 2952//4063
f 2874//4064 2852//4064 2914//4064
f 2914//4064 2952//4064 2874//4064
f 2794//4065 2772//4065 2852//4065
f 2852//4065 2874//4065 2794//4065
f 2702//4066 2688//4066 2772//4066
f 2772//4067 2794//4067 2702//4067
f 2604//4068 2592//4068 2688//4068
f 2688//4068 2702//4068 2604//4068
f 2509//4069 2497//4069 2592//4069
f 2592//4069 2604//4069 2509//4069
f 2380//4070 2372//4070 2497//4070
f 2497//4071 2509//4071 2380//4071
f 2182//4072 2176//4072 2372//4072
f 2372//4072 2380//4072 2182//4072
f 1723//4073 1752//4073 2176//4073
f 2176//4073 2182//4073 1723//4073
f 3000//4074 2993//4074 3011//4074
f 3011//4074 3020//4074 3000//4074
f 2967//4075 2952//4075 2993//4075
f 2993//4075 3000//4075 2967//4075
f 2879//4076 2874//4076 2952//4076
f 2952//4076 2967//4076 2879//4076
f 2799//4077 2794//4077 2874//4077
f 2874//4077 2879//4077 2799//4077
f 2707//4078 2702//4078 2794//4078
f 2794//4078 2799//4078 2707//4078
f 2605//4079 2604//4079 2702//4079
f 2702//4079 2707//4079 2605//4079
f 2512//4080 2509//4080 2604//4080
f 2604//4080 2605//4080 2512//4080
f 2382//4081 2380//4081 2509//4081
f 2509//4081 2512//4081 2382//4081
f 2188//4082 2182//4082 2380//4082
f 2380//4083 2382//4083 2188//4083
f 1699//4084 1723//4084 2182//4084
f 2182//4084 2188//4084 1699//4084
f 3006//4085 3000//4085 3020//4085
f 3020//4086 3022//4086 3006//4086
f 2972//4087 2967//4087 3000//4087
f 3000//4087 3006//4087 2972//4087
f 2888//4088 2879//4088 2967//4088
f 2967//4088 2972//4088 2888//4088
f 2804//4089 2799//4089 2879//4089
f 2879//4089 2888//4089 2804//4089
f 2710//4090 2707//4090 2799//4090
f 2799//4090 2804//4090 2710//4090
f 2613//4091 2605//4091 2707//4091
f 2707//4091 2710//4091 2613//4091
f 2520//4092 2512//4092 2605//4092
f 2605//4092 2613//4092 2520//4092
f 2388//4093 2382//4093 2512//4093
f 2512//4093 2520//4093 2388//4093
f 2192//4094 2188//4094 2382//4094
f 2382//4094 2388//4094 2192//4094
f 1760//4095 1699//4095 2188//4095
f 2188//4095 2192//4095 1760//4095
f 1735//4096 1737//4096 1660//4096
f 1735//4097 1660//4097 1608//4097
f 1735//4098 1608//4098 1535//4098
f 1735//4099 1535//4099 1457//4099
f 1735//4100 1457//4100 1393//4100
f 1735//4101 1393//4101 1350//4101
f 1735//4102 1350//4102 1319//4102
f 1735//4103 1319//4103 1303//4103
f 1735//4104 1303//4104 1295//4104
f 1735//4105 1295//4105 1288//4105
f 1618//4106 1660//4106 1737//4106
f 1737//4106 1739//4106 1618//4106
f 1474//4107 1608//4107 1660//4107
f 1660//4107 1618//4107 1474//4107
f 1332//4108 1535//4108 1608//4108
f 1608//4108 1474//4108 1332//4108
f 1277//4109 1457//4109 1535//4109
f 1535//4109 1332//4109 1277//4109
f 1225//4110 1393//4110 1457//4110
f 1457//4110 1277//4110 1225//4110
f 1195//4111 1350//4111 1393//4111
f 1393//4111 1225//4111 1195//4111
f 1166//4112 1319//4112 1350//4112
f 1350//4112 1195//4112 1166//4112
f 1129//4113 1303//4113 1319//4113
f 1319//4113 1166//4113 1129//4113
f 1109//4114 1295//4114 1303//4114
f 1303//4114 1129//4114 1109//4114
f 1099//4115 1288//4115 1295//4115
f 1295//4115 1109//4115 1099//4115
f 1576//4116 1618//4116 1739//4116
f 1739//4116 1741//4116 1576//4116
f 1367//4117 1474//4117 1618//4117
f 1618//4117 1576//4117 1367//4117
f 1270//4118 1332//4118 1474//4118
f 1474//4118 1367//4118 1270//4118
f 1196//4119 1277//4119 1332//4119
f 1332//4119 1270//4119 1196//4119
f 1120//4120 1225//4120 1277//4120
f 1277//4120 1196//4120 1120//4120
f 1081//4121 1195//4121 1225//4121
f 1225//4121 1120//4121 1081//4121
f 1040//4122 1166//4122 1195//4122
f 1195//4122 1081//4122 1040//4122
f 1001//4123 1129//4123 1166//4123
f 1166//4123 1040//4123 1001//4123
f 975//4124 1109//4124 1129//4124
f 1129//4124 1001//4124 975//4124
f 973//4125 1099//4125 1109//4125
f 1109//4125 975//4125 973//4125
f 1524//4126 1576//4126 1741//4126
f 1741//4126 1744//4126 1524//4126
f 1304//4127 1367//4127 1576//4127
f 1576//4127 1524//4127 1304//4127
f 1209//4128 1270//4128 1367//4128
f 1367//4128 1304//4128 1209//4128
f 1119//4129 1196//4129 1270//4129
f 1270//4129 1209//4129 1119//4129
f 1065//4130 1120//4130 1196//4130
f 1196//4130 1119//4130 1065//4130
f 983//4131 1081//4131 1120//4131
f 1120//4131 1065//4131 983//4131
f 941//4132 1040//4132 1081//4132
f 1081//4132 983//4132 941//4132
f 901//4133 1001//4133 1040//4133
f 1040//4133 941//4133 901//4133
f 878//4134 975//4134 1001//4134
f 1001//4134 901//4134 878//4134
f 865//4135 973//4135 975//4135
f 975//4135 878//4135 865//4135
f 1493//4136 1524//4136 1744//4136
f 1744//4136 1747//4136 1493//4136
f 1280//4137 1304//4137 1524//4137
f 1524//4137 1493//4137 1280//4137
f 1181//4138 1209//4138 1304//4138
f 1304//4138 1280//4138 1181//4138
f 1086//4139 1119//4139 1209//4139
f 1209//4139 1181//4139 1086//4139
f 998//4140 1065//4140 1119//4140
f 1119//4140 1086//4140 998//4140
f 928//4141 983//4141 1065//4141
f 1065//4141 998//4141 928//4141
f 868//4142 941//4142 983//4142
f 983//4142 928//4142 868//4142
f 816//4143 901//4143 941//4143
f 941//4143 868//4143 816//4143
f 784//4144 878//4144 901//4144
f 901//4145 816//4145 784//4145
f 773//4146 865//4146 878//4146
f 878//4146 784//4146 773//4146
f 1466//4147 1493//4147 1747//4147
f 1747//4147 1749//4147 1466//4147
f 1266//4148 1280//4148 1493//4148
f 1493//4148 1466//4148 1266//4148
f 1149//4149 1181//4149 1280//4149
f 1280//4149 1266//4149 1149//4149
f 1057//4150 1086//4150 1181//4150
f 1181//4150 1149//4150 1057//4150
f 955//4151 998//4151 1086//4151
f 1086//4151 1057//4151 955//4151
f 888//4152 928//4152 998//4152
f 998//4152 955//4152 888//4152
f 806//4153 868//4153 928//4153
f 928//4153 888//4153 806//4153
f 755//4154 816//4154 868//4154
f 868//4154 806//4154 755//4154
f 718//4155 784//4155 816//4155
f 816//4155 755//4155 718//4155
f 697//4156 773//4156 784//4156
f 784//4156 718//4156 697//4156
f 1446//4157 1466//4157 1749//4157
f 1749//4157 1753//4157 1446//4157
f 1250//4158 1266//4158 1466//4158
f 1466//4158 1446//4158 1250//4158
f 1127//4159 1149//4159 1266//4159
f 1266//4159 1250//4159 1127//4159
f 1032//4160 1057//4160 1149//4160
f 1149//4160 1127//4160 1032//4160
f 936//4161 955//4161 1057//4161
f 1057//4161 1032//4161 936//4161
f 852//4162 888//4162 955//4162
f 955//4162 936//4162 852//4162
f 772//4163 806//4163 888//4163
f 888//4163 852//4163 772//4163
f 710//4164 755//4164 806//4164
f 806//4164 772//4164 710//4164
f 648//4165 718//4165 755//4165
f 755//4165 710//4165 648//4165
f 637//4166 697//4166 718//4166
f 718//4166 648//4166 637//4166
f 1440//4167 1446//4167 1753//4167
f 1753//4167 1755//4167 1440//4167
f 1242//4168 1250//4168 1446//4168
f 1446//4168 1440//4168 1242//4168
f 1115//4169 1127//4169 1250//4169
f 1250//4170 1242//4170 1115//4170
f 1020//4171 1032//4171 1127//4171
f 1127//4171 1115//4171 1020//4171
f 922//4172 936//4172 1032//4172
f 1032//4172 1020//4172 922//4172
f 830//4173 852//4173 936//4173
f 936//4174 922//4174 830//4174
f 750//4175 772//4175 852//4175
f 852//4175 830//4175 750//4175
f 672//4176 710//4176 772//4176
f 772//4176 750//4176 672//4176
f 631//4177 648//4177 710//4177
f 710//4178 672//4178 631//4178
f 613//4179 637//4179 648//4179
f 648//4179 631//4179 613//4179
f 1434//4180 1440//4180 1755//4180
f 1755//4180 1757//4180 1434//4180
f 1240//4181 1242//4181 1440//4181
f 1440//4182 1434//4182 1240//4182
f 1110//4183 1115//4183 1242//4183
f 1242//4183 1240//4183 1110//4183
f 1017//4184 1020//4184 1115//4184
f 1115//4184 1110//4184 1017//4184
f 915//4185 922//4185 1020//4185
f 1020//4186 1017//4186 915//4186
f 823//4187 830//4187 922//4187
f 922//4187 915//4187 823//4187
f 743//4188 750//4188 830//4188
f 830//4189 823//4189 743//4189
f 655//4190 672//4190 750//4190
f 750//4190 743//4190 655//4190
f 622//4191 631//4191 672//4191
f 672//4192 655//4192 622//4192
f 602//4193 613//4193 631//4193
f 631//4193 622//4193 602//4193
f 1428//4194 1434//4194 1757//4194
f 1757//4194 1760//4194 1428//4194
f 1232//4195 1240//4195 1434//4195
f 1434//4195 1428//4195 1232//4195
f 1105//4196 1110//4196 1240//4196
f 1240//4196 1232//4196 1105//4196
f 1010//4197 1017//4197 1110//4197
f 1110//4197 1105//4197 1010//4197
f 913//4198 915//4198 1017//4198
f 1017//4198 1010//4198 913//4198
f 821//4199 823//4199 915//4199
f 915//4199 913//4199 821//4199
f 736//4200 743//4200 823//4200
f 823//4200 821//4200 736//4200
f 652//4201 655//4201 743//4201
f 743//4201 736//4201 652//4201
f 619//4202 622//4202 655//4202
f 655//4202 652//4202 619//4202
f 601//4203 602//4203 622//4203
f 622//4204 619//4204 601//4204
f 1735//4205 1289//4205 1294//4205
f 1735//4206 1294//4206 1302//4206
f 1735//4207 1302//4207 1318//4207
f 1735//4208 1318//4208 1349//4208
f 1735//4209 1349//4209 1392//4209
f 1735//4210 1392//4210 1456//4210
f 1735//4211 1456//4211 1534//4211
f 1735//4212 1534//4212 1609//4212
f 1735//4213 1609//4213 1661//4213
f 1735//4214 1661//4214 1889//4214
f 1108//4215 1294//4215 1289//4215
f 1289//4215 1099//4215 1108//4215
f 1128//4216 1302//4216 1294//4216
f 1294//4216 1108//4216 1128//4216
f 1167//4217 1318//4217 1302//4217
f 1302//4217 1128//4217 1167//4217
f 1194//4218 1349//4218 1318//4218
f 1318//4218 1167//4218 1194//4218
f 1224//4219 1392//4219 1349//4219
f 1349//4219 1194//4219 1224//4219
f 1276//4220 1456//4220 1392//4220
f 1392//4220 1224//4220 1276//4220
f 1331//4221 1534//4221 1456//4221
f 1456//4221 1276//4221 1331//4221
f 1475//4222 1609//4222 1534//4222
f 1534//4222 1331//4222 1475//4222
f 1619//4223 1661//4223 1609//4223
f 1609//4223 1475//4223 1619//4223
f 1738//4224 1889//4224 1661//4224
f 1661//4224 1619//4224 1738//4224
f 976//4225 1108//4225 1099//4225
f 1099//4225 974//4225 976//4225
f 1002//4226 1128//4226 1108//4226
f 1108//4226 976//4226 1002//4226
f 1039//4227 1167//4227 1128//4227
f 1128//4227 1002//4227 1039//4227
f 1082//4228 1194//4228 1167//4228
f 1167//4228 1039//4228 1082//4228
f 1121//4229 1224//4229 1194//4229
f 1194//4229 1082//4229 1121//4229
f 1197//4230 1276//4230 1224//4230
f 1224//4230 1121//4230 1197//4230
f 1271//4231 1331//4231 1276//4231
f 1276//4231 1197//4231 1271//4231
f 1368//4232 1475//4232 1331//4232
f 1331//4232 1271//4232 1368//4232
f 1577//4233 1619//4233 1475//4233
f 1475//4233 1368//4233 1577//4233
f 1903//4234 1738//4234 1619//4234
f 1619//4234 1577//4234 1903//4234
f 877//4235 976//4235 974//4235
f 974//4235 866//4235 877//4235
f 902//4236 1002//4236 976//4236
f 976//4236 877//4236 902//4236
f 942//4237 1039//4237 1002//4237
f 1002//4237 902//4237 942//4237
f 984//4238 1082//4238 1039//4238
f 1039//4238 942//4238 984//4238
f 1066//4239 1121//4239 1082//4239
f 1082//4239 984//4239 1066//4239
f 1118//4240 1197//4240 1121//4240
f 1121//4240 1066//4240 1118//4240
f 1208//4241 1271//4241 1197//4241
f 1197//4241 1118//4241 1208//4241
f 1305//4242 1368//4242 1271//4242
f 1271//4242 1208//4242 1305//4242
f 1525//4243 1577//4243 1368//4243
f 1368//4243 1305//4243 1525//4243
f 1742//4244 1903//4244 1577//4244
f 1577//4244 1525//4244 1742//4244
f 783//4245 877//4245 866//4245
f 866//4245 774//4245 783//4245
f 815//4246 902//4246 877//4246
f 877//4247 783//4247 815//4247
f 867//4248 942//4248 902//4248
f 902//4248 815//4248 867//4248
f 927//4249 984//4249 942//4249
f 942//4249 867//4249 927//4249
f 997//4250 1066//4250 984//4250
f 984//4250 927//4250 997//4250
f 1085//4251 1118//4251 1066//4251
f 1066//4251 997//4251 1085//4251
f 1180//4252 1208//4252 1118//4252
f 1118//4252 1085//4252 1180//4252
f 1281//4253 1305//4253 1208//4253
f 1208//4253 1180//4253 1281//4253
f 1492//4254 1525//4254 1305//4254
f 1305//4254 1281//4254 1492//4254
f 1703//4255 1742//4255 1525//4255
f 1525//4255 1492//4255 1703//4255
f 717//4256 783//4256 774//4256
f 774//4256 698//4256 717//4256
f 756//4257 815//4257 783//4257
f 783//4257 717//4257 756//4257
f 805//4258 867//4258 815//4258
f 815//4258 756//4258 805//4258
f 887//4259 927//4259 867//4259
f 867//4259 805//4259 887//4259
f 956//4260 997//4260 927//4260
f 927//4260 887//4260 956//4260
f 1058//4261 1085//4261 997//4261
f 997//4261 956//4261 1058//4261
f 1148//4262 1180//4262 1085//4262
f 1085//4262 1058//4262 1148//4262
f 1267//4263 1281//4263 1180//4263
f 1180//4263 1148//4263 1267//4263
f 1467//4264 1492//4264 1281//4264
f 1281//4264 1267//4264 1467//4264
f 1905//4265 1703//4265 1492//4265
f 1492//4265 1467//4265 1905//4265
f 647//4266 717//4266 698//4266
f 698//4266 636//4266 647//4266
f 709//4267 756//4267 717//4267
f 717//4267 647//4267 709//4267
f 771//4268 805//4268 756//4268
f 756//4268 709//4268 771//4268
f 851//4269 887//4269 805//4269
f 805//4269 771//4269 851//4269
f 935//4270 956//4270 887//4270
f 887//4270 851//4270 935//4270
f 1031//4271 1058//4271 956//4271
f 956//4271 935//4271 1031//4271
f 1126//4272 1148//4272 1058//4272
f 1058//4272 1031//4272 1126//4272
f 1251//4273 1267//4273 1148//4273
f 1148//4273 1126//4273 1251//4273
f 1447//4274 1467//4274 1267//4274
f 1267//4274 1251//4274 1447//4274
f 1751//4275 1905//4275 1467//4275
f 1467//4275 1447//4275 1751//4275
f 630//4276 647//4276 636//4276
f 636//4276 612//4276 630//4276
f 671//4277 709//4277 647//4277
f 647//4278 630//4278 671//4278
f 749//4279 771//4279 709//4279
f 709//4279 671//4279 749//4279
f 829//4280 851//4280 771//4280
f 771//4280 749//4280 829//4280
f 921//4281 935//4281 851//4281
f 851//4282 829//4282 921//4282
f 1019//4283 1031//4283 935//4283
f 935//4283 921//4283 1019//4283
f 1114//4284 1126//4284 1031//4284
f 1031//4284 1019//4284 1114//4284
f 1243//4285 1251//4285 1126//4285
f 1126//4286 1114//4286 1243//4286
f 1441//4287 1447//4287 1251//4287
f 1251//4287 1243//4287 1441//4287
f 1896//4288 1751//4288 1447//4288
f 1447//4288 1441//4288 1896//4288
f 623//4289 630//4289 612//4289
f 612//4289 603//4289 623//4289
f 656//4290 671//4290 630//4290
f 630//4290 623//4290 656//4290
f 744//4291 749//4291 671//4291
f 671//4291 656//4291 744//4291
f 824//4292 829//4292 749//4292
f 749//4292 744//4292 824//4292
f 916//4293 921//4293 829//4293
f 829//4293 824//4293 916//4293
f 1018//4294 1019//4294 921//4294
f 921//4294 916//4294 1018//4294
f 1111//4295 1114//4295 1019//4295
f 1019//4295 1018//4295 1111//4295
f 1241//4296 1243//4296 1114//4296
f 1114//4296 1111//4296 1241//4296
f 1435//4297 1441//4297 1243//4297
f 1243//4298 1241//4298 1435//4298
f 1923//4299 1896//4299 1441//4299
f 1441//4299 1435//4299 1923//4299
f 617//4300 623//4300 603//4300
f 603//4301 601//4301 617//4301
f 650//4302 656//4302 623//4302
f 623//4302 617//4302 650//4302
f 734//4303 744//4303 656//4303
f 656//4303 650//4303 734//4303
f 818//4304 824//4304 744//4304
f 744//4304 734//4304 818//4304
f 912//4305 916//4305 824//4305
f 824//4305 818//4305 912//4305
f 1009//4306 1018//4306 916//4306
f 916//4306 912//4306 1009//4306
f 1102//4307 1111//4307 1018//4307
f 1018//4307 1009//4307 1102//4307
f 1235//4308 1241//4308 1111//4308
f 1111//4308 1102//4308 1235//4308
f 1431//4309 1435//4309 1241//4309
f 1241//4309 1235//4309 1431//4309
f 1759//4310 1923//4310 1435//4310
f 1435//4310 1431//4310 1759//4310
f 1735//4311 1736//4311 1963//4311
f 1735//4312 1963//4312 2015//4312
f 1735//4313 2015//4313 2088//4313
f 1735//4314 2088//4314 2166//4314
f 1735//4315 2166//4315 2230//4315
f 1735//4316 2230//4316 2273//4316
f 1735//4317 2273//4317 2304//4317
f 1735//4318 2304//4318 2320//4318
f 1735//4319 2320//4319 2328//4319
f 1735//4320 2328//4320 2335//4320
f 2005//4321 1963//4321 1736//4321
f 1736//4321 1738//4321 2005//4321
f 2149//4322 2015//4322 1963//4322
f 1963//4322 2005//4322 2149//4322
f 2291//4323 2088//4323 2015//4323
f 2015//4323 2149//4323 2291//4323
f 2346//4324 2166//4324 2088//4324
f 2088//4324 2291//4324 2346//4324
f 2398//4325 2230//4325 2166//4325
f 2166//4325 2346//4325 2398//4325
f 2428//4326 2273//4326 2230//4326
f 2230//4326 2398//4326 2428//4326
f 2457//4327 2304//4327 2273//4327
f 2273//4327 2428//4327 2457//4327
f 2494//4328 2320//4328 2304//4328
f 2304//4328 2457//4328 2494//4328
f 2514//4329 2328//4329 2320//4329
f 2320//4329 2494//4329 2514//4329
f 2524//4330 2335//4330 2328//4330
f 2328//4330 2514//4330 2524//4330
f 2047//4331 2005//4331 1738//4331
f 1738//4331 1740//4331 2047//4331
f 2256//4332 2149//4332 2005//4332
f 2005//4332 2047//4332 2256//4332
f 2353//4333 2291//4333 2149//4333
f 2149//4333 2256//4333 2353//4333
f 2427//4334 2346//4334 2291//4334
f 2291//4334 2353//4334 2427//4334
f 2503//4335 2398//4335 2346//4335
f 2346//4335 2427//4335 2503//4335
f 2542//4336 2428//4336 2398//4336
f 2398//4336 2503//4336 2542//4336
f 2583//4337 2457//4337 2428//4337
f 2428//4337 2542//4337 2583//4337
f 2622//4338 2494//4338 2457//4338
f 2457//4338 2583//4338 2622//4338
f 2648//4339 2514//4339 2494//4339
f 2494//4339 2622//4339 2648//4339
f 2650//4340 2524//4340 2514//4340
f 2514//4340 2648//4340 2650//4340
f 2099//4341 2047//4341 1740//4341
f 1740//4341 1743//4341 2099//4341
f 2319//4342 2256//4342 2047//4342
f 2047//4342 2099//4342 2319//4342
f 2414//4343 2353//4343 2256//4343
f 2256//4343 2319//4343 2414//4343
f 2504//4344 2427//4344 2353//4344
f 2353//4344 2414//4344 2504//4344
f 2558//4345 2503//4345 2427//4345
f 2427//4345 2504//4345 2558//4345
f 2640//4346 2542//4346 2503//4346
f 2503//4346 2558//4346 2640//4346
f 2682//4347 2583//4347 2542//4347
f 2542//4347 2640//4347 2682//4347
f 2722//4348 2622//4348 2583//4348
f 2583//4348 2682//4348 2722//4348
f 2745//4349 2648//4349 2622//4349
f 2622//4349 2722//4349 2745//4349
f 2758//4350 2650//4350 2648//4350
f 2648//4350 2745//4350 2758//4350
f 2130//4351 2099//4351 1743//4351
f 1743//4351 1746//4351 2130//4351
f 2343//4352 2319//4352 2099//4352
f 2099//4352 2130//4352 2343//4352
f 2442//4353 2414//4353 2319//4353
f 2319//4353 2343//4353 2442//4353
f 2537//4354 2504//4354 2414//4354
f 2414//4354 2442//4354 2537//4354
f 2625//4355 2558//4355 2504//4355
f 2504//4355 2537//4355 2625//4355
f 2695//4356 2640//4356 2558//4356
f 2558//4356 2625//4356 2695//4356
f 2755//4357 2682//4357 2640//4357
f 2640//4357 2695//4357 2755//4357
f 2807//4358 2722//4358 2682//4358
f 2682//4358 2755//4358 2807//4358
f 2839//4359 2745//4359 2722//4359
f 2722//4360 2807//4360 2839//4360
f 2850//4361 2758//4361 2745//4361
f 2745//4361 2839//4361 2850//4361
f 2157//4362 2130//4362 1746//4362
f 1746//4362 1748//4362 2157//4362
f 2357//4363 2343//4363 2130//4363
f 2130//4363 2157//4363 2357//4363
f 2474//4364 2442//4364 2343//4364
f 2343//4364 2357//4364 2474//4364
f 2566//4365 2537//4365 2442//4365
f 2442//4365 2474//4365 2566//4365
f 2668//4366 2625//4366 2537//4366
f 2537//4366 2566//4366 2668//4366
f 2735//4367 2695//4367 2625//4367
f 2625//4367 2668//4367 2735//4367
f 2817//4368 2755//4368 2695//4368
f 2695//4368 2735//4368 2817//4368
f 2868//4369 2807//4369 2755//4369
f 2755//4369 2817//4369 2868//4369
f 2905//4370 2839//4370 2807//4370
f 2807//4370 2868//4370 2905//4370
f 2926//4371 2850//4371 2839//4371
f 2839//4371 2905//4371 2926//4371
f 2177//4372 2157//4372 1748//4372
f 1748//4372 1750//4372 2177//4372
f 2373//4373 2357//4373 2157//4373
f 2157//4373 2177//4373 2373//4373
f 2496//4374 2474//4374 2357//4374
f 2357//4374 2373//4374 2496//4374
f 2591//4375 2566//4375 2474//4375
f 2474//4375 2496//4375 2591//4375
f 2687//4376 2668//4376 2566//4376
f 2566//4376 2591//4376 2687//4376
f 2771//4377 2735//4377 2668//4377
f 2668//4377 2687//4377 2771//4377
f 2851//4378 2817//4378 2735//4378
f 2735//4378 2771//4378 2851//4378
f 2913//4379 2868//4379 2817//4379
f 2817//4379 2851//4379 2913//4379
f 2975//4380 2905//4380 2868//4380
f 2868//4380 2913//4380 2975//4380
f 2986//4381 2926//4381 2905//4381
f 2905//4381 2975//4381 2986//4381
f 2183//4382 2177//4382 1750//4382
f 1750//4382 1754//4382 2183//4382
f 2381//4383 2373//4383 2177//4383
f 2177//4383 2183//4383 2381//4383
f 2508//4384 2496//4384 2373//4384
f 2373//4385 2381//4385 2508//4385
f 2603//4386 2591//4386 2496//4386
f 2496//4386 2508//4386 2603//4386
f 2701//4387 2687//4387 2591//4387
f 2591//4387 2603//4387 2701//4387
f 2793//4388 2771//4388 2687//4388
f 2687//4389 2701//4389 2793//4389
f 2873//4390 2851//4390 2771//4390
f 2771//4390 2793//4390 2873//4390
f 2951//4391 2913//4391 2851//4391
f 2851//4391 2873//4391 2951//4391
f 2992//4392 2975//4392 2913//4392
f 2913//4393 2951//4393 2992//4393
f 3010//4394 2986//4394 2975//4394
f 2975//4394 2992//4394 3010//4394
f 2189//4395 2183//4395 1754//4395
f 1754//4395 1756//4395 2189//4395
f 2383//4396 2381//4396 2183//4396
f 2183//4397 2189//4397 2383//4397
f 2513//4398 2508//4398 2381//4398
f 2381//4398 2383//4398 2513//4398
f 2606//4399 2603//4399 2508//4399
f 2508//4399 2513//4399 2606//4399
f 2708//4400 2701//4400 2603//4400
f 2603//4401 2606//4401 2708//4401
f 2800//4402 2793//4402 2701//4402
f 2701//4402 2708//4402 2800//4402
f 2880//4403 2873//4403 2793//4403
f 2793//4404 2800//4404 2880//4404
f 2968//4405 2951//4405 2873//4405
f 2873//4405 2880//4405 2968//4405
f 3001//4406 2992//4406 2951//4406
f 2951//4407 2968//4407 3001//4407
f 3021//4408 3010//4408 2992//4408
f 2992//4408 3001//4408 3021//4408
f 2195//4409 2189//4409 1756//4409
f 1756//4409 1759//4409 2195//4409
f 2390//4410 2383//4410 2189//4410
f 2189//4410 2195//4410 2390//4410
f 2517//4411 2513//4411 2383//4411
f 2383//4411 2390//4411 2517//4411
f 2612//4412 2606//4412 2513//4412
f 2513//4412 2517//4412 2612//4412
f 2709//4413 2708//4413 2606//4413
f 2606//4413 2612//4413 2709//4413
f 2801//4414 2800//4414 2708//4414
f 2708//4414 2709//4414 2801//4414
f 2886//4415 2880//4415 2800//4415
f 2800//4415 2801//4415 2886//4415
f 2970//4416 2968//4416 2880//4416
f 2880//4416 2886//4416 2970//4416
f 3004//4417 3001//4417 2968//4417
f 2968//4417 2970//4417 3004//4417
f 3022//4418 3021//4418 3001//4418
f 3001//4419 3004//4419 3022//4419
